YEAR GRAD,STUDENT ID,AGE,RACE,GENDER,JOB STATUS,COMPANY NAME,JOB FIELD,STATE,PROGRAM ID,PROGRAM NAME,SALARY,CLASS MODE,COST,PROGRAM TYPE,AGE GROUP,AGE CLEAN
2023,BBMP21401,31,INDIA,MALE,BEKERJA SEPENUH MASA,QAV TECHOLOGIES SDN. BHD,OTHER,PULAU PINANG,402,NOT SPECIFIED,3450.00,ONLINE,2677,OTHER,30-39,31.0
2023,BBMP21402,29,INDIA,MALE,BEKERJA SEPENUH MASA,BBRAUN,OTHER,PULAU PINANG,402,NOT SPECIFIED,2600.00,ONLINE,1551,OTHER,<29,29.0
2023,BBMP21403,28,INDIA,MALE,BEKERJA SEPENUH MASA,PLEXUS,OTHER,KEDAH,402,NOT SPECIFIED,1900.00,ONLINE,1091,OTHER,<29,28.0
2023,BBMP21405,34,INDIA,MALE,BEKERJA SEPENUH MASA,JINKO SOLAR TECHNOLOGIES MALAYSIA,OTHER,KEDAH,402,NOT SPECIFIED,3200.00,ONLINE,2916,OTHER,30-39,34.0
2023,BBMP22101,40,MELAYU,MALE,BEKERJA SEPENUH MASA,VC ENGINEERING SDN BHD,OTHER,PULAU PINANG,402,NOT SPECIFIED,3600.00,ONLINE,1645,OTHER,40-49,40.0
2023,CDBK22101,44,INDIA,MALE,BEKERJA SEPENUH MASA,HCL TECHNOLOGIES MALAYSIA SDN BHD,MANUFACTURING,NEGERI SEMBILAN,456,DIPLOMA PROFESIONAL BLOK RANTAI DALAM KEJURUTERAAN,10000.00,ONLINE,2951,DIPLOMA,40-49,44.0
2023,CDBK22111,48,MELAYU,MALE,BEKERJA SEPENUH MASA,SETIAUSAHA KERAJAAN NEGERI TERENGGANU,MANUFACTURING,TERENGGANU,456,DIPLOMA PROFESIONAL BLOK RANTAI DALAM KEJURUTERAAN,4500.00,ONLINE,2359,DIPLOMA,40-49,48.0
2023,CDBK22112,45,MELAYU,FEMALE,BEKERJA SEPENUH MASA,TSYSTEMS NEDERLAND B.V,MANUFACTURING,SELANGOR,456,DIPLOMA PROFESIONAL BLOK RANTAI DALAM KEJURUTERAAN,15000.00,ONLINE,3807,DIPLOMA,40-49,45.0
2023,CDBK22113,41,MELAYU,MALE,BEKERJA SEPENUH MASA,KANEKA MALAYSIA SDN BHD,MANUFACTURING,TERENGGANU,456,DIPLOMA PROFESIONAL BLOK RANTAI DALAM KEJURUTERAAN,5500.00,ONLINE,3996,DIPLOMA,40-49,41.0
2023,CDBK22114,40,MELAYU,MALE,BEKERJA SEPENUH MASA,STEELCASE MALAYSIA,MANUFACTURING,MELAKA,456,DIPLOMA PROFESIONAL BLOK RANTAI DALAM KEJURUTERAAN,6000.00,ONLINE,2979,DIPLOMA,40-49,40.0
2023,CDBK22115,43,MELAYU,MALE,BEKERJA SEPENUH MASA,MEEKA INTL SDN BHD,MANUFACTURING,SELANGOR,456,DIPLOMA PROFESIONAL BLOK RANTAI DALAM KEJURUTERAAN,3000.00,ONLINE,3212,DIPLOMA,40-49,43.0
2023,CDBK22120,39,MELAYU,MALE,BEKERJA/USAHAWAN/FREELANCE,GRAB SDN BHD,MANUFACTURING,KUALA LUMPUR,456,DIPLOMA PROFESIONAL BLOK RANTAI DALAM KEJURUTERAAN,2500.00,ONLINE,3469,DIPLOMA,30-39,39.0
2023,CDBK22126,40,MELAYU,MALE,BEKERJA SEPENUH MASA,PETRONAS CARIGALI SDN BHD,MANUFACTURING,PERAK,456,DIPLOMA PROFESIONAL BLOK RANTAI DALAM KEJURUTERAAN,8000.00,ONLINE,2815,DIPLOMA,40-49,40.0
2023,CDBK22127,49,MELAYU,MALE,BEKERJA SEPENUH MASA,LEMBAGA TABUNG HAJI,MANUFACTURING,KELANTAN,456,DIPLOMA PROFESIONAL BLOK RANTAI DALAM KEJURUTERAAN,6233.00,ONLINE,2965,DIPLOMA,40-49,49.0
2023,CDBK22128,42,MELAYU,MALE,BEKERJA SEPENUH MASA,SECURITIES COMMISSION MALAYSIA,MANUFACTURING,SELANGOR,456,DIPLOMA PROFESIONAL BLOK RANTAI DALAM KEJURUTERAAN,15300.00,ONLINE,3457,DIPLOMA,40-49,42.0
2023,CDBK22129,48,MELAYU,MALE,BEKERJA SEPENUH MASA,CARIGALI SARAWAK OPERATION PETROLIAM NASIONAL BERHAD,MANUFACTURING,SARAWAK,456,DIPLOMA PROFESIONAL BLOK RANTAI DALAM KEJURUTERAAN,8000.00,ONLINE,2508,DIPLOMA,40-49,48.0
2023,CDBK22134,45,MELAYU,MALE,BEKERJA SEPENUH MASA,E.A TECHNIQUE (M) BERHAD,MANUFACTURING,PAHANG,456,DIPLOMA PROFESIONAL BLOK RANTAI DALAM KEJURUTERAAN,4300.00,ONLINE,3062,DIPLOMA,40-49,45.0
2023,CDBK22135,31,MELAYU,FEMALE,BEKERJA SEPENUH MASA,FIRDAUS & ASSOCIATES PROPERTY PROFESSIONALS,MANUFACTURING,JOHOR,456,DIPLOMA PROFESIONAL BLOK RANTAI DALAM KEJURUTERAAN,2300.00,ONLINE,2953,DIPLOMA,30-39,31.0
2023,CDBK22202,33,MELAYU,MALE,BEKERJA SEPENUH MASA,SYLMAX HCS SDN BHD,MANUFACTURING,SARAWAK,456,DIPLOMA PROFESIONAL BLOK RANTAI DALAM KEJURUTERAAN,3600.00,ONLINE,3049,DIPLOMA,30-39,33.0
2023,CDBK22203,45,TAMIL,MALE,BEKERJA SEPENUH MASA,WITNESS,MANUFACTURING,SELANGOR,456,DIPLOMA PROFESIONAL BLOK RANTAI DALAM KEJURUTERAAN,10000.00,ONLINE,3087,DIPLOMA,40-49,45.0
2023,CDBK22207,31,MELAYU,MALE,BEKERJA SEPENUH MASA,ATOS SDN BHD,MANUFACTURING,SELANGOR,456,DIPLOMA PROFESIONAL BLOK RANTAI DALAM KEJURUTERAAN,9200.00,ONLINE,2323,DIPLOMA,30-39,31.0
2023,CDBK22209,28,MELAYU,MALE,BEKERJA/USAHAWAN/FREELANCE,MUZSHOCK GLOBAL EMPIRE,MANUFACTURING,TERENGGANU,456,DIPLOMA PROFESIONAL BLOK RANTAI DALAM KEJURUTERAAN,3000.00,ONLINE,2180,DIPLOMA,<29,28.0
2023,CDBK22211,75,MELAYU,MALE,BELUM/TIDAK BEKERJA,TIADA,MANUFACTURING,NEGERI SEMBILAN,456,DIPLOMA PROFESIONAL BLOK RANTAI DALAM KEJURUTERAAN,6000.00,ONLINE,2727,DIPLOMA,60+,75.0
2023,CDBK22213,48,TAMIL,MALE,BEKERJA SEPENUH MASA,JL ARULNESAN ENTERPRISE,MANUFACTURING,SELANGOR,456,DIPLOMA PROFESIONAL BLOK RANTAI DALAM KEJURUTERAAN,3500.00,ONLINE,3828,DIPLOMA,40-49,48.0
2023,CDBK22219,46,MELAYU,MALE,BEKERJA SEPENUH MASA,SITA.AERO INC B.V.,MANUFACTURING,PULAU PINANG,456,DIPLOMA PROFESIONAL BLOK RANTAI DALAM KEJURUTERAAN,2900.00,ONLINE,2690,DIPLOMA,40-49,46.0
2023,CDBK22221,42,MELAYU,MALE,BEKERJA SEPENUH MASA,TT ONE CAPITAL HOLDING BERHAD,MANUFACTURING,SELANGOR,456,DIPLOMA PROFESIONAL BLOK RANTAI DALAM KEJURUTERAAN,4000.00,ONLINE,3849,DIPLOMA,40-49,42.0
2023,CDBK22227,56,MELAYU,MALE,BEKERJA SEPARA MASA,WKA GLOBAL SERVICES SDN BHD,MANUFACTURING,SELANGOR,456,DIPLOMA PROFESIONAL BLOK RANTAI DALAM KEJURUTERAAN,2000.00,ONLINE,2380,DIPLOMA,50-59,56.0
2023,FBPB20307,31,CINA,FEMALE,BEKERJA SEPARA MASA,WITZ EDUCATION GROUP,"PROFESSIONAL, SCIENTIFIC, AND TECHNICAL ACTIVITIES",JOHOR,362,BACELOR EKSEKUTIF PENGURUSAN PERNIAGAAN,5000.00,ONLINE,5719,BACELOR,30-39,31.0
2023,FBTM21201,29,TAMIL,MALE,BEKERJA SEPENUH MASA,ROBERT BOSCH POWER TOOLS SDN BHD,MANUFACTURING,PULAU PINANG,415,BACELOR EKSEKUTIF TEKNOLOGI MEKATRONIK,2500.00,ONLINE,4944,BACELOR,<29,29.0
2023,FBTM21202,33,INDIA,MALE,BEKERJA SEPENUH MASA,SHIRAZ MARKET LINK (M) SDN BHD,MANUFACTURING,SELANGOR,415,BACELOR EKSEKUTIF TEKNOLOGI MEKATRONIK,3000.00,ONLINE,5000,BACELOR,30-39,33.0
2023,FBTM21203,39,INDIA,MALE,BEKERJA SEPENUH MASA,VENTURE ELECTRONIC SERVICE (M) SDN BHD,MANUFACTURING,KEDAH,415,BACELOR EKSEKUTIF TEKNOLOGI MEKATRONIK,2500.00,ONLINE,4273,BACELOR,30-39,39.0
2023,FBTM21205,29,INDIA,MALE,BEKERJA SEPENUH MASA,ALCON SINGAPORE MANUFACTURING PTE LTD,MANUFACTURING,KEDAH,415,BACELOR EKSEKUTIF TEKNOLOGI MEKATRONIK,5000.00,ONLINE,5931,BACELOR,<29,29.0
2023,FBTM21206,43,CINA,MALE,BEKERJA SEPENUH MASA,INETEST MALAYSIA SDN BHD,MANUFACTURING,PULAU PINANG,415,BACELOR EKSEKUTIF TEKNOLOGI MEKATRONIK,6280.00,ONLINE,4707,BACELOR,40-49,43.0
2023,FBTM21208,36,MELAYU,MALE,BEKERJA SEPENUH MASA,LAM RESEARCH INTERNATIONAL SDN BHD,MANUFACTURING,KEDAH,415,BACELOR EKSEKUTIF TEKNOLOGI MEKATRONIK,3500.00,ONLINE,5950,BACELOR,30-39,36.0
2023,FBTM21209,27,TAMIL,MALE,BEKERJA SEPENUH MASA,G.B INDUSTRIES,MANUFACTURING,NEGERI SEMBILAN,415,BACELOR EKSEKUTIF TEKNOLOGI MEKATRONIK,1500.00,ONLINE,4286,BACELOR,<29,27.0
2023,FBTM21301,34,INDIA,MALE,BEKERJA SEPENUH MASA,ALCON SINGAPORE,MANUFACTURING,PAHANG,415,BACELOR EKSEKUTIF TEKNOLOGI MEKATRONIK,8000.00,ONLINE,4752,BACELOR,30-39,34.0
2023,FBTM21302,42,SIAN/SIHAN-SARAWAK,MALE,BEKERJA SEPENUH MASA,ANALOG DEVICE INC,MANUFACTURING,PULAU PINANG,415,BACELOR EKSEKUTIF TEKNOLOGI MEKATRONIK,2136.00,ONLINE,4560,BACELOR,40-49,42.0
2023,FBTM21303,42,PUNJABI,MALE,BEKERJA SEPENUH MASA,ANALOG DEVICES PENANG MALAYSIA,MANUFACTURING,KEDAH,415,BACELOR EKSEKUTIF TEKNOLOGI MEKATRONIK,4000.00,ONLINE,5405,BACELOR,40-49,42.0
2023,FBTM21304,39,TAMIL,FEMALE,BEKERJA SEPENUH MASA,INTEL,MANUFACTURING,KEDAH,415,BACELOR EKSEKUTIF TEKNOLOGI MEKATRONIK,1500.00,ONLINE,5559,BACELOR,30-39,39.0
2023,FBTM21305,42,INDIA,MALE,BEKERJA SEPENUH MASA,ALCON SINGAPORE PTE.LTD,MANUFACTURING,PULAU PINANG,415,BACELOR EKSEKUTIF TEKNOLOGI MEKATRONIK,5000.00,ONLINE,4375,BACELOR,40-49,42.0
2023,FBTM21306,41,SIAM,MALE,BEKERJA SEPENUH MASA,ANALOG DEVICES,MANUFACTURING,KEDAH,415,BACELOR EKSEKUTIF TEKNOLOGI MEKATRONIK,4800.00,ONLINE,4493,BACELOR,40-49,41.0
2023,FBTM21307,38,MELAYU,MALE,BEKERJA SEPENUH MASA,UST GLOBAL SDN BHD,MANUFACTURING,PULAU PINANG,415,BACELOR EKSEKUTIF TEKNOLOGI MEKATRONIK,5600.00,ONLINE,4132,BACELOR,30-39,38.0
2023,FBTM21401,26,INDIA,MALE,BEKERJA SEPENUH MASA,TOP QUALITY GLOVE SDN BHD,MANUFACTURING,MELAKA,415,BACELOR EKSEKUTIF TEKNOLOGI MEKATRONIK,2100.00,ONLINE,4449,BACELOR,<29,26.0
2023,FBTM21404,35,INDIA,MALE,BEKERJA SEPENUH MASA,ROBERT BOSCH (MALAYSIA) SDN.BHD.,MANUFACTURING,PERAK,415,BACELOR EKSEKUTIF TEKNOLOGI MEKATRONIK,3544.00,ONLINE,5820,BACELOR,30-39,35.0
2023,FBTM22102,49,INDIA,MALE,BEKERJA SEPENUH MASA,QDOS FLEXCIRCUITS SDN BHD,MANUFACTURING,KEDAH,415,BACELOR EKSEKUTIF TEKNOLOGI MEKATRONIK,5250.00,ONLINE,5553,BACELOR,40-49,49.0
2023,FBTM22103,63,INDIA,MALE,BEKERJA SEPENUH MASA,YEE LEE PALM OIL SDN BHD,MANUFACTURING,PERAK,415,BACELOR EKSEKUTIF TEKNOLOGI MEKATRONIK,6530.00,ONLINE,5882,BACELOR,60+,63.0
2023,FBTM22105,35,INDIA,MALE,BEKERJA SEPENUH MASA,QDOS FLEXCIRCUITS SDN BHD,MANUFACTURING,PULAU PINANG,415,BACELOR EKSEKUTIF TEKNOLOGI MEKATRONIK,4000.00,ONLINE,5635,BACELOR,30-39,35.0
2023,FBTM22106,44,INDIA,MALE,BEKERJA SEPENUH MASA,QDOS FLEXCIRCUITS SDN.BHD,MANUFACTURING,PULAU PINANG,415,BACELOR EKSEKUTIF TEKNOLOGI MEKATRONIK,4820.00,ONLINE,4472,BACELOR,40-49,44.0
2023,FBTM22107,30,INDIA,MALE,BEKERJA SEPENUH MASA,MICRON SEMICONDUCTOR (SINGAPORE) ASIA PTE LTD,MANUFACTURING,KEDAH,415,BACELOR EKSEKUTIF TEKNOLOGI MEKATRONIK,10000.00,ONLINE,5696,BACELOR,30-39,30.0
2023,FBTM22108,43,INDIA,MALE,BEKERJA SEPENUH MASA,QDOS FLEXCIRCUITS SDN BHD,MANUFACTURING,KEDAH,415,BACELOR EKSEKUTIF TEKNOLOGI MEKATRONIK,4930.00,ONLINE,4259,BACELOR,40-49,43.0
2023,FBTM22109,42,MELAYU,MALE,BEKERJA SEPENUH MASA,KROMAX MALAYSIA SDN BHD,MANUFACTURING,KEDAH,415,BACELOR EKSEKUTIF TEKNOLOGI MEKATRONIK,5000.00,ONLINE,4903,BACELOR,40-49,42.0
2023,FBTM22110,33,INDIA,MALE,BEKERJA SEPENUH MASA,KROMAX (MALAYSIA) SDN.BHD,MANUFACTURING,KEDAH,415,BACELOR EKSEKUTIF TEKNOLOGI MEKATRONIK,3700.00,ONLINE,4034,BACELOR,30-39,33.0
2023,FBTM22111,29,INDIA,MALE,BEKERJA SEPENUH MASA,FIRST SOLAR SDN BHD,MANUFACTURING,KEDAH,415,BACELOR EKSEKUTIF TEKNOLOGI MEKATRONIK,3050.00,ONLINE,5242,BACELOR,<29,29.0
2023,FBTM22112,29,INDIA,MALE,BEKERJA SEPENUH MASA,INTEL TECHNOLOGY SDN. BHD,MANUFACTURING,KEDAH,415,BACELOR EKSEKUTIF TEKNOLOGI MEKATRONIK,2400.00,ONLINE,5544,BACELOR,<29,29.0
2023,FBTM22113,30,INDIA,MALE,BEKERJA SEPENUH MASA,ROBERT BOSCH (M) SDN BHD,MANUFACTURING,PULAU PINANG,415,BACELOR EKSEKUTIF TEKNOLOGI MEKATRONIK,2500.00,ONLINE,5656,BACELOR,30-39,30.0
2023,FBTM22114,26,INDIA,MALE,BEKERJA SEPENUH MASA,SYUKRAH GROUP OF COMPANY,MANUFACTURING,SELANGOR,415,BACELOR EKSEKUTIF TEKNOLOGI MEKATRONIK,25000.00,ONLINE,5427,BACELOR,<29,26.0
2023,FBTM22115,32,CINA,MALE,BEKERJA SEPENUH MASA,SIBS SDN BHD,MANUFACTURING,PULAU PINANG,415,BACELOR EKSEKUTIF TEKNOLOGI MEKATRONIK,3600.00,ONLINE,5357,BACELOR,30-39,32.0
2023,FBTM22116,46,INDIA,MALE,BEKERJA SEPENUH MASA,AMS OSRAM SDN BHD,MANUFACTURING,PULAU PINANG,415,BACELOR EKSEKUTIF TEKNOLOGI MEKATRONIK,5100.00,ONLINE,4662,BACELOR,40-49,46.0
2023,FBTM22117,37,INDIA,MALE,BEKERJA SEPENUH MASA,INFINEON TECHNOLOGIES (KULIM) SDN. BHD.,MANUFACTURING,KEDAH,415,BACELOR EKSEKUTIF TEKNOLOGI MEKATRONIK,4650.00,ONLINE,5379,BACELOR,30-39,37.0
2023,FBTM22119,52,INDIA,MALE,BEKERJA SEPENUH MASA,MENICON PTE. LTD,MANUFACTURING,JOHOR,415,BACELOR EKSEKUTIF TEKNOLOGI MEKATRONIK,5000.00,ONLINE,5040,BACELOR,50-59,52.0
2023,FBTM22120,32,CINA,MALE,BEKERJA SEPENUH MASA,AUREUS STAR SERVICES,MANUFACTURING,PULAU PINANG,415,BACELOR EKSEKUTIF TEKNOLOGI MEKATRONIK,3500.00,ONLINE,4113,BACELOR,30-39,32.0
2023,FBTM22201,43,MELAYU,MALE,BEKERJA SEPENUH MASA,PLEXUS MANUFACTURING SDN BHD,MANUFACTURING,PULAU PINANG,415,BACELOR EKSEKUTIF TEKNOLOGI MEKATRONIK,6500.00,ONLINE,4777,BACELOR,40-49,43.0
2023,FBTM22203,39,INDIA,MALE,BEKERJA SEPENUH MASA,AMS OSRAM OPTO SEMICONDUCTORS (M) SDN. BHD,MANUFACTURING,PULAU PINANG,415,BACELOR EKSEKUTIF TEKNOLOGI MEKATRONIK,5500.00,ONLINE,5323,BACELOR,30-39,39.0
2023,FBTM22204,39,INDIA,MALE,BEKERJA SEPENUH MASA,AMS OSRAM OPTO SEMICONDUCTOR SDN BHD,MANUFACTURING,PERAK,415,BACELOR EKSEKUTIF TEKNOLOGI MEKATRONIK,4800.00,ONLINE,4614,BACELOR,30-39,39.0
2023,HBKP20107,47,BIDAYUH/LAND DAYAK - SARAWAK,MALE,BEKERJA SEPENUH MASA,CAHYA MATA PHOSPHATES INDUSTRIES SDN BHD,OTHER,SARAWAK,383,"BACELOR EKSEKUTIF KESELAMATAN, KESIHATAN DAN PERSEKITARAN",8800.00,ONLINE,5991,BACELOR,40-49,47.0
2023,HBKP21108,50,BIDAYUH/LAND DAYAK - SARAWAK,MALE,BEKERJA SEPENUH MASA,SEDC QUARRIES SDN BHD,OTHER,SARAWAK,383,"BACELOR EKSEKUTIF KESELAMATAN, KESIHATAN DAN PERSEKITARAN",7304.00,ONLINE,4510,BACELOR,50-59,50.0
2023,HBKP21110,35,MELAYU,FEMALE,BEKERJA SEPENUH MASA,KERETAPI TANAH MELAYU BERHAD,OTHER,KUALA LUMPUR,383,"BACELOR EKSEKUTIF KESELAMATAN, KESIHATAN DAN PERSEKITARAN",3792.00,ONLINE,5017,BACELOR,30-39,35.0
2023,HBKP21114,27,INDIA,MALE,BEKERJA SEPENUH MASA,TRANSGRID VENTURES SDN BHD,OTHER,SELANGOR,383,"BACELOR EKSEKUTIF KESELAMATAN, KESIHATAN DAN PERSEKITARAN",3000.00,ONLINE,5599,BACELOR,<29,27.0
2023,HBKP21118,30,MELAYU,FEMALE,BEKERJA SEPENUH MASA,KERETAPI TANAH MELAYU BERHAD,OTHER,KUALA LUMPUR,383,"BACELOR EKSEKUTIF KESELAMATAN, KESIHATAN DAN PERSEKITARAN",3057.00,ONLINE,4679,BACELOR,30-39,30.0
2023,HBKP21205,37,MELAYU,MALE,BEKERJA SEPENUH MASA,SK NEXILIS SDN. BHD.,OTHER,KELANTAN,383,"BACELOR EKSEKUTIF KESELAMATAN, KESIHATAN DAN PERSEKITARAN",2300.00,ONLINE,5109,BACELOR,30-39,37.0
2023,HBKP21206,37,MELAYU,MALE,BEKERJA SEPENUH MASA,S A PROPERTY MANAGEMENT SDN. BHD.,OTHER,JOHOR,383,"BACELOR EKSEKUTIF KESELAMATAN, KESIHATAN DAN PERSEKITARAN",4000.00,ONLINE,5629,BACELOR,30-39,37.0
2023,HBKP21210,35,MELAYU,MALE,BEKERJA SEPENUH MASA,TRANE MALAYSIA SALES & SERVICES SDN BHD,OTHER,PULAU PINANG,383,"BACELOR EKSEKUTIF KESELAMATAN, KESIHATAN DAN PERSEKITARAN",4000.00,ONLINE,4782,BACELOR,30-39,35.0
2023,HBKP21211,51,MELAYU,MALE,BEKERJA/USAHAWAN/FREELANCE,AZMI FIRST ENTERPRISE,OTHER,JOHOR,383,"BACELOR EKSEKUTIF KESELAMATAN, KESIHATAN DAN PERSEKITARAN",2000.00,ONLINE,4541,BACELOR,50-59,51.0
2023,HBKP21305,32,INDIA,FEMALE,BEKERJA SEPENUH MASA,THINKVISOR SDN BHD,OTHER,SELANGOR,383,"BACELOR EKSEKUTIF KESELAMATAN, KESIHATAN DAN PERSEKITARAN",4800.00,ONLINE,4936,BACELOR,30-39,32.0
2023,HBKP21307,36,MELAYU,FEMALE,BEKERJA SEPENUH MASA,ASIAN SUPPLY BASE SDN BHD,OTHER,LABUAN,383,"BACELOR EKSEKUTIF KESELAMATAN, KESIHATAN DAN PERSEKITARAN",2382.00,ONLINE,4744,BACELOR,30-39,36.0
2023,HBKP21308,38,MELAYU,MALE,BEKERJA SEPENUH MASA,MALAYSIA MARINE & HEAVY ENGINEERING SDN BHD,OTHER,JOHOR,383,"BACELOR EKSEKUTIF KESELAMATAN, KESIHATAN DAN PERSEKITARAN",4100.00,ONLINE,4275,BACELOR,30-39,38.0
2023,HBKP21313,25,MELAYU,MALE,BEKERJA SEPENUH MASA,CEFS RESPONSE,OTHER,PAHANG,383,"BACELOR EKSEKUTIF KESELAMATAN, KESIHATAN DAN PERSEKITARAN",3000.00,ONLINE,5380,BACELOR,<29,25.0
2023,HBKP21409,42,NOT SPECIFIED,NOT SPECIFIED,NOT SPECIFIED,NOT SPECIFIED,OTHER,NOT SPECIFIED,350,"DIPLOMA PROFESIONAL KESELAMATAN, KESIHATAN DAN PERSEKITARAN",NOT SPECIFIED,ONLINE,3921,DIPLOMA,40-49,42.0
2023,HBKP21411,28,MELAYU,MALE,BEKERJA SEPENUH MASA,CARSOME SDN BHD,OTHER,SELANGOR,383,"BACELOR EKSEKUTIF KESELAMATAN, KESIHATAN DAN PERSEKITARAN",5000.00,ONLINE,5819,BACELOR,<29,28.0
2023,HBKP21414,27,MELAYU,MALE,BEKERJA SEPENUH MASA,SUNRAY CONSTRUCTION AND INTERIOR SDN BHD,OTHER,SELANGOR,383,"BACELOR EKSEKUTIF KESELAMATAN, KESIHATAN DAN PERSEKITARAN",4190.00,ONLINE,5140,BACELOR,<29,27.0
2023,HBKP21417,34,NOT SPECIFIED,NOT SPECIFIED,NOT SPECIFIED,NOT SPECIFIED,OTHER,NOT SPECIFIED,350,"DIPLOMA PROFESIONAL KESELAMATAN, KESIHATAN DAN PERSEKITARAN",NOT SPECIFIED,ONLINE,2571,DIPLOMA,30-39,34.0
2023,HBKP21418,32,MELAYU,MALE,BEKERJA SEPENUH MASA,DESARU PEACE HOLDING CLUB SDN BHD,OTHER,SELANGOR,383,"BACELOR EKSEKUTIF KESELAMATAN, KESIHATAN DAN PERSEKITARAN",3564.00,ONLINE,4396,BACELOR,30-39,32.0
2023,HBKP22101,29,DUSUN-SABAH,FEMALE,BEKERJA SEPENUH MASA,MAJU UNIVERSAL ENGINERRING SDN BHD,OTHER,SABAH,383,"BACELOR EKSEKUTIF KESELAMATAN, KESIHATAN DAN PERSEKITARAN",3000.00,ONLINE,5033,BACELOR,<29,29.0
2023,HBKP22103,38,MELAYU,MALE,BEKERJA SEPENUH MASA,CONCENTRIX SDN BHD,OTHER,NEGERI SEMBILAN,383,"BACELOR EKSEKUTIF KESELAMATAN, KESIHATAN DAN PERSEKITARAN",2125.00,ONLINE,5470,BACELOR,30-39,38.0
2023,HBKP22104,39,MELAYU,FEMALE,BEKERJA SEPENUH MASA,KTMB,OTHER,KUALA LUMPUR,383,"BACELOR EKSEKUTIF KESELAMATAN, KESIHATAN DAN PERSEKITARAN",3800.00,ONLINE,4385,BACELOR,30-39,39.0
2023,HBKP22112,39,INDIA,MALE,BEKERJA SEPENUH MASA,OOI WAN LYE SDN BHD,OTHER,PULAU PINANG,383,"BACELOR EKSEKUTIF KESELAMATAN, KESIHATAN DAN PERSEKITARAN",5000.00,ONLINE,4906,BACELOR,30-39,39.0
2023,HBKP22113,40,INDIA,MALE,BEKERJA SEPENUH MASA,FIT FUTURE INNOVATION TECHNOLOGY SDN BHD,OTHER,PULAU PINANG,383,"BACELOR EKSEKUTIF KESELAMATAN, KESIHATAN DAN PERSEKITARAN",5000.00,ONLINE,5153,BACELOR,40-49,40.0
2023,HBKP22114,41,MELAYU,MALE,BEKERJA SEPENUH MASA,MIE INDUSTRIAL SDN BHD,OTHER,SELANGOR,383,"BACELOR EKSEKUTIF KESELAMATAN, KESIHATAN DAN PERSEKITARAN",19000.00,ONLINE,5836,BACELOR,40-49,41.0
2023,HBKP22116,32,INDIA,MALE,BEKERJA SEPENUH MASA,RESONAC GRAPHITE SDN BHD,OTHER,SELANGOR,383,"BACELOR EKSEKUTIF KESELAMATAN, KESIHATAN DAN PERSEKITARAN",2700.00,ONLINE,5061,BACELOR,30-39,32.0
2023,HBKP22119,35,MELAYU,MALE,BEKERJA SEPENUH MASA,PETROLIAM NASIONAL BERHAD,OTHER,JOHOR,383,"BACELOR EKSEKUTIF KESELAMATAN, KESIHATAN DAN PERSEKITARAN",18000.00,ONLINE,5656,BACELOR,30-39,35.0
2023,HBKP22123,37,KAYAN-SARAWAK,FEMALE,BEKERJA SEPENUH MASA,TOP TIER CONSTRUCTION SDN BHD,OTHER,SARAWAK,383,"BACELOR EKSEKUTIF KESELAMATAN, KESIHATAN DAN PERSEKITARAN",8000.00,ONLINE,5313,BACELOR,30-39,37.0
2023,HBKP22126,32,INDIA,MALE,BEKERJA SEPENUH MASA,OMYA MALAYSIA SDN BHD,OTHER,PERAK,383,"BACELOR EKSEKUTIF KESELAMATAN, KESIHATAN DAN PERSEKITARAN",6200.00,ONLINE,5028,BACELOR,30-39,32.0
2023,HBKP22128,40,INDIA,MALE,BEKERJA SEPENUH MASA,CONTINENTAL TYRE (M) SDN BHD,OTHER,SELANGOR,383,"BACELOR EKSEKUTIF KESELAMATAN, KESIHATAN DAN PERSEKITARAN",4500.00,ONLINE,5537,BACELOR,40-49,40.0
2023,HBKP22134,51,IBAN/SEA DAYAK -SARAWAK,MALE,BEKERJA SEPENUH MASA,SM RIAM ROAD MIRI,OTHER,SARAWAK,383,"BACELOR EKSEKUTIF KESELAMATAN, KESIHATAN DAN PERSEKITARAN",3000.00,ONLINE,5486,BACELOR,50-59,51.0
2023,HBKP22210,28,PUNJABI,MALE,BEKERJA/USAHAWAN/FREELANCE,CENTRO SECURITY SDN BHD,OTHER,PERAK,383,"BACELOR EKSEKUTIF KESELAMATAN, KESIHATAN DAN PERSEKITARAN",3000.00,ONLINE,5035,BACELOR,<29,28.0
2023,HBKP22214,31,CINA,MALE,BEKERJA SEPENUH MASA,BR METALS SDN BHD,OTHER,SABAH,383,"BACELOR EKSEKUTIF KESELAMATAN, KESIHATAN DAN PERSEKITARAN",3500.00,ONLINE,4816,BACELOR,30-39,31.0
2023,HBKP22216,41,MELAYU,MALE,BEKERJA SEPENUH MASA,MIE INDUSTRIAL SDN BHD,OTHER,PERAK,383,"BACELOR EKSEKUTIF KESELAMATAN, KESIHATAN DAN PERSEKITARAN",5000.00,ONLINE,4894,BACELOR,40-49,41.0
2023,HBKP22218,44,CINA,MALE,BEKERJA SEPENUH MASA,HABIB JEWEL,OTHER,KUALA LUMPUR,383,"BACELOR EKSEKUTIF KESELAMATAN, KESIHATAN DAN PERSEKITARAN",22000.00,ONLINE,4149,BACELOR,40-49,44.0
2023,HBKP22221,35,DUSUN-SABAH,FEMALE,BEKERJA SEPENUH MASA,CHINA COMMUNICATION CONSTRUCTION COMPANY (M) SDN. BHD,OTHER,SABAH,383,"BACELOR EKSEKUTIF KESELAMATAN, KESIHATAN DAN PERSEKITARAN",5000.00,ONLINE,4146,BACELOR,30-39,35.0
2023,HBPM20402,30,INDIA,MALE,BEKERJA SEPENUH MASA,GLOBAL ECO SM RESOURCES,"PROFESSIONAL, SCIENTIFIC, AND TECHNICAL ACTIVITIES",JOHOR,388,BACELOR EKSEKUTIF OPERASI DAN PENGURUSAN PROJEK,8000.00,ONLINE,4871,BACELOR,30-39,30.0
2023,HBPM20407,41,MELAYU,MALE,BEKERJA/USAHAWAN/FREELANCE,SUSUN TENAGA RESOURCES,"PROFESSIONAL, SCIENTIFIC, AND TECHNICAL ACTIVITIES",SARAWAK,388,BACELOR EKSEKUTIF OPERASI DAN PENGURUSAN PROJEK,8000.00,ONLINE,4163,BACELOR,40-49,41.0
2023,HBPM21121,30,KADAZAN-SABAH,FEMALE,BEKERJA SEPENUH MASA,DUBOR ASIA LTD,"PROFESSIONAL, SCIENTIFIC, AND TECHNICAL ACTIVITIES",LABUAN,388,BACELOR EKSEKUTIF OPERASI DAN PENGURUSAN PROJEK,2600.00,ONLINE,5903,BACELOR,30-39,30.0
2023,HBPM21126,51,NOT SPECIFIED,MALE,NOT SPECIFIED,NOT SPECIFIED,"PROFESSIONAL, SCIENTIFIC, AND TECHNICAL ACTIVITIES",MELAKA,388,BACELOR EKSEKUTIF OPERASI DAN PENGURUSAN PROJEK,NOT SPECIFIED,ONLINE,4206,BACELOR,50-59,51.0
2023,HBPM21301,42,KHEK (HAKKA),MALE,BEKERJA SEPENUH MASA,NEXPERIA MALAYSIA SDN. BHD.,"PROFESSIONAL, SCIENTIFIC, AND TECHNICAL ACTIVITIES",NEGERI SEMBILAN,388,BACELOR EKSEKUTIF OPERASI DAN PENGURUSAN PROJEK,6000.00,ONLINE,4440,BACELOR,40-49,42.0
2023,HBPM21304,37,MELAYU,FEMALE,BEKERJA SEPENUH MASA,BOSTON SCIENTIFIC M SDN BHD,"PROFESSIONAL, SCIENTIFIC, AND TECHNICAL ACTIVITIES",PULAU PINANG,388,BACELOR EKSEKUTIF OPERASI DAN PENGURUSAN PROJEK,3700.00,ONLINE,5509,BACELOR,30-39,37.0
2023,HBPM21305,39,MELAYU,MALE,BEKERJA SEPENUH MASA,BOSTON SCIENTIFIC (M) SDN BHD,"PROFESSIONAL, SCIENTIFIC, AND TECHNICAL ACTIVITIES",KEDAH,388,BACELOR EKSEKUTIF OPERASI DAN PENGURUSAN PROJEK,3000.00,ONLINE,4576,BACELOR,30-39,39.0
2023,HBPM21306,52,MELAYU,MALE,BEKERJA SEPENUH MASA,AIMA CONSTRUCTION SDN BHD,"PROFESSIONAL, SCIENTIFIC, AND TECHNICAL ACTIVITIES",KEDAH,388,BACELOR EKSEKUTIF OPERASI DAN PENGURUSAN PROJEK,11000.00,ONLINE,5742,BACELOR,50-59,52.0
2023,HBPM21308,35,MELAYU,MALE,BEKERJA SEPENUH MASA,SPACE ALLIANCE CONTRACTS SDN BHD,"PROFESSIONAL, SCIENTIFIC, AND TECHNICAL ACTIVITIES",SELANGOR,388,BACELOR EKSEKUTIF OPERASI DAN PENGURUSAN PROJEK,6300.00,ONLINE,4456,BACELOR,30-39,35.0
2023,HBPM21309,38,MELAYU,FEMALE,BEKERJA SEPENUH MASA,WARISAN EMPAYAR MAHSURI(M)SDN BHD,"PROFESSIONAL, SCIENTIFIC, AND TECHNICAL ACTIVITIES",KUALA LUMPUR,388,BACELOR EKSEKUTIF OPERASI DAN PENGURUSAN PROJEK,7600.00,ONLINE,4321,BACELOR,30-39,38.0
2023,HBPM21310,29,INDIA,MALE,BEKERJA SEPENUH MASA,ECO WORLD DEVELOPMENT GROUP BERHAD,"PROFESSIONAL, SCIENTIFIC, AND TECHNICAL ACTIVITIES",JOHOR,388,BACELOR EKSEKUTIF OPERASI DAN PENGURUSAN PROJEK,3600.00,ONLINE,4724,BACELOR,<29,29.0
2023,HBPM21311,35,INDIA,MALE,BEKERJA SEPENUH MASA,"AAPC SERVICES PTE LTD, SINGAPORE","PROFESSIONAL, SCIENTIFIC, AND TECHNICAL ACTIVITIES",SELANGOR,388,BACELOR EKSEKUTIF OPERASI DAN PENGURUSAN PROJEK,9600.00,ONLINE,5568,BACELOR,30-39,35.0
2023,HBPM21315,40,MELAYU,MALE,BEKERJA SEPENUH MASA,TENAGA NASIONAL BERHAD,"PROFESSIONAL, SCIENTIFIC, AND TECHNICAL ACTIVITIES",JOHOR,388,BACELOR EKSEKUTIF OPERASI DAN PENGURUSAN PROJEK,2800.00,ONLINE,5020,BACELOR,40-49,40.0
2023,HBPM21320,37,MELAYU,MALE,BEKERJA SEPENUH MASA,MASS RAPID TRANSIT CORPORATION SDN BHD,"PROFESSIONAL, SCIENTIFIC, AND TECHNICAL ACTIVITIES",JOHOR,388,BACELOR EKSEKUTIF OPERASI DAN PENGURUSAN PROJEK,3849.00,ONLINE,5207,BACELOR,30-39,37.0
2023,HBPM21321,42,MELAYU,MALE,BEKERJA SEPENUH MASA,MENICON MALAYSIA SDN BHD,"PROFESSIONAL, SCIENTIFIC, AND TECHNICAL ACTIVITIES",KEDAH,388,BACELOR EKSEKUTIF OPERASI DAN PENGURUSAN PROJEK,6800.00,ONLINE,5591,BACELOR,40-49,42.0
2023,HBPM21324,46,MELAYU,MALE,BEKERJA SEPENUH MASA,SADARA CHEMICAL COMPANY,"PROFESSIONAL, SCIENTIFIC, AND TECHNICAL ACTIVITIES",JOHOR,388,BACELOR EKSEKUTIF OPERASI DAN PENGURUSAN PROJEK,20000.00,ONLINE,5509,BACELOR,40-49,46.0
2023,HBPM21405,55,MELAYU,MALE,BEKERJA/USAHAWAN/FREELANCE,KETENGAH PERWIRA SDN BHD,"PROFESSIONAL, SCIENTIFIC, AND TECHNICAL ACTIVITIES",TERENGGANU,388,BACELOR EKSEKUTIF OPERASI DAN PENGURUSAN PROJEK,5000.00,ONLINE,4071,BACELOR,50-59,55.0
2023,HBPM21410,28,MELAYU,MALE,BEKERJA SEPENUH MASA,PERUNDING IRZI SDN BHD,"PROFESSIONAL, SCIENTIFIC, AND TECHNICAL ACTIVITIES",JOHOR,388,BACELOR EKSEKUTIF OPERASI DAN PENGURUSAN PROJEK,3500.00,ONLINE,4417,BACELOR,<29,28.0
2023,HBPM21413,43,MELAYU,MALE,BEKERJA/USAHAWAN/FREELANCE,MCS MANAGEMENT SDN BHD,"PROFESSIONAL, SCIENTIFIC, AND TECHNICAL ACTIVITIES",SELANGOR,388,BACELOR EKSEKUTIF OPERASI DAN PENGURUSAN PROJEK,13500.00,ONLINE,5978,BACELOR,40-49,43.0
2023,HBPM21415,51,MELAYU,MALE,BEKERJA SEPENUH MASA,MALAYSIA MARINE HEAVY ENGINEERING,"PROFESSIONAL, SCIENTIFIC, AND TECHNICAL ACTIVITIES",NEGERI SEMBILAN,388,BACELOR EKSEKUTIF OPERASI DAN PENGURUSAN PROJEK,6000.00,ONLINE,5760,BACELOR,50-59,51.0
2023,HBPM21416,29,MELAYU,MALE,BEKERJA SEPENUH MASA,BENN SW ENTERPRISE,"PROFESSIONAL, SCIENTIFIC, AND TECHNICAL ACTIVITIES",JOHOR,388,BACELOR EKSEKUTIF OPERASI DAN PENGURUSAN PROJEK,3000.00,ONLINE,5236,BACELOR,<29,29.0
2023,HBPM22101,39,MELAYU,MALE,BEKERJA SEPENUH MASA,PETRONAS REFINERY AND PETROCHEMICAL CORPORATION SDN. BHD.,"PROFESSIONAL, SCIENTIFIC, AND TECHNICAL ACTIVITIES",JOHOR,388,BACELOR EKSEKUTIF OPERASI DAN PENGURUSAN PROJEK,8000.00,ONLINE,4176,BACELOR,30-39,39.0
2023,HBPM22104,31,MELAYU,MALE,BEKERJA SEPENUH MASA,RENESAS SEMICONDUCTOR MALAYSIA SDN BHD,"PROFESSIONAL, SCIENTIFIC, AND TECHNICAL ACTIVITIES",PULAU PINANG,388,BACELOR EKSEKUTIF OPERASI DAN PENGURUSAN PROJEK,2800.00,ONLINE,5348,BACELOR,30-39,31.0
2023,HBPM22107,43,MELAYU,MALE,BEKERJA SEPENUH MASA,ZAIRA INTEGRATED SERVICES,"PROFESSIONAL, SCIENTIFIC, AND TECHNICAL ACTIVITIES",MELAKA,388,BACELOR EKSEKUTIF OPERASI DAN PENGURUSAN PROJEK,5000.00,ONLINE,4417,BACELOR,40-49,43.0
2023,HBPM22114,47,MELAYU,MALE,BEKERJA SEPENUH MASA,RIA SOLUTIONS (M) SDN BHD,"PROFESSIONAL, SCIENTIFIC, AND TECHNICAL ACTIVITIES",PAHANG,388,BACELOR EKSEKUTIF OPERASI DAN PENGURUSAN PROJEK,8500.00,ONLINE,5535,BACELOR,40-49,47.0
2023,HBPM22116,43,MELAYU,MALE,BEKERJA SEPENUH MASA,SIAB HOLDING,"PROFESSIONAL, SCIENTIFIC, AND TECHNICAL ACTIVITIES",SELANGOR,388,BACELOR EKSEKUTIF OPERASI DAN PENGURUSAN PROJEK,5500.00,ONLINE,5127,BACELOR,40-49,43.0
2023,HBPM22202,32,INDIA,MALE,BEKERJA SEPENUH MASA,IMU EDUCATION SDN BHD,"PROFESSIONAL, SCIENTIFIC, AND TECHNICAL ACTIVITIES",SELANGOR,388,BACELOR EKSEKUTIF OPERASI DAN PENGURUSAN PROJEK,3400.00,ONLINE,4646,BACELOR,30-39,32.0
2023,HBPM22210,42,IRANUN-SABAH,MALE,BEKERJA SEPENUH MASA,MALAYSIA AIRPORTS SDN BHD,"PROFESSIONAL, SCIENTIFIC, AND TECHNICAL ACTIVITIES",SABAH,388,BACELOR EKSEKUTIF OPERASI DAN PENGURUSAN PROJEK,3600.00,ONLINE,5315,BACELOR,40-49,42.0
2023,HBPM22301,29,MELAYU,MALE,BEKERJA SEPENUH MASA,KIAN JOO CAN FACTORY BERHAD,"PROFESSIONAL, SCIENTIFIC, AND TECHNICAL ACTIVITIES",KUALA LUMPUR,388,BACELOR EKSEKUTIF OPERASI DAN PENGURUSAN PROJEK,2300.00,ONLINE,5115,BACELOR,<29,29.0
2023,HBPM22304,53,MELAYU,MALE,BEKERJA SEPENUH MASA,SBSS CONSTRUCTION SDN BHD,"PROFESSIONAL, SCIENTIFIC, AND TECHNICAL ACTIVITIES",TERENGGANU,388,BACELOR EKSEKUTIF OPERASI DAN PENGURUSAN PROJEK,5000.00,ONLINE,5249,BACELOR,50-59,53.0
2023,HBPR20103,36,IBAN/SEA DAYAK -SARAWAK,MALE,BEKERJA SEPENUH MASA,DAYANG ENTERPRISE SDN. BHD,MINING AND QUARRYING,SARAWAK,373,BACELOR EKSEKUTIF PENGURUSAN PROJEK (PETROLEUM & GAS),5000.00,ONLINE,4892,BACELOR,30-39,36.0
2023,HBPR21201,49,IBAN/SEA DAYAK -SARAWAK,MALE,BEKERJA SEPENUH MASA,AWATRA SDN BHD,MINING AND QUARRYING,SARAWAK,373,BACELOR EKSEKUTIF PENGURUSAN PROJEK (PETROLEUM & GAS),6000.00,ONLINE,5597,BACELOR,40-49,49.0
2023,HBPR21202,49,MELAYU,MALE,BEKERJA SEPENUH MASA,PREFCHEM,MINING AND QUARRYING,PAHANG,373,BACELOR EKSEKUTIF PENGURUSAN PROJEK (PETROLEUM & GAS),15000.00,ONLINE,4696,BACELOR,40-49,49.0
2023,HBPR21203,52,MELAYU,MALE,BEKERJA SEPENUH MASA,PETRONAS CARIGALI SDN BHD,MINING AND QUARRYING,SARAWAK,373,BACELOR EKSEKUTIF PENGURUSAN PROJEK (PETROLEUM & GAS),19131.00,ONLINE,5878,BACELOR,50-59,52.0
2023,HBPR21205,49,MELAYU,MALE,BEKERJA SEPENUH MASA,HIBISCUS OIL & GAS MALAYSIA LIMITED,MINING AND QUARRYING,SELANGOR,373,BACELOR EKSEKUTIF PENGURUSAN PROJEK (PETROLEUM & GAS),10001.00,ONLINE,4317,BACELOR,40-49,49.0
2023,HBPR21207,56,MELAYU,MALE,BEKERJA SEPENUH MASA,PENGERANG REFINERY & PETCHEM SDN BHD (PREFCHEM),MINING AND QUARRYING,MELAKA,373,BACELOR EKSEKUTIF PENGURUSAN PROJEK (PETROLEUM & GAS),10000.00,ONLINE,5036,BACELOR,50-59,56.0
2023,HBPR21301,45,BOYAN,MALE,BEKERJA/USAHAWAN/FREELANCE,THINKVISOR SDN BHD,MINING AND QUARRYING,KUALA LUMPUR,373,BACELOR EKSEKUTIF PENGURUSAN PROJEK (PETROLEUM & GAS),2500.00,ONLINE,5901,BACELOR,40-49,45.0
2023,HBPR21302,34,BUGIS,MALE,BEKERJA SEPENUH MASA,HALLIBURTON ENG. SRV. SDN BHD,MINING AND QUARRYING,LABUAN,373,BACELOR EKSEKUTIF PENGURUSAN PROJEK (PETROLEUM & GAS),4200.00,ONLINE,5235,BACELOR,30-39,34.0
2023,HBPR21303,46,MELAYU,MALE,BEKERJA SEPENUH MASA,QATAR ENERGY,MINING AND QUARRYING,TERENGGANU,373,BACELOR EKSEKUTIF PENGURUSAN PROJEK (PETROLEUM & GAS),25000.00,ONLINE,4014,BACELOR,40-49,46.0
2023,HBPR22103,40,MELAYU,MALE,BEKERJA SEPENUH MASA,RADIUS BUSINESS SOLUTIONS (MALAYSIA) SDN. BHD,MINING AND QUARRYING,PULAU PINANG,373,BACELOR EKSEKUTIF PENGURUSAN PROJEK (PETROLEUM & GAS),4550.00,ONLINE,5552,BACELOR,40-49,40.0
2023,HBPR22107,40,BRUNEI-SABAH,MALE,BEKERJA SEPENUH MASA,EPOMS SERVICES SENDIRIAN BERHAD,MINING AND QUARRYING,SABAH,373,BACELOR EKSEKUTIF PENGURUSAN PROJEK (PETROLEUM & GAS),3500.00,ONLINE,4129,BACELOR,40-49,40.0
2023,HBPR22110,51,MELAYU,MALE,BEKERJA SEPENUH MASA,MISC BERHAD,MINING AND QUARRYING,SELANGOR,373,BACELOR EKSEKUTIF PENGURUSAN PROJEK (PETROLEUM & GAS),21000.00,ONLINE,4330,BACELOR,50-59,51.0
2023,HBSC21303,38,INDIA,MALE,BEKERJA SEPENUH MASA,MYJETXPRESS AIRLINES,TRANSPORTATION AND STORAGE,SELANGOR,413,BACELOR EKSEKUTIF PENGURUSAN RANTAIAN BEKALAN,3500.00,ONLINE,4726,BACELOR,30-39,38.0
2023,HBSC21304,53,MELAYU,MALE,BEKERJA SEPENUH MASA,HRSB HOLDING SDN BHD,TRANSPORTATION AND STORAGE,TERENGGANU,413,BACELOR EKSEKUTIF PENGURUSAN RANTAIAN BEKALAN,9000.00,ONLINE,5554,BACELOR,50-59,53.0
2023,HBSC21305,38,INDIA,MALE,BEKERJA SEPENUH MASA,HAVI LOGISTIC (M) SDN BHD,TRANSPORTATION AND STORAGE,SELANGOR,413,BACELOR EKSEKUTIF PENGURUSAN RANTAIAN BEKALAN,4000.00,ONLINE,4609,BACELOR,30-39,38.0
2023,HBSC21306,39,INDIA,MALE,BEKERJA SEPENUH MASA,BASF (MALAYSIA) SDN.BHD,TRANSPORTATION AND STORAGE,JOHOR,413,BACELOR EKSEKUTIF PENGURUSAN RANTAIAN BEKALAN,8350.00,ONLINE,4496,BACELOR,30-39,39.0
2023,HBSC21307,40,INDIA,MALE,BEKERJA SEPENUH MASA,HAVI LOGISTICS (M) SDN BHD,TRANSPORTATION AND STORAGE,SELANGOR,413,BACELOR EKSEKUTIF PENGURUSAN RANTAIAN BEKALAN,3500.00,ONLINE,4195,BACELOR,40-49,40.0
2023,HBSC21308,59,MELAYU,MALE,BEKERJA SEPENUH MASA,HAVI LOGISTIC (M) SDN BHD,TRANSPORTATION AND STORAGE,SELANGOR,413,BACELOR EKSEKUTIF PENGURUSAN RANTAIAN BEKALAN,6500.00,ONLINE,5866,BACELOR,50-59,59.0
2023,HBSC21309,50,INDIA,MALE,BEKERJA SEPENUH MASA,SEA HAWK GLOBAL LINES SDN BHD,TRANSPORTATION AND STORAGE,SELANGOR,413,BACELOR EKSEKUTIF PENGURUSAN RANTAIAN BEKALAN,7000.00,ONLINE,4066,BACELOR,50-59,50.0
2023,HBSC21401,42,MELAYU,MALE,BEKERJA SEPENUH MASA,HAVI LOGISTIC (M) SDN BHD,TRANSPORTATION AND STORAGE,PAHANG,413,BACELOR EKSEKUTIF PENGURUSAN RANTAIAN BEKALAN,6000.00,ONLINE,5083,BACELOR,40-49,42.0
2023,HBSC22101,51,INDIA,MALE,BEKERJA SEPENUH MASA,DHL SUPPLY CHAIN SDN BHD,TRANSPORTATION AND STORAGE,PULAU PINANG,413,BACELOR EKSEKUTIF PENGURUSAN RANTAIAN BEKALAN,8500.00,ONLINE,5902,BACELOR,50-59,51.0
2023,HBSC22104,0,NOT SPECIFIED,NOT SPECIFIED,NOT SPECIFIED,NOT SPECIFIED,TRANSPORTATION AND STORAGE,NOT SPECIFIED,413,BACELOR EKSEKUTIF PENGURUSAN RANTAIAN BEKALAN,NOT SPECIFIED,ONLINE,5119,BACELOR,,
2023,HBSC22105,35,INDIA MUSLIM,FEMALE,BEKERJA SEPENUH MASA,KATOLEC (MALAYSIA) SDN BHD,TRANSPORTATION AND STORAGE,PULAU PINANG,413,BACELOR EKSEKUTIF PENGURUSAN RANTAIAN BEKALAN,2500.00,ONLINE,4708,BACELOR,30-39,35.0
2023,HBSC22107,49,MELAYU,MALE,BEKERJA SEPENUH MASA,STARKE MARINE SDN BHD,TRANSPORTATION AND STORAGE,KUALA LUMPUR,413,BACELOR EKSEKUTIF PENGURUSAN RANTAIAN BEKALAN,10000.00,ONLINE,4650,BACELOR,40-49,49.0
2023,HBSC22108,27,INDIA,MALE,BEKERJA SEPENUH MASA,HAVI LOGISTICS (M) SDN BHD,TRANSPORTATION AND STORAGE,SELANGOR,413,BACELOR EKSEKUTIF PENGURUSAN RANTAIAN BEKALAN,3000.00,ONLINE,4372,BACELOR,<29,27.0
2023,HBSC22112,0,NOT SPECIFIED,NOT SPECIFIED,NOT SPECIFIED,NOT SPECIFIED,TRANSPORTATION AND STORAGE,NOT SPECIFIED,413,BACELOR EKSEKUTIF PENGURUSAN RANTAIAN BEKALAN,NOT SPECIFIED,ONLINE,5395,BACELOR,,
2023,HBSC22113,43,INDIA,FEMALE,BEKERJA SEPENUH MASA,HAVI LOGISTICS (M) SDN BHD,TRANSPORTATION AND STORAGE,SELANGOR,413,BACELOR EKSEKUTIF PENGURUSAN RANTAIAN BEKALAN,3000.00,ONLINE,5827,BACELOR,40-49,43.0
2023,HBSC22210,39,MELAYU,FEMALE,BEKERJA SEPENUH MASA,INTEGRATED DEVELOPMENT NETWORK SDN BHD,TRANSPORTATION AND STORAGE,KUALA LUMPUR,413,BACELOR EKSEKUTIF PENGURUSAN RANTAIAN BEKALAN,4500.00,ONLINE,4614,BACELOR,30-39,39.0
2023,HDGT21206,40,MELAYU,MALE,BEKERJA SEPENUH MASA,CELGO ENGINEERING RESOURCES SDN BHD,MINING AND QUARRYING,JOHOR,351,DIPLOMA PROFESIONAL TEKNOLOGI DAN PENGURUSAN MINYAK & GAS,5000.00,ONLINE,2145,DIPLOMA,40-49,40.0
2023,HDGT21207,36,MELAYU,MALE,BEKERJA SEPENUH MASA,NEWWIN ENGINEERING SDN BHD,MINING AND QUARRYING,KEDAH,351,DIPLOMA PROFESIONAL TEKNOLOGI DAN PENGURUSAN MINYAK & GAS,2900.00,ONLINE,3390,DIPLOMA,30-39,36.0
2023,HDGT21303,52,MELAYU,MALE,BEKERJA SEPENUH MASA,PETRONNIC SDN BHD,MINING AND QUARRYING,KELANTAN,351,DIPLOMA PROFESIONAL TEKNOLOGI DAN PENGURUSAN MINYAK & GAS,10000.00,ONLINE,3978,DIPLOMA,50-59,52.0
2023,HDGT21304,42,MELAYU,MALE,BEKERJA SEPENUH MASA,ESSEM CORPORATION SDN BHD,MINING AND QUARRYING,NEGERI SEMBILAN,351,DIPLOMA PROFESIONAL TEKNOLOGI DAN PENGURUSAN MINYAK & GAS,5600.00,ONLINE,3460,DIPLOMA,40-49,42.0
2023,HDGT21305,38,MELAYU,MALE,BEKERJA SEPENUH MASA,NEWWIN ENGINEERING SDN BHD,MINING AND QUARRYING,PERAK,351,DIPLOMA PROFESIONAL TEKNOLOGI DAN PENGURUSAN MINYAK & GAS,2500.00,ONLINE,2337,DIPLOMA,30-39,38.0
2023,HDGT21401,37,DUSUN-SABAH,MALE,BEKERJA SEPENUH MASA,WEHAYA SDN BHD,MINING AND QUARRYING,SABAH,351,DIPLOMA PROFESIONAL TEKNOLOGI DAN PENGURUSAN MINYAK & GAS,8500.00,ONLINE,3191,DIPLOMA,30-39,37.0
2023,HDGT21405,40,MELAYU,MALE,BEKERJA SEPENUH MASA,THE MELIUM GROUP,MINING AND QUARRYING,KUALA LUMPUR,351,DIPLOMA PROFESIONAL TEKNOLOGI DAN PENGURUSAN MINYAK & GAS,5200.00,ONLINE,2486,DIPLOMA,40-49,40.0
2023,HDGT21408,37,MELAYU,MALE,BEKERJA SEPENUH MASA,E&P O&M SERVICES SDN BHD (EPOMS),MINING AND QUARRYING,JOHOR,351,DIPLOMA PROFESIONAL TEKNOLOGI DAN PENGURUSAN MINYAK & GAS,10000.00,ONLINE,3369,DIPLOMA,30-39,37.0
2023,HDGT21409,40,MELAYU,MALE,BEKERJA SEPENUH MASA,DAYANG ENTERPRISE HOLDING SDN BHD,MINING AND QUARRYING,PERAK,351,DIPLOMA PROFESIONAL TEKNOLOGI DAN PENGURUSAN MINYAK & GAS,8000.00,ONLINE,3506,DIPLOMA,40-49,40.0
2023,HDGT22110,42,MELAYU,MALE,BEKERJA SEPENUH MASA,DIMENSION BID SDN BHD,MINING AND QUARRYING,TERENGGANU,351,DIPLOMA PROFESIONAL TEKNOLOGI DAN PENGURUSAN MINYAK & GAS,5150.00,ONLINE,2081,DIPLOMA,40-49,42.0
2023,HDGT22201,31,KADAZAN-SABAH,MALE,BEKERJA SEPENUH MASA,UZMA ENGINEERING SDN BHD,MINING AND QUARRYING,SABAH,351,DIPLOMA PROFESIONAL TEKNOLOGI DAN PENGURUSAN MINYAK & GAS,3500.00,ONLINE,2135,DIPLOMA,30-39,31.0
2023,HDGT22203,43,MELAYU,FEMALE,BEKERJA SEPENUH MASA,OIL EHSAN STATION SDN BHD,MINING AND QUARRYING,KUALA LUMPUR,351,DIPLOMA PROFESIONAL TEKNOLOGI DAN PENGURUSAN MINYAK & GAS,3710.00,ONLINE,3605,DIPLOMA,40-49,43.0
2023,HDGT22206,36,MELAYU,MALE,BEKERJA/USAHAWAN/FREELANCE,HHA ASSOCIATES SDN BHD,MINING AND QUARRYING,SELANGOR,351,DIPLOMA PROFESIONAL TEKNOLOGI DAN PENGURUSAN MINYAK & GAS,10000.00,ONLINE,2963,DIPLOMA,30-39,36.0
2023,HDGT22207,36,MELAYU,MALE,BEKERJA SEPENUH MASA,DAYANG INTERPRISE,MINING AND QUARRYING,SELANGOR,351,DIPLOMA PROFESIONAL TEKNOLOGI DAN PENGURUSAN MINYAK & GAS,12000.00,ONLINE,2710,DIPLOMA,30-39,36.0
2023,HDGT22302,43,MELAYU,MALE,BEKERJA SEPENUH MASA,ECO SPECIAL WASTE MANAGEMENT PTE LTD,MINING AND QUARRYING,JOHOR,351,DIPLOMA PROFESIONAL TEKNOLOGI DAN PENGURUSAN MINYAK & GAS,9000.00,ONLINE,3536,DIPLOMA,40-49,43.0
2023,HDGT22307,42,MELAYU,MALE,BEKERJA SEPENUH MASA,SHAPADU CR ASIA SDN BHD,MINING AND QUARRYING,JOHOR,351,DIPLOMA PROFESIONAL TEKNOLOGI DAN PENGURUSAN MINYAK & GAS,2900.00,ONLINE,3316,DIPLOMA,40-49,42.0
2023,HDGT22401,49,MELAYU,MALE,BEKERJA SEPENUH MASA,ENERGY WORKFORCE,MINING AND QUARRYING,TERENGGANU,351,DIPLOMA PROFESIONAL TEKNOLOGI DAN PENGURUSAN MINYAK & GAS,5000.00,ONLINE,2297,DIPLOMA,40-49,49.0
2023,HDKP21118,28,MELAYU,MALE,BEKERJA SEPENUH MASA,PAKARBINA ENGINEERING(M) SDN BHD,OTHER,TERENGGANU,350,"DIPLOMA PROFESIONAL KESELAMATAN, KESIHATAN DAN PERSEKITARAN",4000.00,ONLINE,3297,DIPLOMA,<29,28.0
2023,HDKP21222,32,MELAYU,MALE,BEKERJA SEPENUH MASA,KILANG MAKANAN MAMEE,OTHER,NEGERI SEMBILAN,350,"DIPLOMA PROFESIONAL KESELAMATAN, KESIHATAN DAN PERSEKITARAN",2800.00,ONLINE,3944,DIPLOMA,30-39,32.0
2023,HDKP21308,34,DUSUN-SABAH,FEMALE,BEKERJA SEPENUH MASA,POLIKLINIK GELANG PATAH,OTHER,SABAH,350,"DIPLOMA PROFESIONAL KESELAMATAN, KESIHATAN DAN PERSEKITARAN",3100.00,ONLINE,3999,DIPLOMA,30-39,34.0
2023,HDKP21311,28,MELAYU,MALE,BEKERJA SEPENUH MASA,ASIA DIGITAL ENGINEERING SDN BHD,OTHER,SELANGOR,350,"DIPLOMA PROFESIONAL KESELAMATAN, KESIHATAN DAN PERSEKITARAN",3000.00,ONLINE,3024,DIPLOMA,<29,28.0
2023,HDKP21313,44,INDIA,MALE,BEKERJA SEPENUH MASA,RIGIDBASE CONSTRUCTION SDN BHD,OTHER,NEGERI SEMBILAN,350,"DIPLOMA PROFESIONAL KESELAMATAN, KESIHATAN DAN PERSEKITARAN",5000.00,ONLINE,3052,DIPLOMA,40-49,44.0
2023,HDKP21402,28,MELAYU,MALE,BEKERJA SEPENUH MASA,SOUTHERN PLANT SERVICES PVT LTD,OTHER,NEGERI SEMBILAN,350,"DIPLOMA PROFESIONAL KESELAMATAN, KESIHATAN DAN PERSEKITARAN",1500.00,ONLINE,3017,DIPLOMA,<29,28.0
2023,HDKP21404,38,FOOCHOW,MALE,BEKERJA SEPENUH MASA,IPS PRECAST,OTHER,JOHOR,350,"DIPLOMA PROFESIONAL KESELAMATAN, KESIHATAN DAN PERSEKITARAN",6200.00,ONLINE,2734,DIPLOMA,30-39,38.0
2023,HDKP21405,42,MELAYU,MALE,BEKERJA SEPENUH MASA,ADVANTAGE MARINE SERVICES (M) SDN BHD,OTHER,PULAU PINANG,350,"DIPLOMA PROFESIONAL KESELAMATAN, KESIHATAN DAN PERSEKITARAN",5500.00,ONLINE,2829,DIPLOMA,40-49,42.0
2023,HDKP21411,44,MELAYU,MALE,BEKERJA SEPENUH MASA,JABATAN PERDANA MENTERI,OTHER,SABAH,350,"DIPLOMA PROFESIONAL KESELAMATAN, KESIHATAN DAN PERSEKITARAN",4500.00,ONLINE,3079,DIPLOMA,40-49,44.0
2023,HDKP21413,35,MELAYU,MALE,BEKERJA SEPENUH MASA,IFF MALAYSIA SDN BHD,OTHER,PULAU PINANG,350,"DIPLOMA PROFESIONAL KESELAMATAN, KESIHATAN DAN PERSEKITARAN",2975.00,ONLINE,2096,DIPLOMA,30-39,35.0
2023,HDKP21420,34,IBAN/SEA DAYAK -SARAWAK,MALE,BEKERJA SEPENUH MASA,SARAWAK ENERGY SDN BHD,OTHER,SARAWAK,350,"DIPLOMA PROFESIONAL KESELAMATAN, KESIHATAN DAN PERSEKITARAN",2400.00,ONLINE,3437,DIPLOMA,30-39,34.0
2023,HDKP21438,52,MELAYU,MALE,BEKERJA SEPENUH MASA,PETROLIAM NASIONAL BERHAD (PETRONAS),OTHER,SARAWAK,350,"DIPLOMA PROFESIONAL KESELAMATAN, KESIHATAN DAN PERSEKITARAN",6950.00,ONLINE,3680,DIPLOMA,50-59,52.0
2023,HDKP22104,38,MELANAU-SARAWAK,MALE,BEKERJA SEPENUH MASA,AGENSI ANTIDADAH KEBANGSAAN DAERAH MUKAH,OTHER,SARAWAK,350,"DIPLOMA PROFESIONAL KESELAMATAN, KESIHATAN DAN PERSEKITARAN",2500.00,ONLINE,3938,DIPLOMA,30-39,38.0
2023,HDKP22105,40,INDIA,MALE,BEKERJA SEPENUH MASA,AIRASIA X BHD,OTHER,NEGERI SEMBILAN,350,"DIPLOMA PROFESIONAL KESELAMATAN, KESIHATAN DAN PERSEKITARAN",40000.00,ONLINE,3929,DIPLOMA,40-49,40.0
2023,HDKP22107,40,MELAYU,MALE,BEKERJA SEPENUH MASA,KERETAPI TANAH MELAYU BERHAD,OTHER,PULAU PINANG,350,"DIPLOMA PROFESIONAL KESELAMATAN, KESIHATAN DAN PERSEKITARAN",4000.00,ONLINE,2438,DIPLOMA,40-49,40.0
2023,HDKP22109,43,MELAYU,MALE,BEKERJA SEPENUH MASA,KIDE INTERNATIONAL SDN BHD,OTHER,PULAU PINANG,350,"DIPLOMA PROFESIONAL KESELAMATAN, KESIHATAN DAN PERSEKITARAN",7200.00,ONLINE,3979,DIPLOMA,40-49,43.0
2023,HDKP22113,34,MELAYU,FEMALE,BEKERJA SEPENUH MASA,KERETAPI TANAH MELAYU BERHAD,OTHER,PERAK,350,"DIPLOMA PROFESIONAL KESELAMATAN, KESIHATAN DAN PERSEKITARAN",2493.00,ONLINE,2018,DIPLOMA,30-39,34.0
2023,HDKP22116,49,MELAYU,MALE,BEKERJA SEPENUH MASA,PC INA PETRONAS,OTHER,PAHANG,350,"DIPLOMA PROFESIONAL KESELAMATAN, KESIHATAN DAN PERSEKITARAN",16000.00,ONLINE,3538,DIPLOMA,40-49,49.0
2023,HDKP22121,37,MELAYU,MALE,BEKERJA SEPENUH MASA,TITAN(PENANG)SDN. BHD.,OTHER,KEDAH,350,"DIPLOMA PROFESIONAL KESELAMATAN, KESIHATAN DAN PERSEKITARAN",1980.00,ONLINE,3070,DIPLOMA,30-39,37.0
2023,HDKP22122,41,IBAN/SEA DAYAK -SARAWAK,MALE,BELUM/TIDAK BEKERJA,SERBA DINAMIK,OTHER,SARAWAK,350,"DIPLOMA PROFESIONAL KESELAMATAN, KESIHATAN DAN PERSEKITARAN",2500.00,ONLINE,3899,DIPLOMA,40-49,41.0
2023,HDKP22125,51,MELAYU,MALE,BEKERJA SEPENUH MASA,VIEWPLEX (M) SDN. BHD.,OTHER,KEDAH,350,"DIPLOMA PROFESIONAL KESELAMATAN, KESIHATAN DAN PERSEKITARAN",4000.00,ONLINE,3741,DIPLOMA,50-59,51.0
2023,HDKP22126,30,INDIA,MALE,BEKERJA SEPENUH MASA,TIALOC MALAYSIA SDN BHD,OTHER,PULAU PINANG,350,"DIPLOMA PROFESIONAL KESELAMATAN, KESIHATAN DAN PERSEKITARAN",3500.00,ONLINE,2179,DIPLOMA,30-39,30.0
2023,HDKP22129,27,MELAYU,MALE,BEKERJA SEPENUH MASA,MAAHAD TAHFIZ AL QURAN AL FALAH,OTHER,TERENGGANU,350,"DIPLOMA PROFESIONAL KESELAMATAN, KESIHATAN DAN PERSEKITARAN",1100.00,ONLINE,3605,DIPLOMA,<29,27.0
2023,HDKP22137,33,MELAYU,MALE,BEKERJA SEPENUH MASA,PLUS PM CONSULTANT SDN BHD,OTHER,SELANGOR,350,"DIPLOMA PROFESIONAL KESELAMATAN, KESIHATAN DAN PERSEKITARAN",6000.00,ONLINE,2399,DIPLOMA,30-39,33.0
2023,HDKP22144,48,MELAYU,MALE,BEKERJA SEPENUH MASA,PETRONAS TECHNICAL SERVICES SDN BHD,OTHER,SELANGOR,350,"DIPLOMA PROFESIONAL KESELAMATAN, KESIHATAN DAN PERSEKITARAN",12400.00,ONLINE,2920,DIPLOMA,40-49,48.0
2023,HDKP22147,48,MELAYU,MALE,BEKERJA SEPENUH MASA,ARKEMA THIOCHEMICALS SDN BHD,OTHER,TERENGGANU,350,"DIPLOMA PROFESIONAL KESELAMATAN, KESIHATAN DAN PERSEKITARAN",8000.00,ONLINE,2266,DIPLOMA,40-49,48.0
2023,HDKP22150,38,MELAYU,MALE,BEKERJA SEPENUH MASA,PETROLIAM NASIONAL BERHAD,OTHER,TERENGGANU,350,"DIPLOMA PROFESIONAL KESELAMATAN, KESIHATAN DAN PERSEKITARAN",5000.00,ONLINE,3599,DIPLOMA,30-39,38.0
2023,HDKP22154,46,MELAYU,MALE,BEKERJA SEPENUH MASA,SHELF SUBSEA PYD LTD,OTHER,SARAWAK,350,"DIPLOMA PROFESIONAL KESELAMATAN, KESIHATAN DAN PERSEKITARAN",24000.00,ONLINE,3994,DIPLOMA,40-49,46.0
2023,HDKP22156,45,MELAYU,MALE,BEKERJA SEPENUH MASA,PREFCHEM,OTHER,JOHOR,350,"DIPLOMA PROFESIONAL KESELAMATAN, KESIHATAN DAN PERSEKITARAN",13500.00,ONLINE,2554,DIPLOMA,40-49,45.0
2023,HDKP22201,30,KAYAN-SARAWAK,MALE,BEKERJA SEPENUH MASA,PRESS METAL BINTULU SDN BHD,OTHER,SARAWAK,350,"DIPLOMA PROFESIONAL KESELAMATAN, KESIHATAN DAN PERSEKITARAN",2300.00,ONLINE,2964,DIPLOMA,30-39,30.0
2023,HDKP22216,39,MELAYU,MALE,BEKERJA SEPENUH MASA,INZEN FIRE SAFETY SDN BHD,OTHER,SELANGOR,350,"DIPLOMA PROFESIONAL KESELAMATAN, KESIHATAN DAN PERSEKITARAN",5500.00,ONLINE,2340,DIPLOMA,30-39,39.0
2023,HDKP22217,32,CINA,FEMALE,BEKERJA SEPENUH MASA,KEISHA MARINE EAST MALAYSIA SDN BHD,OTHER,SABAH,350,"DIPLOMA PROFESIONAL KESELAMATAN, KESIHATAN DAN PERSEKITARAN",2100.00,ONLINE,3407,DIPLOMA,30-39,32.0
2023,HDKP22229,45,MELAYU,MALE,BEKERJA SEPENUH MASA,UMW TOYOTA MOTOR SDN BHD,OTHER,SELANGOR,350,"DIPLOMA PROFESIONAL KESELAMATAN, KESIHATAN DAN PERSEKITARAN",6100.00,ONLINE,3944,DIPLOMA,40-49,45.0
2023,HDKP22237,35,CINA,MALE,BEKERJA SEPENUH MASA,GUSSMANN TECHNOLOGIES S/B,OTHER,SARAWAK,350,"DIPLOMA PROFESIONAL KESELAMATAN, KESIHATAN DAN PERSEKITARAN",3500.00,ONLINE,3052,DIPLOMA,30-39,35.0
2023,HDKP22239,35,MELAYU,MALE,BEKERJA SEPENUH MASA,WEHAYA SDN BHD,OTHER,MELAKA,350,"DIPLOMA PROFESIONAL KESELAMATAN, KESIHATAN DAN PERSEKITARAN",10000.00,ONLINE,2144,DIPLOMA,30-39,35.0
2023,HDKP22240,51,MELAYU,MALE,BEKERJA SEPENUH MASA,MAJLIS BANDARAYA SEBERANG PERAI,OTHER,PULAU PINANG,350,"DIPLOMA PROFESIONAL KESELAMATAN, KESIHATAN DAN PERSEKITARAN",5500.00,ONLINE,2346,DIPLOMA,50-59,51.0
2023,HDKP22245,26,MELAYU,FEMALE,BEKERJA SEPENUH MASA,MFS TECHNOLOGY (M) SDN. BHD.,OTHER,MELAKA,350,"DIPLOMA PROFESIONAL KESELAMATAN, KESIHATAN DAN PERSEKITARAN",2300.00,ONLINE,2708,DIPLOMA,<29,26.0
2023,HDKP22250,28,MELAYU,MALE,BEKERJA SEPENUH MASA,LENDLEASE PROJECTS (M) SDN BHD,OTHER,NEGERI SEMBILAN,350,"DIPLOMA PROFESIONAL KESELAMATAN, KESIHATAN DAN PERSEKITARAN",6475.00,ONLINE,2598,DIPLOMA,<29,28.0
2023,HDKP22301,46,INDIA,MALE,BEKERJA SEPENUH MASA,BENUA MAJU METAL TRADING,OTHER,SELANGOR,350,"DIPLOMA PROFESIONAL KESELAMATAN, KESIHATAN DAN PERSEKITARAN",5000.00,ONLINE,3334,DIPLOMA,40-49,46.0
2023,HDKP22305,29,MELAYU,FEMALE,BEKERJA SEPENUH MASA,"SIME DARBY PLANTATION, LADANG TALI AIR, BAGAN SERAI.",OTHER,PERAK,350,"DIPLOMA PROFESIONAL KESELAMATAN, KESIHATAN DAN PERSEKITARAN",1500.00,ONLINE,3944,DIPLOMA,<29,29.0
2023,HDKP22306,37,MELAYU,MALE,BEKERJA SEPENUH MASA,FEDERAL EXPRESS (M) SEVICES SDN BHD,OTHER,TERENGGANU,350,"DIPLOMA PROFESIONAL KESELAMATAN, KESIHATAN DAN PERSEKITARAN",2500.00,ONLINE,2868,DIPLOMA,30-39,37.0
2023,HDKP22320,37,INDIA,MALE,BEKERJA SEPENUH MASA,ANEKA JARINGAN SDN BHD,OTHER,SELANGOR,350,"DIPLOMA PROFESIONAL KESELAMATAN, KESIHATAN DAN PERSEKITARAN",4200.00,ONLINE,3443,DIPLOMA,30-39,37.0
2023,HDKP22326,38,MELAYU,MALE,BEKERJA SEPENUH MASA,PANORAMA LANGKAWI SDN BHD,OTHER,KEDAH,350,"DIPLOMA PROFESIONAL KESELAMATAN, KESIHATAN DAN PERSEKITARAN",2056.00,ONLINE,2288,DIPLOMA,30-39,38.0
2023,HDPB21304,48,BIDAYUH/LAND DAYAK - SARAWAK,FEMALE,BEKERJA SEPENUH MASA,JUSTRITE CONSTRUCTION & SERVICES SDN BHD,"PROFESSIONAL, SCIENTIFIC, AND TECHNICAL ACTIVITIES",SARAWAK,374,DIPLOMA PROFESIONAL PENGURUSAN PERNIAGAAN,3100.00,ONLINE,2320,DIPLOMA,40-49,48.0
2023,HDPB21401,34,CINA,FEMALE,BEKERJA/USAHAWAN/FREELANCE,SKC MANAGEMENT & CO,"PROFESSIONAL, SCIENTIFIC, AND TECHNICAL ACTIVITIES",SABAH,374,DIPLOMA PROFESIONAL PENGURUSAN PERNIAGAAN,3500.00,ONLINE,2260,DIPLOMA,30-39,34.0
2023,HDPB21404,44,MELAYU,MALE,BEKERJA SEPENUH MASA,AMANAH SAHAM PAHANG BERHAD,"PROFESSIONAL, SCIENTIFIC, AND TECHNICAL ACTIVITIES",PAHANG,374,DIPLOMA PROFESIONAL PENGURUSAN PERNIAGAAN,2605.00,ONLINE,2627,DIPLOMA,40-49,44.0
2023,HDPB21406,32,MELAYU,FEMALE,BEKERJA SEPENUH MASA,AMWAJ TRAVEL & TOURS SDN BHD,"PROFESSIONAL, SCIENTIFIC, AND TECHNICAL ACTIVITIES",SELANGOR,374,DIPLOMA PROFESIONAL PENGURUSAN PERNIAGAAN,3000.00,ONLINE,3076,DIPLOMA,30-39,32.0
2023,HDPB21417,45,TAMIL,FEMALE,BEKERJA SEPENUH MASA,GLOBAL SGK METAL ALLOY SDN BHD,"PROFESSIONAL, SCIENTIFIC, AND TECHNICAL ACTIVITIES",JOHOR,374,DIPLOMA PROFESIONAL PENGURUSAN PERNIAGAAN,5000.00,ONLINE,2371,DIPLOMA,40-49,45.0
2023,HDPB22103,45,MELAYU,MALE,BEKERJA SEPENUH MASA,BANK RAKYAT CAWANGAN LABUAN,"PROFESSIONAL, SCIENTIFIC, AND TECHNICAL ACTIVITIES",LABUAN,374,DIPLOMA PROFESIONAL PENGURUSAN PERNIAGAAN,5000.00,ONLINE,2746,DIPLOMA,40-49,45.0
2023,HDPB22107,24,MELAYU,MALE,BEKERJA/USAHAWAN/FREELANCE,FAS ASIA CONSULTANCY,"PROFESSIONAL, SCIENTIFIC, AND TECHNICAL ACTIVITIES",SELANGOR,374,DIPLOMA PROFESIONAL PENGURUSAN PERNIAGAAN,3000.00,ONLINE,3390,DIPLOMA,<29,24.0
2023,HDPB22109,48,MELAYU,MALE,BEKERJA SEPENUH MASA,TERUNA MIFA SDN BHD,"PROFESSIONAL, SCIENTIFIC, AND TECHNICAL ACTIVITIES",TERENGGANU,374,DIPLOMA PROFESIONAL PENGURUSAN PERNIAGAAN,3500.00,ONLINE,2368,DIPLOMA,40-49,48.0
2023,HDPB22114,28,INDIA,FEMALE,BEKERJA SEPENUH MASA,SUNWAY MEDICAL CENTRE SDN BHD,"PROFESSIONAL, SCIENTIFIC, AND TECHNICAL ACTIVITIES",SELANGOR,374,DIPLOMA PROFESIONAL PENGURUSAN PERNIAGAAN,2500.00,ONLINE,3198,DIPLOMA,<29,28.0
2023,HDPB22120,38,CINA,MALE,BEKERJA SEPENUH MASA,LYE YOONG HON CONTRUCTION SDN BHD,"PROFESSIONAL, SCIENTIFIC, AND TECHNICAL ACTIVITIES",NEGERI SEMBILAN,374,DIPLOMA PROFESIONAL PENGURUSAN PERNIAGAAN,3000.00,ONLINE,2534,DIPLOMA,30-39,38.0
2023,HDPB22201,39,CINA,FEMALE,BEKERJA SEPENUH MASA,USAHA PAMMEK SDN BHD,"PROFESSIONAL, SCIENTIFIC, AND TECHNICAL ACTIVITIES",PERAK,374,DIPLOMA PROFESIONAL PENGURUSAN PERNIAGAAN,4000.00,ONLINE,3661,DIPLOMA,30-39,39.0
2023,HDPB22203,26,INDIA,FEMALE,BEKERJA SEPENUH MASA,OILNCO INDUSTRIES SDN BHD,"PROFESSIONAL, SCIENTIFIC, AND TECHNICAL ACTIVITIES",SELANGOR,374,DIPLOMA PROFESIONAL PENGURUSAN PERNIAGAAN,2000.00,ONLINE,2125,DIPLOMA,<29,26.0
2023,HDPB22206,41,MELAYU,FEMALE,BEKERJA SEPENUH MASA,PANORAMA LANGKAWI SDN BHD,"PROFESSIONAL, SCIENTIFIC, AND TECHNICAL ACTIVITIES",KEDAH,374,DIPLOMA PROFESIONAL PENGURUSAN PERNIAGAAN,3000.00,ONLINE,3518,DIPLOMA,40-49,41.0
2023,HDPB22301,41,MELAYU,MALE,BEKERJA SEPENUH MASA,KOPERASI PERMODALAN KELANTAN BERHAD,"PROFESSIONAL, SCIENTIFIC, AND TECHNICAL ACTIVITIES",KEDAH,374,DIPLOMA PROFESIONAL PENGURUSAN PERNIAGAAN,2100.00,ONLINE,3974,DIPLOMA,40-49,41.0
2023,HDPB22402,45,INDIA,MALE,BEKERJA SEPENUH MASA,PRELUDE PRINTING JOHOR MALAYSIA SDN BHD,"PROFESSIONAL, SCIENTIFIC, AND TECHNICAL ACTIVITIES",JOHOR,374,DIPLOMA PROFESIONAL PENGURUSAN PERNIAGAAN,6800.00,ONLINE,2324,DIPLOMA,40-49,45.0
2023,HDPG21302,45,MELAYU,MALE,BEKERJA SEPENUH MASA,SEMARAK MOTIVASI SDN.BHD.,MINING AND QUARRYING,SELANGOR,411,DIPLOMA PROFESIONAL KAWALAN PROSES & TEKNOLOGI INSTRUMENTASI (PETROLEUM & GAS),15000.00,ONLINE,3001,DIPLOMA,40-49,45.0
2023,HDPG21304,40,MELAYU,MALE,BEKERJA SEPENUH MASA,SAPURA ENERGY SDN BHD,MINING AND QUARRYING,JOHOR,411,DIPLOMA PROFESIONAL KAWALAN PROSES & TEKNOLOGI INSTRUMENTASI (PETROLEUM & GAS),8000.00,ONLINE,2428,DIPLOMA,40-49,40.0
2023,HDPG21307,44,BAJAU - SABAH,MALE,BEKERJA SEPENUH MASA,AVF SOLUTIONS (M) SDN BHD,MINING AND QUARRYING,SELANGOR,411,DIPLOMA PROFESIONAL KAWALAN PROSES & TEKNOLOGI INSTRUMENTASI (PETROLEUM & GAS),8949.00,ONLINE,3810,DIPLOMA,40-49,44.0
2023,HDPG21308,35,MELAYU,MALE,BEKERJA SEPENUH MASA,H2R OIL AND GAS SERVICES SDN. BHD.,MINING AND QUARRYING,TERENGGANU,411,DIPLOMA PROFESIONAL KAWALAN PROSES & TEKNOLOGI INSTRUMENTASI (PETROLEUM & GAS),5000.00,ONLINE,3449,DIPLOMA,30-39,35.0
2023,HDPG21401,40,TAMIL,MALE,BEKERJA SEPENUH MASA,FLUOR DANIEL INTERNATIONAL,MINING AND QUARRYING,JOHOR,411,DIPLOMA PROFESIONAL KAWALAN PROSES & TEKNOLOGI INSTRUMENTASI (PETROLEUM & GAS),4000.00,ONLINE,2388,DIPLOMA,40-49,40.0
2023,HDPG21402,46,MELAYU,MALE,BEKERJA/USAHAWAN/FREELANCE,AWORLDTEC ENGINEERING SDN BHD,MINING AND QUARRYING,PAHANG,411,DIPLOMA PROFESIONAL KAWALAN PROSES & TEKNOLOGI INSTRUMENTASI (PETROLEUM & GAS),4500.00,ONLINE,2607,DIPLOMA,40-49,46.0
2023,HDPG21404,44,MELAYU,MALE,BEKERJA/USAHAWAN/FREELANCE,PETRA RESOURCES SDN BHD,MINING AND QUARRYING,JOHOR,411,DIPLOMA PROFESIONAL KAWALAN PROSES & TEKNOLOGI INSTRUMENTASI (PETROLEUM & GAS),10500.00,ONLINE,2441,DIPLOMA,40-49,44.0
2023,HDPG21409,36,MELAYU,MALE,BEKERJA SEPENUH MASA,SAPURA ENERGY,MINING AND QUARRYING,PERAK,411,DIPLOMA PROFESIONAL KAWALAN PROSES & TEKNOLOGI INSTRUMENTASI (PETROLEUM & GAS),5600.00,ONLINE,3465,DIPLOMA,30-39,36.0
2023,HDPG21411,44,MELAYU,MALE,BEKERJA SEPENUH MASA,ALLNEX (M) SDN BHD,MINING AND QUARRYING,PAHANG,411,DIPLOMA PROFESIONAL KAWALAN PROSES & TEKNOLOGI INSTRUMENTASI (PETROLEUM & GAS),5900.00,ONLINE,2837,DIPLOMA,40-49,44.0
2023,HDPG22108,47,MELAYU,MALE,BEKERJA SEPENUH MASA,EXXON MOBIL EXPLORATION AND PRODUCTION MALAYSIA INC,MINING AND QUARRYING,MELAKA,411,DIPLOMA PROFESIONAL KAWALAN PROSES & TEKNOLOGI INSTRUMENTASI (PETROLEUM & GAS),8000.00,ONLINE,3194,DIPLOMA,40-49,47.0
2023,HDPG22109,30,MELAYU,MALE,BEKERJA SEPENUH MASA,CJ BIO MALAYSIA SDN BHD,MINING AND QUARRYING,TERENGGANU,411,DIPLOMA PROFESIONAL KAWALAN PROSES & TEKNOLOGI INSTRUMENTASI (PETROLEUM & GAS),4000.00,ONLINE,3291,DIPLOMA,30-39,30.0
2023,HDPG22110,35,INDIA,MALE,BEKERJA SEPENUH MASA,INTERLINX AUTOMATION SDN BHD,MINING AND QUARRYING,KEDAH,411,DIPLOMA PROFESIONAL KAWALAN PROSES & TEKNOLOGI INSTRUMENTASI (PETROLEUM & GAS),4000.00,ONLINE,2491,DIPLOMA,30-39,35.0
2023,HDPG22112,41,MELAYU,MALE,BEKERJA SEPENUH MASA,GAS DISTRICT COOLING PUTRAJAYA SDN BHD,MINING AND QUARRYING,PUTRAJAYA,411,DIPLOMA PROFESIONAL KAWALAN PROSES & TEKNOLOGI INSTRUMENTASI (PETROLEUM & GAS),7500.00,ONLINE,2153,DIPLOMA,40-49,41.0
2023,HDPG22202,38,MELAYU,MALE,BEKERJA/USAHAWAN/FREELANCE,"DIALOG E & C SDN, BHD.",MINING AND QUARRYING,TERENGGANU,411,DIPLOMA PROFESIONAL KAWALAN PROSES & TEKNOLOGI INSTRUMENTASI (PETROLEUM & GAS),6240.00,ONLINE,2279,DIPLOMA,30-39,38.0
2023,HDPG22203,40,MELAYU,MALE,BEKERJA SEPENUH MASA,SOLAR ALERT SDN BHD,MINING AND QUARRYING,JOHOR,411,DIPLOMA PROFESIONAL KAWALAN PROSES & TEKNOLOGI INSTRUMENTASI (PETROLEUM & GAS),4600.00,ONLINE,3584,DIPLOMA,40-49,40.0
2023,HDPG22205,43,MELAYU,MALE,BEKERJA SEPENUH MASA,PENTAS FLORA SDN BHD,MINING AND QUARRYING,SELANGOR,411,DIPLOMA PROFESIONAL KAWALAN PROSES & TEKNOLOGI INSTRUMENTASI (PETROLEUM & GAS),5600.00,ONLINE,2865,DIPLOMA,40-49,43.0
2023,HDPG22206,34,BAJAU - SABAH,MALE,BEKERJA SEPENUH MASA,TURCOMP ENGINEERING SDN BHD,MINING AND QUARRYING,SABAH,411,DIPLOMA PROFESIONAL KAWALAN PROSES & TEKNOLOGI INSTRUMENTASI (PETROLEUM & GAS),2500.00,ONLINE,3744,DIPLOMA,30-39,34.0
2023,HDPG22210,46,MELAYU,MALE,BEKERJA SEPENUH MASA,PEC POWERCON SDN BHD,MINING AND QUARRYING,JOHOR,411,DIPLOMA PROFESIONAL KAWALAN PROSES & TEKNOLOGI INSTRUMENTASI (PETROLEUM & GAS),8500.00,ONLINE,3872,DIPLOMA,40-49,46.0
2023,HDPG22302,46,MELAYU,MALE,BEKERJA SEPENUH MASA,PETRONAS PENAPISAN TERENGGANU SDN BHD,MINING AND QUARRYING,TERENGGANU,411,DIPLOMA PROFESIONAL KAWALAN PROSES & TEKNOLOGI INSTRUMENTASI (PETROLEUM & GAS),13988.00,ONLINE,3858,DIPLOMA,40-49,46.0
2023,HDPG22303,41,MELAYU,MALE,BEKERJA SEPENUH MASA,HIBISCUS PETROLEUM OIL AND GAS MALAYSIA LIMITED,MINING AND QUARRYING,KEDAH,411,DIPLOMA PROFESIONAL KAWALAN PROSES & TEKNOLOGI INSTRUMENTASI (PETROLEUM & GAS),6000.00,ONLINE,2880,DIPLOMA,40-49,41.0
2023,HDPG22304,29,INDIA,MALE,BEKERJA SEPENUH MASA,UNIFUJI SDN BHD,MINING AND QUARRYING,PERAK,411,DIPLOMA PROFESIONAL KAWALAN PROSES & TEKNOLOGI INSTRUMENTASI (PETROLEUM & GAS),3500.00,ONLINE,3666,DIPLOMA,<29,29.0
2023,HDPG22402,42,KEDAYAN-SARAWAK,MALE,BEKERJA SEPENUH MASA,EPOMS SDN BHD,MINING AND QUARRYING,SARAWAK,411,DIPLOMA PROFESIONAL KAWALAN PROSES & TEKNOLOGI INSTRUMENTASI (PETROLEUM & GAS),7200.00,ONLINE,2516,DIPLOMA,40-49,42.0
2023,HDPL21204,34,MELAYU,MALE,BEKERJA SEPENUH MASA,WESTPORT MALAYSIA SDN BHD,TRANSPORTATION AND STORAGE,KEDAH,369,DIPLOMA PROFESIONAL PENTADBIRAN OPERASI LOGISTIK,2000.00,ONLINE,3905,DIPLOMA,30-39,34.0
2023,HDPL21307,50,MELAYU,FEMALE,BEKERJA SEPENUH MASA,PREMIUM GLOBAL LOGISTICS SDN BHD,TRANSPORTATION AND STORAGE,SELANGOR,369,DIPLOMA PROFESIONAL PENTADBIRAN OPERASI LOGISTIK,3400.00,ONLINE,3843,DIPLOMA,50-59,50.0
2023,HDPL21401,38,FOOCHOW,FEMALE,BEKERJA SEPENUH MASA,SAPURA ENERGY BERHAD,TRANSPORTATION AND STORAGE,LABUAN,369,DIPLOMA PROFESIONAL PENTADBIRAN OPERASI LOGISTIK,5000.00,ONLINE,2217,DIPLOMA,30-39,38.0
2023,HDPL21402,39,MELAYU,MALE,BEKERJA SEPENUH MASA,LEE OILMILLS SDN BHD,TRANSPORTATION AND STORAGE,SELANGOR,369,DIPLOMA PROFESIONAL PENTADBIRAN OPERASI LOGISTIK,3900.00,ONLINE,2492,DIPLOMA,30-39,39.0
2023,HDPL21405,36,MELAYU,MALE,BEKERJA SEPENUH MASA,HONDA MALAYSIA SDN BHD,TRANSPORTATION AND STORAGE,MELAKA,369,DIPLOMA PROFESIONAL PENTADBIRAN OPERASI LOGISTIK,1691.00,ONLINE,3702,DIPLOMA,30-39,36.0
2023,HDPL21407,33,MELAYU,MALE,BEKERJA SEPENUH MASA,CITIGROUP TRANSACTION GROUP (M) BERHAD,TRANSPORTATION AND STORAGE,SELANGOR,369,DIPLOMA PROFESIONAL PENTADBIRAN OPERASI LOGISTIK,3500.00,ONLINE,3175,DIPLOMA,30-39,33.0
2023,HDPL21410,41,MELAYU,FEMALE,BEKERJA SEPENUH MASA,EMART24 HOLDING SDN BHD,TRANSPORTATION AND STORAGE,NEGERI SEMBILAN,369,DIPLOMA PROFESIONAL PENTADBIRAN OPERASI LOGISTIK,3150.00,ONLINE,2019,DIPLOMA,40-49,41.0
2023,HDPL22102,38,MELAYU,MALE,BEKERJA SEPENUH MASA,MALAYAN BANKING BERHAD,TRANSPORTATION AND STORAGE,SELANGOR,369,DIPLOMA PROFESIONAL PENTADBIRAN OPERASI LOGISTIK,4000.00,ONLINE,2134,DIPLOMA,30-39,38.0
2023,HDPL22103,39,INDIA,MALE,BEKERJA SEPENUH MASA,TIONG TAT PRINTING INDUSTRY SDN BHD,TRANSPORTATION AND STORAGE,SELANGOR,369,DIPLOMA PROFESIONAL PENTADBIRAN OPERASI LOGISTIK,3000.00,ONLINE,2317,DIPLOMA,30-39,39.0
2023,HDPL22106,36,MELAYU,MALE,BEKERJA SEPENUH MASA,ICAR ASIA LIMITED (CARSOME),TRANSPORTATION AND STORAGE,PAHANG,369,DIPLOMA PROFESIONAL PENTADBIRAN OPERASI LOGISTIK,3568.00,ONLINE,3843,DIPLOMA,30-39,36.0
2023,HDPL22110,48,INDIA,MALE,BEKERJA SEPENUH MASA,LAZADA EXPRESS (MALAYSIA) SDN BHD,TRANSPORTATION AND STORAGE,SELANGOR,369,DIPLOMA PROFESIONAL PENTADBIRAN OPERASI LOGISTIK,6702.00,ONLINE,2693,DIPLOMA,40-49,48.0
2023,HDPL22208,35,INDIA,MALE,BEKERJA SEPENUH MASA,MITSUI & CO. GLOBAL LOGISTICS (ASIA) PTE. LTD.,TRANSPORTATION AND STORAGE,PAHANG,369,DIPLOMA PROFESIONAL PENTADBIRAN OPERASI LOGISTIK,7922.00,ONLINE,2808,DIPLOMA,30-39,35.0
2023,HDPL22210,37,MELAYU,FEMALE,BEKERJA SEPENUH MASA,NOVOZYMES MALAYSIA SDN BHD,TRANSPORTATION AND STORAGE,KUALA LUMPUR,369,DIPLOMA PROFESIONAL PENTADBIRAN OPERASI LOGISTIK,6100.00,ONLINE,2228,DIPLOMA,30-39,37.0
2023,HDPL22301,29,INDIA,MALE,BEKERJA SEPENUH MASA,SUNWAY MEDICAL CENTRE SDN BHD,TRANSPORTATION AND STORAGE,SELANGOR,369,DIPLOMA PROFESIONAL PENTADBIRAN OPERASI LOGISTIK,3000.00,ONLINE,3378,DIPLOMA,<29,29.0
2023,HDPL22404,48,MELAYU,MALE,BEKERJA SEPENUH MASA,EPIC OG SDN BHD,TRANSPORTATION AND STORAGE,TERENGGANU,369,DIPLOMA PROFESIONAL PENTADBIRAN OPERASI LOGISTIK,4500.00,ONLINE,3577,DIPLOMA,40-49,48.0
2023,HDPM21107,56,INDIA,MALE,BEKERJA SEPENUH MASA,MULIA PROPERTY SDN BHD,"PROFESSIONAL, SCIENTIFIC, AND TECHNICAL ACTIVITIES",SELANGOR,352,DIPLOMA PROFESIONAL OPERASI DAN PENGURUSAN PROJEK,2500.00,ONLINE,2785,DIPLOMA,50-59,56.0
2023,HDPM21122,26,INDIA,FEMALE,BEKERJA SEPENUH MASA,INTEL,"PROFESSIONAL, SCIENTIFIC, AND TECHNICAL ACTIVITIES",KEDAH,352,DIPLOMA PROFESIONAL OPERASI DAN PENGURUSAN PROJEK,1700.00,ONLINE,3130,DIPLOMA,<29,26.0
2023,HDPM21315,38,INDIA,FEMALE,BEKERJA SEPENUH MASA,CHUBB SINGAPORE PTE LTD,"PROFESSIONAL, SCIENTIFIC, AND TECHNICAL ACTIVITIES",KUALA LUMPUR,352,DIPLOMA PROFESIONAL OPERASI DAN PENGURUSAN PROJEK,3500.00,ONLINE,2972,DIPLOMA,30-39,38.0
2023,HDPM21318,47,INDIA,MALE,BEKERJA SEPENUH MASA,TOP GLOVE SDN BHD,"PROFESSIONAL, SCIENTIFIC, AND TECHNICAL ACTIVITIES",SELANGOR,352,DIPLOMA PROFESIONAL OPERASI DAN PENGURUSAN PROJEK,4745.00,ONLINE,2048,DIPLOMA,40-49,47.0
2023,HDPM21403,51,MELAYU,MALE,BEKERJA SEPENUH MASA,7 ELEVEN MALAYSIA SDN BHD,"PROFESSIONAL, SCIENTIFIC, AND TECHNICAL ACTIVITIES",PAHANG,352,DIPLOMA PROFESIONAL OPERASI DAN PENGURUSAN PROJEK,3750.00,ONLINE,3597,DIPLOMA,50-59,51.0
2023,HDPM21404,38,MELAYU,FEMALE,BEKERJA SEPENUH MASA,FITTERS ENGINEERING SERVICES SDN BHD,"PROFESSIONAL, SCIENTIFIC, AND TECHNICAL ACTIVITIES",NEGERI SEMBILAN,352,DIPLOMA PROFESIONAL OPERASI DAN PENGURUSAN PROJEK,10000.00,ONLINE,3034,DIPLOMA,30-39,38.0
2023,HDPM21405,34,MELAYU,MALE,BEKERJA SEPENUH MASA,SMART MODULAR TECHNOLOGY S/B,"PROFESSIONAL, SCIENTIFIC, AND TECHNICAL ACTIVITIES",KEDAH,352,DIPLOMA PROFESIONAL OPERASI DAN PENGURUSAN PROJEK,2000.00,ONLINE,3621,DIPLOMA,30-39,34.0
2023,HDPM21412,41,BINTULU-SARAWAK,MALE,BEKERJA SEPENUH MASA,KEJURUTERAAN GEMILANG JAYA,"PROFESSIONAL, SCIENTIFIC, AND TECHNICAL ACTIVITIES",SARAWAK,352,DIPLOMA PROFESIONAL OPERASI DAN PENGURUSAN PROJEK,5000.00,ONLINE,3965,DIPLOMA,40-49,41.0
2023,HDPM21413,48,MELAYU,MALE,BEKERJA SEPENUH MASA,DAL HCM SDN BHD,"PROFESSIONAL, SCIENTIFIC, AND TECHNICAL ACTIVITIES",SARAWAK,352,DIPLOMA PROFESIONAL OPERASI DAN PENGURUSAN PROJEK,3500.00,ONLINE,3062,DIPLOMA,40-49,48.0
2023,HDPM21416,37,IBAN/SEA DAYAK -SARAWAK,MALE,BEKERJA SEPENUH MASA,KEJURUTERAAN GEMILANG JAYA SDN BHD,"PROFESSIONAL, SCIENTIFIC, AND TECHNICAL ACTIVITIES",SARAWAK,352,DIPLOMA PROFESIONAL OPERASI DAN PENGURUSAN PROJEK,9000.00,ONLINE,3751,DIPLOMA,30-39,37.0
2023,HDPM21419,37,MELAYU,FEMALE,BEKERJA SEPENUH MASA,KELINGTON TECHNOLOGY SDN BHD,"PROFESSIONAL, SCIENTIFIC, AND TECHNICAL ACTIVITIES",JOHOR,352,DIPLOMA PROFESIONAL OPERASI DAN PENGURUSAN PROJEK,6000.00,ONLINE,3780,DIPLOMA,30-39,37.0
2023,HDPM21429,49,MELAYU,MALE,BEKERJA SEPENUH MASA,PERBADANAN PENGURUSAN MENARA MBMR,"PROFESSIONAL, SCIENTIFIC, AND TECHNICAL ACTIVITIES",SELANGOR,352,DIPLOMA PROFESIONAL OPERASI DAN PENGURUSAN PROJEK,5200.00,ONLINE,3909,DIPLOMA,40-49,49.0
2023,HDPM21431,50,MELAYU,MALE,BEKERJA SEPENUH MASA,LYNAS MALAYSIA SDN BHD.,"PROFESSIONAL, SCIENTIFIC, AND TECHNICAL ACTIVITIES",SELANGOR,352,DIPLOMA PROFESIONAL OPERASI DAN PENGURUSAN PROJEK,15000.00,ONLINE,2444,DIPLOMA,50-59,50.0
2023,HDPM21432,49,MELAYU,MALE,BEKERJA SEPENUH MASA,PEGASUS ADVANCE ENGINEERING SDN BHD,"PROFESSIONAL, SCIENTIFIC, AND TECHNICAL ACTIVITIES",JOHOR,352,DIPLOMA PROFESIONAL OPERASI DAN PENGURUSAN PROJEK,7500.00,ONLINE,3968,DIPLOMA,40-49,49.0
2023,HDPM21436,41,MELAYU,MALE,BEKERJA SEPENUH MASA,AIKBEE BUILDERS SDN BHD,"PROFESSIONAL, SCIENTIFIC, AND TECHNICAL ACTIVITIES",SELANGOR,352,DIPLOMA PROFESIONAL OPERASI DAN PENGURUSAN PROJEK,10500.00,ONLINE,2052,DIPLOMA,40-49,41.0
2023,HDPM21438,41,TAMIL,MALE,BEKERJA SEPENUH MASA,APEX DECO ENTERPRISE,"PROFESSIONAL, SCIENTIFIC, AND TECHNICAL ACTIVITIES",KUALA LUMPUR,352,DIPLOMA PROFESIONAL OPERASI DAN PENGURUSAN PROJEK,2800.00,ONLINE,2225,DIPLOMA,40-49,41.0
2023,HDPM22104,34,INDIA,MALE,BEKERJA SEPENUH MASA,MERCHANTRADE ASIA SDN BHD,"PROFESSIONAL, SCIENTIFIC, AND TECHNICAL ACTIVITIES",SELANGOR,352,DIPLOMA PROFESIONAL OPERASI DAN PENGURUSAN PROJEK,4750.00,ONLINE,2982,DIPLOMA,30-39,34.0
2023,HDPM22106,48,MELAYU,MALE,BEKERJA SEPENUH MASA,RIA SOLUTIONS (M) SDN BHD,"PROFESSIONAL, SCIENTIFIC, AND TECHNICAL ACTIVITIES",TERENGGANU,352,DIPLOMA PROFESIONAL OPERASI DAN PENGURUSAN PROJEK,12000.00,ONLINE,2715,DIPLOMA,40-49,48.0
2023,HDPM22107,35,INDIA,MALE,BEKERJA SEPENUH MASA,EXYTE MALAYSIA SDN BHD,"PROFESSIONAL, SCIENTIFIC, AND TECHNICAL ACTIVITIES",PERAK,352,DIPLOMA PROFESIONAL OPERASI DAN PENGURUSAN PROJEK,3500.00,ONLINE,2198,DIPLOMA,30-39,35.0
2023,HDPM22113,41,MELAYU,MALE,BEKERJA/USAHAWAN/FREELANCE (SEPARA MASA),YR EARTHWORK CONTRACTOR,"PROFESSIONAL, SCIENTIFIC, AND TECHNICAL ACTIVITIES",PAHANG,352,DIPLOMA PROFESIONAL OPERASI DAN PENGURUSAN PROJEK,2500.00,ONLINE,2616,DIPLOMA,40-49,41.0
2023,HDPM22114,41,MELAYU,MALE,BEKERJA SEPENUH MASA,KEJUTERAAN QKS SDN.BHD,"PROFESSIONAL, SCIENTIFIC, AND TECHNICAL ACTIVITIES",JOHOR,352,DIPLOMA PROFESIONAL OPERASI DAN PENGURUSAN PROJEK,11500.00,ONLINE,2832,DIPLOMA,40-49,41.0
2023,HDPM22116,49,INDIA,FEMALE,BEKERJA SEPARA MASA,ANTTELA SDN BHD,"PROFESSIONAL, SCIENTIFIC, AND TECHNICAL ACTIVITIES",KEDAH,352,DIPLOMA PROFESIONAL OPERASI DAN PENGURUSAN PROJEK,2000.00,ONLINE,3565,DIPLOMA,40-49,49.0
2023,HDPM22117,40,MELAYU,MALE,BEKERJA SEPENUH MASA,EDISIJUTA SERVICES SDN BHD,"PROFESSIONAL, SCIENTIFIC, AND TECHNICAL ACTIVITIES",KUALA LUMPUR,352,DIPLOMA PROFESIONAL OPERASI DAN PENGURUSAN PROJEK,4700.00,ONLINE,2890,DIPLOMA,40-49,40.0
2023,HDPM22120,46,MELAYU,MALE,BEKERJA SEPENUH MASA,SGS (MALAYSIA) SDN BHD,"PROFESSIONAL, SCIENTIFIC, AND TECHNICAL ACTIVITIES",LABUAN,352,DIPLOMA PROFESIONAL OPERASI DAN PENGURUSAN PROJEK,6000.00,ONLINE,2652,DIPLOMA,40-49,46.0
2023,HDPM22121,39,MELAYU,MALE,BEKERJA/USAHAWAN/FREELANCE,OCEANEERING INTERNATIONAL,"PROFESSIONAL, SCIENTIFIC, AND TECHNICAL ACTIVITIES",SARAWAK,352,DIPLOMA PROFESIONAL OPERASI DAN PENGURUSAN PROJEK,2500.00,ONLINE,2187,DIPLOMA,30-39,39.0
2023,HDPM22122,25,INDIA,MALE,BEKERJA SEPENUH MASA,PETRA RESOURCES SDN BHD,"PROFESSIONAL, SCIENTIFIC, AND TECHNICAL ACTIVITIES",JOHOR,352,DIPLOMA PROFESIONAL OPERASI DAN PENGURUSAN PROJEK,3500.00,ONLINE,3687,DIPLOMA,<29,25.0
2023,HDPM22127,54,MELAYU,MALE,BEKERJA SEPENUH MASA,HIBISCUS PETROLEUM BERHAD,"PROFESSIONAL, SCIENTIFIC, AND TECHNICAL ACTIVITIES",PAHANG,352,DIPLOMA PROFESIONAL OPERASI DAN PENGURUSAN PROJEK,20000.00,ONLINE,2941,DIPLOMA,50-59,54.0
2023,HDPM22132,46,MELAYU,MALE,BEKERJA SEPENUH MASA,PELABUHAN TANJUNG PELEPAS SDN BHD,"PROFESSIONAL, SCIENTIFIC, AND TECHNICAL ACTIVITIES",JOHOR,352,DIPLOMA PROFESIONAL OPERASI DAN PENGURUSAN PROJEK,5250.00,ONLINE,3639,DIPLOMA,40-49,46.0
2023,HDPM22137,33,CINA,MALE,BEKERJA SEPENUH MASA,SA PROPERTY MANAGEMENT SDN BHD,"PROFESSIONAL, SCIENTIFIC, AND TECHNICAL ACTIVITIES",JOHOR,352,DIPLOMA PROFESIONAL OPERASI DAN PENGURUSAN PROJEK,4900.00,ONLINE,3265,DIPLOMA,30-39,33.0
2023,HDPM22201,28,MELAYU,MALE,BEKERJA SEPENUH MASA,IRON MOUNTAIN SDN BHD,"PROFESSIONAL, SCIENTIFIC, AND TECHNICAL ACTIVITIES",SELANGOR,352,DIPLOMA PROFESIONAL OPERASI DAN PENGURUSAN PROJEK,2100.00,ONLINE,2243,DIPLOMA,<29,28.0
2023,HDPM22202,47,MELAYU,MALE,BEKERJA SEPENUH MASA,SIME DARBY INDUSTRIAL SDN BHD,"PROFESSIONAL, SCIENTIFIC, AND TECHNICAL ACTIVITIES",SELANGOR,352,DIPLOMA PROFESIONAL OPERASI DAN PENGURUSAN PROJEK,6100.00,ONLINE,3335,DIPLOMA,40-49,47.0
2023,HDPM22204,39,MELAYU,MALE,BEKERJA SEPENUH MASA,MEGAZONE TECH SDN BHD,"PROFESSIONAL, SCIENTIFIC, AND TECHNICAL ACTIVITIES",PUTRAJAYA,352,DIPLOMA PROFESIONAL OPERASI DAN PENGURUSAN PROJEK,5000.00,ONLINE,3083,DIPLOMA,30-39,39.0
2023,HDPM22209,40,MELAYU,MALE,BEKERJA SEPENUH MASA,ASET KAYAMAS SDN BHD,"PROFESSIONAL, SCIENTIFIC, AND TECHNICAL ACTIVITIES",SELANGOR,352,DIPLOMA PROFESIONAL OPERASI DAN PENGURUSAN PROJEK,5300.00,ONLINE,2449,DIPLOMA,40-49,40.0
2023,HDPM22210,28,MELAYU,MALE,BEKERJA SEPENUH MASA,SAMSUNG C&T CORPORATION UEM CONSTRUCTION JV SDN BHD,"PROFESSIONAL, SCIENTIFIC, AND TECHNICAL ACTIVITIES",SELANGOR,352,DIPLOMA PROFESIONAL OPERASI DAN PENGURUSAN PROJEK,4100.00,ONLINE,2480,DIPLOMA,<29,28.0
2023,HDPM22216,35,CINA,MALE,BEKERJA SEPENUH MASA,TATLIM MACHINERY SDN BHD,"PROFESSIONAL, SCIENTIFIC, AND TECHNICAL ACTIVITIES",SELANGOR,352,DIPLOMA PROFESIONAL OPERASI DAN PENGURUSAN PROJEK,5000.00,ONLINE,3553,DIPLOMA,30-39,35.0
2023,HDPM22218,42,IBAN/SEA DAYAK -SARAWAK,MALE,BEKERJA SEPENUH MASA,RIA SOLUTIONS (M) SDN BHD,"PROFESSIONAL, SCIENTIFIC, AND TECHNICAL ACTIVITIES",SARAWAK,352,DIPLOMA PROFESIONAL OPERASI DAN PENGURUSAN PROJEK,9000.00,ONLINE,3142,DIPLOMA,40-49,42.0
2023,HDPM22221,38,MELAYU,MALE,BEKERJA SEPENUH MASA,PINTAR JAYA (M) SDN. BHD.,"PROFESSIONAL, SCIENTIFIC, AND TECHNICAL ACTIVITIES",SELANGOR,352,DIPLOMA PROFESIONAL OPERASI DAN PENGURUSAN PROJEK,5500.00,ONLINE,2232,DIPLOMA,30-39,38.0
2023,HDPM22228,39,MELAYU,MALE,BEKERJA SEPENUH MASA,INTERNATIONAL FACILITY ENGINEERING SDN BHD,"PROFESSIONAL, SCIENTIFIC, AND TECHNICAL ACTIVITIES",PULAU PINANG,352,DIPLOMA PROFESIONAL OPERASI DAN PENGURUSAN PROJEK,9500.00,ONLINE,3950,DIPLOMA,30-39,39.0
2023,HDPM22229,47,MELAYU,MALE,BEKERJA/USAHAWAN/FREELANCE,TEKNICA ENTERPRISE,"PROFESSIONAL, SCIENTIFIC, AND TECHNICAL ACTIVITIES",PAHANG,352,DIPLOMA PROFESIONAL OPERASI DAN PENGURUSAN PROJEK,5000.00,ONLINE,2050,DIPLOMA,40-49,47.0
2023,HDPM22307,45,MELAYU,MALE,BEKERJA SEPENUH MASA,MARNIQ BERSATU SDN BHD,"PROFESSIONAL, SCIENTIFIC, AND TECHNICAL ACTIVITIES",NEGERI SEMBILAN,352,DIPLOMA PROFESIONAL OPERASI DAN PENGURUSAN PROJEK,6500.00,ONLINE,2126,DIPLOMA,40-49,45.0
2023,HDPM22312,54,MELAYU,FEMALE,BEKERJA SEPENUH MASA,ALTUM PRECISION SDN BHD,"PROFESSIONAL, SCIENTIFIC, AND TECHNICAL ACTIVITIES",JOHOR,352,DIPLOMA PROFESIONAL OPERASI DAN PENGURUSAN PROJEK,6500.00,ONLINE,2195,DIPLOMA,50-59,54.0
2023,HDPM22313,35,INDIA,MALE,BEKERJA SEPENUH MASA,DATAPURI SDN BHD,"PROFESSIONAL, SCIENTIFIC, AND TECHNICAL ACTIVITIES",KEDAH,352,DIPLOMA PROFESIONAL OPERASI DAN PENGURUSAN PROJEK,3815.00,ONLINE,2026,DIPLOMA,30-39,35.0
2023,HDPM22317,36,MELAYU,MALE,BEKERJA SEPENUH MASA,PCA GROUP SDN BHD,"PROFESSIONAL, SCIENTIFIC, AND TECHNICAL ACTIVITIES",SELANGOR,352,DIPLOMA PROFESIONAL OPERASI DAN PENGURUSAN PROJEK,4500.00,ONLINE,3502,DIPLOMA,30-39,36.0
2023,HDPM22318,48,MELAYU,MALE,BEKERJA SEPENUH MASA,LJ SUPPLY & ENGINEERING SERVICES SDN BHD,"PROFESSIONAL, SCIENTIFIC, AND TECHNICAL ACTIVITIES",TERENGGANU,352,DIPLOMA PROFESIONAL OPERASI DAN PENGURUSAN PROJEK,4300.00,ONLINE,2411,DIPLOMA,40-49,48.0
2023,HDPM22321,42,MELAYU,MALE,BEKERJA SEPENUH MASA,TUMPAT SOLUTIONS SDN BHD,"PROFESSIONAL, SCIENTIFIC, AND TECHNICAL ACTIVITIES",SELANGOR,352,DIPLOMA PROFESIONAL OPERASI DAN PENGURUSAN PROJEK,5000.00,ONLINE,2759,DIPLOMA,40-49,42.0
2023,HDPM22323,55,IBAN/SEA DAYAK -SARAWAK,FEMALE,BEKERJA SEPENUH MASA,LAKU MANAGEMENT SDN BHD,"PROFESSIONAL, SCIENTIFIC, AND TECHNICAL ACTIVITIES",SARAWAK,352,DIPLOMA PROFESIONAL OPERASI DAN PENGURUSAN PROJEK,4100.00,ONLINE,2323,DIPLOMA,50-59,55.0
2023,HDPM22407,48,MELAYU,MALE,BEKERJA SEPENUH MASA,AKADEMI BINAAN MALAYSIA TERENGGANU SDN BHD,"PROFESSIONAL, SCIENTIFIC, AND TECHNICAL ACTIVITIES",TERENGGANU,352,DIPLOMA PROFESIONAL OPERASI DAN PENGURUSAN PROJEK,6260.00,ONLINE,2975,DIPLOMA,40-49,48.0
2023,HDPN20305,53,INDIA,MALE,BEKERJA SEPENUH MASA,RESONAC SHOTIC MALAYSIA SDN BHD,MANUFACTURING,JOHOR,358,DIPLOMA PROFESIONAL PENGURUSAN TEKNOLOGI INDUSTRI,8000.00,ONLINE,2486,DIPLOMA,50-59,53.0
2023,HDPN22101,28,TAMIL,MALE,BEKERJA SEPENUH MASA,GETRONICS PTE LTD,MANUFACTURING,PAHANG,358,DIPLOMA PROFESIONAL PENGURUSAN TEKNOLOGI INDUSTRI,3100.00,ONLINE,3064,DIPLOMA,<29,28.0
2023,HMKN21121,42,CANTONESE,FEMALE,BEKERJA SEPENUH MASA,B.Y.K CONSTRUCTION COMPANY,MANUFACTURING,SARAWAK,396,MASTER EKSEKUTIF PENGURUSAN KEJURUTERAAN PEMBINAAN,2700.00,ONLINE,7862,MASTER,40-49,42.0
2023,HMKN21122,45,HAINANESE,MALE,BEKERJA SEPENUH MASA,UNG SOON GENERAL CONSTRUCTION,MANUFACTURING,SARAWAK,396,MASTER EKSEKUTIF PENGURUSAN KEJURUTERAAN PEMBINAAN,4500.00,ONLINE,7204,MASTER,40-49,45.0
2023,HMKN21123,43,HOKKIEN,FEMALE,BEKERJA SEPENUH MASA,B.Y.K CONSTRUCTION COMPANY,MANUFACTURING,SARAWAK,396,MASTER EKSEKUTIF PENGURUSAN KEJURUTERAAN PEMBINAAN,3800.00,ONLINE,7311,MASTER,40-49,43.0
2023,HMKN21124,40,CINA,FEMALE,BEKERJA SEPENUH MASA,B.Y.K CONSTRUCTION COMPANY,MANUFACTURING,SARAWAK,396,MASTER EKSEKUTIF PENGURUSAN KEJURUTERAAN PEMBINAAN,2200.00,ONLINE,8581,MASTER,40-49,40.0
2023,HMKN21125,49,HAINANESE,MALE,BEKERJA SEPENUH MASA,B.Y.K CONSTRUCTION COMPANY,MANUFACTURING,SARAWAK,396,MASTER EKSEKUTIF PENGURUSAN KEJURUTERAAN PEMBINAAN,6000.00,ONLINE,7501,MASTER,40-49,49.0
2023,HMKN21202,46,HENGHUA,MALE,BEKERJA/USAHAWAN/FREELANCE,UNG SOON GENERAL CONSTRUCTION,MANUFACTURING,SARAWAK,396,MASTER EKSEKUTIF PENGURUSAN KEJURUTERAAN PEMBINAAN,3000.00,ONLINE,8571,MASTER,40-49,46.0
2023,HMKN21301,55,MURUT-SABAH,MALE,BEKERJA SEPENUH MASA,BORNEO HIGHWAY PDP SDN BHD,MANUFACTURING,SABAH,396,MASTER EKSEKUTIF PENGURUSAN KEJURUTERAAN PEMBINAAN,8200.00,ONLINE,8653,MASTER,50-59,55.0
2023,HMKN21304,32,MELAYU,MALE,BEKERJA SEPENUH MASA,PROGRESSIVE CREST SDN BHD,MANUFACTURING,TERENGGANU,396,MASTER EKSEKUTIF PENGURUSAN KEJURUTERAAN PEMBINAAN,4000.00,ONLINE,7391,MASTER,30-39,32.0
2023,HMKN21305,44,INDIA,MALE,BEKERJA SEPENUH MASA,IBEC (PG) SDN BHD,MANUFACTURING,PULAU PINANG,396,MASTER EKSEKUTIF PENGURUSAN KEJURUTERAAN PEMBINAAN,5000.00,ONLINE,7828,MASTER,40-49,44.0
2023,HMKN21306,40,MELAYU,MALE,BEKERJA SEPENUH MASA,PROLIFIK LAN SDN BHD,MANUFACTURING,JOHOR,396,MASTER EKSEKUTIF PENGURUSAN KEJURUTERAAN PEMBINAAN,30000.00,ONLINE,7104,MASTER,40-49,40.0
2023,HMKN21307,51,MELAYU,FEMALE,BEKERJA SEPENUH MASA,ZENTECH INC.,MANUFACTURING,JOHOR,396,MASTER EKSEKUTIF PENGURUSAN KEJURUTERAAN PEMBINAAN,15000.00,ONLINE,7440,MASTER,50-59,51.0
2023,HMKN21309,34,MELAYU,MALE,BEKERJA SEPENUH MASA,PETROLIAM NASIONAL BERHAD,MANUFACTURING,SELANGOR,396,MASTER EKSEKUTIF PENGURUSAN KEJURUTERAAN PEMBINAAN,11115.00,ONLINE,8423,MASTER,30-39,34.0
2023,HMKN21405,46,MELAYU,MALE,BEKERJA SEPENUH MASA,ADIL PERMATA SDN. BHD,MANUFACTURING,JOHOR,396,MASTER EKSEKUTIF PENGURUSAN KEJURUTERAAN PEMBINAAN,9500.00,ONLINE,7751,MASTER,40-49,46.0
2023,HMKN21408,52,NOT SPECIFIED,MALE,NOT SPECIFIED,NOT SPECIFIED,MANUFACTURING,SARAWAK,396,MASTER EKSEKUTIF PENGURUSAN KEJURUTERAAN PEMBINAAN,NOT SPECIFIED,ONLINE,7776,MASTER,50-59,52.0
2023,HMKN21410,43,MELAYU,MALE,NOT SPECIFIED,NOT SPECIFIED,MANUFACTURING,SELANGOR,396,MASTER EKSEKUTIF PENGURUSAN KEJURUTERAAN PEMBINAAN,NOT SPECIFIED,ONLINE,7171,MASTER,40-49,43.0
2023,HMKN21412,43,MELAYU,MALE,BEKERJA SEPENUH MASA,REMBAWANG HOLDINGS SDN BHD,MANUFACTURING,SELANGOR,396,MASTER EKSEKUTIF PENGURUSAN KEJURUTERAAN PEMBINAAN,4500.00,ONLINE,8770,MASTER,40-49,43.0
2023,HMKN21414,40,MELAYU,MALE,BEKERJA SEPENUH MASA,LEMBAGA AMANAH KEBAJIKAN MASJID NEGERI SARAWAK,MANUFACTURING,SARAWAK,396,MASTER EKSEKUTIF PENGURUSAN KEJURUTERAAN PEMBINAAN,9500.00,ONLINE,7132,MASTER,40-49,40.0
2023,HMKN21415,55,MELAYU,MALE,BEKERJA SEPENUH MASA,LEND LEASE PROJECT (M) SDN BHD,MANUFACTURING,JOHOR,396,MASTER EKSEKUTIF PENGURUSAN KEJURUTERAAN PEMBINAAN,5200.00,ONLINE,8553,MASTER,50-59,55.0
2023,HMKN21416,47,MELAYU,MALE,BEKERJA SEPENUH MASA,SP SETIA BHD,MANUFACTURING,NEGERI SEMBILAN,396,MASTER EKSEKUTIF PENGURUSAN KEJURUTERAAN PEMBINAAN,5650.00,ONLINE,7430,MASTER,40-49,47.0
2023,HMKN21418,42,RUNGUS-SABAH,MALE,BEKERJA SEPENUH MASA,PERWIRA PROGRESSIF CONSTRUCTION SDN.BHD.,MANUFACTURING,SABAH,396,MASTER EKSEKUTIF PENGURUSAN KEJURUTERAAN PEMBINAAN,7000.00,ONLINE,8254,MASTER,40-49,42.0
2023,HMKN22103,44,CINA,MALE,BEKERJA SEPENUH MASA,SYSNET TECHNOLOGY LEADING,MANUFACTURING,PULAU PINANG,396,MASTER EKSEKUTIF PENGURUSAN KEJURUTERAAN PEMBINAAN,15000.00,ONLINE,8879,MASTER,40-49,44.0
2023,HMKN22107,36,MELAYU,MALE,BEKERJA SEPENUH MASA,RED(M)TEAM SDN.BHD,MANUFACTURING,SABAH,396,MASTER EKSEKUTIF PENGURUSAN KEJURUTERAAN PEMBINAAN,6500.00,ONLINE,7746,MASTER,30-39,36.0
2023,HMKN22111,38,BRUNEI-SABAH,MALE,BEKERJA/USAHAWAN/FREELANCE,JURUTERA INOVASI SDN BHD,MANUFACTURING,SABAH,396,MASTER EKSEKUTIF PENGURUSAN KEJURUTERAAN PEMBINAAN,3000.00,ONLINE,8943,MASTER,30-39,38.0
2023,HMKN22112,35,MELAYU,MALE,BEKERJA SEPENUH MASA,UDA DAYAURUS SDN BHD,MANUFACTURING,PAHANG,396,MASTER EKSEKUTIF PENGURUSAN KEJURUTERAAN PEMBINAAN,6000.00,ONLINE,8470,MASTER,30-39,35.0
2023,HMKN22207,36,MELAYU,MALE,BEKERJA/USAHAWAN/FREELANCE,PANCARAN BINA ENTERPRISE,MANUFACTURING,KEDAH,396,MASTER EKSEKUTIF PENGURUSAN KEJURUTERAAN PEMBINAAN,15000.00,ONLINE,7237,MASTER,30-39,36.0
2023,HMKN22210,46,INDIA,MALE,BEKERJA SEPENUH MASA,UTRACON STRUCTURAL SYSTEMS SDN. BHD.,MANUFACTURING,SELANGOR,396,MASTER EKSEKUTIF PENGURUSAN KEJURUTERAAN PEMBINAAN,6600.00,ONLINE,8566,MASTER,40-49,46.0
2023,HMKP18311,48,MELAYU,MALE,BEKERJA SEPENUH MASA,SADARA CHEMICAL COMPANY,OTHER,JOHOR,380,"MASTER EKSEKUTIF KESELAMATAN, KESIHATAN DAN PERSEKITARAN",8000.00,ONLINE,7776,MASTER,40-49,48.0
2023,HMKP18420,45,IBAN/SEA DAYAK -SARAWAK,MALE,BEKERJA SEPENUH MASA,LOTTE TECH MALAYSIA SDN BHD,OTHER,SARAWAK,380,"MASTER EKSEKUTIF KESELAMATAN, KESIHATAN DAN PERSEKITARAN",8742.00,ONLINE,8389,MASTER,40-49,45.0
2023,HMKP19448,33,INDIA,MALE,BEKERJA SEPENUH MASA,REKA INDAH BUILDERS (PG) SDN BHD,OTHER,KEDAH,380,"MASTER EKSEKUTIF KESELAMATAN, KESIHATAN DAN PERSEKITARAN",8000.00,ONLINE,7875,MASTER,30-39,33.0
2023,HMKP19469,34,MELAYU,MALE,BEKERJA/USAHAWAN/FREELANCE (SEPARA MASA),HENGYUAN REFINING COMPANY SND BHD,OTHER,PAHANG,380,"MASTER EKSEKUTIF KESELAMATAN, KESIHATAN DAN PERSEKITARAN",8500.00,ONLINE,7285,MASTER,30-39,34.0
2023,HMKP19477,32,INDIA,MALE,BEKERJA SEPENUH MASA,GCH RETAIL SDN BHD,OTHER,SELANGOR,380,"MASTER EKSEKUTIF KESELAMATAN, KESIHATAN DAN PERSEKITARAN",7000.00,ONLINE,7864,MASTER,30-39,32.0
2023,HMKP20222,35,MELAYU,MALE,BEKERJA/USAHAWAN/FREELANCE,ALAM MARITIM (M) SDN BHD,OTHER,JOHOR,380,"MASTER EKSEKUTIF KESELAMATAN, KESIHATAN DAN PERSEKITARAN",17000.00,ONLINE,8838,MASTER,30-39,35.0
2023,HMKP20330,32,INDIA,MALE,BEKERJA SEPENUH MASA,TRANSSYSTEM CONTINENTAL SDN BHD,OTHER,NEGERI SEMBILAN,380,"MASTER EKSEKUTIF KESELAMATAN, KESIHATAN DAN PERSEKITARAN",3300.00,ONLINE,7289,MASTER,30-39,32.0
2023,HMKP20340,32,MELAYU,MALE,BEKERJA SEPENUH MASA,CHINA COMMUNICATIONS CONSTRUCTION (ECRL) SDN BHD,OTHER,SELANGOR,380,"MASTER EKSEKUTIF KESELAMATAN, KESIHATAN DAN PERSEKITARAN",10000.00,ONLINE,7690,MASTER,30-39,32.0
2023,HMKP20420,41,BIDAYUH/LAND DAYAK - SARAWAK,MALE,BEKERJA SEPENUH MASA,SYARIKAT SIN KWANG PLASTIC IND SDN. BHD,OTHER,SARAWAK,380,"MASTER EKSEKUTIF KESELAMATAN, KESIHATAN DAN PERSEKITARAN",3000.00,ONLINE,7854,MASTER,40-49,41.0
2023,HMKP20422,34,MELAYU,MALE,BEKERJA SEPENUH MASA,IJM CONSTRUCTION SDN BHD,OTHER,KUALA LUMPUR,380,"MASTER EKSEKUTIF KESELAMATAN, KESIHATAN DAN PERSEKITARAN",5000.00,ONLINE,7823,MASTER,30-39,34.0
2023,HMKP20454,43,MELAYU,MALE,BEKERJA/USAHAWAN/FREELANCE,MARISQ INTERIOR & GRAPHIC DESIGN,OTHER,JOHOR,380,"MASTER EKSEKUTIF KESELAMATAN, KESIHATAN DAN PERSEKITARAN",10000.00,ONLINE,7363,MASTER,40-49,43.0
2023,HMKP21125,34,MELAYU,MALE,BEKERJA SEPENUH MASA,ELECTRO DYNAMIC SDN BHD,OTHER,MELAKA,380,"MASTER EKSEKUTIF KESELAMATAN, KESIHATAN DAN PERSEKITARAN",5000.00,ONLINE,7085,MASTER,30-39,34.0
2023,HMKP21138,62,INDIA,MALE,BEKERJA SEPENUH MASA,SMK SUNGAI ARA,OTHER,PULAU PINANG,380,"MASTER EKSEKUTIF KESELAMATAN, KESIHATAN DAN PERSEKITARAN",4000.00,ONLINE,7155,MASTER,60+,62.0
2023,HMKP21152,30,INDIA,FEMALE,BEKERJA SEPENUH MASA,WESTERN DIGITAL SDN BHD,OTHER,PULAU PINANG,380,"MASTER EKSEKUTIF KESELAMATAN, KESIHATAN DAN PERSEKITARAN",5000.00,ONLINE,7233,MASTER,30-39,30.0
2023,HMKP21215,33,CINA,FEMALE,BEKERJA SEPENUH MASA,NAIM GAMUDA (NAGA) JV SDN BHD,OTHER,SARAWAK,380,"MASTER EKSEKUTIF KESELAMATAN, KESIHATAN DAN PERSEKITARAN",6300.00,ONLINE,8744,MASTER,30-39,33.0
2023,HMKP21255,41,KADAZAN-SABAH,MALE,BEKERJA SEPENUH MASA,GLOSAFE INNOVATION SDN BHD,OTHER,SABAH,380,"MASTER EKSEKUTIF KESELAMATAN, KESIHATAN DAN PERSEKITARAN",17800.00,ONLINE,7412,MASTER,40-49,41.0
2023,HMKP21264,30,MELAYU,MALE,BEKERJA SEPENUH MASA,CENTRAL KARGO SDN.BHD,OTHER,KEDAH,380,"MASTER EKSEKUTIF KESELAMATAN, KESIHATAN DAN PERSEKITARAN",8500.00,ONLINE,8254,MASTER,30-39,30.0
2023,HMKP21301,37,INDIA,FEMALE,BEKERJA SEPENUH MASA,PANTAI MEDICAL CENTRE SDN BHD,OTHER,PERAK,380,"MASTER EKSEKUTIF KESELAMATAN, KESIHATAN DAN PERSEKITARAN",4500.00,ONLINE,8411,MASTER,30-39,37.0
2023,HMKP21308,58,MELAYU,MALE,BEKERJA/USAHAWAN/FREELANCE,SHECA RESOURCES AND CONSULTANCY,OTHER,SELANGOR,380,"MASTER EKSEKUTIF KESELAMATAN, KESIHATAN DAN PERSEKITARAN",5000.00,ONLINE,8216,MASTER,50-59,58.0
2023,HMKP21310,42,MELAYU,MALE,BEKERJA SEPENUH MASA,GABUNGAN STRATEGIK SDN BHD,OTHER,PAHANG,380,"MASTER EKSEKUTIF KESELAMATAN, KESIHATAN DAN PERSEKITARAN",6500.00,ONLINE,8984,MASTER,40-49,42.0
2023,HMKP21311,50,KADAZAN-SABAH,MALE,BEKERJA SEPENUH MASA,JETAMA WATER SDN BHD,OTHER,SABAH,380,"MASTER EKSEKUTIF KESELAMATAN, KESIHATAN DAN PERSEKITARAN",8635.00,ONLINE,8497,MASTER,50-59,50.0
2023,HMKP21314,33,MELAYU,MALE,BEKERJA SEPENUH MASA,ENVIPURE SDN BHD,OTHER,MELAKA,380,"MASTER EKSEKUTIF KESELAMATAN, KESIHATAN DAN PERSEKITARAN",5000.00,ONLINE,8464,MASTER,30-39,33.0
2023,HMKP21315,51,INDIA,MALE,BEKERJA SEPENUH MASA,YICAI CONSTRUCTION SDN BHD,OTHER,JOHOR,380,"MASTER EKSEKUTIF KESELAMATAN, KESIHATAN DAN PERSEKITARAN",6000.00,ONLINE,8997,MASTER,50-59,51.0
2023,HMKP21316,38,MELAYU,MALE,BEKERJA SEPENUH MASA,SHIMANO COMPONENT MALAYSIA SDN BHD,OTHER,JOHOR,380,"MASTER EKSEKUTIF KESELAMATAN, KESIHATAN DAN PERSEKITARAN",8000.00,ONLINE,8206,MASTER,30-39,38.0
2023,HMKP21317,42,MELAYU,MALE,BEKERJA SEPENUH MASA,HATIMUDA SDN BHD,OTHER,NEGERI SEMBILAN,380,"MASTER EKSEKUTIF KESELAMATAN, KESIHATAN DAN PERSEKITARAN",8500.00,ONLINE,8272,MASTER,40-49,42.0
2023,HMKP21320,34,MELAYU,MALE,BEKERJA SEPENUH MASA,SYARIKAT PEMBINAAN BUKIT CHEEDING SDN BHD,OTHER,PAHANG,380,"MASTER EKSEKUTIF KESELAMATAN, KESIHATAN DAN PERSEKITARAN",8000.00,ONLINE,7109,MASTER,30-39,34.0
2023,HMKP21322,50,MELAYU,MALE,BEKERJA SEPENUH MASA,FLUOR DANIEL INTERNATIONAL (MALAYSIA ) SDN BHD,OTHER,JOHOR,380,"MASTER EKSEKUTIF KESELAMATAN, KESIHATAN DAN PERSEKITARAN",10000.00,ONLINE,7466,MASTER,50-59,50.0
2023,HMKP21323,55,INDIA,MALE,BEKERJA SEPENUH MASA,PLPS SDN BHD,OTHER,PULAU PINANG,380,"MASTER EKSEKUTIF KESELAMATAN, KESIHATAN DAN PERSEKITARAN",5000.00,ONLINE,8341,MASTER,50-59,55.0
2023,HMKP21325,34,RUNGUS-SABAH,MALE,BEKERJA SEPENUH MASA,PREMIER INTEGRATED LABS,OTHER,SABAH,380,"MASTER EKSEKUTIF KESELAMATAN, KESIHATAN DAN PERSEKITARAN",6000.00,ONLINE,8989,MASTER,30-39,34.0
2023,HMKP21329,48,MELAYU,MALE,BEKERJA SEPENUH MASA,KEMENTERIAN PERTAHANAN,OTHER,KELANTAN,380,"MASTER EKSEKUTIF KESELAMATAN, KESIHATAN DAN PERSEKITARAN",8600.00,ONLINE,7101,MASTER,40-49,48.0
2023,HMKP21330,39,MELAYU,MALE,BEKERJA SEPENUH MASA,CHINA COMMUNICATIONS CONSTRUCTION (ECRL) SDN. BHD.,OTHER,TERENGGANU,380,"MASTER EKSEKUTIF KESELAMATAN, KESIHATAN DAN PERSEKITARAN",9000.00,ONLINE,8225,MASTER,30-39,39.0
2023,HMKP21332,44,INDIA,MALE,BEKERJA SEPENUH MASA,POLYCOOL HTE ENGINEERING SDN.BHD.,OTHER,KEDAH,380,"MASTER EKSEKUTIF KESELAMATAN, KESIHATAN DAN PERSEKITARAN",8000.00,ONLINE,8282,MASTER,40-49,44.0
2023,HMKP21334,46,INDIA,FEMALE,BEKERJA SEPENUH MASA,L&T ECC CONSTRUCTION,OTHER,SELANGOR,380,"MASTER EKSEKUTIF KESELAMATAN, KESIHATAN DAN PERSEKITARAN",3000.00,ONLINE,8939,MASTER,40-49,46.0
2023,HMKP21337,38,INDIA,MALE,BEKERJA SEPENUH MASA,AMBU SDN BHD,OTHER,PULAU PINANG,380,"MASTER EKSEKUTIF KESELAMATAN, KESIHATAN DAN PERSEKITARAN",9990.00,ONLINE,7230,MASTER,30-39,38.0
2023,HMKP21339,48,MELAYU,MALE,BEKERJA/USAHAWAN/FREELANCE,B&Z MECHANICAL & ELECTRICAL SDN BHD,OTHER,PERLIS,380,"MASTER EKSEKUTIF KESELAMATAN, KESIHATAN DAN PERSEKITARAN",0.00,ONLINE,8332,MASTER,40-49,48.0
2023,HMKP21341,33,INDIA,MALE,BEKERJA SEPENUH MASA,NEWARK ENGINEERING SDN BHD,OTHER,NEGERI SEMBILAN,380,"MASTER EKSEKUTIF KESELAMATAN, KESIHATAN DAN PERSEKITARAN",7500.00,ONLINE,7398,MASTER,30-39,33.0
2023,HMKP21342,43,INDIA,MALE,BEKERJA SEPENUH MASA,FATHOPES ENERGY SDN BHD,OTHER,SELANGOR,380,"MASTER EKSEKUTIF KESELAMATAN, KESIHATAN DAN PERSEKITARAN",7000.00,ONLINE,8116,MASTER,40-49,43.0
2023,HMKP21344,37,MELAYU,MALE,BEKERJA SEPENUH MASA,AN NUR MARINE SERVICES (M) SDN BHD,OTHER,PAHANG,380,"MASTER EKSEKUTIF KESELAMATAN, KESIHATAN DAN PERSEKITARAN",8000.00,ONLINE,8462,MASTER,30-39,37.0
2023,HMKP21345,43,MELAYU,MALE,BEKERJA SEPENUH MASA,CHINA CONSTRUCTION YANGTZE RIVER (M) SDN BHD,OTHER,SELANGOR,380,"MASTER EKSEKUTIF KESELAMATAN, KESIHATAN DAN PERSEKITARAN",10500.00,ONLINE,7866,MASTER,40-49,43.0
2023,HMKP21348,33,MELAYU,FEMALE,BEKERJA SEPENUH MASA,PECK CHEW PILING (M) SDN BHD,OTHER,JOHOR,380,"MASTER EKSEKUTIF KESELAMATAN, KESIHATAN DAN PERSEKITARAN",5100.00,ONLINE,7671,MASTER,30-39,33.0
2023,HMKP21350,56,MELAYU,MALE,BEKERJA SEPENUH MASA,PETRONAS CARI GALI SDN BHD,OTHER,JOHOR,380,"MASTER EKSEKUTIF KESELAMATAN, KESIHATAN DAN PERSEKITARAN",15000.00,ONLINE,7319,MASTER,50-59,56.0
2023,HMKP21351,48,MELAYU,MALE,BEKERJA/USAHAWAN/FREELANCE,HASANAT ENVIRONMENTAL VENTURES,OTHER,PAHANG,380,"MASTER EKSEKUTIF KESELAMATAN, KESIHATAN DAN PERSEKITARAN",5500.00,ONLINE,8758,MASTER,40-49,48.0
2023,HMKP21352,43,INDIA,MALE,BEKERJA SEPENUH MASA,TORAY PENFIBRE FILM DIVISION SDN BHD,OTHER,PULAU PINANG,380,"MASTER EKSEKUTIF KESELAMATAN, KESIHATAN DAN PERSEKITARAN",4000.00,ONLINE,8585,MASTER,40-49,43.0
2023,HMKP21353,41,MELAYU,MALE,BEKERJA SEPENUH MASA,PECK CHEW PILING (M) SDN BHD,OTHER,SELANGOR,380,"MASTER EKSEKUTIF KESELAMATAN, KESIHATAN DAN PERSEKITARAN",12900.00,ONLINE,8317,MASTER,40-49,41.0
2023,HMKP21404,48,BUGIS,FEMALE,BEKERJA/USAHAWAN/FREELANCE,NURUL ASYIQIN MARKETING & SERVICES,OTHER,SABAH,380,"MASTER EKSEKUTIF KESELAMATAN, KESIHATAN DAN PERSEKITARAN",4500.00,ONLINE,8553,MASTER,40-49,48.0
2023,HMKP21406,34,MELAYU,FEMALE,BEKERJA SEPENUH MASA,AYAMAS INTEGRATED POULTRY INDUSTRY SDN BHD,OTHER,SELANGOR,380,"MASTER EKSEKUTIF KESELAMATAN, KESIHATAN DAN PERSEKITARAN",3000.00,ONLINE,7090,MASTER,30-39,34.0
2023,HMKP21408,40,MELAYU,MALE,BEKERJA SEPENUH MASA,ENI SPECIALIST LUBRICANTS SDN BHD,OTHER,JOHOR,380,"MASTER EKSEKUTIF KESELAMATAN, KESIHATAN DAN PERSEKITARAN",3500.00,ONLINE,8037,MASTER,40-49,40.0
2023,HMKP21410,46,INDIA,MALE,BEKERJA SEPENUH MASA,RENESAS SEMICONDUCTOR KL SDN BHD,OTHER,SELANGOR,380,"MASTER EKSEKUTIF KESELAMATAN, KESIHATAN DAN PERSEKITARAN",6400.00,ONLINE,8148,MASTER,40-49,46.0
2023,HMKP21414,39,INDIA,MALE,BEKERJA SEPENUH MASA,SETIA UTAMA LRT 3 SDN BHD,OTHER,SARAWAK,380,"MASTER EKSEKUTIF KESELAMATAN, KESIHATAN DAN PERSEKITARAN",4500.00,ONLINE,7440,MASTER,30-39,39.0
2023,HMKP21416,46,MELAYU,MALE,BEKERJA SEPENUH MASA,SUHATI SDN BHD,OTHER,JOHOR,380,"MASTER EKSEKUTIF KESELAMATAN, KESIHATAN DAN PERSEKITARAN",7000.00,ONLINE,8543,MASTER,40-49,46.0
2023,HMKP21421,44,MELAYU,MALE,BEKERJA SEPENUH MASA,GADANG ENGINEERING ( M ) SDN BHD,OTHER,PAHANG,380,"MASTER EKSEKUTIF KESELAMATAN, KESIHATAN DAN PERSEKITARAN",8000.00,ONLINE,8217,MASTER,40-49,44.0
2023,HMKP21423,48,MELAYU,MALE,BEKERJA SEPENUH MASA,SP SETIA BERHAD,OTHER,SELANGOR,380,"MASTER EKSEKUTIF KESELAMATAN, KESIHATAN DAN PERSEKITARAN",6400.00,ONLINE,8074,MASTER,40-49,48.0
2023,HMKP21424,0,MELAYU,MALE,BEKERJA SEPENUH MASA,PEMBINAAN BY SDN BHD,OTHER,SELANGOR,380,"MASTER EKSEKUTIF KESELAMATAN, KESIHATAN DAN PERSEKITARAN",6000.00,ONLINE,8152,MASTER,,
2023,HMKP21426,51,MELAYU,MALE,BEKERJA SEPENUH MASA,IFFCO,OTHER,JOHOR,380,"MASTER EKSEKUTIF KESELAMATAN, KESIHATAN DAN PERSEKITARAN",5000.00,ONLINE,7648,MASTER,50-59,51.0
2023,HMKP21428,44,DUSUN-SABAH,MALE,BEKERJA SEPENUH MASA,PTTEP SARAWAK OIL LIMITED,OTHER,SABAH,380,"MASTER EKSEKUTIF KESELAMATAN, KESIHATAN DAN PERSEKITARAN",5000.00,ONLINE,7644,MASTER,40-49,44.0
2023,HMKP21430,46,HOKKIEN,FEMALE,BEKERJA SEPENUH MASA,SL WOOD PRODUCTS SDN BHD,OTHER,SABAH,380,"MASTER EKSEKUTIF KESELAMATAN, KESIHATAN DAN PERSEKITARAN",6800.00,ONLINE,7977,MASTER,40-49,46.0
2023,HMKP21434,47,MELAYU,MALE,BEKERJA SEPENUH MASA,PENGURUSAN LEBUHRAYA PAN BORNEO SARAWAK SDN BHD,OTHER,KEDAH,380,"MASTER EKSEKUTIF KESELAMATAN, KESIHATAN DAN PERSEKITARAN",10000.00,ONLINE,8018,MASTER,40-49,47.0
2023,HMKP21444,48,IBAN/SEA DAYAK -SARAWAK,MALE,BEKERJA SEPENUH MASA,SARAWAK ENERGY SDN BHD (SESCO),OTHER,SARAWAK,380,"MASTER EKSEKUTIF KESELAMATAN, KESIHATAN DAN PERSEKITARAN",3500.00,ONLINE,8259,MASTER,40-49,48.0
2023,HMKP21445,35,INDIA,MALE,BEKERJA SEPARA MASA,VINTECH SOLUTIONS SDN BHD,OTHER,JOHOR,380,"MASTER EKSEKUTIF KESELAMATAN, KESIHATAN DAN PERSEKITARAN",2800.00,ONLINE,8268,MASTER,30-39,35.0
2023,HMKP21446,39,INDIA,MALE,BEKERJA SEPENUH MASA,SRI MUKHTAR ENGINEERING SDN BHD,OTHER,SELANGOR,380,"MASTER EKSEKUTIF KESELAMATAN, KESIHATAN DAN PERSEKITARAN",4500.00,ONLINE,8138,MASTER,30-39,39.0
2023,HMKP21447,46,MELAYU,FEMALE,BEKERJA SEPENUH MASA,I-LEGASY SDN BHD,OTHER,PERAK,380,"MASTER EKSEKUTIF KESELAMATAN, KESIHATAN DAN PERSEKITARAN",3000.00,ONLINE,8581,MASTER,40-49,46.0
2023,HMKP21448,46,MELAYU,MALE,BEKERJA SEPENUH MASA,AWATRA SDN BHD,OTHER,JOHOR,380,"MASTER EKSEKUTIF KESELAMATAN, KESIHATAN DAN PERSEKITARAN",3900.00,ONLINE,8128,MASTER,40-49,46.0
2023,HMKP21453,53,INDIA,MALE,BEKERJA SEPENUH MASA,INDUSTRIAL CONCRETE PRODUCTS SDN BHD,OTHER,SELANGOR,380,"MASTER EKSEKUTIF KESELAMATAN, KESIHATAN DAN PERSEKITARAN",6000.00,ONLINE,7960,MASTER,50-59,53.0
2023,HMKP21454,33,INDIA,MALE,BEKERJA SEPENUH MASA,INDUSTRIAL CONCRETE PRODUCTS SDN.BHD.,OTHER,SELANGOR,380,"MASTER EKSEKUTIF KESELAMATAN, KESIHATAN DAN PERSEKITARAN",6200.00,ONLINE,8414,MASTER,30-39,33.0
2023,HMKP21456,40,MELAYU,MALE,BEKERJA SEPENUH MASA,SPCI HELM MALAYSIA SDN. BHD.,OTHER,PAHANG,380,"MASTER EKSEKUTIF KESELAMATAN, KESIHATAN DAN PERSEKITARAN",6500.00,ONLINE,8965,MASTER,40-49,40.0
2023,HMKP21457,35,INDIA,MALE,BEKERJA SEPENUH MASA,KOK AUN ENGINEERING (PDC CECIL RESIDENCY),OTHER,NEGERI SEMBILAN,380,"MASTER EKSEKUTIF KESELAMATAN, KESIHATAN DAN PERSEKITARAN",6000.00,ONLINE,7480,MASTER,30-39,35.0
2023,HMKP22101,33,MELAYU,MALE,BEKERJA SEPENUH MASA,META TECH INDUSTRIES SDN BHD,OTHER,JOHOR,380,"MASTER EKSEKUTIF KESELAMATAN, KESIHATAN DAN PERSEKITARAN",8500.00,ONLINE,8550,MASTER,30-39,33.0
2023,HMKP22105,44,MELAYU,MALE,BEKERJA/USAHAWAN/FREELANCE,RIZQIN TOP RESOURCES,OTHER,SELANGOR,380,"MASTER EKSEKUTIF KESELAMATAN, KESIHATAN DAN PERSEKITARAN",5000.00,ONLINE,8387,MASTER,40-49,44.0
2023,HMKP22107,38,BUGIS,MALE,BEKERJA SEPENUH MASA,IOI SERVICE PLANTATION SDN BHD,OTHER,SABAH,380,"MASTER EKSEKUTIF KESELAMATAN, KESIHATAN DAN PERSEKITARAN",5200.00,ONLINE,7074,MASTER,30-39,38.0
2023,HMKP22109,52,INDIA,MALE,BEKERJA SEPENUH MASA,SABSCO MALAYSIA SDN BHD,OTHER,NEGERI SEMBILAN,380,"MASTER EKSEKUTIF KESELAMATAN, KESIHATAN DAN PERSEKITARAN",10500.00,ONLINE,8913,MASTER,50-59,52.0
2023,HMKP22113,40,MELAYU,FEMALE,BEKERJA/USAHAWAN/FREELANCE,SCHLUMBERGER,OTHER,KUALA LUMPUR,380,"MASTER EKSEKUTIF KESELAMATAN, KESIHATAN DAN PERSEKITARAN",24000.00,ONLINE,7462,MASTER,40-49,40.0
2023,HMKP22114,56,INDIA,MALE,BEKERJA SEPENUH MASA,KIDE INTERNATIONA SDN BHD,OTHER,PERAK,380,"MASTER EKSEKUTIF KESELAMATAN, KESIHATAN DAN PERSEKITARAN",12000.00,ONLINE,7387,MASTER,50-59,56.0
2023,HMKP22115,44,INDIA,MALE,BEKERJA SEPENUH MASA,SMI ELECTRIC AUTOMATION SDN BHD,OTHER,MELAKA,380,"MASTER EKSEKUTIF KESELAMATAN, KESIHATAN DAN PERSEKITARAN",5000.00,ONLINE,7275,MASTER,40-49,44.0
2023,HMKP22117,34,INDIA,MALE,BEKERJA SEPENUH MASA,WAH LOON (M) ENGINEERING SDN. BHD.,OTHER,KUALA LUMPUR,380,"MASTER EKSEKUTIF KESELAMATAN, KESIHATAN DAN PERSEKITARAN",4500.00,ONLINE,7204,MASTER,30-39,34.0
2023,HMKP22118,33,INDIA,MALE,BEKERJA SEPENUH MASA,WONG BROTHERS BUILDING CONSTRUCTION SDN BHD,OTHER,SELANGOR,380,"MASTER EKSEKUTIF KESELAMATAN, KESIHATAN DAN PERSEKITARAN",8500.00,ONLINE,8894,MASTER,30-39,33.0
2023,HMKP22123,38,MELAYU,MALE,BEKERJA SEPENUH MASA,SABAH SOFTWOODS BHD,OTHER,SABAH,380,"MASTER EKSEKUTIF KESELAMATAN, KESIHATAN DAN PERSEKITARAN",3500.00,ONLINE,8609,MASTER,30-39,38.0
2023,HMKP22124,49,MELAYU,MALE,BEKERJA SEPENUH MASA,BUMIARMADA ENGINEERING SDN BHD,OTHER,SELANGOR,380,"MASTER EKSEKUTIF KESELAMATAN, KESIHATAN DAN PERSEKITARAN",9500.00,ONLINE,8147,MASTER,40-49,49.0
2023,HMKP22127,36,INDIA,MALE,BEKERJA SEPENUH MASA,CHARTE BUILT ENGINEERING SDN BHD,OTHER,SELANGOR,380,"MASTER EKSEKUTIF KESELAMATAN, KESIHATAN DAN PERSEKITARAN",6000.00,ONLINE,7291,MASTER,30-39,36.0
2023,HMKP22128,31,MELAYU,MALE,BEKERJA SEPENUH MASA,LIM HOO SENG CONSTRUCTION SDN. BHD.,OTHER,KELANTAN,380,"MASTER EKSEKUTIF KESELAMATAN, KESIHATAN DAN PERSEKITARAN",4500.00,ONLINE,8997,MASTER,30-39,31.0
2023,HMKP22131,49,MELAYU,MALE,BEKERJA/USAHAWAN/FREELANCE,PUNAI ENTERPRISE,OTHER,PUTRAJAYA,380,"MASTER EKSEKUTIF KESELAMATAN, KESIHATAN DAN PERSEKITARAN",10000.00,ONLINE,8347,MASTER,40-49,49.0
2023,HMKP22132,54,CINA,MALE,BEKERJA SEPENUH MASA,CAPE TECHNOLOGY SDN BHD,OTHER,PULAU PINANG,380,"MASTER EKSEKUTIF KESELAMATAN, KESIHATAN DAN PERSEKITARAN",5000.00,ONLINE,8915,MASTER,50-59,54.0
2023,HMKP22135,38,MELAYU,MALE,BEKERJA SEPENUH MASA,KERRY INGREDIENTS (M) SDN. BHD.,OTHER,KEDAH,380,"MASTER EKSEKUTIF KESELAMATAN, KESIHATAN DAN PERSEKITARAN",5000.00,ONLINE,8670,MASTER,30-39,38.0
2023,HMKP22138,44,TAMIL,MALE,BEKERJA SEPENUH MASA,ARTEAK LTD,OTHER,PAHANG,380,"MASTER EKSEKUTIF KESELAMATAN, KESIHATAN DAN PERSEKITARAN",13500.00,ONLINE,8090,MASTER,40-49,44.0
2023,HMKP22143,41,MELAYU,MALE,BEKERJA SEPENUH MASA,SIRIM QAS INTERNATIONAL SDN BHD,OTHER,SELANGOR,380,"MASTER EKSEKUTIF KESELAMATAN, KESIHATAN DAN PERSEKITARAN",5422.00,ONLINE,7736,MASTER,40-49,41.0
2023,HMKP22149,44,INDIA,MALE,BEKERJA SEPENUH MASA,L.T. INDUSTRIES SDN BHD,OTHER,KUALA LUMPUR,380,"MASTER EKSEKUTIF KESELAMATAN, KESIHATAN DAN PERSEKITARAN",8500.00,ONLINE,8899,MASTER,40-49,44.0
2023,HMKP22151,34,INDIA,MALE,BEKERJA SEPENUH MASA,NESTCON SDN BHD,OTHER,KEDAH,380,"MASTER EKSEKUTIF KESELAMATAN, KESIHATAN DAN PERSEKITARAN",5000.00,ONLINE,7088,MASTER,30-39,34.0
2023,HMKP22152,36,MELAYU,MALE,BEKERJA SEPENUH MASA,TYKB ENGINEERING SDN BHD,OTHER,JOHOR,380,"MASTER EKSEKUTIF KESELAMATAN, KESIHATAN DAN PERSEKITARAN",8200.00,ONLINE,7281,MASTER,30-39,36.0
2023,HMKP22154,47,MELAYU,MALE,BEKERJA SEPENUH MASA,PENGERANG REFINING COMPANY SDN BHD.,OTHER,MELAKA,380,"MASTER EKSEKUTIF KESELAMATAN, KESIHATAN DAN PERSEKITARAN",9961.00,ONLINE,8710,MASTER,40-49,47.0
2023,HMKP22155,31,INDIA,MALE,BEKERJA SEPENUH MASA,PRO VENTURES ENGINEERING & SERVICES SDN BHD,OTHER,JOHOR,380,"MASTER EKSEKUTIF KESELAMATAN, KESIHATAN DAN PERSEKITARAN",5000.00,ONLINE,8335,MASTER,30-39,31.0
2023,HMKP22157,49,FOOCHOW,MALE,BEKERJA SEPENUH MASA,RINTIS DINAMIK SDN BHD,OTHER,SABAH,380,"MASTER EKSEKUTIF KESELAMATAN, KESIHATAN DAN PERSEKITARAN",8000.00,ONLINE,7547,MASTER,40-49,49.0
2023,HMKP22161,35,INDIA,MALE,BEKERJA SEPENUH MASA,HOCK SENG LEE SDN BHD,OTHER,PAHANG,380,"MASTER EKSEKUTIF KESELAMATAN, KESIHATAN DAN PERSEKITARAN",4500.00,ONLINE,8320,MASTER,30-39,35.0
2023,HMKP22162,36,MELAYU,MALE,BEKERJA SEPENUH MASA,SAVILLS (KL) SDN BHD,OTHER,KUALA LUMPUR,380,"MASTER EKSEKUTIF KESELAMATAN, KESIHATAN DAN PERSEKITARAN",8000.00,ONLINE,8514,MASTER,30-39,36.0
2023,HMKP22203,52,IBAN/SEA DAYAK -SARAWAK,MALE,BEKERJA SEPENUH MASA,ROTARY MEC (M) SDN BHD,OTHER,SARAWAK,380,"MASTER EKSEKUTIF KESELAMATAN, KESIHATAN DAN PERSEKITARAN",2400.00,ONLINE,7925,MASTER,50-59,52.0
2023,HMKP22205,50,MELAYU,MALE,BEKERJA SEPENUH MASA,PETROCHEMICALS (MALAYSIA) SDN BHD,OTHER,JOHOR,380,"MASTER EKSEKUTIF KESELAMATAN, KESIHATAN DAN PERSEKITARAN",9000.00,ONLINE,8127,MASTER,50-59,50.0
2023,HMKP22206,35,MELAYU,MALE,BEKERJA SEPENUH MASA,GABUNGAN STRATEGIK SDN BHD,OTHER,SELANGOR,380,"MASTER EKSEKUTIF KESELAMATAN, KESIHATAN DAN PERSEKITARAN",7000.00,ONLINE,8312,MASTER,30-39,35.0
2023,HMKP22214,31,INDIA,MALE,BEKERJA SEPENUH MASA,EXYTE MALAYSIA SDN BHD,OTHER,KEDAH,380,"MASTER EKSEKUTIF KESELAMATAN, KESIHATAN DAN PERSEKITARAN",8000.00,ONLINE,7941,MASTER,30-39,31.0
2023,HMKP22218,37,BAJAU - SABAH,FEMALE,BEKERJA SEPENUH MASA,CHINA COMMMUNICATION CONSTRUCTIONS SDN BHD,OTHER,SABAH,380,"MASTER EKSEKUTIF KESELAMATAN, KESIHATAN DAN PERSEKITARAN",10500.00,ONLINE,7537,MASTER,30-39,37.0
2023,HMKP22220,51,MELAYU,MALE,BEKERJA SEPENUH MASA,MALAYSIAN RESOURCES CORPORATION BERHAD,OTHER,SELANGOR,380,"MASTER EKSEKUTIF KESELAMATAN, KESIHATAN DAN PERSEKITARAN",35000.00,ONLINE,8988,MASTER,50-59,51.0
2023,HMKP22222,29,MELAYU,MALE,BEKERJA SEPENUH MASA,PEMBINAAN TERAS MAJU SDN BHD,OTHER,SELANGOR,380,"MASTER EKSEKUTIF KESELAMATAN, KESIHATAN DAN PERSEKITARAN",7598.00,ONLINE,7720,MASTER,<29,29.0
2023,HMKP22230,46,MELAYU,MALE,BEKERJA SEPENUH MASA,SIME DARBY PROPERTY BERHAD,OTHER,SELANGOR,380,"MASTER EKSEKUTIF KESELAMATAN, KESIHATAN DAN PERSEKITARAN",11300.00,ONLINE,7929,MASTER,40-49,46.0
2023,HMKP22231,45,MELAYU,MALE,BEKERJA SEPENUH MASA,GROUND TEAM RED SDN.BHD.,OTHER,PUTRAJAYA,380,"MASTER EKSEKUTIF KESELAMATAN, KESIHATAN DAN PERSEKITARAN",4936.00,ONLINE,8311,MASTER,40-49,45.0
2023,HMKP22233,37,KADAZAN-SABAH,FEMALE,BEKERJA SEPENUH MASA,ANANTARA DESARU COAST RESORT & VILLAS,OTHER,SABAH,380,"MASTER EKSEKUTIF KESELAMATAN, KESIHATAN DAN PERSEKITARAN",6000.00,ONLINE,7100,MASTER,30-39,37.0
2023,HMKP22236,49,INDIA,MALE,BEKERJA SEPENUH MASA,ADENLAND SDN BHD,OTHER,SELANGOR,380,"MASTER EKSEKUTIF KESELAMATAN, KESIHATAN DAN PERSEKITARAN",8500.00,ONLINE,8753,MASTER,40-49,49.0
2023,HMKP22307,34,INDIA,MALE,BEKERJA SEPENUH MASA,AEM MICROTRONICS (M) SDN BHD,OTHER,KEDAH,380,"MASTER EKSEKUTIF KESELAMATAN, KESIHATAN DAN PERSEKITARAN",8100.00,ONLINE,7458,MASTER,30-39,34.0
2023,HMKP22312,30,INDIA,FEMALE,BEKERJA SEPENUH MASA,NEW CERISE PROPERTY MANAGEMENT SDN BHD,OTHER,PULAU PINANG,380,"MASTER EKSEKUTIF KESELAMATAN, KESIHATAN DAN PERSEKITARAN",2500.00,ONLINE,7806,MASTER,30-39,30.0
2023,HMKP22314,53,MELAYU,FEMALE,BEKERJA SEPENUH MASA,PANTAI HOSPITAL KUALA LUMPUR,OTHER,SELANGOR,380,"MASTER EKSEKUTIF KESELAMATAN, KESIHATAN DAN PERSEKITARAN",8000.00,ONLINE,7329,MASTER,50-59,53.0
2023,HMKP22315,55,MELAYU,MALE,BEKERJA SEPENUH MASA,ORANGEBEAM CONSTRUCTION SDN BHD,OTHER,KUALA LUMPUR,380,"MASTER EKSEKUTIF KESELAMATAN, KESIHATAN DAN PERSEKITARAN",5000.00,ONLINE,8314,MASTER,50-59,55.0
2023,HMKP22317,50,INDIA,MALE,BEKERJA SEPENUH MASA,PESONA METRO SDN BHD,OTHER,SELANGOR,380,"MASTER EKSEKUTIF KESELAMATAN, KESIHATAN DAN PERSEKITARAN",7000.00,ONLINE,8196,MASTER,50-59,50.0
2023,HMKP22319,36,IBAN/SEA DAYAK -SARAWAK,MALE,BEKERJA SEPENUH MASA,OCIM SDN BHD,OTHER,SARAWAK,380,"MASTER EKSEKUTIF KESELAMATAN, KESIHATAN DAN PERSEKITARAN",2800.00,ONLINE,8469,MASTER,30-39,36.0
2023,HMKP22320,44,MELAYU,FEMALE,BEKERJA SEPENUH MASA,NUSB GLOBAL (M) SDN BHD,OTHER,KUALA LUMPUR,380,"MASTER EKSEKUTIF KESELAMATAN, KESIHATAN DAN PERSEKITARAN",5000.00,ONLINE,8744,MASTER,40-49,44.0
2023,HMKP22325,50,MELAYU,MALE,BEKERJA SEPENUH MASA,KUMPULAN SEMESTA SDN BHD,OTHER,SELANGOR,380,"MASTER EKSEKUTIF KESELAMATAN, KESIHATAN DAN PERSEKITARAN",9945.00,ONLINE,8919,MASTER,50-59,50.0
2023,HMKP22329,37,INDIA,MALE,BEKERJA SEPENUH MASA,KELINGTON TECHNOLOGIES SDN BHD,OTHER,KEDAH,380,"MASTER EKSEKUTIF KESELAMATAN, KESIHATAN DAN PERSEKITARAN",8000.00,ONLINE,8203,MASTER,30-39,37.0
2023,HMKP22331,46,INDIA,MALE,BEKERJA SEPENUH MASA,EXYTE MALAYSIA SDN.BHD,OTHER,KEDAH,380,"MASTER EKSEKUTIF KESELAMATAN, KESIHATAN DAN PERSEKITARAN",8000.00,ONLINE,8616,MASTER,40-49,46.0
2023,HMKP22334,49,MELAYU,MALE,BEKERJA SEPENUH MASA,CREST BUILDER SDN BHD,OTHER,SELANGOR,380,"MASTER EKSEKUTIF KESELAMATAN, KESIHATAN DAN PERSEKITARAN",10000.00,ONLINE,7223,MASTER,40-49,49.0
2023,HMKP22338,50,MELAYU,MALE,BEKERJA SEPENUH MASA,RP CHEMICALS (MALAYSIA) SDN. BHD.,OTHER,PAHANG,380,"MASTER EKSEKUTIF KESELAMATAN, KESIHATAN DAN PERSEKITARAN",8000.00,ONLINE,8531,MASTER,50-59,50.0
2023,HMKP22343,39,MELAYU,MALE,BEKERJA SEPENUH MASA,MALAYSIAN MARINE AND HEAVY ENGINEERING,OTHER,JOHOR,380,"MASTER EKSEKUTIF KESELAMATAN, KESIHATAN DAN PERSEKITARAN",4600.00,ONLINE,8129,MASTER,30-39,39.0
2023,HMKP22401,35,MELAYU,MALE,BEKERJA SEPENUH MASA,PEKAT SOLAR SDN BHD,OTHER,SELANGOR,380,"MASTER EKSEKUTIF KESELAMATAN, KESIHATAN DAN PERSEKITARAN",7000.00,ONLINE,8839,MASTER,30-39,35.0
2023,HMKP22402,33,MELAYU,MALE,BEKERJA SEPENUH MASA,SAMSUNG C&T (KL) SDN BHD,OTHER,SELANGOR,380,"MASTER EKSEKUTIF KESELAMATAN, KESIHATAN DAN PERSEKITARAN",5000.00,ONLINE,8436,MASTER,30-39,33.0
2023,HMKP22412,41,MELAYU,MALE,BEKERJA/USAHAWAN/FREELANCE,EPIC OG,OTHER,SELANGOR,380,"MASTER EKSEKUTIF KESELAMATAN, KESIHATAN DAN PERSEKITARAN",6000.00,ONLINE,8906,MASTER,40-49,41.0
2023,HMKP22421,37,MELAYU,MALE,BEKERJA SEPENUH MASA,NES GLOBAL SDN BHD,OTHER,NEGERI SEMBILAN,380,"MASTER EKSEKUTIF KESELAMATAN, KESIHATAN DAN PERSEKITARAN",10000.00,ONLINE,7819,MASTER,30-39,37.0
2023,HMPB21103,41,MELAYU,MALE,BEKERJA SEPENUH MASA,ASIA HONORED PAPER INDUSTRIES (M) SDN BHD,"PROFESSIONAL, SCIENTIFIC, AND TECHNICAL ACTIVITIES",PAHANG,340,MASTER EKSEKUTIF PENGURUSAN PERNIAGAAN,15000.00,ONLINE,8525,MASTER,40-49,41.0
2023,HMPB21106,44,INDIA,FEMALE,BEKERJA SEPENUH MASA,RSH MALAYSIA SDN BHD,"PROFESSIONAL, SCIENTIFIC, AND TECHNICAL ACTIVITIES",KUALA LUMPUR,340,MASTER EKSEKUTIF PENGURUSAN PERNIAGAAN,7300.00,ONLINE,8576,MASTER,40-49,44.0
2023,HMPB21210,59,DUSUN-SABAH,MALE,BEKERJA/USAHAWAN/FREELANCE,AS LEGASI SDN BHD,"PROFESSIONAL, SCIENTIFIC, AND TECHNICAL ACTIVITIES",SABAH,340,MASTER EKSEKUTIF PENGURUSAN PERNIAGAAN,15000.00,ONLINE,7618,MASTER,50-59,59.0
2023,HMPB21211,39,MELAYU,MALE,BEKERJA SEPENUH MASA,HCH CONTRUCTION GROUP SDN BHD,"PROFESSIONAL, SCIENTIFIC, AND TECHNICAL ACTIVITIES",NEGERI SEMBILAN,340,MASTER EKSEKUTIF PENGURUSAN PERNIAGAAN,4500.00,ONLINE,7764,MASTER,30-39,39.0
2023,HMPB21213,41,MELAYU,FEMALE,BEKERJA SEPENUH MASA,BARRY CALLEBAUT MANUFACTURING MALAYSIA SDN BHD,"PROFESSIONAL, SCIENTIFIC, AND TECHNICAL ACTIVITIES",JOHOR,340,MASTER EKSEKUTIF PENGURUSAN PERNIAGAAN,4836.00,ONLINE,8874,MASTER,40-49,41.0
2023,HMPB21236,44,INDIA,MALE,BEKERJA SEPENUH MASA,HUAWEI TECHNOLOGIES (MALAYSIA) SDN BHD,"PROFESSIONAL, SCIENTIFIC, AND TECHNICAL ACTIVITIES",SELANGOR,340,MASTER EKSEKUTIF PENGURUSAN PERNIAGAAN,15000.00,ONLINE,8051,MASTER,40-49,44.0
2023,HMPB21303,52,INDIA,MALE,BEKERJA/USAHAWAN/FREELANCE,EAGLE VISION RESOURCES (M) SDN BHD,"PROFESSIONAL, SCIENTIFIC, AND TECHNICAL ACTIVITIES",PERAK,340,MASTER EKSEKUTIF PENGURUSAN PERNIAGAAN,4500.00,ONLINE,8212,MASTER,50-59,52.0
2023,HMPB21304,32,MELAYU,MALE,BEKERJA SEPENUH MASA,SCOOT PTE LTD,"PROFESSIONAL, SCIENTIFIC, AND TECHNICAL ACTIVITIES",SELANGOR,340,MASTER EKSEKUTIF PENGURUSAN PERNIAGAAN,3800.00,ONLINE,8844,MASTER,30-39,32.0
2023,HMPB21306,54,CANTONESE,FEMALE,BEKERJA SEPENUH MASA,SENAWANG CONSTRUCTION SDN BHD,"PROFESSIONAL, SCIENTIFIC, AND TECHNICAL ACTIVITIES",NEGERI SEMBILAN,340,MASTER EKSEKUTIF PENGURUSAN PERNIAGAAN,4500.00,ONLINE,7422,MASTER,50-59,54.0
2023,HMPB21307,37,MELAYU,MALE,BEKERJA SEPENUH MASA,TERAS SARI RESOURCES SDN BHD,"PROFESSIONAL, SCIENTIFIC, AND TECHNICAL ACTIVITIES",JOHOR,340,MASTER EKSEKUTIF PENGURUSAN PERNIAGAAN,7500.00,ONLINE,7726,MASTER,30-39,37.0
2023,HMPB21308,55,MELAYU,MALE,NOT SPECIFIED,NOT SPECIFIED,"PROFESSIONAL, SCIENTIFIC, AND TECHNICAL ACTIVITIES",PAHANG,340,MASTER EKSEKUTIF PENGURUSAN PERNIAGAAN,NOT SPECIFIED,ONLINE,7844,MASTER,50-59,55.0
2023,HMPB21309,35,INDIA,MALE,BEKERJA SEPENUH MASA,HAVI LOGISTICS (M) SDN BHD,"PROFESSIONAL, SCIENTIFIC, AND TECHNICAL ACTIVITIES",SELANGOR,340,MASTER EKSEKUTIF PENGURUSAN PERNIAGAAN,6730.00,ONLINE,7421,MASTER,30-39,35.0
2023,HMPB21310,55,BIDAYUH/LAND DAYAK - SARAWAK,MALE,BEKERJA SEPENUH MASA,"PATHOLOGY DEPARTMENT,HOSPITAL UMUM SARAWAK","PROFESSIONAL, SCIENTIFIC, AND TECHNICAL ACTIVITIES",SARAWAK,340,MASTER EKSEKUTIF PENGURUSAN PERNIAGAAN,12887.00,ONLINE,7750,MASTER,50-59,55.0
2023,HMPB21314,49,CANTONESE,FEMALE,BEKERJA SEPENUH MASA,ONE WORLD HOTEL SDN BHD,"PROFESSIONAL, SCIENTIFIC, AND TECHNICAL ACTIVITIES",KUALA LUMPUR,340,MASTER EKSEKUTIF PENGURUSAN PERNIAGAAN,11600.00,ONLINE,7978,MASTER,40-49,49.0
2023,HMPB21315,37,MELAYU,MALE,BEKERJA SEPENUH MASA,MALAYSIAN RESOURCES CORPORATION BERHAD,"PROFESSIONAL, SCIENTIFIC, AND TECHNICAL ACTIVITIES",SELANGOR,340,MASTER EKSEKUTIF PENGURUSAN PERNIAGAAN,6980.00,ONLINE,8170,MASTER,30-39,37.0
2023,HMPB21317,45,MELAYU,MALE,BEKERJA/USAHAWAN/FREELANCE,MRDIAMONDPIZZA,"PROFESSIONAL, SCIENTIFIC, AND TECHNICAL ACTIVITIES",NEGERI SEMBILAN,340,MASTER EKSEKUTIF PENGURUSAN PERNIAGAAN,2500.00,ONLINE,7624,MASTER,40-49,45.0
2023,HMPB21402,54,MELAYU,MALE,BEKERJA/USAHAWAN/FREELANCE,NILAM TUAH SDN BHD,"PROFESSIONAL, SCIENTIFIC, AND TECHNICAL ACTIVITIES",SELANGOR,340,MASTER EKSEKUTIF PENGURUSAN PERNIAGAAN,10000.00,ONLINE,8965,MASTER,50-59,54.0
2023,HMPB21404,43,MELAYU,MALE,BEKERJA/USAHAWAN/FREELANCE,SMASTIP (M) SDN BHD,"PROFESSIONAL, SCIENTIFIC, AND TECHNICAL ACTIVITIES",MELAKA,340,MASTER EKSEKUTIF PENGURUSAN PERNIAGAAN,12000.00,ONLINE,7598,MASTER,40-49,43.0
2023,HMPB21412,43,MELAYU,FEMALE,BEKERJA SEPENUH MASA,PETRONAS PENAPISAN (TERENGGANU) SDN BHD,"PROFESSIONAL, SCIENTIFIC, AND TECHNICAL ACTIVITIES",PAHANG,340,MASTER EKSEKUTIF PENGURUSAN PERNIAGAAN,8100.00,ONLINE,8718,MASTER,40-49,43.0
2023,HMPB22102,40,MELAYU,MALE,BEKERJA SEPENUH MASA,KOPERASI SHAMELIN BERHAD,"PROFESSIONAL, SCIENTIFIC, AND TECHNICAL ACTIVITIES",KUALA LUMPUR,340,MASTER EKSEKUTIF PENGURUSAN PERNIAGAAN,6000.00,ONLINE,8162,MASTER,40-49,40.0
2023,HMPB22105,42,MELAYU,MALE,BEKERJA SEPENUH MASA,VMWARE MALAYSIA SDN BHD,"PROFESSIONAL, SCIENTIFIC, AND TECHNICAL ACTIVITIES",SELANGOR,340,MASTER EKSEKUTIF PENGURUSAN PERNIAGAAN,15000.00,ONLINE,8851,MASTER,40-49,42.0
2023,HMPB22109,48,INDIA,FEMALE,BEKERJA SEPENUH MASA,MY ISKANDAR SDN BHD,"PROFESSIONAL, SCIENTIFIC, AND TECHNICAL ACTIVITIES",JOHOR,340,MASTER EKSEKUTIF PENGURUSAN PERNIAGAAN,9800.00,ONLINE,7035,MASTER,40-49,48.0
2023,HMPB22110,32,INDIA,MALE,BEKERJA SEPENUH MASA,VALEO CDA,"PROFESSIONAL, SCIENTIFIC, AND TECHNICAL ACTIVITIES",PERAK,340,MASTER EKSEKUTIF PENGURUSAN PERNIAGAAN,4772.00,ONLINE,8325,MASTER,30-39,32.0
2023,HMPB22113,51,MELAYU,FEMALE,BEKERJA SEPENUH MASA,ARCADIA LIFE SCIENCES SDN BHD,"PROFESSIONAL, SCIENTIFIC, AND TECHNICAL ACTIVITIES",SELANGOR,340,MASTER EKSEKUTIF PENGURUSAN PERNIAGAAN,3000.00,ONLINE,7968,MASTER,50-59,51.0
2023,HMPB22114,41,INDIA,FEMALE,BEKERJA SEPENUH MASA,IVORY PEARL SDN BHD,"PROFESSIONAL, SCIENTIFIC, AND TECHNICAL ACTIVITIES",PERAK,340,MASTER EKSEKUTIF PENGURUSAN PERNIAGAAN,1700.00,ONLINE,8362,MASTER,40-49,41.0
2023,HMPB22115,43,MELAYU,MALE,BEKERJA SEPENUH MASA,HZ WORLDWIDE EMPIRE,"PROFESSIONAL, SCIENTIFIC, AND TECHNICAL ACTIVITIES",PERAK,340,MASTER EKSEKUTIF PENGURUSAN PERNIAGAAN,4000.00,ONLINE,7213,MASTER,40-49,43.0
2023,HMPB22118,40,MELAYU,MALE,BEKERJA SEPENUH MASA,HOERBIGER KT MALAYSIA SDN BHD,"PROFESSIONAL, SCIENTIFIC, AND TECHNICAL ACTIVITIES",TERENGGANU,340,MASTER EKSEKUTIF PENGURUSAN PERNIAGAAN,13178.00,ONLINE,8845,MASTER,40-49,40.0
2023,HMPB22120,51,MELAYU,FEMALE,BEKERJA SEPENUH MASA,CIMB BANK BERHAD,"PROFESSIONAL, SCIENTIFIC, AND TECHNICAL ACTIVITIES",SELANGOR,340,MASTER EKSEKUTIF PENGURUSAN PERNIAGAAN,10045.00,ONLINE,8826,MASTER,50-59,51.0
2023,HMPB22121,33,INDIA,FEMALE,BEKERJA SEPENUH MASA,ALAMNILA BIZ ON SDN BHD,"PROFESSIONAL, SCIENTIFIC, AND TECHNICAL ACTIVITIES",PAHANG,340,MASTER EKSEKUTIF PENGURUSAN PERNIAGAAN,5500.00,ONLINE,7948,MASTER,30-39,33.0
2023,HMPB22123,48,MELAYU,MALE,BEKERJA SEPENUH MASA,PANORAMA LANGKAWI SDN.BHD,"PROFESSIONAL, SCIENTIFIC, AND TECHNICAL ACTIVITIES",KEDAH,340,MASTER EKSEKUTIF PENGURUSAN PERNIAGAAN,6295.00,ONLINE,7261,MASTER,40-49,48.0
2023,HMPB22124,47,MELAYU,FEMALE,BEKERJA SEPENUH MASA,PANORAMA LANGKAWI SDN. BHD.,"PROFESSIONAL, SCIENTIFIC, AND TECHNICAL ACTIVITIES",KEDAH,340,MASTER EKSEKUTIF PENGURUSAN PERNIAGAAN,4645.00,ONLINE,7956,MASTER,40-49,47.0
2023,HMPB22126,35,INDIA,FEMALE,BEKERJA/USAHAWAN/FREELANCE (SEPARA MASA),E-HAILING,"PROFESSIONAL, SCIENTIFIC, AND TECHNICAL ACTIVITIES",SELANGOR,340,MASTER EKSEKUTIF PENGURUSAN PERNIAGAAN,2000.00,ONLINE,7931,MASTER,30-39,35.0
2023,HMPB22201,52,CINA,MALE,BEKERJA SEPENUH MASA,MODERN ENGINEERING SOLUTIONS SDN BHD,"PROFESSIONAL, SCIENTIFIC, AND TECHNICAL ACTIVITIES",SELANGOR,340,MASTER EKSEKUTIF PENGURUSAN PERNIAGAAN,11500.00,ONLINE,8161,MASTER,50-59,52.0
2023,HMPB22203,43,INDIA,FEMALE,BEKERJA SEPENUH MASA,ASSOCIATED AIR-PAK IND SDN BHD,"PROFESSIONAL, SCIENTIFIC, AND TECHNICAL ACTIVITIES",PERAK,340,MASTER EKSEKUTIF PENGURUSAN PERNIAGAAN,2200.00,ONLINE,7683,MASTER,40-49,43.0
2023,HMPB22206,44,MELAYU,MALE,BEKERJA SEPENUH MASA,FGV HOLDINGS SDN BHD,"PROFESSIONAL, SCIENTIFIC, AND TECHNICAL ACTIVITIES",SELANGOR,340,MASTER EKSEKUTIF PENGURUSAN PERNIAGAAN,6770.00,ONLINE,7154,MASTER,40-49,44.0
2023,HMPB22210,47,INDIA,MALE,BEKERJA SEPENUH MASA,OCEAN PLACE JOIN VENTURE - E-GAMING DIVISION,"PROFESSIONAL, SCIENTIFIC, AND TECHNICAL ACTIVITIES",KEDAH,340,MASTER EKSEKUTIF PENGURUSAN PERNIAGAAN,36700.00,ONLINE,7379,MASTER,40-49,47.0
2023,HMPB22212,62,MELAYU,MALE,BEKERJA SEPENUH MASA,PARADIGMA TEGUH ENTERPRISE,"PROFESSIONAL, SCIENTIFIC, AND TECHNICAL ACTIVITIES",JOHOR,340,MASTER EKSEKUTIF PENGURUSAN PERNIAGAAN,5000.00,ONLINE,8685,MASTER,60+,62.0
2023,HMPB22214,43,MELAYU,MALE,BEKERJA SEPENUH MASA,CROSS PROTECTION (M) SDN BHD,"PROFESSIONAL, SCIENTIFIC, AND TECHNICAL ACTIVITIES",SELANGOR,340,MASTER EKSEKUTIF PENGURUSAN PERNIAGAAN,4800.00,ONLINE,7370,MASTER,40-49,43.0
2023,HMPB22216,36,SINO-NATIVE-SABAH,FEMALE,BEKERJA SEPENUH MASA,NINJA LOGISTICS SDN BHD,"PROFESSIONAL, SCIENTIFIC, AND TECHNICAL ACTIVITIES",KUALA LUMPUR,340,MASTER EKSEKUTIF PENGURUSAN PERNIAGAAN,6600.00,ONLINE,7523,MASTER,30-39,36.0
2023,HMPB22219,52,MELAYU,MALE,BEKERJA SEPENUH MASA,INTAN HECTARE SDN BHD,"PROFESSIONAL, SCIENTIFIC, AND TECHNICAL ACTIVITIES",KUALA LUMPUR,340,MASTER EKSEKUTIF PENGURUSAN PERNIAGAAN,5000.00,ONLINE,8109,MASTER,50-59,52.0
2023,HMPB22220,39,MELAYU,MALE,BEKERJA/USAHAWAN/FREELANCE,TK KANVAS SDN BHD,"PROFESSIONAL, SCIENTIFIC, AND TECHNICAL ACTIVITIES",PULAU PINANG,340,MASTER EKSEKUTIF PENGURUSAN PERNIAGAAN,5000.00,ONLINE,7380,MASTER,30-39,39.0
2023,HMPB22221,32,MELAYU,FEMALE,BEKERJA SEPENUH MASA,INDAH BUMI GLOBAL SDN BHD,"PROFESSIONAL, SCIENTIFIC, AND TECHNICAL ACTIVITIES",JOHOR,340,MASTER EKSEKUTIF PENGURUSAN PERNIAGAAN,4100.00,ONLINE,7891,MASTER,30-39,32.0
2023,HMPB22222,55,CINA,MALE,BEKERJA SEPENUH MASA,DRAINEX ENGINEERING & TRADING SDN BHD,"PROFESSIONAL, SCIENTIFIC, AND TECHNICAL ACTIVITIES",SELANGOR,340,MASTER EKSEKUTIF PENGURUSAN PERNIAGAAN,5000.00,ONLINE,7389,MASTER,50-59,55.0
2023,HMPB22223,55,INDIA,MALE,BEKERJA SEPENUH MASA,PUBLIC BANK BERHAD,"PROFESSIONAL, SCIENTIFIC, AND TECHNICAL ACTIVITIES",KUALA LUMPUR,340,MASTER EKSEKUTIF PENGURUSAN PERNIAGAAN,12890.00,ONLINE,7894,MASTER,50-59,55.0
2023,HMPB22225,40,INDIA,MALE,BEKERJA SEPENUH MASA,VEGA MUTU AGENCY,"PROFESSIONAL, SCIENTIFIC, AND TECHNICAL ACTIVITIES",SELANGOR,340,MASTER EKSEKUTIF PENGURUSAN PERNIAGAAN,10000.00,ONLINE,8449,MASTER,40-49,40.0
2023,HMPB22228,56,CINA,MALE,BEKERJA SEPENUH MASA,VISTAMORE SDN BHD,"PROFESSIONAL, SCIENTIFIC, AND TECHNICAL ACTIVITIES",SELANGOR,340,MASTER EKSEKUTIF PENGURUSAN PERNIAGAAN,30000.00,ONLINE,7129,MASTER,50-59,56.0
2023,HMPB22303,37,MELAYU,MALE,NOT SPECIFIED,NOT SPECIFIED,"PROFESSIONAL, SCIENTIFIC, AND TECHNICAL ACTIVITIES",SABAH,340,MASTER EKSEKUTIF PENGURUSAN PERNIAGAAN,NOT SPECIFIED,ONLINE,8951,MASTER,30-39,37.0
2023,HMPB22310,48,CINA,FEMALE,BEKERJA SEPENUH MASA,EP ATELIER SDN BHD,"PROFESSIONAL, SCIENTIFIC, AND TECHNICAL ACTIVITIES",KUALA LUMPUR,340,MASTER EKSEKUTIF PENGURUSAN PERNIAGAAN,5000.00,ONLINE,8774,MASTER,40-49,48.0
2023,HMPB22311,38,MELAYU,FEMALE,BEKERJA SEPENUH MASA,MIRZHA CONSTRUCTION SDN BHD,"PROFESSIONAL, SCIENTIFIC, AND TECHNICAL ACTIVITIES",SELANGOR,340,MASTER EKSEKUTIF PENGURUSAN PERNIAGAAN,10000.00,ONLINE,7897,MASTER,30-39,38.0
2023,HMPB22317,44,MELAYU,FEMALE,BEKERJA SEPENUH MASA,PENGURUSAN AIR SELANGOR SDN BHD,"PROFESSIONAL, SCIENTIFIC, AND TECHNICAL ACTIVITIES",SELANGOR,340,MASTER EKSEKUTIF PENGURUSAN PERNIAGAAN,5000.00,ONLINE,7763,MASTER,40-49,44.0
2023,HMPB22320,32,CINA,MALE,BEKERJA SEPENUH MASA,BRILLIANT LOGIC SDN BHD,"PROFESSIONAL, SCIENTIFIC, AND TECHNICAL ACTIVITIES",SELANGOR,488,MASTER EKSEKUTIF PENGURUSAN PERNIAGAAN,10000.00,ONLINE,8633,MASTER,30-39,32.0
2023,HMPB22403,35,MELAYU,MALE,NOT SPECIFIED,NOT SPECIFIED,"PROFESSIONAL, SCIENTIFIC, AND TECHNICAL ACTIVITIES",KUALA LUMPUR,340,MASTER EKSEKUTIF PENGURUSAN PERNIAGAAN,NOT SPECIFIED,ONLINE,7255,MASTER,30-39,35.0
2023,HMPB22405,52,MELAYU,MALE,BEKERJA SEPENUH MASA,PKPS MANAGEMENT SERVICES SDN BHD,"PROFESSIONAL, SCIENTIFIC, AND TECHNICAL ACTIVITIES",SELANGOR,340,MASTER EKSEKUTIF PENGURUSAN PERNIAGAAN,7400.00,ONLINE,8380,MASTER,50-59,52.0
2023,HMPB22413,48,MELAYU,MALE,BEKERJA SEPENUH MASA,MAMMOET ROMSTAR SDN BHD,"PROFESSIONAL, SCIENTIFIC, AND TECHNICAL ACTIVITIES",PERAK,340,MASTER EKSEKUTIF PENGURUSAN PERNIAGAAN,7757.00,ONLINE,7807,MASTER,40-49,48.0
2023,HMPM19405,52,MELAYU,MALE,BEKERJA SEPENUH MASA,WOOD SDN BHD,"PROFESSIONAL, SCIENTIFIC, AND TECHNICAL ACTIVITIES",NEGERI SEMBILAN,348,MASTER EKSEKUTIF OPERASI DAN PENGURUSAN PROJEK,27000.00,ONLINE,7485,MASTER,50-59,52.0
2023,HMPM20418,50,MELAYU,MALE,BEKERJA SEPENUH MASA,KACC CONSTRUCTION SDN BHD,"PROFESSIONAL, SCIENTIFIC, AND TECHNICAL ACTIVITIES",SELANGOR,348,MASTER EKSEKUTIF OPERASI DAN PENGURUSAN PROJEK,17000.00,ONLINE,8886,MASTER,50-59,50.0
2023,HMPM21101,53,DUSUN-SABAH,MALE,BEKERJA SEPENUH MASA,SEDAFIAT SDN BHD,"PROFESSIONAL, SCIENTIFIC, AND TECHNICAL ACTIVITIES",SABAH,348,MASTER EKSEKUTIF OPERASI DAN PENGURUSAN PROJEK,7140.00,ONLINE,8157,MASTER,50-59,53.0
2023,HMPM21162,33,CINA,FEMALE,BEKERJA SEPARA MASA,SKOM SDN BHD,"PROFESSIONAL, SCIENTIFIC, AND TECHNICAL ACTIVITIES",SELANGOR,348,MASTER EKSEKUTIF OPERASI DAN PENGURUSAN PROJEK,8000.00,ONLINE,8828,MASTER,30-39,33.0
2023,HMPM21172,39,MELAYU,MALE,BEKERJA SEPENUH MASA,PTTEP SARAWAK OIL LIMITED,"PROFESSIONAL, SCIENTIFIC, AND TECHNICAL ACTIVITIES",KUALA LUMPUR,348,MASTER EKSEKUTIF OPERASI DAN PENGURUSAN PROJEK,5500.00,ONLINE,8607,MASTER,30-39,39.0
2023,HMPM21210,38,MELAYU,FEMALE,BEKERJA SEPENUH MASA,HAVI LOGISTIC SDN BHD,"PROFESSIONAL, SCIENTIFIC, AND TECHNICAL ACTIVITIES",KUALA LUMPUR,348,MASTER EKSEKUTIF OPERASI DAN PENGURUSAN PROJEK,4000.00,ONLINE,8663,MASTER,30-39,38.0
2023,HMPM21230,42,MELAYU,MALE,BEKERJA SEPENUH MASA,EXXONMOBIL EXPLORATION AND PRODUCTION MALAYSIA INC.,"PROFESSIONAL, SCIENTIFIC, AND TECHNICAL ACTIVITIES",SELANGOR,348,MASTER EKSEKUTIF OPERASI DAN PENGURUSAN PROJEK,15000.00,ONLINE,7868,MASTER,40-49,42.0
2023,HMPM21305,38,MELAYU,MALE,BEKERJA SEPENUH MASA,TK ELEVATOR MALAYSIA SDN BHD,"PROFESSIONAL, SCIENTIFIC, AND TECHNICAL ACTIVITIES",SELANGOR,348,MASTER EKSEKUTIF OPERASI DAN PENGURUSAN PROJEK,6000.00,ONLINE,7592,MASTER,30-39,38.0
2023,HMPM21312,49,MELAYU,MALE,BEKERJA SEPENUH MASA,CXL EXECUTIVE SDN BHD,"PROFESSIONAL, SCIENTIFIC, AND TECHNICAL ACTIVITIES",KELANTAN,348,MASTER EKSEKUTIF OPERASI DAN PENGURUSAN PROJEK,4000.00,ONLINE,7432,MASTER,40-49,49.0
2023,HMPM21317,49,MELAYU,FEMALE,BEKERJA SEPENUH MASA,MALAYSIA MARINE AND HEAVY ENGINEERING SDN. BHD.,"PROFESSIONAL, SCIENTIFIC, AND TECHNICAL ACTIVITIES",PUTRAJAYA,348,MASTER EKSEKUTIF OPERASI DAN PENGURUSAN PROJEK,18000.00,ONLINE,8612,MASTER,40-49,49.0
2023,HMPM21318,52,MELAYU,MALE,BEKERJA SEPENUH MASA,SAPURA RAIL SYSTEMS SDN BHD,"PROFESSIONAL, SCIENTIFIC, AND TECHNICAL ACTIVITIES",SELANGOR,348,MASTER EKSEKUTIF OPERASI DAN PENGURUSAN PROJEK,9216.00,ONLINE,7224,MASTER,50-59,52.0
2023,HMPM21320,45,INDIA,MALE,BEKERJA SEPENUH MASA,TOTAL DYNAMIC ENGINEERING SDN BHD,"PROFESSIONAL, SCIENTIFIC, AND TECHNICAL ACTIVITIES",NEGERI SEMBILAN,348,MASTER EKSEKUTIF OPERASI DAN PENGURUSAN PROJEK,7000.00,ONLINE,8104,MASTER,40-49,45.0
2023,HMPM21321,42,MELAYU,MALE,BEKERJA SEPENUH MASA,TOTAL DYNAMIC ENGINEERING SDN BHD,"PROFESSIONAL, SCIENTIFIC, AND TECHNICAL ACTIVITIES",PERAK,348,MASTER EKSEKUTIF OPERASI DAN PENGURUSAN PROJEK,5000.00,ONLINE,8351,MASTER,40-49,42.0
2023,HMPM21323,46,BISAYA-SARAWAK,MALE,BEKERJA SEPENUH MASA,TOTAL MARINE TECHNOLOGY (M) SDN BHD,"PROFESSIONAL, SCIENTIFIC, AND TECHNICAL ACTIVITIES",SARAWAK,348,MASTER EKSEKUTIF OPERASI DAN PENGURUSAN PROJEK,30000.00,ONLINE,8581,MASTER,40-49,46.0
2023,HMPM21324,40,MELAYU,MALE,BEKERJA SEPENUH MASA,ESTEEL EDEN FLAME SDN BHD,"PROFESSIONAL, SCIENTIFIC, AND TECHNICAL ACTIVITIES",JOHOR,348,MASTER EKSEKUTIF OPERASI DAN PENGURUSAN PROJEK,11000.00,ONLINE,7285,MASTER,40-49,40.0
2023,HMPM21327,46,INDIA,MALE,BEKERJA SEPENUH MASA,STANDARD CHARTERED BANK,"PROFESSIONAL, SCIENTIFIC, AND TECHNICAL ACTIVITIES",SELANGOR,348,MASTER EKSEKUTIF OPERASI DAN PENGURUSAN PROJEK,16000.00,ONLINE,7451,MASTER,40-49,46.0
2023,HMPM21329,38,IBAN/SEA DAYAK -SARAWAK,MALE,BEKERJA SEPENUH MASA,PETRONAS,"PROFESSIONAL, SCIENTIFIC, AND TECHNICAL ACTIVITIES",SARAWAK,348,MASTER EKSEKUTIF OPERASI DAN PENGURUSAN PROJEK,13000.00,ONLINE,7976,MASTER,30-39,38.0
2023,HMPM21330,50,INDIA,MALE,BEKERJA SEPENUH MASA,HIINDUJA HOLDINGS SDN. BHD.,"PROFESSIONAL, SCIENTIFIC, AND TECHNICAL ACTIVITIES",SELANGOR,348,MASTER EKSEKUTIF OPERASI DAN PENGURUSAN PROJEK,7000.00,ONLINE,8766,MASTER,50-59,50.0
2023,HMPM21332,38,MELAYU,MALE,BEKERJA SEPENUH MASA,VACUUM TECHNIQUE MALAYSIA,"PROFESSIONAL, SCIENTIFIC, AND TECHNICAL ACTIVITIES",KEDAH,348,MASTER EKSEKUTIF OPERASI DAN PENGURUSAN PROJEK,5500.00,ONLINE,8270,MASTER,30-39,38.0
2023,HMPM21333,44,MELAYU,MALE,BEKERJA SEPENUH MASA,FELDA PLANTATION MANAGEMENT SDN BHD,"PROFESSIONAL, SCIENTIFIC, AND TECHNICAL ACTIVITIES",PAHANG,348,MASTER EKSEKUTIF OPERASI DAN PENGURUSAN PROJEK,5590.00,ONLINE,8342,MASTER,40-49,44.0
2023,HMPM21334,42,MELAYU,FEMALE,BEKERJA SEPENUH MASA,SYNCNETIC SDN BHD,"PROFESSIONAL, SCIENTIFIC, AND TECHNICAL ACTIVITIES",KUALA LUMPUR,348,MASTER EKSEKUTIF OPERASI DAN PENGURUSAN PROJEK,3600.00,ONLINE,7542,MASTER,40-49,42.0
2023,HMPM21336,48,MELAYU,MALE,BEKERJA SEPENUH MASA,HICOM TECK SEE MANUFACTURING (M) SDN BHD,"PROFESSIONAL, SCIENTIFIC, AND TECHNICAL ACTIVITIES",PERAK,348,MASTER EKSEKUTIF OPERASI DAN PENGURUSAN PROJEK,5167.00,ONLINE,7808,MASTER,40-49,48.0
2023,HMPM21337,45,IBAN/SEA DAYAK -SARAWAK,MALE,BEKERJA SEPENUH MASA,GE POWER SOLUTIONS SDN BHD,"PROFESSIONAL, SCIENTIFIC, AND TECHNICAL ACTIVITIES",SARAWAK,348,MASTER EKSEKUTIF OPERASI DAN PENGURUSAN PROJEK,7800.00,ONLINE,7713,MASTER,40-49,45.0
2023,HMPM21338,40,INDIA,MALE,BEKERJA SEPENUH MASA,JABIL CIRCUIT SDN BHD,"PROFESSIONAL, SCIENTIFIC, AND TECHNICAL ACTIVITIES",PULAU PINANG,348,MASTER EKSEKUTIF OPERASI DAN PENGURUSAN PROJEK,14000.00,ONLINE,7497,MASTER,40-49,40.0
2023,HMPM21339,46,MELAYU,MALE,BEKERJA SEPENUH MASA,NSE LOGISTIC SDN BHD,"PROFESSIONAL, SCIENTIFIC, AND TECHNICAL ACTIVITIES",SABAH,348,MASTER EKSEKUTIF OPERASI DAN PENGURUSAN PROJEK,4500.00,ONLINE,7108,MASTER,40-49,46.0
2023,HMPM21345,39,MELAYU,MALE,BEKERJA SEPENUH MASA,ERICSSON SDN BHD,"PROFESSIONAL, SCIENTIFIC, AND TECHNICAL ACTIVITIES",PAHANG,348,MASTER EKSEKUTIF OPERASI DAN PENGURUSAN PROJEK,5000.00,ONLINE,8417,MASTER,30-39,39.0
2023,HMPM21346,38,INDIA MUSLIM,MALE,BEKERJA SEPENUH MASA,BUREAU VERITAS (M) SDN BHD,"PROFESSIONAL, SCIENTIFIC, AND TECHNICAL ACTIVITIES",NEGERI SEMBILAN,348,MASTER EKSEKUTIF OPERASI DAN PENGURUSAN PROJEK,18500.00,ONLINE,8502,MASTER,30-39,38.0
2023,HMPM21404,46,MELANAU-SARAWAK,MALE,BEKERJA SEPENUH MASA,SHIN YANG- HOLLYSTONE QUARRY SDN BHD,"PROFESSIONAL, SCIENTIFIC, AND TECHNICAL ACTIVITIES",SARAWAK,348,MASTER EKSEKUTIF OPERASI DAN PENGURUSAN PROJEK,2700.00,ONLINE,8554,MASTER,40-49,46.0
2023,HMPM21405,49,MELAYU,FEMALE,BEKERJA SEPENUH MASA,DELEUM TECHNOLOGY SOLUTIONS SDN BHD,"PROFESSIONAL, SCIENTIFIC, AND TECHNICAL ACTIVITIES",SELANGOR,348,MASTER EKSEKUTIF OPERASI DAN PENGURUSAN PROJEK,5000.00,ONLINE,7626,MASTER,40-49,49.0
2023,HMPM21412,39,MELAYU,MALE,BEKERJA SEPENUH MASA,DAYANG ENTERPRISE HOLDING BERHAD,"PROFESSIONAL, SCIENTIFIC, AND TECHNICAL ACTIVITIES",JOHOR,348,MASTER EKSEKUTIF OPERASI DAN PENGURUSAN PROJEK,9000.00,ONLINE,8887,MASTER,30-39,39.0
2023,HMPM21414,42,MELAYU,MALE,BEKERJA SEPENUH MASA,HSS INTEGRATED SDN BHD,"PROFESSIONAL, SCIENTIFIC, AND TECHNICAL ACTIVITIES",PERAK,348,MASTER EKSEKUTIF OPERASI DAN PENGURUSAN PROJEK,8500.00,ONLINE,7902,MASTER,40-49,42.0
2023,HMPM21415,47,INDIA,MALE,BEKERJA SEPENUH MASA,FAIRMONT INDUSTRIES SDN BHD,"PROFESSIONAL, SCIENTIFIC, AND TECHNICAL ACTIVITIES",NEGERI SEMBILAN,348,MASTER EKSEKUTIF OPERASI DAN PENGURUSAN PROJEK,14000.00,ONLINE,8870,MASTER,40-49,47.0
2023,HMPM21417,47,MELAYU,MALE,BEKERJA SEPENUH MASA,PETRONAS CARIGALI SDN BHD,"PROFESSIONAL, SCIENTIFIC, AND TECHNICAL ACTIVITIES",JOHOR,348,MASTER EKSEKUTIF OPERASI DAN PENGURUSAN PROJEK,11600.00,ONLINE,8358,MASTER,40-49,47.0
2023,HMPM21418,40,CINA,MALE,NOT SPECIFIED,NOT SPECIFIED,"PROFESSIONAL, SCIENTIFIC, AND TECHNICAL ACTIVITIES",LABUAN,348,MASTER EKSEKUTIF OPERASI DAN PENGURUSAN PROJEK,NOT SPECIFIED,ONLINE,8523,MASTER,40-49,40.0
2023,HMPM21419,54,MELAYU,MALE,NOT SPECIFIED,NOT SPECIFIED,"PROFESSIONAL, SCIENTIFIC, AND TECHNICAL ACTIVITIES",SARAWAK,348,MASTER EKSEKUTIF OPERASI DAN PENGURUSAN PROJEK,NOT SPECIFIED,ONLINE,7429,MASTER,50-59,54.0
2023,HMPM21424,60,MELAYU,MALE,NOT SPECIFIED,NOT SPECIFIED,"PROFESSIONAL, SCIENTIFIC, AND TECHNICAL ACTIVITIES",SELANGOR,348,MASTER EKSEKUTIF OPERASI DAN PENGURUSAN PROJEK,NOT SPECIFIED,ONLINE,8830,MASTER,60+,60.0
2023,HMPM21425,44,MELAYU,MALE,NOT SPECIFIED,NOT SPECIFIED,"PROFESSIONAL, SCIENTIFIC, AND TECHNICAL ACTIVITIES",SELANGOR,348,MASTER EKSEKUTIF OPERASI DAN PENGURUSAN PROJEK,NOT SPECIFIED,ONLINE,8396,MASTER,40-49,44.0
2023,HMPM21426,49,MELAYU,MALE,BEKERJA SEPENUH MASA,ELSA ENERGY SDN BHD,"PROFESSIONAL, SCIENTIFIC, AND TECHNICAL ACTIVITIES",TERENGGANU,348,MASTER EKSEKUTIF OPERASI DAN PENGURUSAN PROJEK,9800.00,ONLINE,8723,MASTER,40-49,49.0
2023,HMPM21429,43,NOT SPECIFIED,MALE,NOT SPECIFIED,NOT SPECIFIED,"PROFESSIONAL, SCIENTIFIC, AND TECHNICAL ACTIVITIES",TERENGGANU,348,MASTER EKSEKUTIF OPERASI DAN PENGURUSAN PROJEK,NOT SPECIFIED,ONLINE,8495,MASTER,40-49,43.0
2023,HMPM21431,33,MELAYU,MALE,NOT SPECIFIED,NOT SPECIFIED,"PROFESSIONAL, SCIENTIFIC, AND TECHNICAL ACTIVITIES",SELANGOR,348,MASTER EKSEKUTIF OPERASI DAN PENGURUSAN PROJEK,NOT SPECIFIED,ONLINE,8568,MASTER,30-39,33.0
2023,HMPM21433,46,INDIA,MALE,BEKERJA SEPENUH MASA,MAGIC CONVENIENCE STORE,"PROFESSIONAL, SCIENTIFIC, AND TECHNICAL ACTIVITIES",SELANGOR,348,MASTER EKSEKUTIF OPERASI DAN PENGURUSAN PROJEK,9000.00,ONLINE,8634,MASTER,40-49,46.0
2023,HMPM21437,41,MELAYU,MALE,BEKERJA SEPENUH MASA,ACTIVE HYDRO CONTROL SDN BHD,"PROFESSIONAL, SCIENTIFIC, AND TECHNICAL ACTIVITIES",SELANGOR,348,MASTER EKSEKUTIF OPERASI DAN PENGURUSAN PROJEK,10000.00,ONLINE,7823,MASTER,40-49,41.0
2023,HMPM21439,46,MELAYU,MALE,BEKERJA SEPENUH MASA,ELPIJI (M) SDN. BHD.,"PROFESSIONAL, SCIENTIFIC, AND TECHNICAL ACTIVITIES",SELANGOR,348,MASTER EKSEKUTIF OPERASI DAN PENGURUSAN PROJEK,4630.00,ONLINE,7462,MASTER,40-49,46.0
2023,HMPM21445,55,MELAYU,MALE,NOT SPECIFIED,NOT SPECIFIED,"PROFESSIONAL, SCIENTIFIC, AND TECHNICAL ACTIVITIES",NEGERI SEMBILAN,348,MASTER EKSEKUTIF OPERASI DAN PENGURUSAN PROJEK,NOT SPECIFIED,ONLINE,8521,MASTER,50-59,55.0
2023,HMPM21451,48,MELAYU,MALE,BEKERJA/USAHAWAN/FREELANCE,FESTER AUTOMATION SDN. BHD.,"PROFESSIONAL, SCIENTIFIC, AND TECHNICAL ACTIVITIES",SELANGOR,348,MASTER EKSEKUTIF OPERASI DAN PENGURUSAN PROJEK,6000.00,ONLINE,8939,MASTER,40-49,48.0
2023,HMPM21452,42,MELAYU,MALE,BEKERJA SEPENUH MASA,IJM CORPORATION BERHAD,"PROFESSIONAL, SCIENTIFIC, AND TECHNICAL ACTIVITIES",SELANGOR,348,MASTER EKSEKUTIF OPERASI DAN PENGURUSAN PROJEK,6285.00,ONLINE,7267,MASTER,40-49,42.0
2023,HMPM22102,39,MELAYU,MALE,BEKERJA SEPENUH MASA,TIME DOT COM,"PROFESSIONAL, SCIENTIFIC, AND TECHNICAL ACTIVITIES",SELANGOR,348,MASTER EKSEKUTIF OPERASI DAN PENGURUSAN PROJEK,4680.00,ONLINE,7782,MASTER,30-39,39.0
2023,HMPM22104,42,INDIA,MALE,BEKERJA SEPENUH MASA,SIX HR SOLUTIONS SDN BHD,"PROFESSIONAL, SCIENTIFIC, AND TECHNICAL ACTIVITIES",NEGERI SEMBILAN,348,MASTER EKSEKUTIF OPERASI DAN PENGURUSAN PROJEK,25000.00,ONLINE,8583,MASTER,40-49,42.0
2023,HMPM22108,33,MELAYU,MALE,BEKERJA/USAHAWAN/FREELANCE,HYDRISE SOLUTION SDN,"PROFESSIONAL, SCIENTIFIC, AND TECHNICAL ACTIVITIES",MELAKA,348,MASTER EKSEKUTIF OPERASI DAN PENGURUSAN PROJEK,4400.00,ONLINE,8567,MASTER,30-39,33.0
2023,HMPM22110,43,MELAYU,MALE,BEKERJA SEPENUH MASA,PETRA RESOURCES SDN BHD,"PROFESSIONAL, SCIENTIFIC, AND TECHNICAL ACTIVITIES",SARAWAK,348,MASTER EKSEKUTIF OPERASI DAN PENGURUSAN PROJEK,5000.00,ONLINE,8547,MASTER,40-49,43.0
2023,HMPM22112,43,NOT SPECIFIED,MALE,NOT SPECIFIED,NOT SPECIFIED,"PROFESSIONAL, SCIENTIFIC, AND TECHNICAL ACTIVITIES",JOHOR,348,MASTER EKSEKUTIF OPERASI DAN PENGURUSAN PROJEK,NOT SPECIFIED,ONLINE,8107,MASTER,40-49,43.0
2023,HMPM22113,30,MELAYU,FEMALE,BEKERJA SEPENUH MASA,CMS ROADS SDN BHD,"PROFESSIONAL, SCIENTIFIC, AND TECHNICAL ACTIVITIES",SARAWAK,348,MASTER EKSEKUTIF OPERASI DAN PENGURUSAN PROJEK,3000.00,ONLINE,8287,MASTER,30-39,30.0
2023,HMPM22115,44,MELAYU,MALE,BEKERJA SEPENUH MASA,RADICARE(M) SDN BHD,"PROFESSIONAL, SCIENTIFIC, AND TECHNICAL ACTIVITIES",TERENGGANU,348,MASTER EKSEKUTIF OPERASI DAN PENGURUSAN PROJEK,2471.00,ONLINE,8037,MASTER,40-49,44.0
2023,HMPM22116,38,MELAYU,MALE,BEKERJA SEPENUH MASA,DAYANG ENTERPRISE SDN BHD,"PROFESSIONAL, SCIENTIFIC, AND TECHNICAL ACTIVITIES",PAHANG,348,MASTER EKSEKUTIF OPERASI DAN PENGURUSAN PROJEK,9500.00,ONLINE,7125,MASTER,30-39,38.0
2023,HMPM22117,37,INDIA,MALE,BEKERJA SEPENUH MASA,RANHILL WORLEY SDN BHD,"PROFESSIONAL, SCIENTIFIC, AND TECHNICAL ACTIVITIES",JOHOR,348,MASTER EKSEKUTIF OPERASI DAN PENGURUSAN PROJEK,16900.00,ONLINE,7528,MASTER,30-39,37.0
2023,HMPM22120,47,MELAYU,MALE,BEKERJA SEPENUH MASA,HENGYUAN REFINING COMPANY BERHAD,"PROFESSIONAL, SCIENTIFIC, AND TECHNICAL ACTIVITIES",KEDAH,348,MASTER EKSEKUTIF OPERASI DAN PENGURUSAN PROJEK,20000.00,ONLINE,7328,MASTER,40-49,47.0
2023,HMPM22122,48,HOKKIEN,FEMALE,BEKERJA SEPENUH MASA,FOURMATE PLANNING SDN. BHD.,"PROFESSIONAL, SCIENTIFIC, AND TECHNICAL ACTIVITIES",JOHOR,348,MASTER EKSEKUTIF OPERASI DAN PENGURUSAN PROJEK,10000.00,ONLINE,7486,MASTER,40-49,48.0
2023,HMPM22124,37,MELAYU,MALE,BEKERJA SEPENUH MASA,UBF TSM ENGINEERING SDN BHD,"PROFESSIONAL, SCIENTIFIC, AND TECHNICAL ACTIVITIES",TERENGGANU,348,MASTER EKSEKUTIF OPERASI DAN PENGURUSAN PROJEK,6000.00,ONLINE,8835,MASTER,30-39,37.0
2023,HMPM22127,47,MELAYU,MALE,BEKERJA/USAHAWAN/FREELANCE,KINETIC TECHNICAL SDN BHD,"PROFESSIONAL, SCIENTIFIC, AND TECHNICAL ACTIVITIES",SELANGOR,348,MASTER EKSEKUTIF OPERASI DAN PENGURUSAN PROJEK,10000.00,ONLINE,8115,MASTER,40-49,47.0
2023,HMPM22128,42,MELAYU,MALE,BEKERJA SEPENUH MASA,TH-ALAM MANAGEMENT SDN BHD,"PROFESSIONAL, SCIENTIFIC, AND TECHNICAL ACTIVITIES",KEDAH,348,MASTER EKSEKUTIF OPERASI DAN PENGURUSAN PROJEK,14400.00,ONLINE,7147,MASTER,40-49,42.0
2023,HMPM22129,40,MELAYU,MALE,BEKERJA SEPENUH MASA,GALAXYFORCE SECURITY SERVICES SDN BHD,"PROFESSIONAL, SCIENTIFIC, AND TECHNICAL ACTIVITIES",JOHOR,348,MASTER EKSEKUTIF OPERASI DAN PENGURUSAN PROJEK,5000.00,ONLINE,8420,MASTER,40-49,40.0
2023,HMPM22133,46,MELAYU,MALE,BEKERJA/USAHAWAN/FREELANCE (SEPARA MASA),SAPURA OMV SDN BHD,"PROFESSIONAL, SCIENTIFIC, AND TECHNICAL ACTIVITIES",JOHOR,348,MASTER EKSEKUTIF OPERASI DAN PENGURUSAN PROJEK,7500.00,ONLINE,8308,MASTER,40-49,46.0
2023,HMPM22134,46,MELAYU,MALE,BEKERJA SEPENUH MASA,SAPURA- OMV SARAWAK SDN BHD,"PROFESSIONAL, SCIENTIFIC, AND TECHNICAL ACTIVITIES",JOHOR,348,MASTER EKSEKUTIF OPERASI DAN PENGURUSAN PROJEK,22500.00,ONLINE,7343,MASTER,40-49,46.0
2023,HMPM22135,36,MELAYU,MALE,BEKERJA SEPENUH MASA,KERRY INGREDIENT (M) SDN.BHD.,"PROFESSIONAL, SCIENTIFIC, AND TECHNICAL ACTIVITIES",KEDAH,348,MASTER EKSEKUTIF OPERASI DAN PENGURUSAN PROJEK,4000.00,ONLINE,8742,MASTER,30-39,36.0
2023,HMPM22136,44,MELAYU,FEMALE,BEKERJA/USAHAWAN/FREELANCE,EXPEDITION 96 SOLUTION SDN BHD,"PROFESSIONAL, SCIENTIFIC, AND TECHNICAL ACTIVITIES",JOHOR,348,MASTER EKSEKUTIF OPERASI DAN PENGURUSAN PROJEK,12000.00,ONLINE,7412,MASTER,40-49,44.0
2023,HMPM22138,41,BRUNEI-SABAH,FEMALE,BEKERJA SEPENUH MASA,BAKER HUGHES (M) SDN BHD,"PROFESSIONAL, SCIENTIFIC, AND TECHNICAL ACTIVITIES",SABAH,348,MASTER EKSEKUTIF OPERASI DAN PENGURUSAN PROJEK,3500.00,ONLINE,8302,MASTER,40-49,41.0
2023,HMPM22139,47,MELAYU,FEMALE,BEKERJA SEPENUH MASA,PETROLIAM NASIONAL BERHAD (PETRONAS),"PROFESSIONAL, SCIENTIFIC, AND TECHNICAL ACTIVITIES",PAHANG,348,MASTER EKSEKUTIF OPERASI DAN PENGURUSAN PROJEK,7000.00,ONLINE,8035,MASTER,40-49,47.0
2023,HMPM22141,42,MELAYU,MALE,BEKERJA SEPENUH MASA,REACH SUBSEA PTE LTD,"PROFESSIONAL, SCIENTIFIC, AND TECHNICAL ACTIVITIES",TERENGGANU,348,MASTER EKSEKUTIF OPERASI DAN PENGURUSAN PROJEK,16000.00,ONLINE,7322,MASTER,40-49,42.0
2023,HMPM22144,44,INDIA,FEMALE,BEKERJA SEPENUH MASA,ADEMCO PTE LTD,"PROFESSIONAL, SCIENTIFIC, AND TECHNICAL ACTIVITIES",JOHOR,348,MASTER EKSEKUTIF OPERASI DAN PENGURUSAN PROJEK,7000.00,ONLINE,7876,MASTER,40-49,44.0
2023,HMPM22149,47,INDIA,MALE,BEKERJA SEPENUH MASA,CHEVRON,"PROFESSIONAL, SCIENTIFIC, AND TECHNICAL ACTIVITIES",JOHOR,348,MASTER EKSEKUTIF OPERASI DAN PENGURUSAN PROJEK,7000.00,ONLINE,8214,MASTER,40-49,47.0
2023,HMPM22155,45,INDIA,MALE,BEKERJA SEPENUH MASA,WINGSOVERASIA,"PROFESSIONAL, SCIENTIFIC, AND TECHNICAL ACTIVITIES",SELANGOR,348,MASTER EKSEKUTIF OPERASI DAN PENGURUSAN PROJEK,15000.00,ONLINE,8723,MASTER,40-49,45.0
2023,HMPM22158,34,MELAYU,MALE,BEKERJA SEPENUH MASA,MODERN ES SDN BHD,"PROFESSIONAL, SCIENTIFIC, AND TECHNICAL ACTIVITIES",TERENGGANU,348,MASTER EKSEKUTIF OPERASI DAN PENGURUSAN PROJEK,4500.00,ONLINE,7131,MASTER,30-39,34.0
2023,HMPM22205,42,DUSUN-SABAH,MALE,BEKERJA SEPENUH MASA,HIBISCUS PETROLEUM,"PROFESSIONAL, SCIENTIFIC, AND TECHNICAL ACTIVITIES",SABAH,348,MASTER EKSEKUTIF OPERASI DAN PENGURUSAN PROJEK,10000.00,ONLINE,8789,MASTER,40-49,42.0
2023,HMPM22208,53,BISAYA-SABAH,MALE,BEKERJA/USAHAWAN/FREELANCE,ORGANIC RESOURCES SDN BHD,"PROFESSIONAL, SCIENTIFIC, AND TECHNICAL ACTIVITIES",SABAH,348,MASTER EKSEKUTIF OPERASI DAN PENGURUSAN PROJEK,5000.00,ONLINE,7217,MASTER,50-59,53.0
2023,HMPM22209,36,MELAYU,MALE,BEKERJA SEPENUH MASA,HITACHI RAIL STS MALAYSIA SDN BHD,"PROFESSIONAL, SCIENTIFIC, AND TECHNICAL ACTIVITIES",SELANGOR,348,MASTER EKSEKUTIF OPERASI DAN PENGURUSAN PROJEK,10500.00,ONLINE,7659,MASTER,30-39,36.0
2023,HMPM22210,29,INDIA,MALE,BEKERJA SEPENUH MASA,AGILE FORMERS SDN BHD,"PROFESSIONAL, SCIENTIFIC, AND TECHNICAL ACTIVITIES",NEGERI SEMBILAN,348,MASTER EKSEKUTIF OPERASI DAN PENGURUSAN PROJEK,5000.00,ONLINE,8309,MASTER,<29,29.0
2023,HMPM22211,42,MELAYU,MALE,BEKERJA SEPENUH MASA,ENPROSERVE (M) SDN BHD,"PROFESSIONAL, SCIENTIFIC, AND TECHNICAL ACTIVITIES",JOHOR,348,MASTER EKSEKUTIF OPERASI DAN PENGURUSAN PROJEK,9000.00,ONLINE,7740,MASTER,40-49,42.0
2023,HMPM22214,40,MELAYU,MALE,BEKERJA SEPENUH MASA,SEKITO SDN BHD,"PROFESSIONAL, SCIENTIFIC, AND TECHNICAL ACTIVITIES",SELANGOR,348,MASTER EKSEKUTIF OPERASI DAN PENGURUSAN PROJEK,14500.00,ONLINE,7458,MASTER,40-49,40.0
2023,HMPM22216,39,MELAYU,MALE,BEKERJA SEPENUH MASA,KEMAMAN BITUMEN COMPANY SDN BHD,"PROFESSIONAL, SCIENTIFIC, AND TECHNICAL ACTIVITIES",KELANTAN,348,MASTER EKSEKUTIF OPERASI DAN PENGURUSAN PROJEK,9790.00,ONLINE,7424,MASTER,30-39,39.0
2023,HMPM22218,33,MELAYU,MALE,BEKERJA SEPENUH MASA,MENTA CONSTRUCTION SDN BHD,"PROFESSIONAL, SCIENTIFIC, AND TECHNICAL ACTIVITIES",PAHANG,348,MASTER EKSEKUTIF OPERASI DAN PENGURUSAN PROJEK,4000.00,ONLINE,8608,MASTER,30-39,33.0
2023,HMPM22219,42,MELAYU,MALE,BEKERJA SEPENUH MASA,FPSO VENTURES SDN BHD,"PROFESSIONAL, SCIENTIFIC, AND TECHNICAL ACTIVITIES",KUALA LUMPUR,348,MASTER EKSEKUTIF OPERASI DAN PENGURUSAN PROJEK,11400.00,ONLINE,8057,MASTER,40-49,42.0
2023,HMPM22221,49,MELAYU,MALE,BEKERJA SEPARA MASA,SAPURA ENERGY SDN BHD,"PROFESSIONAL, SCIENTIFIC, AND TECHNICAL ACTIVITIES",JOHOR,348,MASTER EKSEKUTIF OPERASI DAN PENGURUSAN PROJEK,10000.00,ONLINE,8642,MASTER,40-49,49.0
2023,HMPM22224,37,MELAYU,MALE,BEKERJA SEPENUH MASA,SPM OIL & GAS,"PROFESSIONAL, SCIENTIFIC, AND TECHNICAL ACTIVITIES",TERENGGANU,348,MASTER EKSEKUTIF OPERASI DAN PENGURUSAN PROJEK,10000.00,ONLINE,7328,MASTER,30-39,37.0
2023,HMPM22235,35,BAJAU - SABAH,MALE,BEKERJA SEPENUH MASA,PERTUBUHAN KDMRS MUSLIM,"PROFESSIONAL, SCIENTIFIC, AND TECHNICAL ACTIVITIES",SABAH,348,MASTER EKSEKUTIF OPERASI DAN PENGURUSAN PROJEK,2500.00,ONLINE,8924,MASTER,30-39,35.0
2023,HMPM22236,41,MELAYU,MALE,BEKERJA SEPENUH MASA,PENGURUSAN AIR PAHANG BERHAD,"PROFESSIONAL, SCIENTIFIC, AND TECHNICAL ACTIVITIES",PAHANG,348,MASTER EKSEKUTIF OPERASI DAN PENGURUSAN PROJEK,4885.00,ONLINE,8836,MASTER,40-49,41.0
2023,HMPM22237,43,INDIA,MALE,BEKERJA/USAHAWAN/FREELANCE,VESTIGO PETROLEUM SDN.BHD,"PROFESSIONAL, SCIENTIFIC, AND TECHNICAL ACTIVITIES",SELANGOR,348,MASTER EKSEKUTIF OPERASI DAN PENGURUSAN PROJEK,10000.00,ONLINE,7527,MASTER,40-49,43.0
2023,HMPM22238,58,CINA,MALE,BEKERJA SEPENUH MASA,AEM MICROTRONICS SDN BHD,"PROFESSIONAL, SCIENTIFIC, AND TECHNICAL ACTIVITIES",PULAU PINANG,348,MASTER EKSEKUTIF OPERASI DAN PENGURUSAN PROJEK,31900.00,ONLINE,8083,MASTER,50-59,58.0
2023,HMPM22240,48,MELAYU,MALE,BEKERJA SEPENUH MASA,RAFFLESCARE SDN. BHD.,"PROFESSIONAL, SCIENTIFIC, AND TECHNICAL ACTIVITIES",KUALA LUMPUR,348,MASTER EKSEKUTIF OPERASI DAN PENGURUSAN PROJEK,10000.00,ONLINE,7870,MASTER,40-49,48.0
2023,HMPM22241,34,IBAN/SEA DAYAK -SARAWAK,MALE,BEKERJA SEPENUH MASA,OCEAN VANTAGE INSPECTION TESTING SDN BHD,"PROFESSIONAL, SCIENTIFIC, AND TECHNICAL ACTIVITIES",JOHOR,348,MASTER EKSEKUTIF OPERASI DAN PENGURUSAN PROJEK,7200.00,ONLINE,7659,MASTER,30-39,34.0
2023,HMPM22242,38,MELAYU,MALE,BEKERJA SEPENUH MASA,OCEAN VANTAGE INSPECTION TESTING SDN BHD,"PROFESSIONAL, SCIENTIFIC, AND TECHNICAL ACTIVITIES",KUALA LUMPUR,348,MASTER EKSEKUTIF OPERASI DAN PENGURUSAN PROJEK,10800.00,ONLINE,8369,MASTER,30-39,38.0
2023,HMPM22243,45,MELAYU,MALE,BEKERJA SEPENUH MASA,ZANIH (M) SDN. BHD.,"PROFESSIONAL, SCIENTIFIC, AND TECHNICAL ACTIVITIES",NEGERI SEMBILAN,348,MASTER EKSEKUTIF OPERASI DAN PENGURUSAN PROJEK,10000.00,ONLINE,8921,MASTER,40-49,45.0
2023,HMPM22301,50,MELAYU,MALE,BEKERJA SEPENUH MASA,H2R OIL AND GAS SERVICES SDN BHD,"PROFESSIONAL, SCIENTIFIC, AND TECHNICAL ACTIVITIES",SELANGOR,348,MASTER EKSEKUTIF OPERASI DAN PENGURUSAN PROJEK,10000.00,ONLINE,8264,MASTER,50-59,50.0
2023,HMPM22304,49,MELAYU,MALE,BEKERJA SEPENUH MASA,TH PROPERTIES SDN BHD,"PROFESSIONAL, SCIENTIFIC, AND TECHNICAL ACTIVITIES",NEGERI SEMBILAN,348,MASTER EKSEKUTIF OPERASI DAN PENGURUSAN PROJEK,5500.00,ONLINE,7595,MASTER,40-49,49.0
2023,HMPM22306,42,INDIA,MALE,BEKERJA SEPENUH MASA,EXXONMOBIL MALAYSIA SDN BHD,"PROFESSIONAL, SCIENTIFIC, AND TECHNICAL ACTIVITIES",NEGERI SEMBILAN,348,MASTER EKSEKUTIF OPERASI DAN PENGURUSAN PROJEK,8000.00,ONLINE,7410,MASTER,40-49,42.0
2023,HMPM22307,40,INDIA,MALE,BEKERJA SEPENUH MASA,DHRRA MALAYSIA,"PROFESSIONAL, SCIENTIFIC, AND TECHNICAL ACTIVITIES",PERAK,348,MASTER EKSEKUTIF OPERASI DAN PENGURUSAN PROJEK,5500.00,ONLINE,7178,MASTER,40-49,40.0
2023,HMPM22311,33,MELAYU,MALE,BEKERJA SEPENUH MASA,CHEKSERN YOUNG BUILDERS SDN BHD,"PROFESSIONAL, SCIENTIFIC, AND TECHNICAL ACTIVITIES",SELANGOR,348,MASTER EKSEKUTIF OPERASI DAN PENGURUSAN PROJEK,7000.00,ONLINE,7243,MASTER,30-39,33.0
2023,HMPM22313,55,MELAYU,MALE,BEKERJA SEPENUH MASA,MALAYSIA AIRLINES BERHAD,"PROFESSIONAL, SCIENTIFIC, AND TECHNICAL ACTIVITIES",NEGERI SEMBILAN,348,MASTER EKSEKUTIF OPERASI DAN PENGURUSAN PROJEK,6500.00,ONLINE,8255,MASTER,50-59,55.0
2023,HMPM22314,43,KADAZAN-SABAH,MALE,BEKERJA SEPENUH MASA,EC GREEN CYCLE SDN BHD,"PROFESSIONAL, SCIENTIFIC, AND TECHNICAL ACTIVITIES",SABAH,348,MASTER EKSEKUTIF OPERASI DAN PENGURUSAN PROJEK,5000.00,ONLINE,7732,MASTER,40-49,43.0
2023,HMPM22315,46,KADAZAN-SINO-SABAH,MALE,BEKERJA SEPENUH MASA,YTL HOTEL & PROPERTIES,"PROFESSIONAL, SCIENTIFIC, AND TECHNICAL ACTIVITIES",SABAH,348,MASTER EKSEKUTIF OPERASI DAN PENGURUSAN PROJEK,8500.00,ONLINE,8089,MASTER,40-49,46.0
2023,HMPM22320,43,MELAYU,MALE,BEKERJA SEPARA MASA,BA URUS BINA SDN BHD,"PROFESSIONAL, SCIENTIFIC, AND TECHNICAL ACTIVITIES",JOHOR,348,MASTER EKSEKUTIF OPERASI DAN PENGURUSAN PROJEK,4000.00,ONLINE,8379,MASTER,40-49,43.0
2023,HMPM22322,40,MELAYU,MALE,BEKERJA SEPENUH MASA,MIRZHA CONSTRUCTION SDN BHD,"PROFESSIONAL, SCIENTIFIC, AND TECHNICAL ACTIVITIES",SELANGOR,348,MASTER EKSEKUTIF OPERASI DAN PENGURUSAN PROJEK,10000.00,ONLINE,8349,MASTER,40-49,40.0
2023,HMPM22323,38,CINA,MALE,BEKERJA/USAHAWAN/FREELANCE,SAGA SINARMAS SDN BHD,"PROFESSIONAL, SCIENTIFIC, AND TECHNICAL ACTIVITIES",SARAWAK,348,MASTER EKSEKUTIF OPERASI DAN PENGURUSAN PROJEK,20000.00,ONLINE,8571,MASTER,30-39,38.0
2023,HMPM22324,30,CINA,MALE,BEKERJA SEPENUH MASA,AGRICHERAX SDN BHD,"PROFESSIONAL, SCIENTIFIC, AND TECHNICAL ACTIVITIES",SARAWAK,348,MASTER EKSEKUTIF OPERASI DAN PENGURUSAN PROJEK,4500.00,ONLINE,7041,MASTER,30-39,30.0
2023,HMPM22325,50,CANTONESE,MALE,BEKERJA SEPENUH MASA,DAYANG ENTERPRISE SDN BHD,"PROFESSIONAL, SCIENTIFIC, AND TECHNICAL ACTIVITIES",SARAWAK,348,MASTER EKSEKUTIF OPERASI DAN PENGURUSAN PROJEK,25000.00,ONLINE,8125,MASTER,50-59,50.0
2023,HMPM22326,49,KAYAN-SARAWAK,MALE,BEKERJA/USAHAWAN/FREELANCE,SAGA SINARMAS SDN BHD,"PROFESSIONAL, SCIENTIFIC, AND TECHNICAL ACTIVITIES",SARAWAK,348,MASTER EKSEKUTIF OPERASI DAN PENGURUSAN PROJEK,4001.00,ONLINE,7511,MASTER,40-49,49.0
2023,HMPM22327,38,CINA,MALE,BEKERJA SEPENUH MASA,CRISTAR GROUP SDN BHD,"PROFESSIONAL, SCIENTIFIC, AND TECHNICAL ACTIVITIES",SARAWAK,348,MASTER EKSEKUTIF OPERASI DAN PENGURUSAN PROJEK,15000.00,ONLINE,8932,MASTER,30-39,38.0
2023,HMPM22329,36,CINA,MALE,BEKERJA SEPENUH MASA,TOTAL DYNAMIC ENGINEERING SDN BHD,"PROFESSIONAL, SCIENTIFIC, AND TECHNICAL ACTIVITIES",NEGERI SEMBILAN,348,MASTER EKSEKUTIF OPERASI DAN PENGURUSAN PROJEK,6000.00,ONLINE,7226,MASTER,30-39,36.0
2023,HMPM22331,36,MELAYU,MALE,BEKERJA SEPENUH MASA,DNEX TELCO SDN BHD,"PROFESSIONAL, SCIENTIFIC, AND TECHNICAL ACTIVITIES",JOHOR,348,MASTER EKSEKUTIF OPERASI DAN PENGURUSAN PROJEK,7000.00,ONLINE,8175,MASTER,30-39,36.0
2023,HMPM22334,38,MELAYU,MALE,BEKERJA SEPENUH MASA,LAM MANUFACTURING MALAYSIA,"PROFESSIONAL, SCIENTIFIC, AND TECHNICAL ACTIVITIES",PULAU PINANG,348,MASTER EKSEKUTIF OPERASI DAN PENGURUSAN PROJEK,7000.00,ONLINE,7186,MASTER,30-39,38.0
2023,HMPM22336,55,MELAYU,MALE,BEKERJA/USAHAWAN/FREELANCE,SUBSEA WORLDWIDE SOLUTION SDN BHD,"PROFESSIONAL, SCIENTIFIC, AND TECHNICAL ACTIVITIES",TERENGGANU,348,MASTER EKSEKUTIF OPERASI DAN PENGURUSAN PROJEK,10000.00,ONLINE,7097,MASTER,50-59,55.0
2023,HMPM22337,41,INDIA,MALE,BEKERJA SEPENUH MASA,C&Y HONCH ENGINEERING SOLUTIONS,"PROFESSIONAL, SCIENTIFIC, AND TECHNICAL ACTIVITIES",SARAWAK,348,MASTER EKSEKUTIF OPERASI DAN PENGURUSAN PROJEK,2800.00,ONLINE,7285,MASTER,40-49,41.0
2023,HMPM22339,39,MELAYU,MALE,BEKERJA SEPENUH MASA,PUSAT PUNGUTAN ZAKAT MAIWP,"PROFESSIONAL, SCIENTIFIC, AND TECHNICAL ACTIVITIES",KUALA LUMPUR,348,MASTER EKSEKUTIF OPERASI DAN PENGURUSAN PROJEK,9000.00,ONLINE,7735,MASTER,30-39,39.0
2023,HMPM22342,41,MELANAU-SARAWAK,MALE,BEKERJA SEPENUH MASA,TERAS SARI RESOURCES SDN BHD,"PROFESSIONAL, SCIENTIFIC, AND TECHNICAL ACTIVITIES",SARAWAK,348,MASTER EKSEKUTIF OPERASI DAN PENGURUSAN PROJEK,5000.00,ONLINE,8914,MASTER,40-49,41.0
2023,HMPM22345,46,MELAYU,MALE,BEKERJA SEPENUH MASA,ENVIRONMENT IDAMAN SDN BHD,"PROFESSIONAL, SCIENTIFIC, AND TECHNICAL ACTIVITIES",PERAK,348,MASTER EKSEKUTIF OPERASI DAN PENGURUSAN PROJEK,3490.00,ONLINE,8020,MASTER,40-49,46.0
2023,HMPM22346,43,CINA,MALE,BEKERJA SEPENUH MASA,SHELL MDS (M) SDN. BHD.,"PROFESSIONAL, SCIENTIFIC, AND TECHNICAL ACTIVITIES",SARAWAK,348,MASTER EKSEKUTIF OPERASI DAN PENGURUSAN PROJEK,20000.00,ONLINE,8860,MASTER,40-49,43.0
2023,HMPM22348,48,INDIA,MALE,BEKERJA SEPENUH MASA,DANISCO MALAYSIA SDN BHD,"PROFESSIONAL, SCIENTIFIC, AND TECHNICAL ACTIVITIES",PULAU PINANG,348,MASTER EKSEKUTIF OPERASI DAN PENGURUSAN PROJEK,5000.00,ONLINE,7752,MASTER,40-49,48.0
2023,HMPM22357,46,MELAYU,MALE,BEKERJA SEPENUH MASA,ARMOUR SECURITY & SYSTEM (M) SDN BHD,"PROFESSIONAL, SCIENTIFIC, AND TECHNICAL ACTIVITIES",SELANGOR,348,MASTER EKSEKUTIF OPERASI DAN PENGURUSAN PROJEK,3020.00,ONLINE,7047,MASTER,40-49,46.0
2023,HMPM22358,45,MELAYU,MALE,BEKERJA SEPENUH MASA,PORT KLANG FREE ZONE SDN BHD,"PROFESSIONAL, SCIENTIFIC, AND TECHNICAL ACTIVITIES",SELANGOR,348,MASTER EKSEKUTIF OPERASI DAN PENGURUSAN PROJEK,5659.00,ONLINE,8677,MASTER,40-49,45.0
2023,HMPM22361,37,MELAYU,MALE,BEKERJA SEPENUH MASA,IDEAL PROPERTY SDN BHD,"PROFESSIONAL, SCIENTIFIC, AND TECHNICAL ACTIVITIES",PULAU PINANG,348,MASTER EKSEKUTIF OPERASI DAN PENGURUSAN PROJEK,4850.00,ONLINE,7737,MASTER,30-39,37.0
2023,HMPM22403,46,MELAYU,MALE,BEKERJA/USAHAWAN/FREELANCE,PASCA BINA SDN BHD,"PROFESSIONAL, SCIENTIFIC, AND TECHNICAL ACTIVITIES",TERENGGANU,348,MASTER EKSEKUTIF OPERASI DAN PENGURUSAN PROJEK,6000.00,ONLINE,7050,MASTER,40-49,46.0
2023,HMPM22407,52,MELAYU,MALE,NOT SPECIFIED,NOT SPECIFIED,"PROFESSIONAL, SCIENTIFIC, AND TECHNICAL ACTIVITIES",PAHANG,348,MASTER EKSEKUTIF OPERASI DAN PENGURUSAN PROJEK,NOT SPECIFIED,ONLINE,7828,MASTER,50-59,52.0
2023,HMPM22410,49,MELAYU,MALE,BEKERJA SEPENUH MASA,ZEMEZ ELEMENT,"PROFESSIONAL, SCIENTIFIC, AND TECHNICAL ACTIVITIES",SELANGOR,348,MASTER EKSEKUTIF OPERASI DAN PENGURUSAN PROJEK,6500.00,ONLINE,8142,MASTER,40-49,49.0
2023,HMPM22412,51,MELAYU,MALE,NOT SPECIFIED,NOT SPECIFIED,"PROFESSIONAL, SCIENTIFIC, AND TECHNICAL ACTIVITIES",PERAK,348,MASTER EKSEKUTIF OPERASI DAN PENGURUSAN PROJEK,NOT SPECIFIED,ONLINE,8330,MASTER,50-59,51.0
2023,HMPM22415,38,INDIA,FEMALE,BEKERJA SEPENUH MASA,J&T CARGO MALAYSIA (JHR BRANCH),"PROFESSIONAL, SCIENTIFIC, AND TECHNICAL ACTIVITIES",JOHOR,348,MASTER EKSEKUTIF OPERASI DAN PENGURUSAN PROJEK,6500.00,ONLINE,8160,MASTER,30-39,38.0
2023,HMPM22419,41,MELAYU,MALE,BEKERJA SEPENUH MASA,SALUR KUASA DIGITAL SDN BHD,"PROFESSIONAL, SCIENTIFIC, AND TECHNICAL ACTIVITIES",TERENGGANU,348,MASTER EKSEKUTIF OPERASI DAN PENGURUSAN PROJEK,7800.00,ONLINE,7839,MASTER,40-49,41.0
2023,HMPM22420,50,MELAYU,MALE,BEKERJA SEPENUH MASA,PENGURUSAN LEBUHRAYA PAN BORNEO SARAWAK SDN BHD,"PROFESSIONAL, SCIENTIFIC, AND TECHNICAL ACTIVITIES",SELANGOR,348,MASTER EKSEKUTIF OPERASI DAN PENGURUSAN PROJEK,7700.00,ONLINE,8542,MASTER,50-59,50.0
2023,HMPM22422,43,INDIA,MALE,BEKERJA SEPENUH MASA,CARIGALI-PTTEPI OPERATING COMPANY SDN BHD,"PROFESSIONAL, SCIENTIFIC, AND TECHNICAL ACTIVITIES",SELANGOR,348,MASTER EKSEKUTIF OPERASI DAN PENGURUSAN PROJEK,15000.00,ONLINE,8481,MASTER,40-49,43.0
2023,HMPM22423,51,MELAYU,MALE,NOT SPECIFIED,NOT SPECIFIED,"PROFESSIONAL, SCIENTIFIC, AND TECHNICAL ACTIVITIES",PERAK,348,MASTER EKSEKUTIF OPERASI DAN PENGURUSAN PROJEK,NOT SPECIFIED,ONLINE,7424,MASTER,50-59,51.0
2023,HMPM22424,49,MELAYU,MALE,BEKERJA SEPENUH MASA,RHB BANK BERHAD,"PROFESSIONAL, SCIENTIFIC, AND TECHNICAL ACTIVITIES",TERENGGANU,348,MASTER EKSEKUTIF OPERASI DAN PENGURUSAN PROJEK,17960.00,ONLINE,8617,MASTER,40-49,49.0
2023,HMPM22427,37,MELAYU,MALE,BEKERJA SEPENUH MASA,VOLKS MANIAC AUTOMOBILE SDN BHD,"PROFESSIONAL, SCIENTIFIC, AND TECHNICAL ACTIVITIES",SELANGOR,348,MASTER EKSEKUTIF OPERASI DAN PENGURUSAN PROJEK,7800.00,ONLINE,7931,MASTER,30-39,37.0
2023,HMSC22101,33,INDIA,MALE,BEKERJA SEPENUH MASA,SCHENKER LOGISTICS (MALAYSIA) SDN BHD,TRANSPORTATION AND STORAGE,SELANGOR,378,MASTER EKSEKUTIF TEKNOLOGI PINTAR RANTAIAN BEKALAN DAN LOGISTIK,5100.00,ONLINE,7034,MASTER,30-39,33.0
2023,HMSC22105,46,CINA,MALE,BEKERJA SEPENUH MASA,KANEKA (MALAYSIA) SDN BHD,TRANSPORTATION AND STORAGE,PAHANG,378,MASTER EKSEKUTIF TEKNOLOGI PINTAR RANTAIAN BEKALAN DAN LOGISTIK,15000.00,ONLINE,7083,MASTER,40-49,46.0
2023,HMSC22106,42,MELAYU,FEMALE,BEKERJA SEPENUH MASA,LAM RESERACH SDN BHD,TRANSPORTATION AND STORAGE,PULAU PINANG,378,MASTER EKSEKUTIF TEKNOLOGI PINTAR RANTAIAN BEKALAN DAN LOGISTIK,15000.00,ONLINE,7090,MASTER,40-49,42.0
2023,HMSC22107,40,MELAYU,FEMALE,BEKERJA SEPENUH MASA,HQ PACK SDN.BHD,TRANSPORTATION AND STORAGE,JOHOR,378,MASTER EKSEKUTIF TEKNOLOGI PINTAR RANTAIAN BEKALAN DAN LOGISTIK,8800.00,ONLINE,7676,MASTER,40-49,40.0
2023,HMSC22108,45,MELAYU,FEMALE,BEKERJA SEPENUH MASA,WEARSAFE (M) SDN BHD,TRANSPORTATION AND STORAGE,SELANGOR,378,MASTER EKSEKUTIF TEKNOLOGI PINTAR RANTAIAN BEKALAN DAN LOGISTIK,5600.00,ONLINE,8936,MASTER,40-49,45.0
2023,HMSC22203,51,MELAYU,MALE,BEKERJA SEPENUH MASA,COURTS MALAYSIA SDN BHD,TRANSPORTATION AND STORAGE,SELANGOR,378,MASTER EKSEKUTIF TEKNOLOGI PINTAR RANTAIAN BEKALAN DAN LOGISTIK,21600.00,ONLINE,8496,MASTER,50-59,51.0
2023,MBPB21102,32,IBAN/SEA DAYAK -SARAWAK,FEMALE,BEKERJA SEPENUH MASA,AIDENSECURE SDN BHD,"PROFESSIONAL, SCIENTIFIC, AND TECHNICAL ACTIVITIES",SARAWAK,362,BACELOR EKSEKUTIF PENGURUSAN PERNIAGAAN,2500.00,ONLINE,4559,BACELOR,30-39,32.0
2023,MBPB21103,53,IBAN/SEA DAYAK -SARAWAK,FEMALE,BEKERJA SEPARA MASA,ARROWMAX ENGINEERING SDN BHD,"PROFESSIONAL, SCIENTIFIC, AND TECHNICAL ACTIVITIES",SARAWAK,362,BACELOR EKSEKUTIF PENGURUSAN PERNIAGAAN,3000.00,ONLINE,5021,BACELOR,50-59,53.0
2023,MBPB21302,54,MELAYU,MALE,BEKERJA SEPENUH MASA,POLIS DIRAJA MALAYSIA,"PROFESSIONAL, SCIENTIFIC, AND TECHNICAL ACTIVITIES",SARAWAK,362,BACELOR EKSEKUTIF PENGURUSAN PERNIAGAAN,5000.00,ONLINE,4920,BACELOR,50-59,54.0
2023,MBPB21401,28,INDIA,FEMALE,BEKERJA SEPENUH MASA,GOLTENS SINGAPORE,"PROFESSIONAL, SCIENTIFIC, AND TECHNICAL ACTIVITIES",JOHOR,362,BACELOR EKSEKUTIF PENGURUSAN PERNIAGAAN,4500.00,ONLINE,5105,BACELOR,<29,28.0
2023,MBPB21402,29,INDIA,MALE,BEKERJA SEPENUH MASA,TIBAH TRADING,"PROFESSIONAL, SCIENTIFIC, AND TECHNICAL ACTIVITIES",MELAKA,362,BACELOR EKSEKUTIF PENGURUSAN PERNIAGAAN,5000.00,ONLINE,4583,BACELOR,<29,29.0
2023,MBPB21403,33,INDIA,MALE,BEKERJA SEPENUH MASA,BYTEDANCE,"PROFESSIONAL, SCIENTIFIC, AND TECHNICAL ACTIVITIES",MELAKA,362,BACELOR EKSEKUTIF PENGURUSAN PERNIAGAAN,3600.00,ONLINE,4372,BACELOR,30-39,33.0
2023,MBPB21404,29,INDIA,MALE,BEKERJA SEPENUH MASA,SANCTUS INTERNATIONAL SCHOOL,"PROFESSIONAL, SCIENTIFIC, AND TECHNICAL ACTIVITIES",SELANGOR,362,BACELOR EKSEKUTIF PENGURUSAN PERNIAGAAN,3500.00,ONLINE,4512,BACELOR,<29,29.0
2023,MBPB21405,28,MELAYU,MALE,BEKERJA SEPENUH MASA,AMANAH WARISAN BERHAD,"PROFESSIONAL, SCIENTIFIC, AND TECHNICAL ACTIVITIES",SELANGOR,362,BACELOR EKSEKUTIF PENGURUSAN PERNIAGAAN,3000.00,ONLINE,4147,BACELOR,<29,28.0
2023,MBPB22101,31,INDIA,MALE,BEKERJA SEPENUH MASA,TESSOLVE SEMICONDUCTORS SDN BHD,"PROFESSIONAL, SCIENTIFIC, AND TECHNICAL ACTIVITIES",KEDAH,362,BACELOR EKSEKUTIF PENGURUSAN PERNIAGAAN,3500.00,ONLINE,5423,BACELOR,30-39,31.0
2023,MBPB22103,50,INDIA,MALE,BEKERJA/USAHAWAN/FREELANCE (SEPARA MASA),FREELANCE,"PROFESSIONAL, SCIENTIFIC, AND TECHNICAL ACTIVITIES",PULAU PINANG,362,BACELOR EKSEKUTIF PENGURUSAN PERNIAGAAN,2500.00,ONLINE,4973,BACELOR,50-59,50.0
2023,MBPB22104,40,INDIA,MALE,BEKERJA SEPENUH MASA,STRIDE POINT PHYSIO,"PROFESSIONAL, SCIENTIFIC, AND TECHNICAL ACTIVITIES",PULAU PINANG,362,BACELOR EKSEKUTIF PENGURUSAN PERNIAGAAN,4000.00,ONLINE,4125,BACELOR,40-49,40.0
2023,MBPB22202,28,INDIA,FEMALE,BEKERJA SEPENUH MASA,ADVANCED ENERYGY SDN BHD,"PROFESSIONAL, SCIENTIFIC, AND TECHNICAL ACTIVITIES",KEDAH,362,BACELOR EKSEKUTIF PENGURUSAN PERNIAGAAN,2000.00,ONLINE,5767,BACELOR,<29,28.0
2023,MBPB22203,44,NOT SPECIFIED,NOT SPECIFIED,NOT SPECIFIED,NOT SPECIFIED,"PROFESSIONAL, SCIENTIFIC, AND TECHNICAL ACTIVITIES",NOT SPECIFIED,362,BACELOR EKSEKUTIF PENGURUSAN PERNIAGAAN,NOT SPECIFIED,ONLINE,5926,BACELOR,40-49,44.0
2023,MBTN19303,49,INDIA,MALE,BEKERJA SEPENUH MASA,SILTERA MALAYSIA SDN BHD.,MANUFACTURING,PULAU PINANG,414,BACELOR EKSEKUTIF TEKNOLOGI KEJURUTERAAN INDUSTRI,2500.00,ONLINE,5329,BACELOR,40-49,49.0
2023,MBTN20222,37,INDIA,MALE,BEKERJA SEPENUH MASA,WESTERN DIGITAL,MANUFACTURING,PULAU PINANG,414,BACELOR EKSEKUTIF TEKNOLOGI KEJURUTERAAN INDUSTRI,4500.00,ONLINE,5060,BACELOR,30-39,37.0
2023,MBTN20227,32,IBAN/SEA DAYAK -SARAWAK,MALE,BEKERJA SEPENUH MASA,SARAWAK PETCHEM SDN BHD,MANUFACTURING,SARAWAK,414,BACELOR EKSEKUTIF TEKNOLOGI KEJURUTERAAN INDUSTRI,2400.00,ONLINE,5413,BACELOR,30-39,32.0
2023,MBTN20305,31,INDIA,MALE,BEKERJA SEPENUH MASA,MANPOWER STAFFING SERVICES MALAYSIA SDN BHD,MANUFACTURING,PERAK,414,BACELOR EKSEKUTIF TEKNOLOGI KEJURUTERAAN INDUSTRI,2000.00,ONLINE,4644,BACELOR,30-39,31.0
2023,MBTN20413,38,MELAYU,MALE,BEKERJA SEPENUH MASA,MICRON MEMORY MALAYSIA SDN BHD,MANUFACTURING,PULAU PINANG,414,BACELOR EKSEKUTIF TEKNOLOGI KEJURUTERAAN INDUSTRI,3000.00,ONLINE,5489,BACELOR,30-39,38.0
2023,MBTN21101,30,INDIA,MALE,BEKERJA SEPENUH MASA,ASE ELECTRONIC,MANUFACTURING,KEDAH,414,BACELOR EKSEKUTIF TEKNOLOGI KEJURUTERAAN INDUSTRI,3500.00,ONLINE,5171,BACELOR,30-39,30.0
2023,MBTN21106,28,INDIA,MALE,BEKERJA SEPENUH MASA,SMART MODULAR TECHNOGIES,MANUFACTURING,PULAU PINANG,414,BACELOR EKSEKUTIF TEKNOLOGI KEJURUTERAAN INDUSTRI,2340.00,ONLINE,5484,BACELOR,<29,28.0
2023,MBTN21110,46,INDIA,FEMALE,BEKERJA SEPENUH MASA,INTEL TECHNOLOGY,MANUFACTURING,KEDAH,414,BACELOR EKSEKUTIF TEKNOLOGI KEJURUTERAAN INDUSTRI,2500.00,ONLINE,4301,BACELOR,40-49,46.0
2023,MBTN21113,40,HOKKIEN,MALE,BEKERJA SEPENUH MASA,SARAWAK SHELL BERHAD,MANUFACTURING,SARAWAK,414,BACELOR EKSEKUTIF TEKNOLOGI KEJURUTERAAN INDUSTRI,8000.00,ONLINE,5417,BACELOR,40-49,40.0
2023,MBTN21307,52,MELAYU,MALE,BEKERJA SEPENUH MASA,AWATRA SDN BHD,MANUFACTURING,SARAWAK,414,BACELOR EKSEKUTIF TEKNOLOGI KEJURUTERAAN INDUSTRI,4000.00,ONLINE,4567,BACELOR,50-59,52.0
2023,MBTN21308,37,IBAN/SEA DAYAK -SARAWAK,MALE,BEKERJA SEPENUH MASA,SAPURA OMV UPSTREAM INC.,MANUFACTURING,SARAWAK,414,BACELOR EKSEKUTIF TEKNOLOGI KEJURUTERAAN INDUSTRI,9500.00,ONLINE,5580,BACELOR,30-39,37.0
2023,MBTN21309,31,INDIA,MALE,BEKERJA SEPENUH MASA,BIPO,MANUFACTURING,PULAU PINANG,414,BACELOR EKSEKUTIF TEKNOLOGI KEJURUTERAAN INDUSTRI,3000.00,ONLINE,4049,BACELOR,30-39,31.0
2023,MBTN21310,44,DUSUN-SABAH,MALE,BEKERJA SEPENUH MASA,BHIC SUBMARINE ENGINEERING SERVICES SDN BHD,MANUFACTURING,SABAH,414,BACELOR EKSEKUTIF TEKNOLOGI KEJURUTERAAN INDUSTRI,5902.00,ONLINE,4824,BACELOR,40-49,44.0
2023,MBTN21311,40,INDIA,MALE,BEKERJA SEPENUH MASA,TEXAS INSTRUMENTS SDN BHD,MANUFACTURING,SELANGOR,414,BACELOR EKSEKUTIF TEKNOLOGI KEJURUTERAAN INDUSTRI,5000.00,ONLINE,5726,BACELOR,40-49,40.0
2023,MBTN21312,32,MELAYU,FEMALE,BEKERJA SEPENUH MASA,SAM MEERKAT (M) SDN BHD,MANUFACTURING,PULAU PINANG,414,BACELOR EKSEKUTIF TEKNOLOGI KEJURUTERAAN INDUSTRI,3026.00,ONLINE,5871,BACELOR,30-39,32.0
2023,MBTN21313,45,INDIA,MALE,BEKERJA SEPENUH MASA,ESCATEC ELECTRONICS SDN. BHD.,MANUFACTURING,PULAU PINANG,414,BACELOR EKSEKUTIF TEKNOLOGI KEJURUTERAAN INDUSTRI,11336.00,ONLINE,4201,BACELOR,40-49,45.0
2023,MBTN21314,42,SIAM,MALE,BEKERJA SEPENUH MASA,INTEL TECHNOLOGY SDN BHD,MANUFACTURING,KEDAH,414,BACELOR EKSEKUTIF TEKNOLOGI KEJURUTERAAN INDUSTRI,5000.00,ONLINE,5194,BACELOR,40-49,42.0
2023,MBTN21315,38,INDIA,MALE,BEKERJA SEPENUH MASA,INFINEON,MANUFACTURING,KEDAH,414,BACELOR EKSEKUTIF TEKNOLOGI KEJURUTERAAN INDUSTRI,4500.00,ONLINE,5862,BACELOR,30-39,38.0
2023,MBTN21316,42,MELAYU,MALE,BEKERJA SEPENUH MASA,PETRONAS CARIGALI SDN BHD,MANUFACTURING,SARAWAK,414,BACELOR EKSEKUTIF TEKNOLOGI KEJURUTERAAN INDUSTRI,10500.00,ONLINE,5853,BACELOR,40-49,42.0
2023,MBTN21320,40,INDIA,MALE,BEKERJA SEPENUH MASA,ASE ELECTRONIC SDB.BHD,MANUFACTURING,PERAK,414,BACELOR EKSEKUTIF TEKNOLOGI KEJURUTERAAN INDUSTRI,3000.00,ONLINE,4893,BACELOR,40-49,40.0
2023,MBTN21321,49,MELAYU,MALE,BEKERJA SEPENUH MASA,ODIN ENGINEERING SDN BHD,MANUFACTURING,SARAWAK,414,BACELOR EKSEKUTIF TEKNOLOGI KEJURUTERAAN INDUSTRI,500000.00,ONLINE,4882,BACELOR,40-49,49.0
2023,MBTN21322,35,MELAYU,MALE,BEKERJA SEPENUH MASA,PLEXUS MANUFACTURING SDN BHD,MANUFACTURING,KEDAH,414,BACELOR EKSEKUTIF TEKNOLOGI KEJURUTERAAN INDUSTRI,5160.00,ONLINE,5369,BACELOR,30-39,35.0
2023,MBTN21402,34,MELAYU,MALE,BEKERJA SEPENUH MASA,PENGURUSAN AIR SELANGOR SDN. BHD.,MANUFACTURING,SELANGOR,414,BACELOR EKSEKUTIF TEKNOLOGI KEJURUTERAAN INDUSTRI,2659.00,ONLINE,4813,BACELOR,30-39,34.0
2023,MBTN21403,48,INDIA,MALE,BEKERJA SEPENUH MASA,TESSOLVE SEMICONDUCTOR SDN.BHD,MANUFACTURING,KEDAH,414,BACELOR EKSEKUTIF TEKNOLOGI KEJURUTERAAN INDUSTRI,9634.00,ONLINE,4717,BACELOR,40-49,48.0
2023,MBTN21404,46,MELAYU,MALE,BEKERJA SEPENUH MASA,ROC OIL (SARAWAK) SDN BHD,MANUFACTURING,SARAWAK,414,BACELOR EKSEKUTIF TEKNOLOGI KEJURUTERAAN INDUSTRI,3000.00,ONLINE,4933,BACELOR,40-49,46.0
2023,MBTN21405,44,INDIA,MALE,BEKERJA SEPENUH MASA,MOLNLYCKE HEALTH CARE KUALA KETIL KEDAH,MANUFACTURING,KEDAH,414,BACELOR EKSEKUTIF TEKNOLOGI KEJURUTERAAN INDUSTRI,5800.00,ONLINE,4457,BACELOR,40-49,44.0
2023,MBTN21407,33,INDIA,MALE,BEKERJA SEPENUH MASA,EDISIJUTA PARKING SDN BHD,MANUFACTURING,SELANGOR,414,BACELOR EKSEKUTIF TEKNOLOGI KEJURUTERAAN INDUSTRI,3000.00,ONLINE,5149,BACELOR,30-39,33.0
2023,MBTN21408,51,MELANAU-SARAWAK,MALE,BEKERJA SEPENUH MASA,BINTULU PORT SDN BHD,MANUFACTURING,SARAWAK,414,BACELOR EKSEKUTIF TEKNOLOGI KEJURUTERAAN INDUSTRI,3000.00,ONLINE,5331,BACELOR,50-59,51.0
2023,MBTN21409,26,INDIA,MALE,BEKERJA SEPENUH MASA,BONRIC SDN BHD,MANUFACTURING,SELANGOR,414,BACELOR EKSEKUTIF TEKNOLOGI KEJURUTERAAN INDUSTRI,2500.00,ONLINE,4328,BACELOR,<29,26.0
2023,MBTN21410,35,INDIA,MALE,BEKERJA SEPENUH MASA,MURATA ELECTRONICS SINGAPORE (PTE),MANUFACTURING,JOHOR,414,BACELOR EKSEKUTIF TEKNOLOGI KEJURUTERAAN INDUSTRI,4500.00,ONLINE,5535,BACELOR,30-39,35.0
2023,MBTN21411,39,INDIA,MALE,BEKERJA SEPENUH MASA,MURATA ELECTRONICS SINGAPORE PTE.LTD,MANUFACTURING,KEDAH,414,BACELOR EKSEKUTIF TEKNOLOGI KEJURUTERAAN INDUSTRI,4600.00,ONLINE,5738,BACELOR,30-39,39.0
2023,MBTN21413,34,INDIA,MALE,BEKERJA SEPENUH MASA,LEADER RANGE TECHNOLOGY,MANUFACTURING,PULAU PINANG,414,BACELOR EKSEKUTIF TEKNOLOGI KEJURUTERAAN INDUSTRI,3100.00,ONLINE,4076,BACELOR,30-39,34.0
2023,MBTN21414,42,HOKKIEN,MALE,BEKERJA SEPENUH MASA,INTEL TECHNOLOGY SDN. BHD,MANUFACTURING,KEDAH,414,BACELOR EKSEKUTIF TEKNOLOGI KEJURUTERAAN INDUSTRI,4615.00,ONLINE,5600,BACELOR,40-49,42.0
2023,MBTN22101,46,NOT SPECIFIED,MALE,NOT SPECIFIED,NOT SPECIFIED,MANUFACTURING,KEDAH,414,BACELOR EKSEKUTIF TEKNOLOGI KEJURUTERAAN INDUSTRI,NOT SPECIFIED,ONLINE,5441,BACELOR,40-49,46.0
2023,MBTN22102,49,HAINANESE,FEMALE,BEKERJA SEPENUH MASA,SOON SOON OILMILL SDN BHD,MANUFACTURING,PULAU PINANG,414,BACELOR EKSEKUTIF TEKNOLOGI KEJURUTERAAN INDUSTRI,3500.00,ONLINE,4305,BACELOR,40-49,49.0
2023,MBTN22103,29,MELAYU,MALE,BEKERJA SEPENUH MASA,FLEX PTP,MANUFACTURING,JOHOR,414,BACELOR EKSEKUTIF TEKNOLOGI KEJURUTERAAN INDUSTRI,2500.00,ONLINE,5517,BACELOR,<29,29.0
2023,MBTN22105,28,INDIA,MALE,BEKERJA SEPENUH MASA,NANOFILM TECHNOLOGY SINGAPORE,MANUFACTURING,PULAU PINANG,414,BACELOR EKSEKUTIF TEKNOLOGI KEJURUTERAAN INDUSTRI,6000.00,ONLINE,5080,BACELOR,<29,28.0
2023,MBTN22106,26,CINA,MALE,BEKERJA SEPENUH MASA,ESCATEC ELECTRONIC SDN.BHD.,MANUFACTURING,PULAU PINANG,414,BACELOR EKSEKUTIF TEKNOLOGI KEJURUTERAAN INDUSTRI,2700.00,ONLINE,4070,BACELOR,<29,26.0
2023,MBTN22107,30,IBAN/SEA DAYAK -SARAWAK,MALE,BEKERJA SEPENUH MASA,BIPORT BULKERS SDN BHD,MANUFACTURING,SARAWAK,414,BACELOR EKSEKUTIF TEKNOLOGI KEJURUTERAAN INDUSTRI,1974.00,ONLINE,5882,BACELOR,30-39,30.0
2023,MBTN22108,45,MELAYU,MALE,BEKERJA SEPENUH MASA,SARAWAK ENERGY BHD.,MANUFACTURING,SARAWAK,414,BACELOR EKSEKUTIF TEKNOLOGI KEJURUTERAAN INDUSTRI,5600.00,ONLINE,4135,BACELOR,40-49,45.0
2023,MBTN22110,34,MELAYU,MALE,BEKERJA SEPENUH MASA,LAM RESEARCH MANUFACTURING,MANUFACTURING,PULAU PINANG,414,BACELOR EKSEKUTIF TEKNOLOGI KEJURUTERAAN INDUSTRI,6000.00,ONLINE,4742,BACELOR,30-39,34.0
2023,MBTN22111,28,INDIA,MALE,BEKERJA SEPENUH MASA,INTEL SDN BHD,MANUFACTURING,KEDAH,414,BACELOR EKSEKUTIF TEKNOLOGI KEJURUTERAAN INDUSTRI,2000.00,ONLINE,5477,BACELOR,<29,28.0
2023,MBTN22112,26,INDIA,MALE,BEKERJA SEPENUH MASA,FUJI SMT (MALAYSIA) SDN BHD,MANUFACTURING,JOHOR,414,BACELOR EKSEKUTIF TEKNOLOGI KEJURUTERAAN INDUSTRI,2800.00,ONLINE,4785,BACELOR,<29,26.0
2023,MBTN22115,44,INDIA,MALE,BEKERJA SEPENUH MASA,ANTAH SCHINDLER SDN BHD,MANUFACTURING,SELANGOR,414,BACELOR EKSEKUTIF TEKNOLOGI KEJURUTERAAN INDUSTRI,5500.00,ONLINE,4783,BACELOR,40-49,44.0
2023,MBTN22116,34,INDIA,FEMALE,BEKERJA SEPENUH MASA,INFINEON TECHNOLOGIES ASIA PTE LTD,MANUFACTURING,JOHOR,414,BACELOR EKSEKUTIF TEKNOLOGI KEJURUTERAAN INDUSTRI,3000.00,ONLINE,5617,BACELOR,30-39,34.0
2023,MBTN22118,40,MELAYU,MALE,BEKERJA SEPENUH MASA,UNIVERSITI TEKNOLOGI MARA KAMPUS MACHANG,MANUFACTURING,KELANTAN,414,BACELOR EKSEKUTIF TEKNOLOGI KEJURUTERAAN INDUSTRI,4701.00,ONLINE,5534,BACELOR,40-49,40.0
2023,MBTN22119,38,IBAN/SEA DAYAK -SARAWAK,MALE,BEKERJA SEPENUH MASA,PETROLIAM NASIONAL BERHAD,MANUFACTURING,SARAWAK,414,BACELOR EKSEKUTIF TEKNOLOGI KEJURUTERAAN INDUSTRI,3766.00,ONLINE,5898,BACELOR,30-39,38.0
2023,MBTN22120,46,INDIA,MALE,BEKERJA SEPENUH MASA,SANMINA SCI SDN BHD,MANUFACTURING,PERAK,414,BACELOR EKSEKUTIF TEKNOLOGI KEJURUTERAAN INDUSTRI,4500.00,ONLINE,4337,BACELOR,40-49,46.0
2023,MBTN22121,33,HOKKIEN,FEMALE,BEKERJA SEPENUH MASA,INTEL TECHNOLOGY SDN BHD,MANUFACTURING,PULAU PINANG,414,BACELOR EKSEKUTIF TEKNOLOGI KEJURUTERAAN INDUSTRI,2717.00,ONLINE,4761,BACELOR,30-39,33.0
2023,MBTN22122,34,NOT SPECIFIED,NOT SPECIFIED,NOT SPECIFIED,NOT SPECIFIED,MANUFACTURING,NOT SPECIFIED,414,BACELOR EKSEKUTIF TEKNOLOGI KEJURUTERAAN INDUSTRI,NOT SPECIFIED,ONLINE,4701,BACELOR,30-39,34.0
2023,MBTN22123,41,INDIA,MALE,BEKERJA SEPENUH MASA,ENTEGRIS (MALAYSIA) SDN.BHD.,MANUFACTURING,KEDAH,414,BACELOR EKSEKUTIF TEKNOLOGI KEJURUTERAAN INDUSTRI,2600.00,ONLINE,5380,BACELOR,40-49,41.0
2023,MBTN22124,29,INDIA,MALE,BEKERJA SEPARA MASA,GRAB,MANUFACTURING,PULAU PINANG,414,BACELOR EKSEKUTIF TEKNOLOGI KEJURUTERAAN INDUSTRI,3000.00,ONLINE,5941,BACELOR,<29,29.0
2023,MBTN22125,29,INDIA,MALE,BEKERJA SEPENUH MASA,JINKO SOLAR TECHNOLOGY SDN.BHD.,MANUFACTURING,KEDAH,414,BACELOR EKSEKUTIF TEKNOLOGI KEJURUTERAAN INDUSTRI,2600.00,ONLINE,5752,BACELOR,<29,29.0
2023,MBTN22126,29,INDIA,MALE,BEKERJA SEPENUH MASA,INFINEON TECHNOLOGIES,MANUFACTURING,KEDAH,414,BACELOR EKSEKUTIF TEKNOLOGI KEJURUTERAAN INDUSTRI,2500.00,ONLINE,5004,BACELOR,<29,29.0
2023,MBTN22127,27,INDIA,MALE,BEKERJA SEPENUH MASA,JABIL CIRCUIT SDN BHD,MANUFACTURING,PULAU PINANG,414,BACELOR EKSEKUTIF TEKNOLOGI KEJURUTERAAN INDUSTRI,2285.00,ONLINE,4533,BACELOR,<29,27.0
2023,MBTN22201,44,MELAYU,MALE,BEKERJA SEPENUH MASA,LAM RESEARCHINTERNATIONAL SDN BHD,MANUFACTURING,KEDAH,414,BACELOR EKSEKUTIF TEKNOLOGI KEJURUTERAAN INDUSTRI,4975.00,ONLINE,5835,BACELOR,40-49,44.0
2023,MBTN22202,28,MELAYU,MALE,BEKERJA SEPENUH MASA,LAM RESEARCH SDN BHD,MANUFACTURING,KEDAH,414,BACELOR EKSEKUTIF TEKNOLOGI KEJURUTERAAN INDUSTRI,1972.00,ONLINE,4246,BACELOR,<29,28.0
2023,MBTN22203,37,MELAYU,MALE,BEKERJA SEPENUH MASA,LAM RESEARCH SDN BHD,MANUFACTURING,KEDAH,414,BACELOR EKSEKUTIF TEKNOLOGI KEJURUTERAAN INDUSTRI,5000.00,ONLINE,4582,BACELOR,30-39,37.0
2023,MBTN22204,29,MELAYU,MALE,BEKERJA SEPENUH MASA,PLEXUS MANUFACTURING SDN BHD,MANUFACTURING,KEDAH,414,BACELOR EKSEKUTIF TEKNOLOGI KEJURUTERAAN INDUSTRI,2700.00,ONLINE,4780,BACELOR,<29,29.0
2023,MBTN22206,37,MELAYU,MALE,BEKERJA SEPENUH MASA,LAM RESEARCH INTERNATIONAL SDN BHD,MANUFACTURING,PULAU PINANG,414,BACELOR EKSEKUTIF TEKNOLOGI KEJURUTERAAN INDUSTRI,4500.00,ONLINE,5451,BACELOR,30-39,37.0
2023,MBTN22207,44,MELAYU,MALE,BEKERJA SEPENUH MASA,MECHATRONIC SYSTEMTECHNIK ASIA SDN BHD,MANUFACTURING,KEDAH,414,BACELOR EKSEKUTIF TEKNOLOGI KEJURUTERAAN INDUSTRI,5200.00,ONLINE,5962,BACELOR,40-49,44.0
2023,MBTN22208,29,MELAYU,MALE,BEKERJA SEPENUH MASA,LAM RESEARCH SDN BDH,MANUFACTURING,KEDAH,414,BACELOR EKSEKUTIF TEKNOLOGI KEJURUTERAAN INDUSTRI,3300.00,ONLINE,5571,BACELOR,<29,29.0
2023,MBTN22210,46,MELAYU,MALE,BEKERJA SEPENUH MASA,LAM RESEARCH MANUFACTURING(M)SDN BHD,MANUFACTURING,KEDAH,414,BACELOR EKSEKUTIF TEKNOLOGI KEJURUTERAAN INDUSTRI,6500.00,ONLINE,5025,BACELOR,40-49,46.0
2023,MBTN22216,37,THAI,MALE,BEKERJA SEPENUH MASA,FLEXTRONICS TECHNOLOGY (PENANG) SDN BHD,MANUFACTURING,KEDAH,414,BACELOR EKSEKUTIF TEKNOLOGI KEJURUTERAAN INDUSTRI,5000.00,ONLINE,4658,BACELOR,30-39,37.0
2023,MBTN22217,42,SIAM,MALE,BEKERJA SEPENUH MASA,ASE ELECTRONIC (M) SDN.BHD,MANUFACTURING,PERAK,414,BACELOR EKSEKUTIF TEKNOLOGI KEJURUTERAAN INDUSTRI,6000.00,ONLINE,5743,BACELOR,40-49,42.0
2023,MBTN22218,39,CINA,MALE,BEKERJA SEPENUH MASA,ASE ELECTRONICS (M) SDN BHD,MANUFACTURING,PULAU PINANG,414,BACELOR EKSEKUTIF TEKNOLOGI KEJURUTERAAN INDUSTRI,5300.00,ONLINE,4346,BACELOR,30-39,39.0
2023,MBTN22219,43,INDIA,MALE,BEKERJA SEPENUH MASA,AMS OSRAM,MANUFACTURING,PULAU PINANG,414,BACELOR EKSEKUTIF TEKNOLOGI KEJURUTERAAN INDUSTRI,5407.00,ONLINE,5611,BACELOR,40-49,43.0
2023,MBTN22221,33,INDIA,MALE,BEKERJA SEPENUH MASA,MARINE SUPPORT PTE LTD,MANUFACTURING,KUALA LUMPUR,414,BACELOR EKSEKUTIF TEKNOLOGI KEJURUTERAAN INDUSTRI,6000.00,ONLINE,4751,BACELOR,30-39,33.0
2023,MBTN22223,27,INDIA,MALE,BEKERJA SEPENUH MASA,WESTERN DIGITAL,MANUFACTURING,PULAU PINANG,414,BACELOR EKSEKUTIF TEKNOLOGI KEJURUTERAAN INDUSTRI,2500.00,ONLINE,5208,BACELOR,<29,27.0
2023,MBTN22224,32,INDIA,MALE,BEKERJA SEPENUH MASA,JINKO SOLAR SDN.BHD,MANUFACTURING,PULAU PINANG,414,BACELOR EKSEKUTIF TEKNOLOGI KEJURUTERAAN INDUSTRI,2500.00,ONLINE,5551,BACELOR,30-39,32.0
2023,MBTN22225,52,INDIA,MALE,BEKERJA SEPENUH MASA,INFINEON TECHNOLOGIES (KULIM) SDN.BHD.,MANUFACTURING,KEDAH,414,BACELOR EKSEKUTIF TEKNOLOGI KEJURUTERAAN INDUSTRI,3500.00,ONLINE,5573,BACELOR,50-59,52.0
2023,MBTN22227,42,SIAM,MALE,BEKERJA SEPENUH MASA,AMS-OSRAM,MANUFACTURING,KEDAH,414,BACELOR EKSEKUTIF TEKNOLOGI KEJURUTERAAN INDUSTRI,4000.00,ONLINE,4272,BACELOR,40-49,42.0
2023,MBTN22228,36,MELAYU,MALE,BEKERJA SEPENUH MASA,JABIL CIRCUIT SDN BHD,MANUFACTURING,PULAU PINANG,414,BACELOR EKSEKUTIF TEKNOLOGI KEJURUTERAAN INDUSTRI,7200.00,ONLINE,4562,BACELOR,30-39,36.0
2023,MBTN22230,32,INDIA,MALE,BEKERJA SEPENUH MASA,CARRIER SINGAPORE PTE LTD,MANUFACTURING,JOHOR,414,BACELOR EKSEKUTIF TEKNOLOGI KEJURUTERAAN INDUSTRI,5000.00,ONLINE,5008,BACELOR,30-39,32.0
2023,MBTN22231,27,TAMIL,FEMALE,BEKERJA SEPENUH MASA,INFINEON TECHNOLOGIES MELAKA,MANUFACTURING,MELAKA,414,BACELOR EKSEKUTIF TEKNOLOGI KEJURUTERAAN INDUSTRI,2400.00,ONLINE,5352,BACELOR,<29,27.0
2023,MBTN22232,36,INDIA,MALE,BEKERJA SEPENUH MASA,INTEL,MANUFACTURING,KEDAH,414,BACELOR EKSEKUTIF TEKNOLOGI KEJURUTERAAN INDUSTRI,2000.00,ONLINE,5568,BACELOR,30-39,36.0
2023,MBTN22233,46,INDIA,MALE,BEKERJA SEPENUH MASA,MICRON,MANUFACTURING,PERLIS,414,BACELOR EKSEKUTIF TEKNOLOGI KEJURUTERAAN INDUSTRI,5300.00,ONLINE,5197,BACELOR,40-49,46.0
2023,MBTN22234,39,INDIA,MALE,BEKERJA SEPENUH MASA,SILTERRA MALAYSIA,MANUFACTURING,PERAK,414,BACELOR EKSEKUTIF TEKNOLOGI KEJURUTERAAN INDUSTRI,3300.00,ONLINE,5577,BACELOR,30-39,39.0
2023,MBTN22235,37,INDIA,MALE,BEKERJA SEPENUH MASA,JOHNSON & JOHNSON SDN BHD,MANUFACTURING,KUALA LUMPUR,414,BACELOR EKSEKUTIF TEKNOLOGI KEJURUTERAAN INDUSTRI,4160.00,ONLINE,5923,BACELOR,30-39,37.0
2023,MDBK21320,35,MELAYU,MALE,BEKERJA SEPARA MASA,GRAB,MANUFACTURING,SELANGOR,456,DIPLOMA PROFESIONAL BLOK RANTAI DALAM KEJURUTERAAN,1200.00,ONLINE,2426,DIPLOMA,30-39,35.0
2023,MDBK21322,32,MELAYU,MALE,BEKERJA SEPENUH MASA,RISEN SOLAR,MANUFACTURING,KEDAH,456,DIPLOMA PROFESIONAL BLOK RANTAI DALAM KEJURUTERAAN,5500.00,ONLINE,2686,DIPLOMA,30-39,32.0
2023,MDBK21406,42,CINA,FEMALE,BEKERJA SEPENUH MASA,TERATECH ASIA SDN BHD,MANUFACTURING,SELANGOR,456,DIPLOMA PROFESIONAL BLOK RANTAI DALAM KEJURUTERAAN,7000.00,ONLINE,2016,DIPLOMA,40-49,42.0
2023,MMPB18308,54,IBAN/SEA DAYAK -SARAWAK,FEMALE,BEKERJA/USAHAWAN/FREELANCE (SEPARA MASA),FREELANCE,"PROFESSIONAL, SCIENTIFIC, AND TECHNICAL ACTIVITIES",SARAWAK,340,MASTER EKSEKUTIF PENGURUSAN PERNIAGAAN,1500.00,ONLINE,7065,MASTER,50-59,54.0
2023,MMPB21401,44,INDIA,FEMALE,BEKERJA SEPENUH MASA,RCK PROPERTY MANAGEMENT,"PROFESSIONAL, SCIENTIFIC, AND TECHNICAL ACTIVITIES",PULAU PINANG,340,MASTER EKSEKUTIF PENGURUSAN PERNIAGAAN,6000.00,ONLINE,8133,MASTER,40-49,44.0
2023,MMPB22101,35,NOT SPECIFIED,MALE,NOT SPECIFIED,NOT SPECIFIED,"PROFESSIONAL, SCIENTIFIC, AND TECHNICAL ACTIVITIES",SARAWAK,340,MASTER EKSEKUTIF PENGURUSAN PERNIAGAAN,NOT SPECIFIED,ONLINE,7866,MASTER,30-39,35.0
2023,MMPB22103,44,MELAYU,MALE,BEKERJA SEPENUH MASA,AMANAH SAHAM NASIONAL BERHAD,"PROFESSIONAL, SCIENTIFIC, AND TECHNICAL ACTIVITIES",SARAWAK,340,MASTER EKSEKUTIF PENGURUSAN PERNIAGAAN,6160.00,ONLINE,7125,MASTER,40-49,44.0
2023,MMPB22104,41,NOT SPECIFIED,FEMALE,NOT SPECIFIED,NOT SPECIFIED,"PROFESSIONAL, SCIENTIFIC, AND TECHNICAL ACTIVITIES",SELANGOR,340,MASTER EKSEKUTIF PENGURUSAN PERNIAGAAN,NOT SPECIFIED,ONLINE,8506,MASTER,40-49,41.0
2023,MMPB22203,60,MELAYU,MALE,BEKERJA SEPENUH MASA,KUBANG BATANG PUSPA-SARI SDN BHD,"PROFESSIONAL, SCIENTIFIC, AND TECHNICAL ACTIVITIES",KELANTAN,340,MASTER EKSEKUTIF PENGURUSAN PERNIAGAAN,18000.00,ONLINE,8357,MASTER,60+,60.0
2023,MMPB22204,57,IBAN/SEA DAYAK -SARAWAK,FEMALE,BEKERJA/USAHAWAN/FREELANCE (SEPARA MASA),CREST LAND ENTERPRISE,"PROFESSIONAL, SCIENTIFIC, AND TECHNICAL ACTIVITIES",SARAWAK,340,MASTER EKSEKUTIF PENGURUSAN PERNIAGAAN,5000.00,ONLINE,7698,MASTER,50-59,57.0
2023,MMPB22205,49,INDIA,FEMALE,BEKERJA SEPENUH MASA,MOTOROLA SOLUTIONS MALAYSIA SDN BHD,"PROFESSIONAL, SCIENTIFIC, AND TECHNICAL ACTIVITIES",PERAK,340,MASTER EKSEKUTIF PENGURUSAN PERNIAGAAN,4576.00,ONLINE,7920,MASTER,40-49,49.0
2023,MMPB22208,42,MELAYU,MALE,BEKERJA SEPENUH MASA,MANAGER,"PROFESSIONAL, SCIENTIFIC, AND TECHNICAL ACTIVITIES",KELANTAN,340,MASTER EKSEKUTIF PENGURUSAN PERNIAGAAN,8000.00,ONLINE,7634,MASTER,40-49,42.0
2023,MMPB22302,53,MELAYU,MALE,BEKERJA SEPENUH MASA,I.S RESOURCES SDN BHD,"PROFESSIONAL, SCIENTIFIC, AND TECHNICAL ACTIVITIES",KELANTAN,340,MASTER EKSEKUTIF PENGURUSAN PERNIAGAAN,15000.00,ONLINE,7724,MASTER,50-59,53.0
2023,MMPB22303,76,MELAYU,MALE,BEKERJA SEPENUH MASA,JABATAN PERKHIDMATAN AWAM,"PROFESSIONAL, SCIENTIFIC, AND TECHNICAL ACTIVITIES",KELANTAN,340,MASTER EKSEKUTIF PENGURUSAN PERNIAGAAN,4997.00,ONLINE,7135,MASTER,60+,76.0
2023,MMPB22304,53,CINA,FEMALE,BEKERJA/USAHAWAN/FREELANCE,NATURAL ONE TRADING,"PROFESSIONAL, SCIENTIFIC, AND TECHNICAL ACTIVITIES",PULAU PINANG,340,MASTER EKSEKUTIF PENGURUSAN PERNIAGAAN,5000.00,ONLINE,7748,MASTER,50-59,53.0
2023,MMPB22308,32,MELAYU,MALE,BEKERJA SEPENUH MASA,ATIQ SKN TRADE SDN BHD,"PROFESSIONAL, SCIENTIFIC, AND TECHNICAL ACTIVITIES",KELANTAN,340,MASTER EKSEKUTIF PENGURUSAN PERNIAGAAN,5000.00,ONLINE,7706,MASTER,30-39,32.0
2023,MMPB22309,34,INDIA,FEMALE,BEKERJA SEPENUH MASA,KUHA CANOPY ENTERPRISE,"PROFESSIONAL, SCIENTIFIC, AND TECHNICAL ACTIVITIES",PULAU PINANG,340,MASTER EKSEKUTIF PENGURUSAN PERNIAGAAN,2000.00,ONLINE,8454,MASTER,30-39,34.0
2023,MMPB22310,38,NOT SPECIFIED,FEMALE,NOT SPECIFIED,NOT SPECIFIED,"PROFESSIONAL, SCIENTIFIC, AND TECHNICAL ACTIVITIES",SARAWAK,340,MASTER EKSEKUTIF PENGURUSAN PERNIAGAAN,NOT SPECIFIED,ONLINE,7896,MASTER,30-39,38.0
2023,MMPB22311,35,INDIA,MALE,BEKERJA SEPENUH MASA,BABA PRODUCTS (M) SDN BHD,"PROFESSIONAL, SCIENTIFIC, AND TECHNICAL ACTIVITIES",SELANGOR,340,MASTER EKSEKUTIF PENGURUSAN PERNIAGAAN,4100.00,ONLINE,8648,MASTER,30-39,35.0
2023,MMPB22312,26,MELAYU,FEMALE,BEKERJA SEPENUH MASA,DERRISEN SDN BHD,"PROFESSIONAL, SCIENTIFIC, AND TECHNICAL ACTIVITIES",SARAWAK,340,MASTER EKSEKUTIF PENGURUSAN PERNIAGAAN,2600.00,ONLINE,8659,MASTER,<29,26.0
2023,MMPB22313,55,MELAYU,MALE,BEKERJA SEPENUH MASA,SARAWAK MEDICAL CENTRE SDN BHD,"PROFESSIONAL, SCIENTIFIC, AND TECHNICAL ACTIVITIES",SARAWAK,340,MASTER EKSEKUTIF PENGURUSAN PERNIAGAAN,5325.00,ONLINE,7501,MASTER,50-59,55.0
2023,MMPB22314,49,TELUGU,MALE,BEKERJA SEPENUH MASA,TRANSCEND TECHNOLOGIES (S) PTE. LTD.,"PROFESSIONAL, SCIENTIFIC, AND TECHNICAL ACTIVITIES",KEDAH,340,MASTER EKSEKUTIF PENGURUSAN PERNIAGAAN,5000.00,ONLINE,7432,MASTER,40-49,49.0
2023,MMPB22315,38,CINA,FEMALE,BEKERJA SEPENUH MASA,KSL AIRCOND PARTS & SERVICES SDN BHD,"PROFESSIONAL, SCIENTIFIC, AND TECHNICAL ACTIVITIES",SELANGOR,340,MASTER EKSEKUTIF PENGURUSAN PERNIAGAAN,5000.00,ONLINE,7705,MASTER,30-39,38.0
2023,MMPB22401,47,INDIA,FEMALE,BEKERJA SEPENUH MASA,UNITED CAPS KULIM SDN BHD,"PROFESSIONAL, SCIENTIFIC, AND TECHNICAL ACTIVITIES",KEDAH,340,MASTER EKSEKUTIF PENGURUSAN PERNIAGAAN,4725.00,ONLINE,8018,MASTER,40-49,47.0
2023,MMPB22402,60,MELAYU,MALE,BEKERJA/USAHAWAN/FREELANCE,SYARIKAT TIGA BERANAK,"PROFESSIONAL, SCIENTIFIC, AND TECHNICAL ACTIVITIES",KELANTAN,340,MASTER EKSEKUTIF PENGURUSAN PERNIAGAAN,10000.00,ONLINE,7768,MASTER,60+,60.0
2023,MMPB22403,55,CINA,MALE,BEKERJA SEPENUH MASA,MATTEL MALAYSIA SDN BHD,"PROFESSIONAL, SCIENTIFIC, AND TECHNICAL ACTIVITIES",PULAU PINANG,340,MASTER EKSEKUTIF PENGURUSAN PERNIAGAAN,10000.00,ONLINE,7896,MASTER,50-59,55.0
2023,MMPB22404,44,CINA,MALE,BEKERJA SEPENUH MASA,MATTEL MALAYSIA SDN BHD,"PROFESSIONAL, SCIENTIFIC, AND TECHNICAL ACTIVITIES",PULAU PINANG,340,MASTER EKSEKUTIF PENGURUSAN PERNIAGAAN,13000.00,ONLINE,8671,MASTER,40-49,44.0
2023,MMPB22405,36,CINA,FEMALE,BEKERJA SEPENUH MASA,MATTEL MALAYSIA SDN BHD,"PROFESSIONAL, SCIENTIFIC, AND TECHNICAL ACTIVITIES",PERAK,340,MASTER EKSEKUTIF PENGURUSAN PERNIAGAAN,8500.00,ONLINE,7384,MASTER,30-39,36.0
2023,MMPB22407,44,INDIA,FEMALE,BEKERJA SEPENUH MASA,CIMB GROUP SDN BERHAD,"PROFESSIONAL, SCIENTIFIC, AND TECHNICAL ACTIVITIES",KUALA LUMPUR,340,MASTER EKSEKUTIF PENGURUSAN PERNIAGAAN,7500.00,ONLINE,7001,MASTER,40-49,44.0
2023,MMPN21401,47,INDIA,MALE,BEKERJA SEPENUH MASA,INTEL TECHNOLOGY MALAYSIA,MANUFACTURING,KEDAH,379,MASTER EKSEKUTIF TEKNOLOGI KEJURUTERAAN INDUSTRI,7300.00,ONLINE,8210,MASTER,40-49,47.0
2023,MMPN21402,51,CINA,MALE,BEKERJA SEPENUH MASA,PLEXUS MANUFACTURING SDN.BHD,MANUFACTURING,PULAU PINANG,379,MASTER EKSEKUTIF TEKNOLOGI KEJURUTERAAN INDUSTRI,10500.00,ONLINE,8096,MASTER,50-59,51.0
2023,MMPN21403,28,INDIA,MALE,BEKERJA SEPENUH MASA,INTEL,MANUFACTURING,KEDAH,379,MASTER EKSEKUTIF TEKNOLOGI KEJURUTERAAN INDUSTRI,2000.00,ONLINE,8436,MASTER,<29,28.0
2023,MMPN21404,32,CINA,MALE,BEKERJA SEPENUH MASA,JPLINTEC INSTRUMENTS SDN BHD,MANUFACTURING,PULAU PINANG,379,MASTER EKSEKUTIF TEKNOLOGI KEJURUTERAAN INDUSTRI,4400.00,ONLINE,7004,MASTER,30-39,32.0
2023,MMPN22101,35,INDIA,MALE,BEKERJA SEPENUH MASA,FLEX PTE LTD,MANUFACTURING,JOHOR,379,MASTER EKSEKUTIF TEKNOLOGI KEJURUTERAAN INDUSTRI,15000.00,ONLINE,8309,MASTER,30-39,35.0
2023,MMPN22102,50,INDIA,MALE,BEKERJA SEPENUH MASA,KNOBS SDN BHD,MANUFACTURING,SELANGOR,379,MASTER EKSEKUTIF TEKNOLOGI KEJURUTERAAN INDUSTRI,3000.00,ONLINE,7925,MASTER,50-59,50.0
2023,MMPN22103,40,IBAN/SEA DAYAK -SARAWAK,MALE,BEKERJA SEPENUH MASA,SYARIKAT SESCO BERHAD,MANUFACTURING,SARAWAK,379,MASTER EKSEKUTIF TEKNOLOGI KEJURUTERAAN INDUSTRI,4000.00,ONLINE,8540,MASTER,40-49,40.0
2023,MMPN22104,43,INDIA,MALE,BEKERJA SEPENUH MASA,PERUSAHAAN SINDI SDN BHD,MANUFACTURING,KEDAH,379,MASTER EKSEKUTIF TEKNOLOGI KEJURUTERAAN INDUSTRI,4500.00,ONLINE,8038,MASTER,40-49,43.0
2023,MMPN22105,47,INDIA,FEMALE,BEKERJA SEPENUH MASA,BEYONDSOFT INTERNATIONAL (SINGAPORE) PTE LTD,MANUFACTURING,NEGERI SEMBILAN,379,MASTER EKSEKUTIF TEKNOLOGI KEJURUTERAAN INDUSTRI,2000.00,ONLINE,8218,MASTER,40-49,47.0
2023,MMPN22106,47,MELAYU,MALE,BEKERJA SEPENUH MASA,EEW MALAYSIA SDN BHD,MANUFACTURING,JOHOR,379,MASTER EKSEKUTIF TEKNOLOGI KEJURUTERAAN INDUSTRI,12000.00,ONLINE,8957,MASTER,40-49,47.0
2023,MMPN22107,50,CINA,FEMALE,BEKERJA SEPENUH MASA,TGSH PLASTIC INDUSTRIES SDN BHD,MANUFACTURING,KEDAH,379,MASTER EKSEKUTIF TEKNOLOGI KEJURUTERAAN INDUSTRI,12000.00,ONLINE,8347,MASTER,50-59,50.0
2023,MMPN22108,47,MELAYU,MALE,BEKERJA SEPENUH MASA,EEW MALAYSIA SDN BHD,MANUFACTURING,JOHOR,379,MASTER EKSEKUTIF TEKNOLOGI KEJURUTERAAN INDUSTRI,7000.00,ONLINE,7282,MASTER,40-49,47.0
2023,MMPN22109,41,INDIA,MALE,BEKERJA SEPENUH MASA,MICRON SEMICONDUCTOR ASIA PTE.LTD.,MANUFACTURING,JOHOR,379,MASTER EKSEKUTIF TEKNOLOGI KEJURUTERAAN INDUSTRI,10000.00,ONLINE,8744,MASTER,40-49,41.0
2023,MMPN22110,47,CINA,MALE,BEKERJA SEPENUH MASA,AVF SOLUTIONS (M) SDN. BHD.,MANUFACTURING,PULAU PINANG,379,MASTER EKSEKUTIF TEKNOLOGI KEJURUTERAAN INDUSTRI,12200.00,ONLINE,8892,MASTER,40-49,47.0
2023,MMPN22201,47,INDIA,MALE,BEKERJA SEPENUH MASA,NAWAWI TIE LEUNG PROPETY,MANUFACTURING,SELANGOR,379,MASTER EKSEKUTIF TEKNOLOGI KEJURUTERAAN INDUSTRI,3500.00,ONLINE,8469,MASTER,40-49,47.0
2023,MMPN22202,50,MELAYU,MALE,BEKERJA SEPENUH MASA,TIME NET BUILDERS & ELECTRICAL (M) SDN BHD,MANUFACTURING,TERENGGANU,379,MASTER EKSEKUTIF TEKNOLOGI KEJURUTERAAN INDUSTRI,15000.00,ONLINE,7246,MASTER,50-59,50.0
2023,MMPN22203,36,MELAYU,MALE,BEKERJA SEPENUH MASA,SPCI-HELM ADVANCE PTE LTD,MANUFACTURING,JOHOR,379,MASTER EKSEKUTIF TEKNOLOGI KEJURUTERAAN INDUSTRI,11000.00,ONLINE,8022,MASTER,30-39,36.0
2023,MMPN22301,42,CINA,MALE,BEKERJA SEPENUH MASA,ADVANCED ENERGY SND BHD M,MANUFACTURING,PERAK,379,MASTER EKSEKUTIF TEKNOLOGI KEJURUTERAAN INDUSTRI,6000.00,ONLINE,7424,MASTER,40-49,42.0
2023,MMPN22304,56,MELAYU,MALE,BEKERJA SEPENUH MASA,BAU PALM OIL MILL SDN BHD,MANUFACTURING,SARAWAK,379,MASTER EKSEKUTIF TEKNOLOGI KEJURUTERAAN INDUSTRI,6800.00,ONLINE,7119,MASTER,50-59,56.0
2023,MMPN22305,36,NOT SPECIFIED,MALE,NOT SPECIFIED,NOT SPECIFIED,MANUFACTURING,NOT SPECIFIED,379,MASTER EKSEKUTIF TEKNOLOGI KEJURUTERAAN INDUSTRI,NOT SPECIFIED,ONLINE,8908,MASTER,30-39,36.0
2023,MMPN22308,49,CINA,MALE,BEKERJA SEPENUH MASA,WIN WIN M&E SDN BHD,MANUFACTURING,SELANGOR,379,MASTER EKSEKUTIF TEKNOLOGI KEJURUTERAAN INDUSTRI,13000.00,ONLINE,8390,MASTER,40-49,49.0
2023,MMPN22309,50,CINA,MALE,BEKERJA SEPENUH MASA,WIN WIN M&E SDN BHD,MANUFACTURING,SELANGOR,379,MASTER EKSEKUTIF TEKNOLOGI KEJURUTERAAN INDUSTRI,13000.00,ONLINE,8430,MASTER,50-59,50.0
2023,MMPN22401,47,INDIA,MALE,BEKERJA SEPENUH MASA,MERLINHAWK ASIA PACIFIC SDN BHD,MANUFACTURING,PULAU PINANG,379,MASTER EKSEKUTIF TEKNOLOGI KEJURUTERAAN INDUSTRI,5000.00,ONLINE,8715,MASTER,40-49,47.0
2023,MMPN22402,44,MELAYU,MALE,BEKERJA SEPENUH MASA,BBRAUN MEDICAL INDUSTRIES SDN.BHD,MANUFACTURING,PULAU PINANG,379,MASTER EKSEKUTIF TEKNOLOGI KEJURUTERAAN INDUSTRI,3700.00,ONLINE,7836,MASTER,40-49,44.0
2023,RMPB18401,46,INDIA MUSLIM,MALE,BEKERJA SEPENUH MASA,MALAYAN BANKING BERHAD,"PROFESSIONAL, SCIENTIFIC, AND TECHNICAL ACTIVITIES",PULAU PINANG,340,MASTER EKSEKUTIF PENGURUSAN PERNIAGAAN,9100.00,ONLINE,8464,MASTER,40-49,46.0
2023,RMPB18402,39,CINA,MALE,BEKERJA/USAHAWAN/FREELANCE,AZIHO TRADING SDN BHD,"PROFESSIONAL, SCIENTIFIC, AND TECHNICAL ACTIVITIES",KEDAH,340,MASTER EKSEKUTIF PENGURUSAN PERNIAGAAN,10000.00,ONLINE,8602,MASTER,30-39,39.0
2023,RMPB19201,30,TAMIL,FEMALE,BEKERJA SEPENUH MASA,TOLL GLOBAL FORWARDING (M) SDN BHD,"PROFESSIONAL, SCIENTIFIC, AND TECHNICAL ACTIVITIES",PULAU PINANG,340,MASTER EKSEKUTIF PENGURUSAN PERNIAGAAN,2665.00,ONLINE,8140,MASTER,30-39,30.0
2023,RMPB19202,54,CINA,FEMALE,BEKERJA SEPENUH MASA,PINTAR WSL CONSULTANCY,"PROFESSIONAL, SCIENTIFIC, AND TECHNICAL ACTIVITIES",PULAU PINANG,340,MASTER EKSEKUTIF PENGURUSAN PERNIAGAAN,5000.00,ONLINE,7570,MASTER,50-59,54.0
2023,RMPB19204,59,INDIA,MALE,BEKERJA SEPENUH MASA,MACE INSTRUMENTATION SDN. BHD. (JHM CONSOLIDATION BHD),"PROFESSIONAL, SCIENTIFIC, AND TECHNICAL ACTIVITIES",PULAU PINANG,340,MASTER EKSEKUTIF PENGURUSAN PERNIAGAAN,11200.00,ONLINE,7573,MASTER,50-59,59.0
2023,RMPB19207,50,TAMIL,MALE,BEKERJA SEPENUH MASA,BCM ELECTRONICS CORPORATION SDN. BHD.,"PROFESSIONAL, SCIENTIFIC, AND TECHNICAL ACTIVITIES",PULAU PINANG,340,MASTER EKSEKUTIF PENGURUSAN PERNIAGAAN,10400.00,ONLINE,7746,MASTER,50-59,50.0
2023,RMPB20101,61,MELAYU,MALE,BEKERJA SEPENUH MASA,PUTRAJAYA LEISURES & SERVICES GROUP SDN BHD,"PROFESSIONAL, SCIENTIFIC, AND TECHNICAL ACTIVITIES",NEGERI SEMBILAN,340,MASTER EKSEKUTIF PENGURUSAN PERNIAGAAN,35000.00,ONLINE,7028,MASTER,60+,61.0
2023,RMPB20102,58,MELAYU,MALE,BEKERJA SEPENUH MASA,RENESAS SEMICONDUCTOR (M) SDN. BHD.,"PROFESSIONAL, SCIENTIFIC, AND TECHNICAL ACTIVITIES",KEDAH,340,MASTER EKSEKUTIF PENGURUSAN PERNIAGAAN,12000.00,ONLINE,8144,MASTER,50-59,58.0
2023,RMPB20106,47,MELAYU,FEMALE,BEKERJA SEPENUH MASA,SERI PACIFIC HOTEL KUALA LUMPUR,"PROFESSIONAL, SCIENTIFIC, AND TECHNICAL ACTIVITIES",NEGERI SEMBILAN,340,MASTER EKSEKUTIF PENGURUSAN PERNIAGAAN,9420.00,ONLINE,8303,MASTER,40-49,47.0
2023,RMPB21105,42,CINA,MALE,BEKERJA SEPENUH MASA,MALAYAN BANKING BERHAD,"PROFESSIONAL, SCIENTIFIC, AND TECHNICAL ACTIVITIES",PULAU PINANG,340,MASTER EKSEKUTIF PENGURUSAN PERNIAGAAN,15000.00,ONLINE,7931,MASTER,40-49,42.0
2023,SMMG19301,43,MELAYU,MALE,BEKERJA SEPENUH MASA,SAPURA ENERGY SDN BHD,MINING AND QUARRYING,TERENGGANU,346,MASTER EKSEKUTIF PENGURUSAN INDUSTRI MINYAK & GAS,6000.00,ONLINE,7676,MASTER,40-49,43.0
2023,SMMG21308,44,MELAYU,MALE,BEKERJA SEPENUH MASA,ELLIOT GROUP,MINING AND QUARRYING,JOHOR,346,MASTER EKSEKUTIF PENGURUSAN INDUSTRI MINYAK & GAS,38000.00,ONLINE,7640,MASTER,40-49,44.0
2023,SMMG21401,40,MELAYU,MALE,BEKERJA SEPENUH MASA,SAPURAOMV UPSTREAM (SARAWAK) INC.,MINING AND QUARRYING,KEDAH,346,MASTER EKSEKUTIF PENGURUSAN INDUSTRI MINYAK & GAS,3000.00,ONLINE,8626,MASTER,40-49,40.0
2023,SMMG21402,40,MELAYU,MALE,BEKERJA SEPENUH MASA,OCEAN MIGHT SDN BHD,MINING AND QUARRYING,PERAK,346,MASTER EKSEKUTIF PENGURUSAN INDUSTRI MINYAK & GAS,10000.00,ONLINE,8612,MASTER,40-49,40.0
2023,SMMG21403,50,MELAYU,MALE,BEKERJA SEPENUH MASA,SAPURA ENERGY BERHAD,MINING AND QUARRYING,PERAK,346,MASTER EKSEKUTIF PENGURUSAN INDUSTRI MINYAK & GAS,11000.00,ONLINE,7270,MASTER,50-59,50.0
2023,SMMG21405,45,MELAYU,MALE,BEKERJA SEPENUH MASA,SAPURA FABRICATION SDN BHD,MINING AND QUARRYING,PERAK,346,MASTER EKSEKUTIF PENGURUSAN INDUSTRI MINYAK & GAS,20000.00,ONLINE,7707,MASTER,40-49,45.0
2023,SMMG22101,42,MELAYU,MALE,BEKERJA SEPENUH MASA,MJ INSPECTION SDN BHD,MINING AND QUARRYING,JOHOR,346,MASTER EKSEKUTIF PENGURUSAN INDUSTRI MINYAK & GAS,13000.00,ONLINE,8606,MASTER,40-49,42.0
2023,SMMG22102,40,MELAYU,MALE,BEKERJA/USAHAWAN/FREELANCE,AZAS ENERGY ENTERPRISE,MINING AND QUARRYING,JOHOR,346,MASTER EKSEKUTIF PENGURUSAN INDUSTRI MINYAK & GAS,8000.00,ONLINE,7002,MASTER,40-49,40.0
2023,UBMG19201,43,MELAYU,MALE,BEKERJA SEPENUH MASA,PETRONAS CHEMICALS ISONONANOL,MINING AND QUARRYING,JOHOR,410,BACELOR EKSEKUTIF TEKNOLOGI DAN PENGURUSAN MINYAK & GAS,8000.00,ONLINE,5488,BACELOR,40-49,43.0
2023,UBMG19203,31,MELAYU,MALE,BEKERJA SEPENUH MASA,XIAO LI ENGINEERING & CO SDN BHD,MINING AND QUARRYING,JOHOR,410,BACELOR EKSEKUTIF TEKNOLOGI DAN PENGURUSAN MINYAK & GAS,7000.00,ONLINE,4611,BACELOR,30-39,31.0
2023,UBMG19207,34,INDIA,MALE,BEKERJA SEPENUH MASA,SMRT CORPORATION LTD,MINING AND QUARRYING,JOHOR,410,BACELOR EKSEKUTIF TEKNOLOGI DAN PENGURUSAN MINYAK & GAS,4500.00,ONLINE,5238,BACELOR,30-39,34.0
2023,UBMG19211,36,MELAYU,MALE,BEKERJA SEPENUH MASA,SANKYU (M) SDN BHD,MINING AND QUARRYING,PERAK,410,BACELOR EKSEKUTIF TEKNOLOGI DAN PENGURUSAN MINYAK & GAS,6500.00,ONLINE,4651,BACELOR,30-39,36.0
2023,UBMPP21401,61,MELAYU,MALE,BEKERJA SEPENUH MASA,GEOSTRENGTH ENGINEERING SDN BHD,"PROFESSIONAL, SCIENTIFIC, AND TECHNICAL ACTIVITIES",SELANGOR,348,MASTER EKSEKUTIF OPERASI DAN PENGURUSAN PROJEK,16000.00,ONLINE,7086,MASTER,60+,61.0
2023,UBMPP21402,56,MELAYU,MALE,BEKERJA SEPENUH MASA,SETIAUSAHA KERAJAAN NEGERI PAHANG,"PROFESSIONAL, SCIENTIFIC, AND TECHNICAL ACTIVITIES",PAHANG,348,MASTER EKSEKUTIF OPERASI DAN PENGURUSAN PROJEK,12000.00,ONLINE,7280,MASTER,50-59,56.0
2023,UBMPP21403,54,MELAYU,MALE,BEKERJA/USAHAWAN/FREELANCE,ZEERASH BINA SDN BHD,"PROFESSIONAL, SCIENTIFIC, AND TECHNICAL ACTIVITIES",KEDAH,348,MASTER EKSEKUTIF OPERASI DAN PENGURUSAN PROJEK,5000.00,ONLINE,8457,MASTER,50-59,54.0
2023,UBMPP21404,62,MELAYU,MALE,BEKERJA/USAHAWAN/FREELANCE,WROSDEE RESOURCES (M) SDN BHD,"PROFESSIONAL, SCIENTIFIC, AND TECHNICAL ACTIVITIES",KELANTAN,348,MASTER EKSEKUTIF OPERASI DAN PENGURUSAN PROJEK,6000.00,ONLINE,7994,MASTER,60+,62.0
2023,UBMPP21405,68,MELAYU,MALE,BEKERJA SEPENUH MASA,FADZILL CONSTRUCTION SDN BHD,"PROFESSIONAL, SCIENTIFIC, AND TECHNICAL ACTIVITIES",PULAU PINANG,348,MASTER EKSEKUTIF OPERASI DAN PENGURUSAN PROJEK,7500.00,ONLINE,7191,MASTER,60+,68.0
2023,UBMPP21406,58,MELAYU,MALE,BEKERJA SEPENUH MASA,INSTITUT KOPERASI MALAYSIA,"PROFESSIONAL, SCIENTIFIC, AND TECHNICAL ACTIVITIES",SELANGOR,348,MASTER EKSEKUTIF OPERASI DAN PENGURUSAN PROJEK,27114.00,ONLINE,7591,MASTER,50-59,58.0
2023,UBMPP21408,62,MELAYU,MALE,BEKERJA/USAHAWAN/FREELANCE,GERBANG NUSAJAYA DEVELOPMENT SDN BHD,"PROFESSIONAL, SCIENTIFIC, AND TECHNICAL ACTIVITIES",JOHOR,348,MASTER EKSEKUTIF OPERASI DAN PENGURUSAN PROJEK,18300.00,ONLINE,8074,MASTER,60+,62.0
2023,UBMPP21412,66,MELAYU,MALE,BEKERJA/USAHAWAN/FREELANCE,PERNIAGAAN KASTURI MAKMUR,"PROFESSIONAL, SCIENTIFIC, AND TECHNICAL ACTIVITIES",PAHANG,348,MASTER EKSEKUTIF OPERASI DAN PENGURUSAN PROJEK,3000.00,ONLINE,8132,MASTER,60+,66.0
2023,UBMPP21413,60,MELAYU,MALE,BEKERJA SEPENUH MASA,ABG BINA SDN BHD,"PROFESSIONAL, SCIENTIFIC, AND TECHNICAL ACTIVITIES",PAHANG,348,MASTER EKSEKUTIF OPERASI DAN PENGURUSAN PROJEK,4500.00,ONLINE,7585,MASTER,60+,60.0
2023,UBMPP21414,55,MELAYU,MALE,BEKERJA/USAHAWAN/FREELANCE,TENGKAH ENTERPRISE,"PROFESSIONAL, SCIENTIFIC, AND TECHNICAL ACTIVITIES",SELANGOR,348,MASTER EKSEKUTIF OPERASI DAN PENGURUSAN PROJEK,3000.00,ONLINE,7727,MASTER,50-59,55.0
2023,UBMPP21415,49,MELAYU,MALE,BEKERJA SEPENUH MASA,MAYBANK BERHAD,"PROFESSIONAL, SCIENTIFIC, AND TECHNICAL ACTIVITIES",SELANGOR,348,MASTER EKSEKUTIF OPERASI DAN PENGURUSAN PROJEK,9000.00,ONLINE,7393,MASTER,40-49,49.0
2023,UBMPP21416,50,MELAYU,FEMALE,BEKERJA SEPENUH MASA,HBS ENGINEERING SDN BHD,"PROFESSIONAL, SCIENTIFIC, AND TECHNICAL ACTIVITIES",SELANGOR,348,MASTER EKSEKUTIF OPERASI DAN PENGURUSAN PROJEK,10000.00,ONLINE,7492,MASTER,50-59,50.0
2023,UBMPP21419,51,MELAYU,MALE,BEKERJA SEPENUH MASA,KURNIA EKUITI SDN BHD,"PROFESSIONAL, SCIENTIFIC, AND TECHNICAL ACTIVITIES",SELANGOR,348,MASTER EKSEKUTIF OPERASI DAN PENGURUSAN PROJEK,20000.00,ONLINE,8665,MASTER,50-59,51.0
2023,UBMPP21420,51,MELAYU,FEMALE,BEKERJA/USAHAWAN/FREELANCE,POWERTOUCH CONSTRUCTION,"PROFESSIONAL, SCIENTIFIC, AND TECHNICAL ACTIVITIES",PAHANG,348,MASTER EKSEKUTIF OPERASI DAN PENGURUSAN PROJEK,4000.00,ONLINE,8429,MASTER,50-59,51.0
2023,UBPB20101,54,MELAYU,MALE,BEKERJA SEPENUH MASA,JABATAN KASTAM DIRAJA MALAYSIA,TRANSPORTATION AND STORAGE,JOHOR,413,BACELOR EKSEKUTIF PENGURUSAN RANTAIAN BEKALAN,3500.00,ONLINE,4603,BACELOR,50-59,54.0
2023,UBPB20104,43,MELAYU,FEMALE,BEKERJA SEPENUH MASA,CHAMPION PRECISION TECHNOLOGY SDN.BHD,TRANSPORTATION AND STORAGE,JOHOR,413,BACELOR EKSEKUTIF PENGURUSAN RANTAIAN BEKALAN,4200.00,ONLINE,5326,BACELOR,40-49,43.0
2023,UBPB20106,47,MELAYU,MALE,BEKERJA SEPENUH MASA,GEODIS (MALAYSIA) SDN BHD,TRANSPORTATION AND STORAGE,JOHOR,413,BACELOR EKSEKUTIF PENGURUSAN RANTAIAN BEKALAN,14000.00,ONLINE,5598,BACELOR,40-49,47.0
2023,UBPB20111,42,INDIA,MALE,BEKERJA SEPENUH MASA,CCM CHEMICALS BERHAD,TRANSPORTATION AND STORAGE,JOHOR,413,BACELOR EKSEKUTIF PENGURUSAN RANTAIAN BEKALAN,4185.00,ONLINE,4495,BACELOR,40-49,42.0
2023,UBPB20112,39,MELAYU,FEMALE,BEKERJA SEPENUH MASA,PELABUHAN TANJUNG PELEPAS SDN BHD,TRANSPORTATION AND STORAGE,JOHOR,413,BACELOR EKSEKUTIF PENGURUSAN RANTAIAN BEKALAN,7000.00,ONLINE,4729,BACELOR,30-39,39.0
2023,UBPB20113,44,MELAYU,FEMALE,BEKERJA SEPENUH MASA,LEGOLAND MALAYSIA,TRANSPORTATION AND STORAGE,JOHOR,413,BACELOR EKSEKUTIF PENGURUSAN RANTAIAN BEKALAN,3000.00,ONLINE,5688,BACELOR,40-49,44.0
2023,UBPB20116,44,INDIA,FEMALE,BEKERJA SEPENUH MASA,BDP MALAYSIA SDN BHD,TRANSPORTATION AND STORAGE,JOHOR,413,BACELOR EKSEKUTIF PENGURUSAN RANTAIAN BEKALAN,8000.00,ONLINE,5450,BACELOR,40-49,44.0
2023,UBPB20117,38,INDIA,FEMALE,BEKERJA SEPENUH MASA,CIMEI FOOD INGREDIENTS SDN BHD,TRANSPORTATION AND STORAGE,JOHOR,413,BACELOR EKSEKUTIF PENGURUSAN RANTAIAN BEKALAN,3000.00,ONLINE,4586,BACELOR,30-39,38.0
2023,UBPB20118,41,MELAYU,MALE,BEKERJA SEPENUH MASA,EFTECH INTERNATIONAL SDN BHD,TRANSPORTATION AND STORAGE,JOHOR,413,BACELOR EKSEKUTIF PENGURUSAN RANTAIAN BEKALAN,9000.00,ONLINE,5663,BACELOR,40-49,41.0
2023,UBPN19301,31,MELAYU,MALE,BEKERJA SEPENUH MASA,HAFAR ENERGY SDN BHD,"PROFESSIONAL, SCIENTIFIC, AND TECHNICAL ACTIVITIES",PAHANG,361,BACELOR EKSEKUTIF PENGURUSAN OPERASI INDUSTRI,5000.00,ONLINE,4089,BACELOR,30-39,31.0
2023,UBTE20103,46,KHEK (HAKKA),MALE,BEKERJA/USAHAWAN/FREELANCE,BUREAU VERITAS (M) SDN BHD,MANUFACTURING,JOHOR,363,BACELOR EKSEKUTIF TEKNOLOGI ELEKTRIK & ELEKTRONIK,10000.00,ONLINE,4663,BACELOR,40-49,46.0
2023,UBTE20105,51,MELAYU,MALE,BEKERJA/USAHAWAN/FREELANCE,VELOSI (M) SDN BHD,MANUFACTURING,JOHOR,363,BACELOR EKSEKUTIF TEKNOLOGI ELEKTRIK & ELEKTRONIK,10000.00,ONLINE,4029,BACELOR,50-59,51.0
2023,UBTE20108,33,MELAYU,MALE,BEKERJA SEPENUH MASA,MALAYSIAN TECHNOLOGY DEVELOPMENT CORPORATION SDN BHD,MANUFACTURING,JOHOR,363,BACELOR EKSEKUTIF TEKNOLOGI ELEKTRIK & ELEKTRONIK,2916.00,ONLINE,4495,BACELOR,30-39,33.0
2023,UBTE20116,42,MELAYU,MALE,BEKERJA SEPENUH MASA,SW MASTER ENGINEERING,MANUFACTURING,KUALA LUMPUR,363,BACELOR EKSEKUTIF TEKNOLOGI ELEKTRIK & ELEKTRONIK,6500.00,ONLINE,4128,BACELOR,40-49,42.0
2023,UBTE20118,31,NOT SPECIFIED,MALE,NOT SPECIFIED,NOT SPECIFIED,MANUFACTURING,JOHOR,363,BACELOR EKSEKUTIF TEKNOLOGI ELEKTRIK & ELEKTRONIK,NOT SPECIFIED,ONLINE,5735,BACELOR,30-39,31.0
2023,UBTE20122,42,TAMIL,MALE,BEKERJA SEPENUH MASA,CCM CHEMICALS SDN BHD,MANUFACTURING,JOHOR,363,BACELOR EKSEKUTIF TEKNOLOGI ELEKTRIK & ELEKTRONIK,6700.00,ONLINE,5158,BACELOR,40-49,42.0
2023,UBTE20123,36,TAMIL,MALE,BEKERJA SEPENUH MASA,E - ACCESS INTERNATIONAL COLLEGE,MANUFACTURING,JOHOR,363,BACELOR EKSEKUTIF TEKNOLOGI ELEKTRIK & ELEKTRONIK,2600.00,ONLINE,5070,BACELOR,30-39,36.0
2023,UBTE20124,28,KADAZAN-SABAH,FEMALE,BEKERJA SEPENUH MASA,PREFCHEM RAPID PENGERANG,MANUFACTURING,SABAH,363,BACELOR EKSEKUTIF TEKNOLOGI ELEKTRIK & ELEKTRONIK,3300.00,ONLINE,4459,BACELOR,<29,28.0
2023,UBTE20126,48,MELAYU,MALE,BEKERJA SEPENUH MASA,ALCON JOHOR SDN. BHD.,MANUFACTURING,PAHANG,363,BACELOR EKSEKUTIF TEKNOLOGI ELEKTRIK & ELEKTRONIK,4300.00,ONLINE,4332,BACELOR,40-49,48.0
2023,UBTE20127,28,SINO-NATIVE-SABAH,FEMALE,BEKERJA SEPENUH MASA,PETRONAS FLOATING LNG,MANUFACTURING,SABAH,363,BACELOR EKSEKUTIF TEKNOLOGI ELEKTRIK & ELEKTRONIK,8000.00,ONLINE,4926,BACELOR,<29,28.0
2023,UBTE20129,36,CINA,MALE,BEKERJA SEPENUH MASA,GOLAR,MANUFACTURING,SARAWAK,363,BACELOR EKSEKUTIF TEKNOLOGI ELEKTRIK & ELEKTRONIK,10000.00,ONLINE,4533,BACELOR,30-39,36.0
2023,UBTE20131,47,NOT SPECIFIED,NOT SPECIFIED,NOT SPECIFIED,NOT SPECIFIED,MANUFACTURING,NOT SPECIFIED,363,BACELOR EKSEKUTIF TEKNOLOGI ELEKTRIK & ELEKTRONIK,NOT SPECIFIED,ONLINE,5783,BACELOR,40-49,47.0
2023,UBTE21301,28,MELAYU,MALE,BEKERJA SEPENUH MASA,VENTURE TECHNOCOM SYSTEM SDN BHD,MANUFACTURING,JOHOR,363,BACELOR EKSEKUTIF TEKNOLOGI ELEKTRIK & ELEKTRONIK,2000.00,ONLINE,4891,BACELOR,<29,28.0
2023,UBTE21302,29,INDIA,MALE,BEKERJA SEPENUH MASA,THE LARYNGEAL MASK COMPANY (MALAYSIA) SDH BHD (TELEFLEX),MANUFACTURING,KEDAH,363,BACELOR EKSEKUTIF TEKNOLOGI ELEKTRIK & ELEKTRONIK,2700.00,ONLINE,4598,BACELOR,<29,29.0
2023,UBTM21304,38,MELAYU,MALE,BEKERJA SEPENUH MASA,UZMA ENGINEERING SDN BHD,MINING AND QUARRYING,SARAWAK,410,BACELOR EKSEKUTIF TEKNOLOGI DAN PENGURUSAN MINYAK & GAS,8800.00,ONLINE,4134,BACELOR,30-39,38.0
2023,UBTM21305,33,KEDAYAN-SABAH,MALE,BEKERJA SEPENUH MASA,UZMA ENGINEERING SDN BHD,MINING AND QUARRYING,LABUAN,410,BACELOR EKSEKUTIF TEKNOLOGI DAN PENGURUSAN MINYAK & GAS,5000.00,ONLINE,4595,BACELOR,30-39,33.0
2023,UCMPB20301,40,PUNJABI,FEMALE,BEKERJA SEPENUH MASA,AIG TRAVEL,"PROFESSIONAL, SCIENTIFIC, AND TECHNICAL ACTIVITIES",PERAK,340,MASTER EKSEKUTIF PENGURUSAN PERNIAGAAN,5000.00,ONLINE,7547,MASTER,40-49,40.0
2023,UCMPB20310,46,CINA,MALE,BEKERJA/USAHAWAN/FREELANCE,ELMAN LUM CONSULTING,"PROFESSIONAL, SCIENTIFIC, AND TECHNICAL ACTIVITIES",SELANGOR,340,MASTER EKSEKUTIF PENGURUSAN PERNIAGAAN,5000.00,ONLINE,8969,MASTER,40-49,46.0
2023,UCMPB21105,60,MELAYU,FEMALE,BEKERJA/USAHAWAN/FREELANCE,DWI KUALITI SDN BHD,"PROFESSIONAL, SCIENTIFIC, AND TECHNICAL ACTIVITIES",SELANGOR,340,MASTER EKSEKUTIF PENGURUSAN PERNIAGAAN,3000.00,ONLINE,7775,MASTER,60+,60.0
2023,UCMPB21107,36,INDIA,MALE,BEKERJA SEPENUH MASA,BP BUSINESS SERVICES ASIA SDN BHD,"PROFESSIONAL, SCIENTIFIC, AND TECHNICAL ACTIVITIES",SELANGOR,340,MASTER EKSEKUTIF PENGURUSAN PERNIAGAAN,600.00,ONLINE,7920,MASTER,30-39,36.0
2023,UCMPB21302,45,MELAYU,MALE,BEKERJA SEPENUH MASA,COOPBANK PERTAMA,"PROFESSIONAL, SCIENTIFIC, AND TECHNICAL ACTIVITIES",JOHOR,340,MASTER EKSEKUTIF PENGURUSAN PERNIAGAAN,6700.00,ONLINE,7722,MASTER,40-49,45.0
2023,UCMPB21306,47,TAMIL,MALE,BEKERJA SEPENUH MASA,REAL EDUCATION GROUP SDN BHD,"PROFESSIONAL, SCIENTIFIC, AND TECHNICAL ACTIVITIES",SELANGOR,340,MASTER EKSEKUTIF PENGURUSAN PERNIAGAAN,10000.00,ONLINE,8778,MASTER,40-49,47.0
2023,UDMPB22301,50,MELAYU,MALE,BEKERJA SEPENUH MASA,JABATAN AGAMA ISLAM PAHANG,"PROFESSIONAL, SCIENTIFIC, AND TECHNICAL ACTIVITIES",PAHANG,340,MASTER EKSEKUTIF PENGURUSAN PERNIAGAAN,8640.00,ONLINE,7587,MASTER,50-59,50.0
2023,UDMPB22302,33,TAMIL,MALE,BEKERJA SEPENUH MASA,GOLDEN METALS CONSTRUCTIONS,"PROFESSIONAL, SCIENTIFIC, AND TECHNICAL ACTIVITIES",PERAK,340,MASTER EKSEKUTIF PENGURUSAN PERNIAGAAN,3000.00,ONLINE,8935,MASTER,30-39,33.0
2023,UDMPB22303,51,MELAYU,MALE,BEKERJA/USAHAWAN/FREELANCE,ZAMRI OTHMAN AGRO SDN. BHD.,"PROFESSIONAL, SCIENTIFIC, AND TECHNICAL ACTIVITIES",PAHANG,340,MASTER EKSEKUTIF PENGURUSAN PERNIAGAAN,10000.00,ONLINE,7539,MASTER,50-59,51.0
2023,UDMPB22304,39,MELAYU,MALE,BEKERJA SEPENUH MASA,WEARNES AUTOMOTIVE PTE LTD,"PROFESSIONAL, SCIENTIFIC, AND TECHNICAL ACTIVITIES",SELANGOR,340,MASTER EKSEKUTIF PENGURUSAN PERNIAGAAN,13376.00,ONLINE,8421,MASTER,30-39,39.0
2023,UDMPB22305,44,MELAYU,MALE,BEKERJA SEPENUH MASA,MSX INTERNATIONAL,"PROFESSIONAL, SCIENTIFIC, AND TECHNICAL ACTIVITIES",PERAK,340,MASTER EKSEKUTIF PENGURUSAN PERNIAGAAN,13856.00,ONLINE,8441,MASTER,40-49,44.0
2023,UDMPB22306,57,CINA,MALE,BEKERJA SEPENUH MASA,AGROW CORPORATION SDN BHD,"PROFESSIONAL, SCIENTIFIC, AND TECHNICAL ACTIVITIES",SELANGOR,340,MASTER EKSEKUTIF PENGURUSAN PERNIAGAAN,10000.00,ONLINE,7963,MASTER,50-59,57.0
2023,UDMPB22307,52,MELAYU,MALE,BEKERJA/USAHAWAN/FREELANCE,KOPERASI MAKMUR MALAYSIA BERHAD,"PROFESSIONAL, SCIENTIFIC, AND TECHNICAL ACTIVITIES",PAHANG,340,MASTER EKSEKUTIF PENGURUSAN PERNIAGAAN,6500.00,ONLINE,7796,MASTER,50-59,52.0
2023,UDMPB22310,46,TAMIL,MALE,BEKERJA SEPENUH MASA,EDU ASSIST SDN BHD,"PROFESSIONAL, SCIENTIFIC, AND TECHNICAL ACTIVITIES",PERAK,340,MASTER EKSEKUTIF PENGURUSAN PERNIAGAAN,4000.00,ONLINE,8322,MASTER,40-49,46.0
2023,UDMPB22311,47,MELAYU,MALE,BEKERJA SEPENUH MASA,FM GLOBAL LOGISTICS (M) SDN BHD,"PROFESSIONAL, SCIENTIFIC, AND TECHNICAL ACTIVITIES",SELANGOR,340,MASTER EKSEKUTIF PENGURUSAN PERNIAGAAN,5900.00,ONLINE,7912,MASTER,40-49,47.0
2023,UDMPB22312,49,INDIA,MALE,BEKERJA SEPENUH MASA,M VEERAN ENTERPRISE,"PROFESSIONAL, SCIENTIFIC, AND TECHNICAL ACTIVITIES",PERAK,340,MASTER EKSEKUTIF PENGURUSAN PERNIAGAAN,5000.00,ONLINE,7245,MASTER,40-49,49.0
2023,UDMPB23101,55,MELAYU,MALE,BEKERJA/USAHAWAN/FREELANCE,NARDONI SDN BHD,"PROFESSIONAL, SCIENTIFIC, AND TECHNICAL ACTIVITIES",SELANGOR,340,MASTER EKSEKUTIF PENGURUSAN PERNIAGAAN,5000.00,ONLINE,8862,MASTER,50-59,55.0
2023,UDMPB23102,38,MELAYU,FEMALE,BEKERJA/USAHAWAN/FREELANCE,FO RIZQ TICKETING & TRAVEL SDN BHD,"PROFESSIONAL, SCIENTIFIC, AND TECHNICAL ACTIVITIES",NEGERI SEMBILAN,340,MASTER EKSEKUTIF PENGURUSAN PERNIAGAAN,5000.00,ONLINE,7089,MASTER,30-39,38.0
2023,UDMPB23103,48,MELAYU,MALE,BEKERJA SEPENUH MASA,GIGA SHIPPING SDN BHD,"PROFESSIONAL, SCIENTIFIC, AND TECHNICAL ACTIVITIES",SELANGOR,340,MASTER EKSEKUTIF PENGURUSAN PERNIAGAAN,5000.00,ONLINE,8191,MASTER,40-49,48.0
2023,UDMPB23104,47,MELAYU,MALE,BEKERJA SEPENUH MASA,TC SUBARU SDN BHD,"PROFESSIONAL, SCIENTIFIC, AND TECHNICAL ACTIVITIES",SELANGOR,340,MASTER EKSEKUTIF PENGURUSAN PERNIAGAAN,6000.00,ONLINE,7147,MASTER,40-49,47.0
2023,UDMPB23105,46,MELAYU,FEMALE,BEKERJA SEPENUH MASA,LASER MOTOR PJ SDN BHD,"PROFESSIONAL, SCIENTIFIC, AND TECHNICAL ACTIVITIES",SELANGOR,340,MASTER EKSEKUTIF PENGURUSAN PERNIAGAAN,4305.00,ONLINE,7380,MASTER,40-49,46.0
2023,UDMPB23106,39,MELAYU,MALE,BEKERJA SEPENUH MASA,TC SUBARU SDN BHD,"PROFESSIONAL, SCIENTIFIC, AND TECHNICAL ACTIVITIES",SELANGOR,340,MASTER EKSEKUTIF PENGURUSAN PERNIAGAAN,3800.00,ONLINE,8253,MASTER,30-39,39.0
2023,UDMPB23107,39,INDIA,MALE,BEKERJA SEPENUH MASA,GKN ENGINE SYSTEMS COMPONENT REPAIR SDN BHD,"PROFESSIONAL, SCIENTIFIC, AND TECHNICAL ACTIVITIES",PERAK,340,MASTER EKSEKUTIF PENGURUSAN PERNIAGAAN,6300.00,ONLINE,8593,MASTER,30-39,39.0
2023,UDMPB23108,41,MELAYU,MALE,BEKERJA SEPENUH MASA,CA CLEANING SERVICE SDN. BHD.,"PROFESSIONAL, SCIENTIFIC, AND TECHNICAL ACTIVITIES",KUALA LUMPUR,340,MASTER EKSEKUTIF PENGURUSAN PERNIAGAAN,30000.00,ONLINE,8877,MASTER,40-49,41.0
2023,UDPK22301,42,NOT SPECIFIED,NOT SPECIFIED,NOT SPECIFIED,NOT SPECIFIED,"PROFESSIONAL, SCIENTIFIC, AND TECHNICAL ACTIVITIES",NOT SPECIFIED,367,DIPLOMA PROFESIONAL PENGURUSAN BAKAT BERASASKAN KOMPETENSI,NOT SPECIFIED,ONLINE,2409,DIPLOMA,40-49,42.0
2023,UDPK22302,51,MELAYU,FEMALE,BEKERJA SEPENUH MASA,UNIVERSITI PERTAHANAN NASIONAL MALAYSIA,"PROFESSIONAL, SCIENTIFIC, AND TECHNICAL ACTIVITIES",KUALA LUMPUR,367,DIPLOMA PROFESIONAL PENGURUSAN BAKAT BERASASKAN KOMPETENSI,20000.00,ONLINE,2733,DIPLOMA,50-59,51.0
2023,UDPK22303,51,MELAYU,MALE,BEKERJA SEPENUH MASA,"BSM,, PEJABAT PENDAFTAR UTHM","PROFESSIONAL, SCIENTIFIC, AND TECHNICAL ACTIVITIES",JOHOR,367,DIPLOMA PROFESIONAL PENGURUSAN BAKAT BERASASKAN KOMPETENSI,8000.00,ONLINE,2671,DIPLOMA,50-59,51.0
2023,UDPK22304,46,MELAYU,FEMALE,BEKERJA SEPENUH MASA,UNIVERSITI MALAYSIA KELANTAN,"PROFESSIONAL, SCIENTIFIC, AND TECHNICAL ACTIVITIES",KELANTAN,367,DIPLOMA PROFESIONAL PENGURUSAN BAKAT BERASASKAN KOMPETENSI,5000.00,ONLINE,2191,DIPLOMA,40-49,46.0
2023,UDPK22305,41,MELAYU,MALE,BEKERJA SEPENUH MASA,UNIVERSITI MALAYSIA PAHANG AL-SULTAN ABDULLAH,"PROFESSIONAL, SCIENTIFIC, AND TECHNICAL ACTIVITIES",PAHANG,367,DIPLOMA PROFESIONAL PENGURUSAN BAKAT BERASASKAN KOMPETENSI,8085.00,ONLINE,2232,DIPLOMA,40-49,41.0
2023,UDPK22306,49,MELAYU,MALE,BEKERJA SEPENUH MASA,UNIVERSITI PUTRA MALAYSIA,"PROFESSIONAL, SCIENTIFIC, AND TECHNICAL ACTIVITIES",PERAK,367,DIPLOMA PROFESIONAL PENGURUSAN BAKAT BERASASKAN KOMPETENSI,7000.00,ONLINE,2831,DIPLOMA,40-49,49.0
2023,UDPK22307,45,MELAYU,FEMALE,BEKERJA SEPENUH MASA,UNIVERSITI MALAYSIA PERLIS,"PROFESSIONAL, SCIENTIFIC, AND TECHNICAL ACTIVITIES",PERLIS,367,DIPLOMA PROFESIONAL PENGURUSAN BAKAT BERASASKAN KOMPETENSI,7000.00,ONLINE,2406,DIPLOMA,40-49,45.0
2023,UDPK22308,50,MELAYU,FEMALE,BEKERJA SEPENUH MASA,UIAM,"PROFESSIONAL, SCIENTIFIC, AND TECHNICAL ACTIVITIES",SELANGOR,367,DIPLOMA PROFESIONAL PENGURUSAN BAKAT BERASASKAN KOMPETENSI,6996.00,ONLINE,2270,DIPLOMA,50-59,50.0
2023,UDPK22309,48,MELAYU,FEMALE,BEKERJA SEPENUH MASA,UNIVERSITI MALAYA,"PROFESSIONAL, SCIENTIFIC, AND TECHNICAL ACTIVITIES",KUALA LUMPUR,367,DIPLOMA PROFESIONAL PENGURUSAN BAKAT BERASASKAN KOMPETENSI,6918.00,ONLINE,2049,DIPLOMA,40-49,48.0
2023,UDPK22310,43,MELAYU,FEMALE,BEKERJA SEPENUH MASA,AKADEMI KEPIMPINAN PENDIDIKAN TINGGI,"PROFESSIONAL, SCIENTIFIC, AND TECHNICAL ACTIVITIES",NEGERI SEMBILAN,367,DIPLOMA PROFESIONAL PENGURUSAN BAKAT BERASASKAN KOMPETENSI,8000.00,ONLINE,2436,DIPLOMA,40-49,43.0
2023,UDPK22311,44,MELAYU,FEMALE,BEKERJA SEPENUH MASA,UNIVERSITI SULTAN ZAINAL ABIDIN,"PROFESSIONAL, SCIENTIFIC, AND TECHNICAL ACTIVITIES",TERENGGANU,367,DIPLOMA PROFESIONAL PENGURUSAN BAKAT BERASASKAN KOMPETENSI,5000.00,ONLINE,2122,DIPLOMA,40-49,44.0
2023,UDPK22312,41,MELAYU,FEMALE,BEKERJA SEPENUH MASA,UNIVERSITI TEKNOLOGI MALAYSIA,"PROFESSIONAL, SCIENTIFIC, AND TECHNICAL ACTIVITIES",JOHOR,367,DIPLOMA PROFESIONAL PENGURUSAN BAKAT BERASASKAN KOMPETENSI,6000.00,ONLINE,2349,DIPLOMA,40-49,41.0
2023,UDPK22313,47,IBAN/SEA DAYAK -SARAWAK,FEMALE,BEKERJA SEPENUH MASA,UNIVERSITI MALAYSIA SARAWAK (UNIMAS),"PROFESSIONAL, SCIENTIFIC, AND TECHNICAL ACTIVITIES",SARAWAK,367,DIPLOMA PROFESIONAL PENGURUSAN BAKAT BERASASKAN KOMPETENSI,8660.00,ONLINE,2374,DIPLOMA,40-49,47.0
2023,UDPK22314,42,MELAYU,MALE,BEKERJA SEPENUH MASA,UNIVERSITI MALAYA,"PROFESSIONAL, SCIENTIFIC, AND TECHNICAL ACTIVITIES",KUALA LUMPUR,367,DIPLOMA PROFESIONAL PENGURUSAN BAKAT BERASASKAN KOMPETENSI,5500.00,ONLINE,3102,DIPLOMA,40-49,42.0
2023,UDPK22316,46,MELAYU,MALE,BEKERJA SEPENUH MASA,UNIVERSITI MALAYSIA PERLIS,"PROFESSIONAL, SCIENTIFIC, AND TECHNICAL ACTIVITIES",KEDAH,367,DIPLOMA PROFESIONAL PENGURUSAN BAKAT BERASASKAN KOMPETENSI,8000.00,ONLINE,3550,DIPLOMA,40-49,46.0
2023,UDPK22317,49,MELAYU,FEMALE,BEKERJA SEPENUH MASA,UNIVERSITI TEKNOLOGI MALAYSIA SKUDAI JOHOR,"PROFESSIONAL, SCIENTIFIC, AND TECHNICAL ACTIVITIES",JOHOR,367,DIPLOMA PROFESIONAL PENGURUSAN BAKAT BERASASKAN KOMPETENSI,10000.00,ONLINE,3800,DIPLOMA,40-49,49.0
2023,UDPK22318,51,BAJAU - SABAH,FEMALE,BEKERJA SEPENUH MASA,UNIVERSITI MALAYSIA SABAH,"PROFESSIONAL, SCIENTIFIC, AND TECHNICAL ACTIVITIES",SABAH,367,DIPLOMA PROFESIONAL PENGURUSAN BAKAT BERASASKAN KOMPETENSI,10000.00,ONLINE,2992,DIPLOMA,50-59,51.0
2023,UDPK22319,43,MELANAU-SARAWAK,FEMALE,BEKERJA SEPENUH MASA,UNIVERSITI MALAYSIA SARAWAK,"PROFESSIONAL, SCIENTIFIC, AND TECHNICAL ACTIVITIES",SARAWAK,367,DIPLOMA PROFESIONAL PENGURUSAN BAKAT BERASASKAN KOMPETENSI,8000.00,ONLINE,2767,DIPLOMA,40-49,43.0
2023,UDPK22320,40,MELAYU,MALE,BEKERJA SEPENUH MASA,UNIVERSITI PUTRA MALAYSIA,"PROFESSIONAL, SCIENTIFIC, AND TECHNICAL ACTIVITIES",SELANGOR,367,DIPLOMA PROFESIONAL PENGURUSAN BAKAT BERASASKAN KOMPETENSI,6800.00,ONLINE,3272,DIPLOMA,40-49,40.0
2023,UDPK22321,47,MELAYU,MALE,BEKERJA SEPENUH MASA,UNIVERSITI SULTAN ZAINAL ABIDIN,"PROFESSIONAL, SCIENTIFIC, AND TECHNICAL ACTIVITIES",TERENGGANU,367,DIPLOMA PROFESIONAL PENGURUSAN BAKAT BERASASKAN KOMPETENSI,8900.00,ONLINE,2443,DIPLOMA,40-49,47.0
2023,UDPK22322,52,MELAYU,MALE,BEKERJA SEPENUH MASA,UNIVERSITI ISLAM ANTARABANGSA MALAYSIA,"PROFESSIONAL, SCIENTIFIC, AND TECHNICAL ACTIVITIES",PAHANG,367,DIPLOMA PROFESIONAL PENGURUSAN BAKAT BERASASKAN KOMPETENSI,8102.00,ONLINE,3951,DIPLOMA,50-59,52.0
2023,UDPK22323,42,MELAYU,MALE,BEKERJA SEPENUH MASA,UNIVERSITI TEKNOLOGI MARA (UITM),"PROFESSIONAL, SCIENTIFIC, AND TECHNICAL ACTIVITIES",SELANGOR,367,DIPLOMA PROFESIONAL PENGURUSAN BAKAT BERASASKAN KOMPETENSI,8228.00,ONLINE,3114,DIPLOMA,40-49,42.0
2023,UDPK22324,46,MELAYU,MALE,BEKERJA SEPENUH MASA,UNIVERSITI PENDIDIKAN SULTAN IDRIS,"PROFESSIONAL, SCIENTIFIC, AND TECHNICAL ACTIVITIES",PERAK,367,DIPLOMA PROFESIONAL PENGURUSAN BAKAT BERASASKAN KOMPETENSI,6000.00,ONLINE,3640,DIPLOMA,40-49,46.0
2023,UDPK22325,52,IBAN/SEA DAYAK -SARAWAK,MALE,BEKERJA SEPENUH MASA,UNIVERSITI MALAYSIA SARAWAK,"PROFESSIONAL, SCIENTIFIC, AND TECHNICAL ACTIVITIES",SARAWAK,367,DIPLOMA PROFESIONAL PENGURUSAN BAKAT BERASASKAN KOMPETENSI,9000.00,ONLINE,2648,DIPLOMA,50-59,52.0
2023,UDPK22326,53,MELAYU,MALE,BEKERJA SEPENUH MASA,UNIVERSITI KEBANGSAAN MALAYSIA,"PROFESSIONAL, SCIENTIFIC, AND TECHNICAL ACTIVITIES",SELANGOR,367,DIPLOMA PROFESIONAL PENGURUSAN BAKAT BERASASKAN KOMPETENSI,10000.00,ONLINE,3046,DIPLOMA,50-59,53.0
2023,UDPK22327,44,MELAYU,FEMALE,BEKERJA SEPENUH MASA,UNIVERSITI MALAYSIA KELANTAN,"PROFESSIONAL, SCIENTIFIC, AND TECHNICAL ACTIVITIES",KELANTAN,367,DIPLOMA PROFESIONAL PENGURUSAN BAKAT BERASASKAN KOMPETENSI,8962.00,ONLINE,3919,DIPLOMA,40-49,44.0
2023,UDPK22328,52,MELAYU,FEMALE,BEKERJA SEPENUH MASA,UNIVERSITI TUN HUSSEIN ONN,"PROFESSIONAL, SCIENTIFIC, AND TECHNICAL ACTIVITIES",JOHOR,367,DIPLOMA PROFESIONAL PENGURUSAN BAKAT BERASASKAN KOMPETENSI,7448.00,ONLINE,2702,DIPLOMA,50-59,52.0
2023,UDPK22329,48,MELAYU,FEMALE,BEKERJA SEPENUH MASA,UTEM,"PROFESSIONAL, SCIENTIFIC, AND TECHNICAL ACTIVITIES",MELAKA,367,DIPLOMA PROFESIONAL PENGURUSAN BAKAT BERASASKAN KOMPETENSI,7079.00,ONLINE,2839,DIPLOMA,40-49,48.0
2023,UDPK22330,49,MELAYU,MALE,BEKERJA SEPENUH MASA,"AKEPT, KPT.","PROFESSIONAL, SCIENTIFIC, AND TECHNICAL ACTIVITIES",KEDAH,367,DIPLOMA PROFESIONAL PENGURUSAN BAKAT BERASASKAN KOMPETENSI,10000.00,ONLINE,3217,DIPLOMA,40-49,49.0
2023,UDPK22331,44,MELAYU,FEMALE,BEKERJA SEPENUH MASA,UNIVERSITI TEKNOLOGI MALAYSIA,"PROFESSIONAL, SCIENTIFIC, AND TECHNICAL ACTIVITIES",JOHOR,367,DIPLOMA PROFESIONAL PENGURUSAN BAKAT BERASASKAN KOMPETENSI,8200.00,ONLINE,3817,DIPLOMA,40-49,44.0
2023,UDPK22332,53,MELAYU,FEMALE,BEKERJA SEPENUH MASA,INTERNATIONAL ISLAMIC UNIVERSITY MALAYSIA,"PROFESSIONAL, SCIENTIFIC, AND TECHNICAL ACTIVITIES",PERAK,367,DIPLOMA PROFESIONAL PENGURUSAN BAKAT BERASASKAN KOMPETENSI,6800.00,ONLINE,2665,DIPLOMA,50-59,53.0
2023,UDPK22333,48,MELAYU,MALE,BEKERJA SEPENUH MASA,UNIVERSITI MALAYSIA TERENGGANU,"PROFESSIONAL, SCIENTIFIC, AND TECHNICAL ACTIVITIES",TERENGGANU,367,DIPLOMA PROFESIONAL PENGURUSAN BAKAT BERASASKAN KOMPETENSI,8942.00,ONLINE,3836,DIPLOMA,40-49,48.0
2023,UDPK22334,53,MELAYU,MALE,BEKERJA SEPENUH MASA,UNIVERSITI MALAYSIA SABAH,"PROFESSIONAL, SCIENTIFIC, AND TECHNICAL ACTIVITIES",SABAH,367,DIPLOMA PROFESIONAL PENGURUSAN BAKAT BERASASKAN KOMPETENSI,7500.00,ONLINE,2352,DIPLOMA,50-59,53.0
2023,UDPK22335,50,MELAYU,MALE,BEKERJA SEPENUH MASA,UNIVISON PRESS SDN BHD,"PROFESSIONAL, SCIENTIFIC, AND TECHNICAL ACTIVITIES",JOHOR,367,DIPLOMA PROFESIONAL PENGURUSAN BAKAT BERASASKAN KOMPETENSI,4000.00,ONLINE,2889,DIPLOMA,50-59,50.0
2023,UDPK22336,43,MELAYU,FEMALE,BEKERJA SEPENUH MASA,UNIVERSITI PUTRA MALAYSIA,"PROFESSIONAL, SCIENTIFIC, AND TECHNICAL ACTIVITIES",SELANGOR,367,DIPLOMA PROFESIONAL PENGURUSAN BAKAT BERASASKAN KOMPETENSI,7000.00,ONLINE,3554,DIPLOMA,40-49,43.0
2023,UDPK22337,52,MELAYU,FEMALE,BEKERJA SEPENUH MASA,UNIVERSITI SULTAN ZAINAL ABIDIN,"PROFESSIONAL, SCIENTIFIC, AND TECHNICAL ACTIVITIES",TERENGGANU,367,DIPLOMA PROFESIONAL PENGURUSAN BAKAT BERASASKAN KOMPETENSI,8000.00,ONLINE,2992,DIPLOMA,50-59,52.0
2023,UDPK22338,51,MELAYU,FEMALE,BEKERJA SEPENUH MASA,UNIVERSITI PENDIDIKAN SULTAN IDRIS,"PROFESSIONAL, SCIENTIFIC, AND TECHNICAL ACTIVITIES",PERAK,367,DIPLOMA PROFESIONAL PENGURUSAN BAKAT BERASASKAN KOMPETENSI,13200.00,ONLINE,2860,DIPLOMA,50-59,51.0
2023,UDPK22339,40,MELAYU,MALE,BEKERJA SEPENUH MASA,UNIVERSITI MALAYSIA PAHANG,"PROFESSIONAL, SCIENTIFIC, AND TECHNICAL ACTIVITIES",TERENGGANU,367,DIPLOMA PROFESIONAL PENGURUSAN BAKAT BERASASKAN KOMPETENSI,5000.00,ONLINE,2350,DIPLOMA,40-49,40.0
2023,UDPK22340,50,MELAYU,FEMALE,BEKERJA SEPENUH MASA,UKM,"PROFESSIONAL, SCIENTIFIC, AND TECHNICAL ACTIVITIES",SELANGOR,367,DIPLOMA PROFESIONAL PENGURUSAN BAKAT BERASASKAN KOMPETENSI,9100.00,ONLINE,3704,DIPLOMA,50-59,50.0
2023,UDPK22341,50,MELAYU,FEMALE,BEKERJA SEPENUH MASA,UNIVERSITI PERTAHANAN NASIONAL MALAYSIA,"PROFESSIONAL, SCIENTIFIC, AND TECHNICAL ACTIVITIES",PAHANG,367,DIPLOMA PROFESIONAL PENGURUSAN BAKAT BERASASKAN KOMPETENSI,9300.00,ONLINE,3252,DIPLOMA,50-59,50.0
2023,UDPK22342,48,MELAYU,MALE,BEKERJA SEPENUH MASA,UNIVERSITI MALAYSIA TERENGGANU,"PROFESSIONAL, SCIENTIFIC, AND TECHNICAL ACTIVITIES",TERENGGANU,367,DIPLOMA PROFESIONAL PENGURUSAN BAKAT BERASASKAN KOMPETENSI,11200.00,ONLINE,2437,DIPLOMA,40-49,48.0
2023,UDPK22343,48,MELAYU,FEMALE,BEKERJA SEPENUH MASA,UNIVERSITI TEKNIKAL MALAYSIA MELAKA (UTEM),"PROFESSIONAL, SCIENTIFIC, AND TECHNICAL ACTIVITIES",MELAKA,367,DIPLOMA PROFESIONAL PENGURUSAN BAKAT BERASASKAN KOMPETENSI,6071.00,ONLINE,3299,DIPLOMA,40-49,48.0
2023,UDTG18409,36,KADAZAN-SABAH,MALE,BEKERJA SEPARA MASA,DAYANG ENTERPRISE SENDIRIAN BERHAD,MINING AND QUARRYING,SABAH,351,DIPLOMA PROFESIONAL TEKNOLOGI DAN PENGURUSAN MINYAK & GAS,3500.00,ONLINE,3301,DIPLOMA,30-39,36.0
2023,UDTG19105,34,SULUK-SABAH,MALE,BEKERJA SEPENUH MASA,MSO ANKAY MMHE,MINING AND QUARRYING,SABAH,351,DIPLOMA PROFESIONAL TEKNOLOGI DAN PENGURUSAN MINYAK & GAS,3500.00,ONLINE,3146,DIPLOMA,30-39,34.0
2023,UDTG19404,31,BANJAR,FEMALE,BEKERJA SEPENUH MASA,TURCOMP ENGINEERING SERVICES SDN BHD,MINING AND QUARRYING,SABAH,351,DIPLOMA PROFESIONAL TEKNOLOGI DAN PENGURUSAN MINYAK & GAS,3600.00,ONLINE,3905,DIPLOMA,30-39,31.0
2023,UDTG19435,35,MELAYU,MALE,BEKERJA SEPENUH MASA,PETRA ENERGY,MINING AND QUARRYING,JOHOR,351,DIPLOMA PROFESIONAL TEKNOLOGI DAN PENGURUSAN MINYAK & GAS,6200.00,ONLINE,3793,DIPLOMA,30-39,35.0
2023,UDTG20113,37,MELAYU,MALE,BEKERJA/USAHAWAN/FREELANCE,DEANNA YOCIK ENTERPRISE,MINING AND QUARRYING,TERENGGANU,351,DIPLOMA PROFESIONAL TEKNOLOGI DAN PENGURUSAN MINYAK & GAS,5000.00,ONLINE,2483,DIPLOMA,30-39,37.0
2023,UDTG20124,38,MELAYU,MALE,BEKERJA SEPENUH MASA,AWORLDTEC ENGINEERING,MINING AND QUARRYING,JOHOR,351,DIPLOMA PROFESIONAL TEKNOLOGI DAN PENGURUSAN MINYAK & GAS,10000.00,ONLINE,3176,DIPLOMA,30-39,38.0
2023,UDTG20125,49,MELAYU,MALE,BEKERJA SEPENUH MASA,ATB SDN BHD,MINING AND QUARRYING,PAHANG,351,DIPLOMA PROFESIONAL TEKNOLOGI DAN PENGURUSAN MINYAK & GAS,10000.00,ONLINE,3798,DIPLOMA,40-49,49.0
2023,UDTG20301,38,TELEGU,MALE,BEKERJA SEPENUH MASA,SEKERJAYA SDN BHD,MINING AND QUARRYING,KEDAH,351,DIPLOMA PROFESIONAL TEKNOLOGI DAN PENGURUSAN MINYAK & GAS,2800.00,ONLINE,2238,DIPLOMA,30-39,38.0
2023,UDTG20302,34,MELAYU,MALE,BEKERJA SEPENUH MASA,DELIMA OIL PRODUCT,MINING AND QUARRYING,JOHOR,351,DIPLOMA PROFESIONAL TEKNOLOGI DAN PENGURUSAN MINYAK & GAS,2000.00,ONLINE,3887,DIPLOMA,30-39,34.0
2023,UDTG20303,28,MELAYU,MALE,BEKERJA SEPENUH MASA,SINCO AUTOMASI SDN BHD,MINING AND QUARRYING,JOHOR,351,DIPLOMA PROFESIONAL TEKNOLOGI DAN PENGURUSAN MINYAK & GAS,2300.00,ONLINE,3208,DIPLOMA,<29,28.0
2023,UDTG20307,50,MELAYU,MALE,BEKERJA SEPENUH MASA,DRB-HICOM BERHAD,MINING AND QUARRYING,JOHOR,351,DIPLOMA PROFESIONAL TEKNOLOGI DAN PENGURUSAN MINYAK & GAS,4000.00,ONLINE,3871,DIPLOMA,50-59,50.0
2023,UDTG20308,35,MELAYU,MALE,BEKERJA SEPENUH MASA,DIALOG PLANT SERVICES SDN BHD,MINING AND QUARRYING,TERENGGANU,351,DIPLOMA PROFESIONAL TEKNOLOGI DAN PENGURUSAN MINYAK & GAS,4500.00,ONLINE,2526,DIPLOMA,30-39,35.0
2023,UDTG20311,37,MELAYU,MALE,BEKERJA SEPENUH MASA,DAYABUMIMAJU SDN BHD,MINING AND QUARRYING,TERENGGANU,351,DIPLOMA PROFESIONAL TEKNOLOGI DAN PENGURUSAN MINYAK & GAS,2500.00,ONLINE,3744,DIPLOMA,30-39,37.0
2023,UFBTE20402,28,MELAYU,MALE,BEKERJA SEPENUH MASA,KONSORTIUM PELABUHAN KEMAMAN,MANUFACTURING,TERENGGANU,363,BACELOR EKSEKUTIF TEKNOLOGI ELEKTRIK & ELEKTRONIK,2800.00,ONLINE,4054,BACELOR,<29,28.0
2023,UFBTE20406,52,MELAYU,MALE,BELUM/TIDAK BEKERJA,YTL POWER STATION SDN BHD,MANUFACTURING,JOHOR,363,BACELOR EKSEKUTIF TEKNOLOGI ELEKTRIK & ELEKTRONIK,6970.00,ONLINE,5769,BACELOR,50-59,52.0
2023,UFBTE20408,39,NOT SPECIFIED,MALE,NOT SPECIFIED,NOT SPECIFIED,MANUFACTURING,TERENGGANU,363,BACELOR EKSEKUTIF TEKNOLOGI ELEKTRIK & ELEKTRONIK,NOT SPECIFIED,ONLINE,4765,BACELOR,30-39,39.0
2023,UFBTE20409,48,MELAYU,MALE,BEKERJA SEPENUH MASA,ELEKTRO SERVE (M) SDN BHD,MANUFACTURING,TERENGGANU,363,BACELOR EKSEKUTIF TEKNOLOGI ELEKTRIK & ELEKTRONIK,5300.00,ONLINE,5404,BACELOR,40-49,48.0
2023,UFBTE20410,43,MELAYU,MALE,BEKERJA SEPENUH MASA,OMH ELECTRICAL WORKS SDN BHD,MANUFACTURING,PUTRAJAYA,363,BACELOR EKSEKUTIF TEKNOLOGI ELEKTRIK & ELEKTRONIK,5500.00,ONLINE,5606,BACELOR,40-49,43.0
2023,UFBTE22101,40,MELAYU,MALE,BEKERJA SEPENUH MASA,SAMSUNG C&T CORPORATION,MANUFACTURING,PERAK,363,BACELOR EKSEKUTIF TEKNOLOGI ELEKTRIK & ELEKTRONIK,9000.00,ONLINE,4348,BACELOR,40-49,40.0
2023,UFBTE22203,42,MELAYU,MALE,BEKERJA SEPENUH MASA,NEKAD DEVELOPMENT SDN BHD,MANUFACTURING,TERENGGANU,363,BACELOR EKSEKUTIF TEKNOLOGI ELEKTRIK & ELEKTRONIK,3000.00,ONLINE,4396,BACELOR,40-49,42.0
2023,UFBTM21102,38,MELAYU,MALE,BEKERJA SEPENUH MASA,DUBAI PETROLEUM ESTABLISHMENT,MINING AND QUARRYING,PAHANG,410,BACELOR EKSEKUTIF TEKNOLOGI DAN PENGURUSAN MINYAK & GAS,14000.00,ONLINE,4020,BACELOR,30-39,38.0
2023,UFBTM21103,47,MELAYU,MALE,BEKERJA SEPENUH MASA,PETRONAS,MINING AND QUARRYING,TERENGGANU,410,BACELOR EKSEKUTIF TEKNOLOGI DAN PENGURUSAN MINYAK & GAS,5000.00,ONLINE,4832,BACELOR,40-49,47.0
2023,UFBTM21108,29,MELAYU,FEMALE,BEKERJA SEPENUH MASA,PETRONAS PRPC,MINING AND QUARRYING,JOHOR,410,BACELOR EKSEKUTIF TEKNOLOGI DAN PENGURUSAN MINYAK & GAS,4500.00,ONLINE,5094,BACELOR,<29,29.0
2023,UFBTM21109,45,MELAYU,MALE,BEKERJA SEPENUH MASA,PETRONAS DAGANGAN BERHAD,MINING AND QUARRYING,TERENGGANU,410,BACELOR EKSEKUTIF TEKNOLOGI DAN PENGURUSAN MINYAK & GAS,5000.00,ONLINE,5590,BACELOR,40-49,45.0
2023,UFBTM21111,40,MELAYU,MALE,BEKERJA/USAHAWAN/FREELANCE (SEPARA MASA),QTC INTERNATIONAL,MINING AND QUARRYING,TERENGGANU,410,BACELOR EKSEKUTIF TEKNOLOGI DAN PENGURUSAN MINYAK & GAS,20000.00,ONLINE,5037,BACELOR,40-49,40.0
2023,UFBTM21302,27,MELAYU,FEMALE,BEKERJA SEPENUH MASA,OCEANCARE CORPORATION SDN BHD,MINING AND QUARRYING,TERENGGANU,410,BACELOR EKSEKUTIF TEKNOLOGI DAN PENGURUSAN MINYAK & GAS,10000.00,ONLINE,4828,BACELOR,<29,27.0
2023,UFBTM21303,30,MELAYU,FEMALE,BEKERJA/USAHAWAN/FREELANCE (SEPARA MASA),APPLUS VELOSI SDN BHD,MINING AND QUARRYING,KELANTAN,410,BACELOR EKSEKUTIF TEKNOLOGI DAN PENGURUSAN MINYAK & GAS,5000.00,ONLINE,5835,BACELOR,30-39,30.0
2023,UFBTM21304,42,MELAYU,MALE,BEKERJA SEPENUH MASA,PETRONAS CARIGALI SDN. BHD.,MINING AND QUARRYING,TERENGGANU,410,BACELOR EKSEKUTIF TEKNOLOGI DAN PENGURUSAN MINYAK & GAS,5600.00,ONLINE,4271,BACELOR,40-49,42.0
2023,UFBTM21305,42,MELAYU,FEMALE,BEKERJA SEPENUH MASA,EXYTE MALAYSIA SDN BHD,MINING AND QUARRYING,PAHANG,410,BACELOR EKSEKUTIF TEKNOLOGI DAN PENGURUSAN MINYAK & GAS,0.00,ONLINE,5396,BACELOR,40-49,42.0
2023,UFBTM21306,43,MELAYU,MALE,BEKERJA SEPENUH MASA,ACTIFORCE MECHATRONICS TECHNOLOGY (M) SDN. BHD.,MINING AND QUARRYING,PULAU PINANG,410,BACELOR EKSEKUTIF TEKNOLOGI DAN PENGURUSAN MINYAK & GAS,7270.00,ONLINE,5351,BACELOR,40-49,43.0
2023,UFBTM21401,41,HENGHUA,MALE,BEKERJA SEPENUH MASA,PETRONAS CARIGALI SDN BHD,MINING AND QUARRYING,SARAWAK,410,BACELOR EKSEKUTIF TEKNOLOGI DAN PENGURUSAN MINYAK & GAS,12000.00,ONLINE,5193,BACELOR,40-49,41.0
2023,UFBTM21402,40,CINA,MALE,BEKERJA SEPENUH MASA,LONG WEI ENGINEERING & CONSTRUCTION PTE LTD,MINING AND QUARRYING,JOHOR,410,BACELOR EKSEKUTIF TEKNOLOGI DAN PENGURUSAN MINYAK & GAS,18000.00,ONLINE,4376,BACELOR,40-49,40.0
2023,UFBTM21403,46,MELAYU,MALE,BEKERJA SEPENUH MASA,BASF PETRONAS CHEMICALS SDN. BHD.,MINING AND QUARRYING,PAHANG,410,BACELOR EKSEKUTIF TEKNOLOGI DAN PENGURUSAN MINYAK & GAS,12750.00,ONLINE,5867,BACELOR,40-49,46.0
2023,UFDGT21201,41,MELAYU,MALE,BEKERJA SEPENUH MASA,MALAYSIA MARINE AND HEAVY ENGINEERING HOLDINGS BERHAD,MINING AND QUARRYING,JOHOR,351,DIPLOMA PROFESIONAL TEKNOLOGI DAN PENGURUSAN MINYAK & GAS,4000.00,ONLINE,2848,DIPLOMA,40-49,41.0
2023,UFMPB21301,50,MELAYU,MALE,NOT SPECIFIED,NOT SPECIFIED,"PROFESSIONAL, SCIENTIFIC, AND TECHNICAL ACTIVITIES",SELANGOR,340,MASTER EKSEKUTIF PENGURUSAN PERNIAGAAN,NOT SPECIFIED,ONLINE,8621,MASTER,50-59,50.0
2023,UFMTM21201,49,IBAN/SEA DAYAK -SARAWAK,MALE,BEKERJA SEPENUH MASA,AWATRA SDN BHD,MINING AND QUARRYING,SARAWAK,377,MASTER EKSEKUTIF TEKNOLOGI DAN PENGURUSAN MINYAK & GAS,10000.00,ONLINE,8787,MASTER,40-49,49.0
2023,UFMTM21205,41,MELAYU,MALE,MELANJUTKAN PENGAJIAN,EMSER TILE USA,MINING AND QUARRYING,SELANGOR,377,MASTER EKSEKUTIF TEKNOLOGI DAN PENGURUSAN MINYAK & GAS,10000.00,ONLINE,7220,MASTER,40-49,41.0
2023,UFMTM21207,45,MELAYU,MALE,BEKERJA SEPENUH MASA,HIBISCUS MALAYSIA LIMITED,MINING AND QUARRYING,SELANGOR,377,MASTER EKSEKUTIF TEKNOLOGI DAN PENGURUSAN MINYAK & GAS,14000.00,ONLINE,7698,MASTER,40-49,45.0
2023,UFMTM21402,48,IBAN/SEA DAYAK -SARAWAK,MALE,BEKERJA SEPENUH MASA,SHELL MDS(MALAYSIA) SND BHD,MINING AND QUARRYING,SARAWAK,377,MASTER EKSEKUTIF TEKNOLOGI DAN PENGURUSAN MINYAK & GAS,10000.00,ONLINE,7483,MASTER,40-49,48.0
2023,UIDOM21103,38,KADAZAN-SINO-SABAH,MALE,BEKERJA SEPENUH MASA,ANTARA STEEL MILLS SDN BHD,"PROFESSIONAL, SCIENTIFIC, AND TECHNICAL ACTIVITIES",LABUAN,458,DIPLOMA PROFESIONAL PENGURUSAN OPERASI,2314.00,ONLINE,3128,DIPLOMA,30-39,38.0
2023,UIDOM21104,29,KADAZAN-SINO-SABAH,MALE,BEKERJA SEPENUH MASA,SAFE AND CLEAN OIL RECYCLE,"PROFESSIONAL, SCIENTIFIC, AND TECHNICAL ACTIVITIES",LABUAN,458,DIPLOMA PROFESIONAL PENGURUSAN OPERASI,2600.00,ONLINE,2144,DIPLOMA,<29,29.0
2023,UIMPB20405,46,MELAYU,MALE,BEKERJA/USAHAWAN/FREELANCE,MHUSSEN MARICAR ENTERPRISE,"PROFESSIONAL, SCIENTIFIC, AND TECHNICAL ACTIVITIES",SARAWAK,340,MASTER EKSEKUTIF PENGURUSAN PERNIAGAAN,2500.00,ONLINE,8269,MASTER,40-49,46.0
2023,UIMPB20406,37,INDIA,FEMALE,NOT SPECIFIED,NOT SPECIFIED,"PROFESSIONAL, SCIENTIFIC, AND TECHNICAL ACTIVITIES",JOHOR,340,MASTER EKSEKUTIF PENGURUSAN PERNIAGAAN,NOT SPECIFIED,ONLINE,7601,MASTER,30-39,37.0
2023,UIMPK20405,44,MELAYU,MALE,BEKERJA SEPENUH MASA,SAPURA RAIL SYSTEM SDN BHD,MANUFACTURING,SELANGOR,396,MASTER EKSEKUTIF PENGURUSAN KEJURUTERAAN PEMBINAAN,8450.00,ONLINE,7043,MASTER,40-49,44.0
2023,UMPB18424,45,PUNJABI,FEMALE,BEKERJA SEPENUH MASA,TIGER FORCE SDN BHD,"PROFESSIONAL, SCIENTIFIC, AND TECHNICAL ACTIVITIES",SELANGOR,340,MASTER EKSEKUTIF PENGURUSAN PERNIAGAAN,5000.00,ONLINE,7878,MASTER,40-49,45.0
2023,UMPB19205,32,IBAN/SEA DAYAK -SARAWAK,FEMALE,BEKERJA SEPENUH MASA,BLESSING PU SDN BHD,"PROFESSIONAL, SCIENTIFIC, AND TECHNICAL ACTIVITIES",SARAWAK,340,MASTER EKSEKUTIF PENGURUSAN PERNIAGAAN,2500.00,ONLINE,8507,MASTER,30-39,32.0
2023,UMPB19235,44,INDIA,MALE,BEKERJA SEPENUH MASA,ASSUNTA HOSPITAL,"PROFESSIONAL, SCIENTIFIC, AND TECHNICAL ACTIVITIES",SELANGOR,340,MASTER EKSEKUTIF PENGURUSAN PERNIAGAAN,7000.00,ONLINE,7805,MASTER,40-49,44.0
2023,UMPB19250,44,MINANGKABAU,FEMALE,BEKERJA SEPENUH MASA,HI-ESSENCE CABLE SDN BHD,"PROFESSIONAL, SCIENTIFIC, AND TECHNICAL ACTIVITIES",SELANGOR,340,MASTER EKSEKUTIF PENGURUSAN PERNIAGAAN,4800.00,ONLINE,7640,MASTER,40-49,44.0
2023,UMPB19306,52,NOT SPECIFIED,NOT SPECIFIED,NOT SPECIFIED,NOT SPECIFIED,"PROFESSIONAL, SCIENTIFIC, AND TECHNICAL ACTIVITIES",NOT SPECIFIED,340,MASTER EKSEKUTIF PENGURUSAN PERNIAGAAN,NOT SPECIFIED,ONLINE,7450,MASTER,50-59,52.0
2023,UMPB19313,37,INDIA,FEMALE,BEKERJA SEPENUH MASA,MAN SOON AUTOMOBILE & ENGINEERING SDN BHD,"PROFESSIONAL, SCIENTIFIC, AND TECHNICAL ACTIVITIES",PERAK,340,MASTER EKSEKUTIF PENGURUSAN PERNIAGAAN,1600.00,ONLINE,8293,MASTER,30-39,37.0
2023,UMPB19315,41,INDIA,FEMALE,BEKERJA SEPENUH MASA,FORTUNE Z,"PROFESSIONAL, SCIENTIFIC, AND TECHNICAL ACTIVITIES",SELANGOR,340,MASTER EKSEKUTIF PENGURUSAN PERNIAGAAN,10000.00,ONLINE,8649,MASTER,40-49,41.0
2023,UMPB19317,52,MALAYALI,MALE,BEKERJA SEPENUH MASA,UMW TOYOTA MOTOR SDN BHD,"PROFESSIONAL, SCIENTIFIC, AND TECHNICAL ACTIVITIES",SELANGOR,340,MASTER EKSEKUTIF PENGURUSAN PERNIAGAAN,20000.00,ONLINE,7476,MASTER,50-59,52.0
2023,UMPB22205,47,CINA,MALE,BEKERJA SEPENUH MASA,UNISEM (M) BHD,"PROFESSIONAL, SCIENTIFIC, AND TECHNICAL ACTIVITIES",PERAK,340,MASTER EKSEKUTIF PENGURUSAN PERNIAGAAN,6000.00,ONLINE,7837,MASTER,40-49,47.0
2023,UMPB22301,37,MELAYU,MALE,BEKERJA SEPENUH MASA,SYARIKAT AIR DARUL AMAN SDN.BHD,"PROFESSIONAL, SCIENTIFIC, AND TECHNICAL ACTIVITIES",KEDAH,340,MASTER EKSEKUTIF PENGURUSAN PERNIAGAAN,1900.00,ONLINE,8476,MASTER,30-39,37.0
2023,UMPB22305,38,INDIA,MALE,BEKERJA SEPENUH MASA,COMFORT RUBBER INDUSTRIES GLOVES SDN BHD,"PROFESSIONAL, SCIENTIFIC, AND TECHNICAL ACTIVITIES",PERAK,340,MASTER EKSEKUTIF PENGURUSAN PERNIAGAAN,3500.00,ONLINE,8858,MASTER,30-39,38.0
2023,UMPB22401,53,MELAYU,FEMALE,BEKERJA SEPENUH MASA,PKPP AGRO SDN BHD,"PROFESSIONAL, SCIENTIFIC, AND TECHNICAL ACTIVITIES",PAHANG,340,MASTER EKSEKUTIF PENGURUSAN PERNIAGAAN,7075.00,ONLINE,7461,MASTER,50-59,53.0
2023,UMPB22402,33,IBAN/SEA DAYAK -SARAWAK,FEMALE,BEKERJA/USAHAWAN/FREELANCE,AUTO PACIFICA SDN BHD,"PROFESSIONAL, SCIENTIFIC, AND TECHNICAL ACTIVITIES",SARAWAK,340,MASTER EKSEKUTIF PENGURUSAN PERNIAGAAN,5000.00,ONLINE,7996,MASTER,30-39,33.0
2023,UMPP20303,48,MELAYU,FEMALE,BEKERJA/USAHAWAN/FREELANCE,D.E RICH GLOBAL,"PROFESSIONAL, SCIENTIFIC, AND TECHNICAL ACTIVITIES",TERENGGANU,348,MASTER EKSEKUTIF OPERASI DAN PENGURUSAN PROJEK,3500.00,ONLINE,7834,MASTER,40-49,48.0
2023,UMPP20304,43,MELAYU,MALE,BEKERJA/USAHAWAN/FREELANCE,AVIGOR TYXR SDN BHD,"PROFESSIONAL, SCIENTIFIC, AND TECHNICAL ACTIVITIES",SELANGOR,348,MASTER EKSEKUTIF OPERASI DAN PENGURUSAN PROJEK,2500.00,ONLINE,7616,MASTER,40-49,43.0
2023,UMPP20309,48,MELAYU,MALE,BEKERJA SEPENUH MASA,ADDEEN ENGINEERING SDN BHD,"PROFESSIONAL, SCIENTIFIC, AND TECHNICAL ACTIVITIES",SELANGOR,348,MASTER EKSEKUTIF OPERASI DAN PENGURUSAN PROJEK,8500.00,ONLINE,8571,MASTER,40-49,48.0
2023,UMPP20313,52,MELAYU,MALE,BEKERJA SEPENUH MASA,INDUK TIMUR SDN BHD,"PROFESSIONAL, SCIENTIFIC, AND TECHNICAL ACTIVITIES",TERENGGANU,348,MASTER EKSEKUTIF OPERASI DAN PENGURUSAN PROJEK,5000.00,ONLINE,7116,MASTER,50-59,52.0
2023,WBPN181122,44,MELAYU,MALE,BEKERJA SEPENUH MASA,SEA ASIA PACIFIC SDN. BHD.,"PROFESSIONAL, SCIENTIFIC, AND TECHNICAL ACTIVITIES",KEDAH,362,BACELOR EKSEKUTIF PENGURUSAN PERNIAGAAN,6700.00,ONLINE,5753,BACELOR,40-49,44.0
2023,WBPN18140,0,NOT SPECIFIED,NOT SPECIFIED,NOT SPECIFIED,NOT SPECIFIED,"PROFESSIONAL, SCIENTIFIC, AND TECHNICAL ACTIVITIES",NOT SPECIFIED,362,BACELOR EKSEKUTIF PENGURUSAN PERNIAGAAN,NOT SPECIFIED,ONLINE,5724,BACELOR,,
2023,WBPN18187,32,KADAZAN-SABAH,FEMALE,BEKERJA SEPENUH MASA,MALAYSIA AIRLINES BHD.,"PROFESSIONAL, SCIENTIFIC, AND TECHNICAL ACTIVITIES",SABAH,362,BACELOR EKSEKUTIF PENGURUSAN PERNIAGAAN,4000.00,ONLINE,5294,BACELOR,30-39,32.0
2023,WBPN18277,41,IBAN/SEA DAYAK -SARAWAK,MALE,BEKERJA SEPENUH MASA,SARAWAK LAND CONSOLIDATION AND REHABILITATION AUTHORITY,"PROFESSIONAL, SCIENTIFIC, AND TECHNICAL ACTIVITIES",SARAWAK,362,BACELOR EKSEKUTIF PENGURUSAN PERNIAGAAN,4000.00,ONLINE,4297,BACELOR,40-49,41.0
2023,WBPN18440,36,MELAYU,FEMALE,BEKERJA SEPENUH MASA,YAYASAN RISDA,"PROFESSIONAL, SCIENTIFIC, AND TECHNICAL ACTIVITIES",SELANGOR,362,BACELOR EKSEKUTIF PENGURUSAN PERNIAGAAN,2400.00,ONLINE,4349,BACELOR,30-39,36.0
2023,WBPN19102,41,MELAYU,MALE,BEKERJA/USAHAWAN/FREELANCE,FANZ MAJU TRADING,"PROFESSIONAL, SCIENTIFIC, AND TECHNICAL ACTIVITIES",KEDAH,362,BACELOR EKSEKUTIF PENGURUSAN PERNIAGAAN,5000.00,ONLINE,5740,BACELOR,40-49,41.0
2023,WBPN191103,59,RUNGUS-SABAH,MALE,BEKERJA SEPENUH MASA,SEDAFIAT SDN BHD,"PROFESSIONAL, SCIENTIFIC, AND TECHNICAL ACTIVITIES",SABAH,362,BACELOR EKSEKUTIF PENGURUSAN PERNIAGAAN,2800.00,ONLINE,5141,BACELOR,50-59,59.0
2023,WBPN19284,30,INDIA,FEMALE,BEKERJA SEPENUH MASA,NINE K LOGISTICS SDN BHD,"PROFESSIONAL, SCIENTIFIC, AND TECHNICAL ACTIVITIES",PAHANG,362,BACELOR EKSEKUTIF PENGURUSAN PERNIAGAAN,1800.00,ONLINE,5326,BACELOR,30-39,30.0
2023,WBPN19301,30,MELAYU,MALE,BEKERJA SEPENUH MASA,DNAZZ PLANTATION SDN BHD,"PROFESSIONAL, SCIENTIFIC, AND TECHNICAL ACTIVITIES",SARAWAK,362,BACELOR EKSEKUTIF PENGURUSAN PERNIAGAAN,2500.00,ONLINE,5146,BACELOR,30-39,30.0
2023,WBPN19359,39,CINA,MALE,BEKERJA SEPENUH MASA,YHY INTELLIGENT GROUP SDN BHD,"PROFESSIONAL, SCIENTIFIC, AND TECHNICAL ACTIVITIES",SARAWAK,362,BACELOR EKSEKUTIF PENGURUSAN PERNIAGAAN,3000.00,ONLINE,5116,BACELOR,30-39,39.0
2023,WBPN19374,31,MELANAU-SARAWAK,FEMALE,BEKERJA SEPENUH MASA,LOT10 HOTEL,"PROFESSIONAL, SCIENTIFIC, AND TECHNICAL ACTIVITIES",SARAWAK,362,BACELOR EKSEKUTIF PENGURUSAN PERNIAGAAN,1500.00,ONLINE,5748,BACELOR,30-39,31.0
2023,WBPN19384,40,INDIA,MALE,BEKERJA SEPENUH MASA,UNISEM (M) BHD,"PROFESSIONAL, SCIENTIFIC, AND TECHNICAL ACTIVITIES",PERAK,362,BACELOR EKSEKUTIF PENGURUSAN PERNIAGAAN,4500.00,ONLINE,4206,BACELOR,40-49,40.0
2023,WBPN19442,39,IBAN/SEA DAYAK -SARAWAK,FEMALE,BEKERJA SEPENUH MASA,KPJ MIRI SPECIALIST HOSPITAL,"PROFESSIONAL, SCIENTIFIC, AND TECHNICAL ACTIVITIES",SARAWAK,362,BACELOR EKSEKUTIF PENGURUSAN PERNIAGAAN,2750.00,ONLINE,5955,BACELOR,30-39,39.0
2023,WBPN19451,52,MELAYU,MALE,BEKERJA SEPENUH MASA,KERETAPI TANAH MELAYU BERHAD,"PROFESSIONAL, SCIENTIFIC, AND TECHNICAL ACTIVITIES",PERAK,362,BACELOR EKSEKUTIF PENGURUSAN PERNIAGAAN,5100.00,ONLINE,4350,BACELOR,50-59,52.0
2023,WBPN20107,35,INDIA,FEMALE,BEKERJA SEPENUH MASA,SAFEGUARDSECURESOLUTIONS SDN BHD,"PROFESSIONAL, SCIENTIFIC, AND TECHNICAL ACTIVITIES",NEGERI SEMBILAN,362,BACELOR EKSEKUTIF PENGURUSAN PERNIAGAAN,2500.00,ONLINE,4703,BACELOR,30-39,35.0
2023,WBPN201107,38,CINA,MALE,BEKERJA SEPENUH MASA,ZINCALU CASTING SDH BHD,"PROFESSIONAL, SCIENTIFIC, AND TECHNICAL ACTIVITIES",SELANGOR,362,BACELOR EKSEKUTIF PENGURUSAN PERNIAGAAN,5000.00,ONLINE,5219,BACELOR,30-39,38.0
2023,WBPN201108,39,CINA,MALE,BEKERJA SEPENUH MASA,ZINCALU CASTING SDN BHD,"PROFESSIONAL, SCIENTIFIC, AND TECHNICAL ACTIVITIES",NEGERI SEMBILAN,362,BACELOR EKSEKUTIF PENGURUSAN PERNIAGAAN,5500.00,ONLINE,5086,BACELOR,30-39,39.0
2023,WBPN20147,53,DUSUN-SABAH,MALE,BEKERJA SEPENUH MASA,SEDAFIAT SENDIRIAN BERHAD,"PROFESSIONAL, SCIENTIFIC, AND TECHNICAL ACTIVITIES",SABAH,362,BACELOR EKSEKUTIF PENGURUSAN PERNIAGAAN,2111.00,ONLINE,5035,BACELOR,50-59,53.0
2023,WBPN20159,54,DUSUN-SABAH,MALE,BEKERJA SEPENUH MASA,SEDAFIAT SENDIRIAN BERHAD,"PROFESSIONAL, SCIENTIFIC, AND TECHNICAL ACTIVITIES",SABAH,362,BACELOR EKSEKUTIF PENGURUSAN PERNIAGAAN,2979.00,ONLINE,5239,BACELOR,50-59,54.0
2023,WBPN20175,35,IBAN/SEA DAYAK -SARAWAK,FEMALE,BEKERJA SEPENUH MASA,SHIN YANG PLYWOOD BINTULU SDN.BHD,"PROFESSIONAL, SCIENTIFIC, AND TECHNICAL ACTIVITIES",SARAWAK,362,BACELOR EKSEKUTIF PENGURUSAN PERNIAGAAN,2700.00,ONLINE,5893,BACELOR,30-39,35.0
2023,WBPN20176,34,IBAN/SEA DAYAK -SARAWAK,MALE,BEKERJA SEPENUH MASA,SARAWAK FERTILIZER SDN BHD,"PROFESSIONAL, SCIENTIFIC, AND TECHNICAL ACTIVITIES",SARAWAK,362,BACELOR EKSEKUTIF PENGURUSAN PERNIAGAAN,3000.00,ONLINE,4625,BACELOR,30-39,34.0
2023,WBPN20181,41,INDIA,MALE,BEKERJA SEPENUH MASA,EXNESS,"PROFESSIONAL, SCIENTIFIC, AND TECHNICAL ACTIVITIES",NEGERI SEMBILAN,362,BACELOR EKSEKUTIF PENGURUSAN PERNIAGAAN,25500.00,ONLINE,5907,BACELOR,40-49,41.0
2023,WBPN20194,32,DUSUN-SABAH,MALE,BEKERJA SEPENUH MASA,SABAH PORTS SDN BHD,"PROFESSIONAL, SCIENTIFIC, AND TECHNICAL ACTIVITIES",SABAH,362,BACELOR EKSEKUTIF PENGURUSAN PERNIAGAAN,2500.00,ONLINE,4135,BACELOR,30-39,32.0
2023,WBPN20217,52,DUSUN-SABAH,MALE,BEKERJA SEPENUH MASA,FFM SABAH SDN BHD,"PROFESSIONAL, SCIENTIFIC, AND TECHNICAL ACTIVITIES",SABAH,362,BACELOR EKSEKUTIF PENGURUSAN PERNIAGAAN,6800.00,ONLINE,5802,BACELOR,50-59,52.0
2023,WBPN20221,40,BIDAYUH/LAND DAYAK - SARAWAK,MALE,BEKERJA SEPENUH MASA,OM MATERIALS (SARAWAK) SDN BHD,"PROFESSIONAL, SCIENTIFIC, AND TECHNICAL ACTIVITIES",SARAWAK,362,BACELOR EKSEKUTIF PENGURUSAN PERNIAGAAN,4000.00,ONLINE,4804,BACELOR,40-49,40.0
2023,WBPN20264,51,MELANAU-SARAWAK,MALE,BEKERJA SEPENUH MASA,MUBADALA ENERGY,"PROFESSIONAL, SCIENTIFIC, AND TECHNICAL ACTIVITIES",SARAWAK,362,BACELOR EKSEKUTIF PENGURUSAN PERNIAGAAN,10000.00,ONLINE,5314,BACELOR,50-59,51.0
2023,WBPN20282,29,INDIA,FEMALE,BEKERJA SEPENUH MASA,INNOQUEST SDN BHD,"PROFESSIONAL, SCIENTIFIC, AND TECHNICAL ACTIVITIES",KUALA LUMPUR,362,BACELOR EKSEKUTIF PENGURUSAN PERNIAGAAN,3500.00,ONLINE,5043,BACELOR,<29,29.0
2023,WBPN20284,29,INDIA,FEMALE,BEKERJA SEPENUH MASA,ALFRANKO DEVELOPMENT SDN BHD,"PROFESSIONAL, SCIENTIFIC, AND TECHNICAL ACTIVITIES",SELANGOR,362,BACELOR EKSEKUTIF PENGURUSAN PERNIAGAAN,2500.00,ONLINE,4084,BACELOR,<29,29.0
2023,WBPN20289,47,DUSUN-SABAH,MALE,BEKERJA SEPENUH MASA,SABAH ELECTRICITY SDN BHD,"PROFESSIONAL, SCIENTIFIC, AND TECHNICAL ACTIVITIES",SABAH,362,BACELOR EKSEKUTIF PENGURUSAN PERNIAGAAN,7502.00,ONLINE,4181,BACELOR,40-49,47.0
2023,WBPN20290,32,MELAYU,MALE,BEKERJA SEPENUH MASA,HEWLETT PACKARD MANUFACTURING MALAYSIA,"PROFESSIONAL, SCIENTIFIC, AND TECHNICAL ACTIVITIES",KEDAH,362,BACELOR EKSEKUTIF PENGURUSAN PERNIAGAAN,5000.00,ONLINE,5297,BACELOR,30-39,32.0
2023,WBPN20293,32,MELAYU,MALE,BEKERJA SEPENUH MASA,WINSOME PALM OIL MILL SDN BHD,"PROFESSIONAL, SCIENTIFIC, AND TECHNICAL ACTIVITIES",SABAH,362,BACELOR EKSEKUTIF PENGURUSAN PERNIAGAAN,1800.00,ONLINE,5735,BACELOR,30-39,32.0
2023,WBPN20312,35,CINA,MALE,BEKERJA SEPENUH MASA,CHIN TECK PLANTATIONS BERHAD,"PROFESSIONAL, SCIENTIFIC, AND TECHNICAL ACTIVITIES",MELAKA,362,BACELOR EKSEKUTIF PENGURUSAN PERNIAGAAN,3900.00,ONLINE,4105,BACELOR,30-39,35.0
2023,WBPN20319,50,BUGIS,FEMALE,BEKERJA SEPENUH MASA,KKYS SDN BHD,"PROFESSIONAL, SCIENTIFIC, AND TECHNICAL ACTIVITIES",SABAH,362,BACELOR EKSEKUTIF PENGURUSAN PERNIAGAAN,2786.00,ONLINE,4606,BACELOR,50-59,50.0
2023,WBPN20328,42,MELAYU,FEMALE,BEKERJA/USAHAWAN/FREELANCE,DEQYOUNG VISION ENTERPRISE,"PROFESSIONAL, SCIENTIFIC, AND TECHNICAL ACTIVITIES",NEGERI SEMBILAN,362,BACELOR EKSEKUTIF PENGURUSAN PERNIAGAAN,5000.00,ONLINE,5210,BACELOR,40-49,42.0
2023,WBPN20330,35,MELAYU,MALE,BEKERJA SEPENUH MASA,JOHOR PORT BERHAD,"PROFESSIONAL, SCIENTIFIC, AND TECHNICAL ACTIVITIES",JOHOR,362,BACELOR EKSEKUTIF PENGURUSAN PERNIAGAAN,2200.00,ONLINE,4769,BACELOR,30-39,35.0
2023,WBPN20404,47,BISAYA-SARAWAK,FEMALE,BEKERJA SEPENUH MASA,MSTF ENGINEERING & SUPPLY SDN BHD,"PROFESSIONAL, SCIENTIFIC, AND TECHNICAL ACTIVITIES",SARAWAK,362,BACELOR EKSEKUTIF PENGURUSAN PERNIAGAAN,3100.00,ONLINE,5112,BACELOR,40-49,47.0
2023,WBPN20406,50,INDIA,FEMALE,BEKERJA SEPENUH MASA,ROYAL PERAK GOLF CLUB BHD,"PROFESSIONAL, SCIENTIFIC, AND TECHNICAL ACTIVITIES",PERAK,362,BACELOR EKSEKUTIF PENGURUSAN PERNIAGAAN,3900.00,ONLINE,5956,BACELOR,50-59,50.0
2023,WBPN20414,40,MELAYU,FEMALE,BEKERJA SEPENUH MASA,OTC COSMETICS SDN BHD,"PROFESSIONAL, SCIENTIFIC, AND TECHNICAL ACTIVITIES",SELANGOR,362,BACELOR EKSEKUTIF PENGURUSAN PERNIAGAAN,2200.00,ONLINE,4811,BACELOR,40-49,40.0
2023,WBPN20421,53,CINA,MALE,BEKERJA SEPENUH MASA,SOON LEE AERTHWORK SDN BHD,"PROFESSIONAL, SCIENTIFIC, AND TECHNICAL ACTIVITIES",JOHOR,362,BACELOR EKSEKUTIF PENGURUSAN PERNIAGAAN,3700.00,ONLINE,5214,BACELOR,50-59,53.0
2023,WBPN20427,48,KENYAH-SARAWAK,FEMALE,BEKERJA SEPENUH MASA,SARAWAK SHELL BERHAD,"PROFESSIONAL, SCIENTIFIC, AND TECHNICAL ACTIVITIES",SARAWAK,362,BACELOR EKSEKUTIF PENGURUSAN PERNIAGAAN,10795.00,ONLINE,4056,BACELOR,40-49,48.0
2023,WBPN20442,41,RUNGUS-SABAH,FEMALE,BEKERJA SEPENUH MASA,HOMELESS,"PROFESSIONAL, SCIENTIFIC, AND TECHNICAL ACTIVITIES",SABAH,362,BACELOR EKSEKUTIF PENGURUSAN PERNIAGAAN,5000.00,ONLINE,4685,BACELOR,40-49,41.0
2023,WBPN20450,48,KADAZAN-SABAH,FEMALE,BELUM/TIDAK BEKERJA,NOT SPECIFIED,"PROFESSIONAL, SCIENTIFIC, AND TECHNICAL ACTIVITIES",SABAH,362,BACELOR EKSEKUTIF PENGURUSAN PERNIAGAAN,0.00,ONLINE,5324,BACELOR,40-49,48.0
2023,WBPN20454,40,KAYAN-SARAWAK,FEMALE,BEKERJA SEPENUH MASA,BUMIMAS SYNERGY SDN BHD,"PROFESSIONAL, SCIENTIFIC, AND TECHNICAL ACTIVITIES",SARAWAK,362,BACELOR EKSEKUTIF PENGURUSAN PERNIAGAAN,1500.00,ONLINE,5672,BACELOR,40-49,40.0
2023,WBPN20477,35,INDIA,MALE,BEKERJA SEPENUH MASA,ONSEMI,"PROFESSIONAL, SCIENTIFIC, AND TECHNICAL ACTIVITIES",NEGERI SEMBILAN,362,BACELOR EKSEKUTIF PENGURUSAN PERNIAGAAN,3000.00,ONLINE,4224,BACELOR,30-39,35.0
2023,WBPN20479,29,MELAYU,FEMALE,BEKERJA SEPENUH MASA,GLOBAL PARTNERS (M) SDN BHD,"PROFESSIONAL, SCIENTIFIC, AND TECHNICAL ACTIVITIES",PULAU PINANG,362,BACELOR EKSEKUTIF PENGURUSAN PERNIAGAAN,2180.00,ONLINE,5713,BACELOR,<29,29.0
2023,WBPN20488,40,INDIA,FEMALE,BEKERJA SEPENUH MASA,SAKTI YOGA (M) SDN BHD,"PROFESSIONAL, SCIENTIFIC, AND TECHNICAL ACTIVITIES",SELANGOR,362,BACELOR EKSEKUTIF PENGURUSAN PERNIAGAAN,2000.00,ONLINE,5149,BACELOR,40-49,40.0
2023,WBPN20490,52,INDIA,FEMALE,BEKERJA SEPENUH MASA,SITIME MALAYSIA SDN BHD,"PROFESSIONAL, SCIENTIFIC, AND TECHNICAL ACTIVITIES",PERAK,362,BACELOR EKSEKUTIF PENGURUSAN PERNIAGAAN,7500.00,ONLINE,5655,BACELOR,50-59,52.0
2023,WBPN20491,41,MELAYU,FEMALE,BEKERJA SEPENUH MASA,MALAYAN BANKING BERHAD,"PROFESSIONAL, SCIENTIFIC, AND TECHNICAL ACTIVITIES",KUALA LUMPUR,362,BACELOR EKSEKUTIF PENGURUSAN PERNIAGAAN,4000.00,ONLINE,5548,BACELOR,40-49,41.0
2023,WBPN20497,40,BISAYA-SINO-SABAH,MALE,BEKERJA SEPENUH MASA,KEBABANGAN PETROLEUM OPERATING COMPANY SDN BHD,"PROFESSIONAL, SCIENTIFIC, AND TECHNICAL ACTIVITIES",LABUAN,362,BACELOR EKSEKUTIF PENGURUSAN PERNIAGAAN,10000.00,ONLINE,4034,BACELOR,40-49,40.0
2023,WBPN21105,31,INDIA,FEMALE,BEKERJA SEPENUH MASA,LUQMAN HERBS CENTRE SDN.BHD,"PROFESSIONAL, SCIENTIFIC, AND TECHNICAL ACTIVITIES",SELANGOR,362,BACELOR EKSEKUTIF PENGURUSAN PERNIAGAAN,3200.00,ONLINE,4533,BACELOR,30-39,31.0
2023,WBPN211102,44,MELAYU,FEMALE,BEKERJA SEPENUH MASA,RURAL CAPITAL BERHAD,"PROFESSIONAL, SCIENTIFIC, AND TECHNICAL ACTIVITIES",KUALA LUMPUR,362,BACELOR EKSEKUTIF PENGURUSAN PERNIAGAAN,3500.00,ONLINE,4001,BACELOR,40-49,44.0
2023,WBPN211103,39,MELAYU,FEMALE,BEKERJA SEPENUH MASA,RURAL CAPITAL BERHAD,"PROFESSIONAL, SCIENTIFIC, AND TECHNICAL ACTIVITIES",KUALA LUMPUR,362,BACELOR EKSEKUTIF PENGURUSAN PERNIAGAAN,4500.00,ONLINE,4528,BACELOR,30-39,39.0
2023,WBPN211105,26,INDIA,MALE,BEKERJA SEPENUH MASA,PROSPER CAPITAL HOLDING,"PROFESSIONAL, SCIENTIFIC, AND TECHNICAL ACTIVITIES",PAHANG,362,BACELOR EKSEKUTIF PENGURUSAN PERNIAGAAN,2000.00,ONLINE,4214,BACELOR,<29,26.0
2023,WBPN211109,43,MELAYU,MALE,BEKERJA SEPENUH MASA,MANPOWER STAFFING SERVICES (MALAYSIA) SDN BHD.,"PROFESSIONAL, SCIENTIFIC, AND TECHNICAL ACTIVITIES",JOHOR,362,BACELOR EKSEKUTIF PENGURUSAN PERNIAGAAN,3300.00,ONLINE,5612,BACELOR,40-49,43.0
2023,WBPN211111,44,INDIA,FEMALE,BEKERJA SEPENUH MASA,RAILFREIGHT ENGINEERING & LOGISTICS SDN. BHD.,"PROFESSIONAL, SCIENTIFIC, AND TECHNICAL ACTIVITIES",PERAK,362,BACELOR EKSEKUTIF PENGURUSAN PERNIAGAAN,6000.00,ONLINE,5171,BACELOR,40-49,44.0
2023,WBPN211112,39,MELAYU,MALE,BEKERJA SEPENUH MASA,BADAN KAWAL SELIA AIR NEGERI SEMBILAN,"PROFESSIONAL, SCIENTIFIC, AND TECHNICAL ACTIVITIES",NEGERI SEMBILAN,362,BACELOR EKSEKUTIF PENGURUSAN PERNIAGAAN,3300.00,ONLINE,5005,BACELOR,30-39,39.0
2023,WBPN211113,33,MELAYU,FEMALE,BEKERJA SEPENUH MASA,SAMLING HOME PRODUCTS SDN BHD,"PROFESSIONAL, SCIENTIFIC, AND TECHNICAL ACTIVITIES",SELANGOR,362,BACELOR EKSEKUTIF PENGURUSAN PERNIAGAAN,3350.00,ONLINE,4703,BACELOR,30-39,33.0
2023,WBPN21112,27,DUSUN-SABAH,MALE,BEKERJA/USAHAWAN/FREELANCE (SEPARA MASA),NINJA VAN,"PROFESSIONAL, SCIENTIFIC, AND TECHNICAL ACTIVITIES",SABAH,362,BACELOR EKSEKUTIF PENGURUSAN PERNIAGAAN,50.00,ONLINE,4809,BACELOR,<29,27.0
2023,WBPN211125,33,MELAYU,MALE,BEKERJA SEPENUH MASA,ADF TECHNOLOGIES SDN BHD,"PROFESSIONAL, SCIENTIFIC, AND TECHNICAL ACTIVITIES",KUALA LUMPUR,362,BACELOR EKSEKUTIF PENGURUSAN PERNIAGAAN,3700.00,ONLINE,5445,BACELOR,30-39,33.0
2023,WBPN211126,36,IBAN/SEA DAYAK -SARAWAK,FEMALE,BEKERJA SEPENUH MASA,OM MATERIALS & LOGISTICS (M) SDN.BHD,"PROFESSIONAL, SCIENTIFIC, AND TECHNICAL ACTIVITIES",SARAWAK,362,BACELOR EKSEKUTIF PENGURUSAN PERNIAGAAN,3000.00,ONLINE,4805,BACELOR,30-39,36.0
2023,WBPN211128,46,BRUNEI-SABAH,FEMALE,BEKERJA SEPENUH MASA,KUMPULAN YAYASAN SABAH,"PROFESSIONAL, SCIENTIFIC, AND TECHNICAL ACTIVITIES",SABAH,362,BACELOR EKSEKUTIF PENGURUSAN PERNIAGAAN,4000.00,ONLINE,5523,BACELOR,40-49,46.0
2023,WBPN211129,45,BRUNEI-SABAH,FEMALE,BEKERJA SEPENUH MASA,KUMPULAN YAYASAN SABAH,"PROFESSIONAL, SCIENTIFIC, AND TECHNICAL ACTIVITIES",SABAH,362,BACELOR EKSEKUTIF PENGURUSAN PERNIAGAAN,4000.00,ONLINE,4896,BACELOR,40-49,45.0
2023,WBPN211131,33,TAMIL,MALE,BEKERJA SEPENUH MASA,KUALA LUMPUR KEPONG BERHAD,"PROFESSIONAL, SCIENTIFIC, AND TECHNICAL ACTIVITIES",PULAU PINANG,362,BACELOR EKSEKUTIF PENGURUSAN PERNIAGAAN,2500.00,ONLINE,4573,BACELOR,30-39,33.0
2023,WBPN21114,31,MURUT-SABAH,FEMALE,BEKERJA SEPENUH MASA,JAWALA PLANTATION INDUSTRIES SDN BHD,"PROFESSIONAL, SCIENTIFIC, AND TECHNICAL ACTIVITIES",SABAH,362,BACELOR EKSEKUTIF PENGURUSAN PERNIAGAAN,5000.00,ONLINE,5623,BACELOR,30-39,31.0
2023,WBPN211140,41,INDIA,FEMALE,BEKERJA SEPENUH MASA,TUNGSHIN HOSPITAL,"PROFESSIONAL, SCIENTIFIC, AND TECHNICAL ACTIVITIES",NEGERI SEMBILAN,362,BACELOR EKSEKUTIF PENGURUSAN PERNIAGAAN,2800.00,ONLINE,5734,BACELOR,40-49,41.0
2023,WBPN21119,56,MELAYU,FEMALE,BEKERJA SEPENUH MASA,KIMBERLY-CLARK PRODUCTS (M) SDN BHD,"PROFESSIONAL, SCIENTIFIC, AND TECHNICAL ACTIVITIES",JOHOR,362,BACELOR EKSEKUTIF PENGURUSAN PERNIAGAAN,3300.00,ONLINE,4292,BACELOR,50-59,56.0
2023,WBPN21124,38,MELAYU,MALE,BEKERJA SEPENUH MASA,HEALTH INSIGHTS ASIA BHD,"PROFESSIONAL, SCIENTIFIC, AND TECHNICAL ACTIVITIES",SELANGOR,362,BACELOR EKSEKUTIF PENGURUSAN PERNIAGAAN,9000.00,ONLINE,5025,BACELOR,30-39,38.0
2023,WBPN21132,31,MELAYU,FEMALE,BEKERJA SEPENUH MASA,SARAWAK DIGITAL ECONOMY CORPORATION BERHAD,"PROFESSIONAL, SCIENTIFIC, AND TECHNICAL ACTIVITIES",SARAWAK,362,BACELOR EKSEKUTIF PENGURUSAN PERNIAGAAN,4350.00,ONLINE,4366,BACELOR,30-39,31.0
2023,WBPN21133,48,MELAYU,MALE,BEKERJA SEPENUH MASA,FLEXTRONICS SHAH ALAM SDN BHD,"PROFESSIONAL, SCIENTIFIC, AND TECHNICAL ACTIVITIES",JOHOR,362,BACELOR EKSEKUTIF PENGURUSAN PERNIAGAAN,6000.00,ONLINE,5475,BACELOR,40-49,48.0
2023,WBPN21143,57,DUSUN-SABAH,FEMALE,BEKERJA/USAHAWAN/FREELANCE,PEMBORONG VEVE SDN BHD,"PROFESSIONAL, SCIENTIFIC, AND TECHNICAL ACTIVITIES",SABAH,362,BACELOR EKSEKUTIF PENGURUSAN PERNIAGAAN,3000.00,ONLINE,4234,BACELOR,50-59,57.0
2023,WBPN21145,45,INDIA,MALE,BEKERJA SEPENUH MASA,VOLVO MALAYSIA SD BHD,"PROFESSIONAL, SCIENTIFIC, AND TECHNICAL ACTIVITIES",KEDAH,362,BACELOR EKSEKUTIF PENGURUSAN PERNIAGAAN,3000.00,ONLINE,5814,BACELOR,40-49,45.0
2023,WBPN21147,36,INDIA,MALE,BEKERJA SEPENUH MASA,FRENCKEN MECHATRONICS (M) SDN BHD,"PROFESSIONAL, SCIENTIFIC, AND TECHNICAL ACTIVITIES",NEGERI SEMBILAN,362,BACELOR EKSEKUTIF PENGURUSAN PERNIAGAAN,3600.00,ONLINE,4870,BACELOR,30-39,36.0
2023,WBPN21148,35,DUSUN-SABAH,MALE,BEKERJA SEPENUH MASA,SABAH LAND DEVELOPMENT BOARD,"PROFESSIONAL, SCIENTIFIC, AND TECHNICAL ACTIVITIES",SABAH,362,BACELOR EKSEKUTIF PENGURUSAN PERNIAGAAN,3100.00,ONLINE,4147,BACELOR,30-39,35.0
2023,WBPN21151,30,INDIA,MALE,BEKERJA SEPENUH MASA,DSGN DEVELOPMENT SDN BHD,"PROFESSIONAL, SCIENTIFIC, AND TECHNICAL ACTIVITIES",SELANGOR,362,BACELOR EKSEKUTIF PENGURUSAN PERNIAGAAN,3300.00,ONLINE,5062,BACELOR,30-39,30.0
2023,WBPN21153,50,KADAZAN-SABAH,MALE,BEKERJA SEPENUH MASA,JETAMA WATER SDN BHD,"PROFESSIONAL, SCIENTIFIC, AND TECHNICAL ACTIVITIES",SABAH,362,BACELOR EKSEKUTIF PENGURUSAN PERNIAGAAN,4165.00,ONLINE,5430,BACELOR,50-59,50.0
2023,WBPN21154,36,MELAYU,FEMALE,BEKERJA SEPENUH MASA,ELABRAM SYSTEM SDN BHD,"PROFESSIONAL, SCIENTIFIC, AND TECHNICAL ACTIVITIES",SELANGOR,362,BACELOR EKSEKUTIF PENGURUSAN PERNIAGAAN,3600.00,ONLINE,4785,BACELOR,30-39,36.0
2023,WBPN21158,44,MELAYU,FEMALE,BEKERJA SEPENUH MASA,PETRONAS LUBRICANTS INTERNATIONAL SDN BHD,"PROFESSIONAL, SCIENTIFIC, AND TECHNICAL ACTIVITIES",SELANGOR,362,BACELOR EKSEKUTIF PENGURUSAN PERNIAGAAN,2600.00,ONLINE,5998,BACELOR,40-49,44.0
2023,WBPN21163,30,IBAN/SEA DAYAK -SARAWAK,MALE,BEKERJA SEPENUH MASA,KARISMA PLANTATION SDN BHD,"PROFESSIONAL, SCIENTIFIC, AND TECHNICAL ACTIVITIES",SARAWAK,362,BACELOR EKSEKUTIF PENGURUSAN PERNIAGAAN,1600.00,ONLINE,5939,BACELOR,30-39,30.0
2023,WBPN21170,28,INDIA,MALE,BEKERJA SEPENUH MASA,GANJARAN KURNIA SDN BHD,"PROFESSIONAL, SCIENTIFIC, AND TECHNICAL ACTIVITIES",NEGERI SEMBILAN,362,BACELOR EKSEKUTIF PENGURUSAN PERNIAGAAN,2800.00,ONLINE,4106,BACELOR,<29,28.0
2023,WBPN21171,45,MELAYU,MALE,BEKERJA SEPENUH MASA,EDARAN OTOMOBIL NASIONAL BERHAD,"PROFESSIONAL, SCIENTIFIC, AND TECHNICAL ACTIVITIES",KEDAH,362,BACELOR EKSEKUTIF PENGURUSAN PERNIAGAAN,5200.00,ONLINE,4230,BACELOR,40-49,45.0
2023,WBPN21177,37,MELAYU,MALE,BEKERJA SEPENUH MASA,FELDA,"PROFESSIONAL, SCIENTIFIC, AND TECHNICAL ACTIVITIES",SABAH,362,BACELOR EKSEKUTIF PENGURUSAN PERNIAGAAN,1900.00,ONLINE,5144,BACELOR,30-39,37.0
2023,WBPN21179,40,MELAYU,MALE,BEKERJA SEPENUH MASA,JOHAWAKI PLANTATIONS SDN BHD,"PROFESSIONAL, SCIENTIFIC, AND TECHNICAL ACTIVITIES",PAHANG,362,BACELOR EKSEKUTIF PENGURUSAN PERNIAGAAN,9700.00,ONLINE,4933,BACELOR,40-49,40.0
2023,WBPN21183,30,INDIA,MALE,BEKERJA SEPENUH MASA,CAPTIVATE SDN.BHD,"PROFESSIONAL, SCIENTIFIC, AND TECHNICAL ACTIVITIES",SELANGOR,362,BACELOR EKSEKUTIF PENGURUSAN PERNIAGAAN,3500.00,ONLINE,5820,BACELOR,30-39,30.0
2023,WBPN21184,44,MELAYU,MALE,BEKERJA SEPENUH MASA,FELDA PLANTITION MANAGEMENT SDN.BHD,"PROFESSIONAL, SCIENTIFIC, AND TECHNICAL ACTIVITIES",PAHANG,362,BACELOR EKSEKUTIF PENGURUSAN PERNIAGAAN,1800.00,ONLINE,5096,BACELOR,40-49,44.0
2023,WBPN21187,40,KADAZAN-SABAH,FEMALE,BEKERJA SEPENUH MASA,F&L CONSTRUCTION,"PROFESSIONAL, SCIENTIFIC, AND TECHNICAL ACTIVITIES",SABAH,362,BACELOR EKSEKUTIF PENGURUSAN PERNIAGAAN,2500.00,ONLINE,4556,BACELOR,40-49,40.0
2023,WBPN21189,43,MELAYU,MALE,BEKERJA SEPENUH MASA,EMBASSY OF THE KINGDOM OF BAHRAIN,"PROFESSIONAL, SCIENTIFIC, AND TECHNICAL ACTIVITIES",KEDAH,362,BACELOR EKSEKUTIF PENGURUSAN PERNIAGAAN,4500.00,ONLINE,5361,BACELOR,40-49,43.0
2023,WBPN21201,39,MELAYU,MALE,BEKERJA SEPENUH MASA,MUIP PLANTATIONS SDN BHD,"PROFESSIONAL, SCIENTIFIC, AND TECHNICAL ACTIVITIES",PAHANG,362,BACELOR EKSEKUTIF PENGURUSAN PERNIAGAAN,2800.00,ONLINE,4259,BACELOR,30-39,39.0
2023,WBPN21203,40,MELAYU,MALE,BEKERJA SEPENUH MASA,CONTINENTAL TYRE PJ MALAYSIA BHD,"PROFESSIONAL, SCIENTIFIC, AND TECHNICAL ACTIVITIES",SELANGOR,362,BACELOR EKSEKUTIF PENGURUSAN PERNIAGAAN,4600.00,ONLINE,4447,BACELOR,40-49,40.0
2023,WBPN21205,46,HOKKIEN,MALE,BEKERJA SEPENUH MASA,SARAWAK DIGITAL ECONOMY CORPORATION,"PROFESSIONAL, SCIENTIFIC, AND TECHNICAL ACTIVITIES",SARAWAK,362,BACELOR EKSEKUTIF PENGURUSAN PERNIAGAAN,6800.00,ONLINE,5820,BACELOR,40-49,46.0
2023,WBPN21210,35,MELAYU,FEMALE,BEKERJA SEPENUH MASA,BOSTON SCIENTIFIC,"PROFESSIONAL, SCIENTIFIC, AND TECHNICAL ACTIVITIES",KEDAH,362,BACELOR EKSEKUTIF PENGURUSAN PERNIAGAAN,2000.00,ONLINE,4860,BACELOR,30-39,35.0
2023,WBPN21213,45,MELAYU,MALE,BEKERJA SEPENUH MASA,SARAWAK DIGITAL ECONOMY CORPORATION BERHAD,"PROFESSIONAL, SCIENTIFIC, AND TECHNICAL ACTIVITIES",SARAWAK,362,BACELOR EKSEKUTIF PENGURUSAN PERNIAGAAN,6000.00,ONLINE,5370,BACELOR,40-49,45.0
2023,WBPN21223,36,KEDAYAN-SARAWAK,FEMALE,BEKERJA SEPENUH MASA,MALAYSIA LNG SDN BHD,"PROFESSIONAL, SCIENTIFIC, AND TECHNICAL ACTIVITIES",SARAWAK,362,BACELOR EKSEKUTIF PENGURUSAN PERNIAGAAN,4396.00,ONLINE,5640,BACELOR,30-39,36.0
2023,WBPN21231,37,MELAYU,MALE,BEKERJA/USAHAWAN/FREELANCE,TOXIPAC SERVICES,"PROFESSIONAL, SCIENTIFIC, AND TECHNICAL ACTIVITIES",SELANGOR,362,BACELOR EKSEKUTIF PENGURUSAN PERNIAGAAN,5000.00,ONLINE,4493,BACELOR,30-39,37.0
2023,WBPN21232,28,INDIA,MALE,BEKERJA SEPENUH MASA,MENZ GASSER ASIA (KL) SDN BHD,"PROFESSIONAL, SCIENTIFIC, AND TECHNICAL ACTIVITIES",SELANGOR,362,BACELOR EKSEKUTIF PENGURUSAN PERNIAGAAN,3350.00,ONLINE,4931,BACELOR,<29,28.0
2023,WBPN21236,42,CINA,MALE,BEKERJA SEPENUH MASA,LUNASECA MOTORS SDN BHD,"PROFESSIONAL, SCIENTIFIC, AND TECHNICAL ACTIVITIES",KUALA LUMPUR,362,BACELOR EKSEKUTIF PENGURUSAN PERNIAGAAN,5000.00,ONLINE,5582,BACELOR,40-49,42.0
2023,WBPN21238,39,MELAYU,MALE,BEKERJA SEPENUH MASA,T7 WENMAX SDN BHD,"PROFESSIONAL, SCIENTIFIC, AND TECHNICAL ACTIVITIES",SELANGOR,362,BACELOR EKSEKUTIF PENGURUSAN PERNIAGAAN,700.00,ONLINE,4675,BACELOR,30-39,39.0
2023,WBPN21240,49,MELAYU,MALE,BEKERJA SEPENUH MASA,JABATAN LAUT MALAYSIA,"PROFESSIONAL, SCIENTIFIC, AND TECHNICAL ACTIVITIES",SARAWAK,362,BACELOR EKSEKUTIF PENGURUSAN PERNIAGAAN,4297.00,ONLINE,4106,BACELOR,40-49,49.0
2023,WBPN21241,45,IBAN/SEA DAYAK -SARAWAK,FEMALE,BEKERJA SEPENUH MASA,OM MATERIALS LOGISTICS (M) SDN BHD,"PROFESSIONAL, SCIENTIFIC, AND TECHNICAL ACTIVITIES",SARAWAK,362,BACELOR EKSEKUTIF PENGURUSAN PERNIAGAAN,4500.00,ONLINE,4955,BACELOR,40-49,45.0
2023,WBPN21245,52,MELAYU,MALE,BEKERJA/USAHAWAN/FREELANCE,AL NIJARA RESOURCES,"PROFESSIONAL, SCIENTIFIC, AND TECHNICAL ACTIVITIES",KELANTAN,362,BACELOR EKSEKUTIF PENGURUSAN PERNIAGAAN,2800.00,ONLINE,4321,BACELOR,50-59,52.0
2023,WBPN21246,27,INDIA,FEMALE,BEKERJA SEPENUH MASA,SINARAN MULIA CLEANING SDN BHD,"PROFESSIONAL, SCIENTIFIC, AND TECHNICAL ACTIVITIES",NEGERI SEMBILAN,362,BACELOR EKSEKUTIF PENGURUSAN PERNIAGAAN,2000.00,ONLINE,5402,BACELOR,<29,27.0
2023,WBPN21253,35,BUGIS,MALE,BEKERJA SEPENUH MASA,SABAH SOFTWOODS BERHAD,"PROFESSIONAL, SCIENTIFIC, AND TECHNICAL ACTIVITIES",SABAH,362,BACELOR EKSEKUTIF PENGURUSAN PERNIAGAAN,1900.00,ONLINE,4730,BACELOR,30-39,35.0
2023,WBPN21270,42,CINA,FEMALE,BEKERJA SEPENUH MASA,CHUAN LIM CONSTRUCTION PTE LTD,"PROFESSIONAL, SCIENTIFIC, AND TECHNICAL ACTIVITIES",JOHOR,362,BACELOR EKSEKUTIF PENGURUSAN PERNIAGAAN,8000.00,ONLINE,4649,BACELOR,40-49,42.0
2023,WBPN21271,32,INDIA,FEMALE,BEKERJA SEPENUH MASA,YCH GROUP PTE LTD,"PROFESSIONAL, SCIENTIFIC, AND TECHNICAL ACTIVITIES",JOHOR,362,BACELOR EKSEKUTIF PENGURUSAN PERNIAGAAN,2100.00,ONLINE,5394,BACELOR,30-39,32.0
2023,WBPN21274,45,MELAYU,MALE,BEKERJA SEPENUH MASA,MASS RAPID TRANSIT CORPORATION SDN BHD,"PROFESSIONAL, SCIENTIFIC, AND TECHNICAL ACTIVITIES",NEGERI SEMBILAN,362,BACELOR EKSEKUTIF PENGURUSAN PERNIAGAAN,4700.00,ONLINE,5864,BACELOR,40-49,45.0
2023,WBPN21275,48,MELAYU,FEMALE,BEKERJA SEPARA MASA,NUTRILAND M SDN BHD,"PROFESSIONAL, SCIENTIFIC, AND TECHNICAL ACTIVITIES",KELANTAN,362,BACELOR EKSEKUTIF PENGURUSAN PERNIAGAAN,5500.00,ONLINE,5731,BACELOR,40-49,48.0
2023,WBPN21278,40,MELAYU,MALE,BEKERJA SEPENUH MASA,MUIP PLANTATIONS SDN BHD,"PROFESSIONAL, SCIENTIFIC, AND TECHNICAL ACTIVITIES",PAHANG,362,BACELOR EKSEKUTIF PENGURUSAN PERNIAGAAN,4500.00,ONLINE,5133,BACELOR,40-49,40.0
2023,WBPN21302,28,INDIA,FEMALE,BEKERJA SEPENUH MASA,BYTE PRECISION SDN.BHD,"PROFESSIONAL, SCIENTIFIC, AND TECHNICAL ACTIVITIES",SELANGOR,362,BACELOR EKSEKUTIF PENGURUSAN PERNIAGAAN,4000.00,ONLINE,5281,BACELOR,<29,28.0
2023,WBPN21309,39,MELAYU,MALE,BEKERJA SEPENUH MASA,RISDA ESTATE SDN BHD,"PROFESSIONAL, SCIENTIFIC, AND TECHNICAL ACTIVITIES",JOHOR,362,BACELOR EKSEKUTIF PENGURUSAN PERNIAGAAN,3500.00,ONLINE,4132,BACELOR,30-39,39.0
2023,WBPN21310,26,INDIA,MALE,BEKERJA SEPENUH MASA,MURATA ELECTRONICS,"PROFESSIONAL, SCIENTIFIC, AND TECHNICAL ACTIVITIES",PERAK,362,BACELOR EKSEKUTIF PENGURUSAN PERNIAGAAN,2000.00,ONLINE,4405,BACELOR,<29,26.0
2023,WBPN213102,35,MELAYU,FEMALE,BEKERJA SEPENUH MASA,DAAIN RISK MANAGEMENT,"PROFESSIONAL, SCIENTIFIC, AND TECHNICAL ACTIVITIES",PAHANG,362,BACELOR EKSEKUTIF PENGURUSAN PERNIAGAAN,1900.00,ONLINE,4117,BACELOR,30-39,35.0
2023,WBPN213107,28,CINA,MALE,BEKERJA SEPENUH MASA,AVID SPORT SDN BHD,"PROFESSIONAL, SCIENTIFIC, AND TECHNICAL ACTIVITIES",PAHANG,362,BACELOR EKSEKUTIF PENGURUSAN PERNIAGAAN,4600.00,ONLINE,4431,BACELOR,<29,28.0
2023,WBPN213112,55,MELAYU,FEMALE,BEKERJA SEPENUH MASA,TELEKOM MALAYSIA BERHAD,"PROFESSIONAL, SCIENTIFIC, AND TECHNICAL ACTIVITIES",SARAWAK,362,BACELOR EKSEKUTIF PENGURUSAN PERNIAGAAN,4500.00,ONLINE,4778,BACELOR,50-59,55.0
2023,WBPN213113,44,IBAN/SEA DAYAK -SARAWAK,MALE,BEKERJA SEPENUH MASA,PETRA ENERGY SDN BHD,"PROFESSIONAL, SCIENTIFIC, AND TECHNICAL ACTIVITIES",SARAWAK,362,BACELOR EKSEKUTIF PENGURUSAN PERNIAGAAN,3000.00,ONLINE,5284,BACELOR,40-49,44.0
2023,WBPN21313,32,MELAYU,MALE,BEKERJA SEPENUH MASA,PGEO BIOTECH SDN BHD,"PROFESSIONAL, SCIENTIFIC, AND TECHNICAL ACTIVITIES",JOHOR,362,BACELOR EKSEKUTIF PENGURUSAN PERNIAGAAN,2680.00,ONLINE,4809,BACELOR,30-39,32.0
2023,WBPN21314,38,MELAYU,MALE,BEKERJA SEPENUH MASA,GUNNEBO MALAYSIA SDN BHD,"PROFESSIONAL, SCIENTIFIC, AND TECHNICAL ACTIVITIES",SELANGOR,362,BACELOR EKSEKUTIF PENGURUSAN PERNIAGAAN,4500.00,ONLINE,5909,BACELOR,30-39,38.0
2023,WBPN21319,47,KADAZAN-SABAH,FEMALE,BELUM/TIDAK BEKERJA,NOT APPLICABLE,"PROFESSIONAL, SCIENTIFIC, AND TECHNICAL ACTIVITIES",SABAH,362,BACELOR EKSEKUTIF PENGURUSAN PERNIAGAAN,0.00,ONLINE,5561,BACELOR,40-49,47.0
2023,WBPN21321,49,MELAYU,MALE,BEKERJA/USAHAWAN/FREELANCE,INTEL TECHNOLOGY SDN BHD,"PROFESSIONAL, SCIENTIFIC, AND TECHNICAL ACTIVITIES",KEDAH,362,BACELOR EKSEKUTIF PENGURUSAN PERNIAGAAN,8655.00,ONLINE,4553,BACELOR,40-49,49.0
2023,WBPN21324,46,INDIA,FEMALE,BEKERJA SEPENUH MASA,GX BANK,"PROFESSIONAL, SCIENTIFIC, AND TECHNICAL ACTIVITIES",KUALA LUMPUR,362,BACELOR EKSEKUTIF PENGURUSAN PERNIAGAAN,8652.00,ONLINE,5865,BACELOR,40-49,46.0
2023,WBPN21332,45,BAJAU - SABAH,MALE,BEKERJA SEPENUH MASA,FGVPM (SDN BHD) LADANG SAHABAT 36,"PROFESSIONAL, SCIENTIFIC, AND TECHNICAL ACTIVITIES",SABAH,362,BACELOR EKSEKUTIF PENGURUSAN PERNIAGAAN,2500.00,ONLINE,4925,BACELOR,40-49,45.0
2023,WBPN21333,51,BUGIS,MALE,BEKERJA SEPENUH MASA,FGVPM (SDN BHD) LADANG SAHABAT 25,"PROFESSIONAL, SCIENTIFIC, AND TECHNICAL ACTIVITIES",SABAH,362,BACELOR EKSEKUTIF PENGURUSAN PERNIAGAAN,4790.00,ONLINE,4920,BACELOR,50-59,51.0
2023,WBPN21334,49,MELAYU,MALE,BEKERJA SEPENUH MASA,FGV PLANTATION (M) SDN BHD,"PROFESSIONAL, SCIENTIFIC, AND TECHNICAL ACTIVITIES",SABAH,362,BACELOR EKSEKUTIF PENGURUSAN PERNIAGAAN,5000.00,ONLINE,5048,BACELOR,40-49,49.0
2023,WBPN21335,30,INDIA,FEMALE,BEKERJA SEPENUH MASA,EO MEDICAL PTE LTD,"PROFESSIONAL, SCIENTIFIC, AND TECHNICAL ACTIVITIES",PERAK,362,BACELOR EKSEKUTIF PENGURUSAN PERNIAGAAN,5800.00,ONLINE,5734,BACELOR,30-39,30.0
2023,WBPN21339,32,MELAYU,FEMALE,BEKERJA SEPENUH MASA,ULTRA CLEAN TECHNOLOGY SDN BHD,"PROFESSIONAL, SCIENTIFIC, AND TECHNICAL ACTIVITIES",PULAU PINANG,362,BACELOR EKSEKUTIF PENGURUSAN PERNIAGAAN,2500.00,ONLINE,4417,BACELOR,30-39,32.0
2023,WBPN21355,46,MALAYALI,FEMALE,BEKERJA SEPENUH MASA,KPMG PLT,"PROFESSIONAL, SCIENTIFIC, AND TECHNICAL ACTIVITIES",SELANGOR,362,BACELOR EKSEKUTIF PENGURUSAN PERNIAGAAN,4620.00,ONLINE,5753,BACELOR,40-49,46.0
2023,WBPN21360,39,MELAYU,MALE,BEKERJA SEPENUH MASA,FLEXTRONICS,"PROFESSIONAL, SCIENTIFIC, AND TECHNICAL ACTIVITIES",KELANTAN,362,BACELOR EKSEKUTIF PENGURUSAN PERNIAGAAN,5000.00,ONLINE,4166,BACELOR,30-39,39.0
2023,WBPN21361,30,CINA,MALE,BEKERJA SEPENUH MASA,89 MOTEL,"PROFESSIONAL, SCIENTIFIC, AND TECHNICAL ACTIVITIES",SARAWAK,362,BACELOR EKSEKUTIF PENGURUSAN PERNIAGAAN,2000.00,ONLINE,4503,BACELOR,30-39,30.0
2023,WBPN21363,40,MELAYU,MALE,BEKERJA SEPENUH MASA,AIR SELANGOR MANAGEMENT SERVICES SDN BHD,"PROFESSIONAL, SCIENTIFIC, AND TECHNICAL ACTIVITIES",SELANGOR,362,BACELOR EKSEKUTIF PENGURUSAN PERNIAGAAN,4500.00,ONLINE,4344,BACELOR,40-49,40.0
2023,WBPN21367,42,MELAYU,MALE,BEKERJA SEPENUH MASA,AG RESOURCES SDN BHD,"PROFESSIONAL, SCIENTIFIC, AND TECHNICAL ACTIVITIES",SELANGOR,362,BACELOR EKSEKUTIF PENGURUSAN PERNIAGAAN,3700.00,ONLINE,4198,BACELOR,40-49,42.0
2023,WBPN21369,33,MELAYU,MALE,BEKERJA SEPENUH MASA,KHAIRUL ANAN & PATNERS SDN BHD,"PROFESSIONAL, SCIENTIFIC, AND TECHNICAL ACTIVITIES",SELANGOR,362,BACELOR EKSEKUTIF PENGURUSAN PERNIAGAAN,4000.00,ONLINE,4377,BACELOR,30-39,33.0
2023,WBPN21370,45,BUGIS,MALE,BEKERJA SEPENUH MASA,JC CHANG GROUP MELEWAR PROPERTISE SDN BHD,"PROFESSIONAL, SCIENTIFIC, AND TECHNICAL ACTIVITIES",SABAH,362,BACELOR EKSEKUTIF PENGURUSAN PERNIAGAAN,3500.00,ONLINE,4844,BACELOR,40-49,45.0
2023,WBPN21372,34,BAJAU - SABAH,MALE,BEKERJA SEPENUH MASA,SABAH ELECTRICITY SDN BHD,"PROFESSIONAL, SCIENTIFIC, AND TECHNICAL ACTIVITIES",SABAH,362,BACELOR EKSEKUTIF PENGURUSAN PERNIAGAAN,3400.00,ONLINE,4142,BACELOR,30-39,34.0
2023,WBPN21375,33,MELAYU,MALE,BEKERJA SEPENUH MASA,TOURISM SELANGOR,"PROFESSIONAL, SCIENTIFIC, AND TECHNICAL ACTIVITIES",SELANGOR,362,BACELOR EKSEKUTIF PENGURUSAN PERNIAGAAN,4200.00,ONLINE,4790,BACELOR,30-39,33.0
2023,WBPN21376,30,INDIA,MALE,BEKERJA SEPENUH MASA,HARN-AKSESORI SETIA SDN.BHD,"PROFESSIONAL, SCIENTIFIC, AND TECHNICAL ACTIVITIES",PERAK,362,BACELOR EKSEKUTIF PENGURUSAN PERNIAGAAN,2600.00,ONLINE,5297,BACELOR,30-39,30.0
2023,WBPN21377,50,MELAYU,MALE,BEKERJA SEPENUH MASA,KPJ PUTERI SPECIALIST HOSPITAL,"PROFESSIONAL, SCIENTIFIC, AND TECHNICAL ACTIVITIES",JOHOR,362,BACELOR EKSEKUTIF PENGURUSAN PERNIAGAAN,4247.00,ONLINE,4007,BACELOR,50-59,50.0
2023,WBPN21378,40,INDIA,FEMALE,BEKERJA SEPENUH MASA,NOVEL FURNITURE SDN BHD,"PROFESSIONAL, SCIENTIFIC, AND TECHNICAL ACTIVITIES",SELANGOR,362,BACELOR EKSEKUTIF PENGURUSAN PERNIAGAAN,3800.00,ONLINE,4906,BACELOR,40-49,40.0
2023,WBPN21383,35,HOKKIEN,FEMALE,BEKERJA SEPENUH MASA,ACCLIME CORPORATE SERVICES SDN. BHD.,"PROFESSIONAL, SCIENTIFIC, AND TECHNICAL ACTIVITIES",JOHOR,362,BACELOR EKSEKUTIF PENGURUSAN PERNIAGAAN,6200.00,ONLINE,5466,BACELOR,30-39,35.0
2023,WBPN21385,27,MELAYU,FEMALE,BEKERJA SEPENUH MASA,AIRASIA,"PROFESSIONAL, SCIENTIFIC, AND TECHNICAL ACTIVITIES",SELANGOR,362,BACELOR EKSEKUTIF PENGURUSAN PERNIAGAAN,4500.00,ONLINE,4965,BACELOR,<29,27.0
2023,WBPN21389,35,INDIA,MALE,BEKERJA SEPENUH MASA,GRAB SDN BHD,"PROFESSIONAL, SCIENTIFIC, AND TECHNICAL ACTIVITIES",KUALA LUMPUR,362,BACELOR EKSEKUTIF PENGURUSAN PERNIAGAAN,3500.00,ONLINE,5706,BACELOR,30-39,35.0
2023,WBPN21391,46,MELAYU,MALE,BEKERJA/USAHAWAN/FREELANCE,SUZAINIE ENTERPRISE,"PROFESSIONAL, SCIENTIFIC, AND TECHNICAL ACTIVITIES",SARAWAK,362,BACELOR EKSEKUTIF PENGURUSAN PERNIAGAAN,2500.00,ONLINE,4372,BACELOR,40-49,46.0
2023,WBPN21397,45,BAJAU - SABAH,MALE,BEKERJA SEPENUH MASA,HAP SENG PLANTATIONS,"PROFESSIONAL, SCIENTIFIC, AND TECHNICAL ACTIVITIES",SABAH,362,BACELOR EKSEKUTIF PENGURUSAN PERNIAGAAN,3500.00,ONLINE,5517,BACELOR,40-49,45.0
2023,WBPN21404,46,MELAYU,FEMALE,BEKERJA SEPENUH MASA,"SIPCHEM EUROPE SA, ROUTE DE LAVAUX 35, 1095 LUTRY, SWITZERLAND","PROFESSIONAL, SCIENTIFIC, AND TECHNICAL ACTIVITIES",SELANGOR,362,BACELOR EKSEKUTIF PENGURUSAN PERNIAGAAN,5500.00,ONLINE,4729,BACELOR,40-49,46.0
2023,WBPN21410,35,INDIA,MALE,BEKERJA SEPENUH MASA,ETIKA BEVERAGES SDN BHD,"PROFESSIONAL, SCIENTIFIC, AND TECHNICAL ACTIVITIES",SELANGOR,362,BACELOR EKSEKUTIF PENGURUSAN PERNIAGAAN,7875.00,ONLINE,4618,BACELOR,30-39,35.0
2023,WBPN21420,40,CANTONESE,FEMALE,BEKERJA SEPENUH MASA,RHB BANK BERHAD,"PROFESSIONAL, SCIENTIFIC, AND TECHNICAL ACTIVITIES",KUALA LUMPUR,362,BACELOR EKSEKUTIF PENGURUSAN PERNIAGAAN,4000.00,ONLINE,5048,BACELOR,40-49,40.0
2023,WBPN21421,28,MELAYU,FEMALE,BEKERJA SEPENUH MASA,HALLIBURTON TECHNOLOGY AND MANUFACTURING CENTER,"PROFESSIONAL, SCIENTIFIC, AND TECHNICAL ACTIVITIES",JOHOR,362,BACELOR EKSEKUTIF PENGURUSAN PERNIAGAAN,6900.00,ONLINE,4231,BACELOR,<29,28.0
2023,WBPN21422,31,INDIA,FEMALE,BEKERJA SEPENUH MASA,KLINIK PERGIGIAN CHONG,"PROFESSIONAL, SCIENTIFIC, AND TECHNICAL ACTIVITIES",KUALA LUMPUR,362,BACELOR EKSEKUTIF PENGURUSAN PERNIAGAAN,1850.00,ONLINE,5026,BACELOR,30-39,31.0
2023,WBPN21424,27,CINA,MALE,BEKERJA SEPENUH MASA,ALLIANCE BANK MALAYSIA BERHAD,"PROFESSIONAL, SCIENTIFIC, AND TECHNICAL ACTIVITIES",PAHANG,362,BACELOR EKSEKUTIF PENGURUSAN PERNIAGAAN,3000.00,ONLINE,5269,BACELOR,<29,27.0
2023,WBPN21425,31,MELAYU,MALE,BEKERJA SEPENUH MASA,MAHKOTA TECHNOLOGIES SDN BHD,"PROFESSIONAL, SCIENTIFIC, AND TECHNICAL ACTIVITIES",JOHOR,362,BACELOR EKSEKUTIF PENGURUSAN PERNIAGAAN,8500.00,ONLINE,5323,BACELOR,30-39,31.0
2023,WBPN21430,40,BUGIS,MALE,BEKERJA SEPENUH MASA,GOLDEN BORNEO PALM SDN BHD,"PROFESSIONAL, SCIENTIFIC, AND TECHNICAL ACTIVITIES",SABAH,362,BACELOR EKSEKUTIF PENGURUSAN PERNIAGAAN,2800.00,ONLINE,4711,BACELOR,40-49,40.0
2023,WBPN21435,38,INDIA,MALE,BEKERJA SEPENUH MASA,KHK PLANTATION,"PROFESSIONAL, SCIENTIFIC, AND TECHNICAL ACTIVITIES",PERAK,362,BACELOR EKSEKUTIF PENGURUSAN PERNIAGAAN,4500.00,ONLINE,4230,BACELOR,30-39,38.0
2023,WBPN21437,48,CINA,FEMALE,BEKERJA SEPENUH MASA,DYNACIATE ENGINEERING SDN BHD,"PROFESSIONAL, SCIENTIFIC, AND TECHNICAL ACTIVITIES",PAHANG,362,BACELOR EKSEKUTIF PENGURUSAN PERNIAGAAN,14500.00,ONLINE,4606,BACELOR,40-49,48.0
2023,WBPN21439,41,BAJAU - SABAH,MALE,BEKERJA SEPENUH MASA,SAWIT KINABALU SDN BHD,"PROFESSIONAL, SCIENTIFIC, AND TECHNICAL ACTIVITIES",SABAH,362,BACELOR EKSEKUTIF PENGURUSAN PERNIAGAAN,2500.00,ONLINE,5981,BACELOR,40-49,41.0
2023,WBPN21454,27,CINA,FEMALE,BEKERJA SEPENUH MASA,LOGAM FIMA JAYA SDN BHD,"PROFESSIONAL, SCIENTIFIC, AND TECHNICAL ACTIVITIES",NEGERI SEMBILAN,362,BACELOR EKSEKUTIF PENGURUSAN PERNIAGAAN,3000.00,ONLINE,5099,BACELOR,<29,27.0
2023,WBPN21460,26,INDIA,MALE,BEKERJA SEPENUH MASA,JENTAYU ANGGUN SDN BHD,"PROFESSIONAL, SCIENTIFIC, AND TECHNICAL ACTIVITIES",JOHOR,362,BACELOR EKSEKUTIF PENGURUSAN PERNIAGAAN,3500.00,ONLINE,4964,BACELOR,<29,26.0
2023,WBPN21471,30,BIDAYUH/LAND DAYAK - SARAWAK,MALE,BEKERJA SEPENUH MASA,MAJLIS PERBANDARAN PADAWAN,"PROFESSIONAL, SCIENTIFIC, AND TECHNICAL ACTIVITIES",SARAWAK,362,BACELOR EKSEKUTIF PENGURUSAN PERNIAGAAN,2836.00,ONLINE,5772,BACELOR,30-39,30.0
2023,WBPN22110,48,MELAYU,MALE,BEKERJA SEPENUH MASA,HATTEN HOTEL MELAKA SDN BHD,"PROFESSIONAL, SCIENTIFIC, AND TECHNICAL ACTIVITIES",SELANGOR,362,BACELOR EKSEKUTIF PENGURUSAN PERNIAGAAN,12000.00,ONLINE,4957,BACELOR,40-49,48.0
2023,WBPN221109,39,INDONESIA,FEMALE,BEKERJA SEPENUH MASA,KOPERASI LKPP PAHANG BERHAD,"PROFESSIONAL, SCIENTIFIC, AND TECHNICAL ACTIVITIES",PAHANG,362,BACELOR EKSEKUTIF PENGURUSAN PERNIAGAAN,2500.00,ONLINE,5191,BACELOR,30-39,39.0
2023,WBPN221110,39,MELAYU,FEMALE,BEKERJA SEPENUH MASA,BOSTON SCIENTIFIC MEDICAL DEVICE MALAYSIA,"PROFESSIONAL, SCIENTIFIC, AND TECHNICAL ACTIVITIES",PERLIS,362,BACELOR EKSEKUTIF PENGURUSAN PERNIAGAAN,3000.00,ONLINE,4982,BACELOR,30-39,39.0
2023,WBPN221131,40,MELAYU,FEMALE,BEKERJA SEPENUH MASA,BOSTON SCIENTIFIC BATU KAWAN PENANG,"PROFESSIONAL, SCIENTIFIC, AND TECHNICAL ACTIVITIES",PAHANG,362,BACELOR EKSEKUTIF PENGURUSAN PERNIAGAAN,2000.00,ONLINE,5525,BACELOR,40-49,40.0
2023,WBPN221132,41,MELAYU,FEMALE,BEKERJA SEPENUH MASA,INTEL MICROELECTRONICS,"PROFESSIONAL, SCIENTIFIC, AND TECHNICAL ACTIVITIES",PULAU PINANG,362,BACELOR EKSEKUTIF PENGURUSAN PERNIAGAAN,3500.00,ONLINE,5622,BACELOR,40-49,41.0
2023,WBPN22122,32,INDIA,MALE,BEKERJA SEPENUH MASA,HP MALAYSIA MANUFACTURING SDN BHD,"PROFESSIONAL, SCIENTIFIC, AND TECHNICAL ACTIVITIES",PERAK,362,BACELOR EKSEKUTIF PENGURUSAN PERNIAGAAN,2341.00,ONLINE,5103,BACELOR,30-39,32.0
2023,WBPN22149,36,INDIA,FEMALE,BEKERJA SEPENUH MASA,TIME DOT COM SDN BHD,"PROFESSIONAL, SCIENTIFIC, AND TECHNICAL ACTIVITIES",SELANGOR,362,BACELOR EKSEKUTIF PENGURUSAN PERNIAGAAN,4000.00,ONLINE,4336,BACELOR,30-39,36.0
2023,WBPN22159,42,IBAN/SEA DAYAK -SARAWAK,MALE,BEKERJA SEPENUH MASA,SAIPEM QATAR,"PROFESSIONAL, SCIENTIFIC, AND TECHNICAL ACTIVITIES",SARAWAK,362,BACELOR EKSEKUTIF PENGURUSAN PERNIAGAAN,5500.00,ONLINE,4763,BACELOR,40-49,42.0
2023,WBPN22171,50,CINA,FEMALE,BEKERJA SEPENUH MASA,AIA INSURANCE,"PROFESSIONAL, SCIENTIFIC, AND TECHNICAL ACTIVITIES",PULAU PINANG,362,BACELOR EKSEKUTIF PENGURUSAN PERNIAGAAN,3000.00,ONLINE,5534,BACELOR,50-59,50.0
2023,WBPN22189,28,MELAYU,FEMALE,BEKERJA SEPENUH MASA,ROBERT BOSCH SEMICONDUCTOR (M) SDN BHD,"PROFESSIONAL, SCIENTIFIC, AND TECHNICAL ACTIVITIES",PULAU PINANG,362,BACELOR EKSEKUTIF PENGURUSAN PERNIAGAAN,2700.00,ONLINE,4057,BACELOR,<29,28.0
2023,WBPN22194,42,MELAYU,FEMALE,BEKERJA SEPENUH MASA,JOBSTREET.COM SHARED SERVICE SDN BHD,"PROFESSIONAL, SCIENTIFIC, AND TECHNICAL ACTIVITIES",SELANGOR,362,BACELOR EKSEKUTIF PENGURUSAN PERNIAGAAN,8500.00,ONLINE,5966,BACELOR,40-49,42.0
2023,WBPN22218,37,MELAYU,FEMALE,BEKERJA SEPENUH MASA,MALAYSIA AIRPORT HOLDING BERHAD (MAHB),"PROFESSIONAL, SCIENTIFIC, AND TECHNICAL ACTIVITIES",SELANGOR,362,BACELOR EKSEKUTIF PENGURUSAN PERNIAGAAN,2500.00,ONLINE,5909,BACELOR,30-39,37.0
2023,WBPN22219,44,MELAYU,MALE,BEKERJA SEPENUH MASA,SAMTEC ASIA PACIFIC MALAYSIA SDN BHD,"PROFESSIONAL, SCIENTIFIC, AND TECHNICAL ACTIVITIES",NEGERI SEMBILAN,362,BACELOR EKSEKUTIF PENGURUSAN PERNIAGAAN,12000.00,ONLINE,5444,BACELOR,40-49,44.0
2023,WDPB18401,37,MELAYU,FEMALE,BEKERJA SEPARA MASA,DUTA TIMUR ENTERPRISE,"PROFESSIONAL, SCIENTIFIC, AND TECHNICAL ACTIVITIES",PAHANG,382,DIPLOMA PROFESIONAL PENGURUSAN PERNIAGAAN & KEUSAHAWANAN,2500.00,ONLINE,2464,DIPLOMA,30-39,37.0
2023,WDPB20303,36,MELAYU,FEMALE,BEKERJA SEPENUH MASA,HOSPITAL KPJ SEREMBAN,"PROFESSIONAL, SCIENTIFIC, AND TECHNICAL ACTIVITIES",NEGERI SEMBILAN,382,DIPLOMA PROFESIONAL PENGURUSAN PERNIAGAAN & KEUSAHAWANAN,2500.00,ONLINE,2154,DIPLOMA,30-39,36.0
2023,WDPB20306,38,INDIA,MALE,BEKERJA SEPENUH MASA,PHILIP MORRIS (M) SDN.BHD,"PROFESSIONAL, SCIENTIFIC, AND TECHNICAL ACTIVITIES",NEGERI SEMBILAN,382,DIPLOMA PROFESIONAL PENGURUSAN PERNIAGAAN & KEUSAHAWANAN,2500.00,ONLINE,2478,DIPLOMA,30-39,38.0
2023,WDPB21303,39,INDIA,MALE,BEKERJA SEPENUH MASA,MFEXBYEUROCLEAR MALAYSIA,"PROFESSIONAL, SCIENTIFIC, AND TECHNICAL ACTIVITIES",SELANGOR,382,DIPLOMA PROFESIONAL PENGURUSAN PERNIAGAAN & KEUSAHAWANAN,10000.00,ONLINE,3098,DIPLOMA,30-39,39.0
2023,WDPB21307,40,MELAYU,MALE,BEKERJA/USAHAWAN/FREELANCE,BORONG WANN,"PROFESSIONAL, SCIENTIFIC, AND TECHNICAL ACTIVITIES",PERLIS,382,DIPLOMA PROFESIONAL PENGURUSAN PERNIAGAAN & KEUSAHAWANAN,3500.00,ONLINE,3699,DIPLOMA,40-49,40.0
2023,WDPB21308,30,INDIA,FEMALE,BEKERJA SEPENUH MASA,ILLUMINA,"PROFESSIONAL, SCIENTIFIC, AND TECHNICAL ACTIVITIES",JOHOR,382,DIPLOMA PROFESIONAL PENGURUSAN PERNIAGAAN & KEUSAHAWANAN,1200.00,ONLINE,3907,DIPLOMA,30-39,30.0
2023,WDPB21311,47,INDIA,MALE,BEKERJA SEPENUH MASA,INTERSOFTKK M SDN BHD,"PROFESSIONAL, SCIENTIFIC, AND TECHNICAL ACTIVITIES",SELANGOR,382,DIPLOMA PROFESIONAL PENGURUSAN PERNIAGAAN & KEUSAHAWANAN,5000.00,ONLINE,3341,DIPLOMA,40-49,47.0
2023,WDPB21312,55,CINA,FEMALE,BEKERJA SEPENUH MASA,JBC HAIR ZONE SDN BHD,"PROFESSIONAL, SCIENTIFIC, AND TECHNICAL ACTIVITIES",JOHOR,382,DIPLOMA PROFESIONAL PENGURUSAN PERNIAGAAN & KEUSAHAWANAN,4000.00,ONLINE,2990,DIPLOMA,50-59,55.0
2023,WDPB21317,67,MELAYU,MALE,BEKERJA SEPENUH MASA,SRI TERBAIK AGRO,"PROFESSIONAL, SCIENTIFIC, AND TECHNICAL ACTIVITIES",PAHANG,382,DIPLOMA PROFESIONAL PENGURUSAN PERNIAGAAN & KEUSAHAWANAN,10000.00,ONLINE,2322,DIPLOMA,60+,67.0
2023,WDPB21318,29,INDIA,MALE,BEKERJA SEPENUH MASA,NAGAVETTRA SDN BHD,"PROFESSIONAL, SCIENTIFIC, AND TECHNICAL ACTIVITIES",JOHOR,382,DIPLOMA PROFESIONAL PENGURUSAN PERNIAGAAN & KEUSAHAWANAN,2200.00,ONLINE,2386,DIPLOMA,<29,29.0
2023,WDPB21319,50,MELAYU,FEMALE,BEKERJA SEPENUH MASA,HSBC BANK MALAYSIA BERHAD,"PROFESSIONAL, SCIENTIFIC, AND TECHNICAL ACTIVITIES",KUALA LUMPUR,382,DIPLOMA PROFESIONAL PENGURUSAN PERNIAGAAN & KEUSAHAWANAN,9000.00,ONLINE,2506,DIPLOMA,50-59,50.0
2023,WDPB21321,30,INDIA,FEMALE,BEKERJA SEPENUH MASA,VIJI SHALINI ENTERPRISE,"PROFESSIONAL, SCIENTIFIC, AND TECHNICAL ACTIVITIES",SELANGOR,382,DIPLOMA PROFESIONAL PENGURUSAN PERNIAGAAN & KEUSAHAWANAN,4000.00,ONLINE,3725,DIPLOMA,30-39,30.0
2023,WDPB21322,27,INDIA,FEMALE,BEKERJA SEPENUH MASA,SPEAKRIGHT CONSULTANCY SDN.BHD.,"PROFESSIONAL, SCIENTIFIC, AND TECHNICAL ACTIVITIES",PULAU PINANG,382,DIPLOMA PROFESIONAL PENGURUSAN PERNIAGAAN & KEUSAHAWANAN,2400.00,ONLINE,3898,DIPLOMA,<29,27.0
2023,WDPB21325,25,BUGIS,FEMALE,BEKERJA SEPENUH MASA,SAWIT KINABALU (SABAH) SDN BHD,"PROFESSIONAL, SCIENTIFIC, AND TECHNICAL ACTIVITIES",SABAH,382,DIPLOMA PROFESIONAL PENGURUSAN PERNIAGAAN & KEUSAHAWANAN,2100.00,ONLINE,3063,DIPLOMA,<29,25.0
2023,WDPB21335,38,MELAYU,FEMALE,BEKERJA SEPENUH MASA,HILTON KOTA KINABALU,"PROFESSIONAL, SCIENTIFIC, AND TECHNICAL ACTIVITIES",SABAH,382,DIPLOMA PROFESIONAL PENGURUSAN PERNIAGAAN & KEUSAHAWANAN,3000.00,ONLINE,2905,DIPLOMA,30-39,38.0
2023,WDPB21336,30,CINA,FEMALE,BEKERJA SEPENUH MASA,DF LINK SDN BHD,"PROFESSIONAL, SCIENTIFIC, AND TECHNICAL ACTIVITIES",SELANGOR,382,DIPLOMA PROFESIONAL PENGURUSAN PERNIAGAAN & KEUSAHAWANAN,8000.00,ONLINE,2647,DIPLOMA,30-39,30.0
2023,WDPB21402,47,MELAYU,FEMALE,BEKERJA SEPENUH MASA,MESSRS ISAACS & ISAACS,"PROFESSIONAL, SCIENTIFIC, AND TECHNICAL ACTIVITIES",TERENGGANU,382,DIPLOMA PROFESIONAL PENGURUSAN PERNIAGAAN & KEUSAHAWANAN,4200.00,ONLINE,2257,DIPLOMA,40-49,47.0
2023,WDPB21403,33,MELAYU,FEMALE,BEKERJA SEPENUH MASA,PANASONIC MALAYSIA SDN BHD,"PROFESSIONAL, SCIENTIFIC, AND TECHNICAL ACTIVITIES",PAHANG,382,DIPLOMA PROFESIONAL PENGURUSAN PERNIAGAAN & KEUSAHAWANAN,3100.00,ONLINE,2502,DIPLOMA,30-39,33.0
2023,WDPB21404,45,CANTONESE,FEMALE,BEKERJA SEPENUH MASA,RADIANT ENGINEERING & TRADING SDN BHD,"PROFESSIONAL, SCIENTIFIC, AND TECHNICAL ACTIVITIES",JOHOR,382,DIPLOMA PROFESIONAL PENGURUSAN PERNIAGAAN & KEUSAHAWANAN,4000.00,ONLINE,2463,DIPLOMA,40-49,45.0
2023,WDPB21409,40,INDIA,FEMALE,BEKERJA SEPENUH MASA,JOHNSON & JOHNSON SDN BHD,"PROFESSIONAL, SCIENTIFIC, AND TECHNICAL ACTIVITIES",SELANGOR,382,DIPLOMA PROFESIONAL PENGURUSAN PERNIAGAAN & KEUSAHAWANAN,3000.00,ONLINE,2378,DIPLOMA,40-49,40.0
2023,WDPB21412,25,CINA,FEMALE,BEKERJA SEPENUH MASA,ABSOLUTE MARKETING COMMUNICATIONS SDN. BHD.,"PROFESSIONAL, SCIENTIFIC, AND TECHNICAL ACTIVITIES",JOHOR,382,DIPLOMA PROFESIONAL PENGURUSAN PERNIAGAAN & KEUSAHAWANAN,2200.00,ONLINE,2443,DIPLOMA,<29,25.0
2023,WDPB21413,34,IBAN/SEA DAYAK -SARAWAK,MALE,BEKERJA SEPENUH MASA,KPJ KUCHING SPECIALIST HOSPITAL,"PROFESSIONAL, SCIENTIFIC, AND TECHNICAL ACTIVITIES",SARAWAK,382,DIPLOMA PROFESIONAL PENGURUSAN PERNIAGAAN & KEUSAHAWANAN,2800.00,ONLINE,2581,DIPLOMA,30-39,34.0
2023,WDPB21418,32,MELAYU,MALE,BEKERJA/USAHAWAN/FREELANCE,ZAMAROZA EMPIRE,"PROFESSIONAL, SCIENTIFIC, AND TECHNICAL ACTIVITIES",PAHANG,382,DIPLOMA PROFESIONAL PENGURUSAN PERNIAGAAN & KEUSAHAWANAN,1199.00,ONLINE,2720,DIPLOMA,30-39,32.0
2023,WDPB21425,38,CINA,MALE,BEKERJA SEPENUH MASA,MAXIS BROADBAND SDN BHD,"PROFESSIONAL, SCIENTIFIC, AND TECHNICAL ACTIVITIES",KEDAH,382,DIPLOMA PROFESIONAL PENGURUSAN PERNIAGAAN & KEUSAHAWANAN,6000.00,ONLINE,3403,DIPLOMA,30-39,38.0
2023,WDPB21426,31,CANTONESE,MALE,BEKERJA/USAHAWAN/FREELANCE,SEPAKAT JAYA SYSTEM SDN BHD,"PROFESSIONAL, SCIENTIFIC, AND TECHNICAL ACTIVITIES",KELANTAN,382,DIPLOMA PROFESIONAL PENGURUSAN PERNIAGAAN & KEUSAHAWANAN,3000.00,ONLINE,2898,DIPLOMA,30-39,31.0
2023,WDPB21428,25,MURUT-SABAH,FEMALE,BEKERJA SEPENUH MASA,GROUND TEAM RED (GTR),"PROFESSIONAL, SCIENTIFIC, AND TECHNICAL ACTIVITIES",SABAH,382,DIPLOMA PROFESIONAL PENGURUSAN PERNIAGAAN & KEUSAHAWANAN,1900.00,ONLINE,2457,DIPLOMA,<29,25.0
2023,WDPB21430,34,CINA,FEMALE,BEKERJA SEPENUH MASA,SKY LIFT SERVICES,"PROFESSIONAL, SCIENTIFIC, AND TECHNICAL ACTIVITIES",SARAWAK,382,DIPLOMA PROFESIONAL PENGURUSAN PERNIAGAAN & KEUSAHAWANAN,1800.00,ONLINE,2526,DIPLOMA,30-39,34.0
2023,WDPB21433,29,INDIA,FEMALE,BEKERJA SEPENUH MASA,SKI ED SDN.BHD,"PROFESSIONAL, SCIENTIFIC, AND TECHNICAL ACTIVITIES",SELANGOR,382,DIPLOMA PROFESIONAL PENGURUSAN PERNIAGAAN & KEUSAHAWANAN,1500.00,ONLINE,2964,DIPLOMA,<29,29.0
2023,WDPB21437,28,MELAYU,FEMALE,BEKERJA SEPENUH MASA,SEAGATE INTERNATIONAL JOHOR,"PROFESSIONAL, SCIENTIFIC, AND TECHNICAL ACTIVITIES",JOHOR,382,DIPLOMA PROFESIONAL PENGURUSAN PERNIAGAAN & KEUSAHAWANAN,2000.00,ONLINE,2733,DIPLOMA,<29,28.0
2023,WDPB22105,60,CINA,FEMALE,BEKERJA SEPENUH MASA,PUBLIC MUTUAL BERHAD,"PROFESSIONAL, SCIENTIFIC, AND TECHNICAL ACTIVITIES",SABAH,382,DIPLOMA PROFESIONAL PENGURUSAN PERNIAGAAN & KEUSAHAWANAN,5000.00,ONLINE,3055,DIPLOMA,60+,60.0
2023,WDPB22107,29,INDIA,FEMALE,BEKERJA SEPENUH MASA,ECO MEDI GLOVE SDN BHD,"PROFESSIONAL, SCIENTIFIC, AND TECHNICAL ACTIVITIES",PERAK,382,DIPLOMA PROFESIONAL PENGURUSAN PERNIAGAAN & KEUSAHAWANAN,1655.00,ONLINE,2318,DIPLOMA,<29,29.0
2023,WDPB22109,36,CANTONESE,FEMALE,BEKERJA SEPENUH MASA,KHOON HOCK KNITTING SDN BHD,"PROFESSIONAL, SCIENTIFIC, AND TECHNICAL ACTIVITIES",PULAU PINANG,382,DIPLOMA PROFESIONAL PENGURUSAN PERNIAGAAN & KEUSAHAWANAN,1700.00,ONLINE,2184,DIPLOMA,30-39,36.0
2023,WDPB22113,40,MELAYU,MALE,BEKERJA/USAHAWAN/FREELANCE,GREEN FOLIAR AGROTECH SDN BHD,"PROFESSIONAL, SCIENTIFIC, AND TECHNICAL ACTIVITIES",TERENGGANU,382,DIPLOMA PROFESIONAL PENGURUSAN PERNIAGAAN & KEUSAHAWANAN,20000.00,ONLINE,3968,DIPLOMA,40-49,40.0
2023,WDPB22119,43,INDIA,FEMALE,BEKERJA SEPENUH MASA,PAC LEASE BERHAD,"PROFESSIONAL, SCIENTIFIC, AND TECHNICAL ACTIVITIES",PAHANG,382,DIPLOMA PROFESIONAL PENGURUSAN PERNIAGAAN & KEUSAHAWANAN,4600.00,ONLINE,2730,DIPLOMA,40-49,43.0
2023,WDPB22120,25,IBAN/SEA DAYAK -SARAWAK,FEMALE,BEKERJA SEPENUH MASA,QUESTATE SDN BHD,"PROFESSIONAL, SCIENTIFIC, AND TECHNICAL ACTIVITIES",SARAWAK,382,DIPLOMA PROFESIONAL PENGURUSAN PERNIAGAAN & KEUSAHAWANAN,1500.00,ONLINE,2856,DIPLOMA,<29,25.0
2023,WDPB22129,32,CINA,MALE,BEKERJA/USAHAWAN/FREELANCE,DOO GROUP SDN BHD,"PROFESSIONAL, SCIENTIFIC, AND TECHNICAL ACTIVITIES",KUALA LUMPUR,382,DIPLOMA PROFESIONAL PENGURUSAN PERNIAGAAN & KEUSAHAWANAN,3500.00,ONLINE,2205,DIPLOMA,30-39,32.0
2023,WDPB22208,51,INDIA,MALE,BEKERJA SEPENUH MASA,SHANGRI-LA RASA SAYANG HOTEL AND SHANGRI-LA GOLDEN SANDS HOTEL,"PROFESSIONAL, SCIENTIFIC, AND TECHNICAL ACTIVITIES",PULAU PINANG,382,DIPLOMA PROFESIONAL PENGURUSAN PERNIAGAAN & KEUSAHAWANAN,5500.00,ONLINE,2314,DIPLOMA,50-59,51.0
2023,WDPB22214,24,MELAYU,MALE,BEKERJA SEPENUH MASA,7ELEVEN MALAYSIA SDN BHD,"PROFESSIONAL, SCIENTIFIC, AND TECHNICAL ACTIVITIES",SELANGOR,382,DIPLOMA PROFESIONAL PENGURUSAN PERNIAGAAN & KEUSAHAWANAN,1820.00,ONLINE,3832,DIPLOMA,<29,24.0
2023,WDPB22216,28,KADAZAN-SABAH,MALE,BEKERJA SEPENUH MASA,JOYGLOB SDN BHD,"PROFESSIONAL, SCIENTIFIC, AND TECHNICAL ACTIVITIES",KUALA LUMPUR,382,DIPLOMA PROFESIONAL PENGURUSAN PERNIAGAAN & KEUSAHAWANAN,4000.00,ONLINE,3526,DIPLOMA,<29,28.0
2023,WDPB22222,43,MELAYU,FEMALE,BEKERJA SEPENUH MASA,SULTAN AHMAD SHAH MEDICAL CENTRE@IIUM,"PROFESSIONAL, SCIENTIFIC, AND TECHNICAL ACTIVITIES",PAHANG,382,DIPLOMA PROFESIONAL PENGURUSAN PERNIAGAAN & KEUSAHAWANAN,2700.00,ONLINE,2161,DIPLOMA,40-49,43.0
2023,WDPB22223,32,INDIA,FEMALE,BEKERJA SEPENUH MASA,KAIFA (M) SDN BHD,"PROFESSIONAL, SCIENTIFIC, AND TECHNICAL ACTIVITIES",PULAU PINANG,382,DIPLOMA PROFESIONAL PENGURUSAN PERNIAGAAN & KEUSAHAWANAN,2950.00,ONLINE,2773,DIPLOMA,30-39,32.0
2023,WDPB22224,32,INDIA,FEMALE,BEKERJA SEPENUH MASA,NS MEDIK SDN.BHD.,"PROFESSIONAL, SCIENTIFIC, AND TECHNICAL ACTIVITIES",PULAU PINANG,382,DIPLOMA PROFESIONAL PENGURUSAN PERNIAGAAN & KEUSAHAWANAN,1700.00,ONLINE,2235,DIPLOMA,30-39,32.0
2023,WDPB22301,40,INDIA,FEMALE,BEKERJA SEPENUH MASA,ALTAIRAA GLOBAL SDN BHD,"PROFESSIONAL, SCIENTIFIC, AND TECHNICAL ACTIVITIES",PULAU PINANG,382,DIPLOMA PROFESIONAL PENGURUSAN PERNIAGAAN & KEUSAHAWANAN,2200.00,ONLINE,3073,DIPLOMA,40-49,40.0
2023,WDPB22303,36,MELAYU,MALE,BEKERJA SEPENUH MASA,FGV AGRI SERVICES SDN BHD,"PROFESSIONAL, SCIENTIFIC, AND TECHNICAL ACTIVITIES",KUALA LUMPUR,382,DIPLOMA PROFESIONAL PENGURUSAN PERNIAGAAN & KEUSAHAWANAN,2570.00,ONLINE,2751,DIPLOMA,30-39,36.0
2023,WDPK20407,31,MELAYU,MALE,BEKERJA SEPENUH MASA,UPC CHEMICALS (M) SDN BHD,"PROFESSIONAL, SCIENTIFIC, AND TECHNICAL ACTIVITIES",TERENGGANU,344,DIPLOMA PROFESIONAL PENGURUSAN OPERASI INDUSTRI,4700.00,ONLINE,2008,DIPLOMA,30-39,31.0
2023,WDPK21203,34,MELAYU,MALE,BEKERJA SEPENUH MASA,ULTRA CLEAN TECHNOLOGY MALAYSIA SDN BHD,"PROFESSIONAL, SCIENTIFIC, AND TECHNICAL ACTIVITIES",KEDAH,344,DIPLOMA PROFESIONAL PENGURUSAN OPERASI INDUSTRI,2366.00,ONLINE,3080,DIPLOMA,30-39,34.0
2023,WDPK21301,27,INDIA,FEMALE,BEKERJA SEPENUH MASA,ON SEMICONDUCTOR,"PROFESSIONAL, SCIENTIFIC, AND TECHNICAL ACTIVITIES",NEGERI SEMBILAN,344,DIPLOMA PROFESIONAL PENGURUSAN OPERASI INDUSTRI,2000.00,ONLINE,3474,DIPLOMA,<29,27.0
2023,WDPK21305,26,INDIA,MALE,BEKERJA SEPENUH MASA,MARINA WELL HOTEL,"PROFESSIONAL, SCIENTIFIC, AND TECHNICAL ACTIVITIES",JOHOR,344,DIPLOMA PROFESIONAL PENGURUSAN OPERASI INDUSTRI,1500.00,ONLINE,3329,DIPLOMA,<29,26.0
2023,WDPK21306,27,INDIA,MALE,BEKERJA SEPENUH MASA,PALM RESORT BERHAD,"PROFESSIONAL, SCIENTIFIC, AND TECHNICAL ACTIVITIES",JOHOR,344,DIPLOMA PROFESIONAL PENGURUSAN OPERASI INDUSTRI,1500.00,ONLINE,3862,DIPLOMA,<29,27.0
2023,WDPK21310,30,INDIA,FEMALE,BEKERJA SEPENUH MASA,HID GLOBAL MALAYSIA,"PROFESSIONAL, SCIENTIFIC, AND TECHNICAL ACTIVITIES",JOHOR,344,DIPLOMA PROFESIONAL PENGURUSAN OPERASI INDUSTRI,1700.00,ONLINE,3246,DIPLOMA,30-39,30.0
2023,WDPK21316,28,INDIA,MALE,BEKERJA SEPENUH MASA,POLIS DIRAJA MALAYSIA,"PROFESSIONAL, SCIENTIFIC, AND TECHNICAL ACTIVITIES",PAHANG,344,DIPLOMA PROFESIONAL PENGURUSAN OPERASI INDUSTRI,1541.00,ONLINE,3401,DIPLOMA,<29,28.0
2023,WDPK21319,26,KADAZAN-SABAH,MALE,BELUM/TIDAK BEKERJA,NOT SPECIFIED,"PROFESSIONAL, SCIENTIFIC, AND TECHNICAL ACTIVITIES",SABAH,344,DIPLOMA PROFESIONAL PENGURUSAN OPERASI INDUSTRI,0.00,ONLINE,3725,DIPLOMA,<29,26.0
2023,WDPK21320,43,INDIA,MALE,BEKERJA SEPENUH MASA,APPRAISAL PROPERTY MANAGEMENT,"PROFESSIONAL, SCIENTIFIC, AND TECHNICAL ACTIVITIES",KEDAH,344,DIPLOMA PROFESIONAL PENGURUSAN OPERASI INDUSTRI,4800.00,ONLINE,3759,DIPLOMA,40-49,43.0
2023,WDPK21321,37,INDIA,MALE,BEKERJA SEPENUH MASA,BERMAZ MOTOR TRADING SDN BHD,"PROFESSIONAL, SCIENTIFIC, AND TECHNICAL ACTIVITIES",SELANGOR,344,DIPLOMA PROFESIONAL PENGURUSAN OPERASI INDUSTRI,3300.00,ONLINE,3354,DIPLOMA,30-39,37.0
2023,WDPK21322,41,MELAYU,FEMALE,BEKERJA SEPENUH MASA,COWAY MALAYSIA SDN. BHD.,"PROFESSIONAL, SCIENTIFIC, AND TECHNICAL ACTIVITIES",JOHOR,344,DIPLOMA PROFESIONAL PENGURUSAN OPERASI INDUSTRI,8000.00,ONLINE,3488,DIPLOMA,40-49,41.0
2023,WDPK21323,25,MELAYU,MALE,BEKERJA SEPENUH MASA,ABBOTT MEDICAL DEVICE DIVISION,"PROFESSIONAL, SCIENTIFIC, AND TECHNICAL ACTIVITIES",PULAU PINANG,344,DIPLOMA PROFESIONAL PENGURUSAN OPERASI INDUSTRI,1500.00,ONLINE,2753,DIPLOMA,<29,25.0
2023,WDPK21402,43,MELAYU,MALE,BEKERJA SEPENUH MASA,PLUS MALAYSIA BERHAD,"PROFESSIONAL, SCIENTIFIC, AND TECHNICAL ACTIVITIES",KUALA LUMPUR,344,DIPLOMA PROFESIONAL PENGURUSAN OPERASI INDUSTRI,4100.00,ONLINE,2254,DIPLOMA,40-49,43.0
2023,WDPK21406,35,MELAYU,FEMALE,BEKERJA SEPENUH MASA,PETRONAS CARIGALI SDN BHD,"PROFESSIONAL, SCIENTIFIC, AND TECHNICAL ACTIVITIES",KUALA LUMPUR,344,DIPLOMA PROFESIONAL PENGURUSAN OPERASI INDUSTRI,6500.00,ONLINE,3122,DIPLOMA,30-39,35.0
2023,WDPK21407,24,INDIA,MALE,BEKERJA SEPENUH MASA,TEAM PRINTERS SDN.BHD,"PROFESSIONAL, SCIENTIFIC, AND TECHNICAL ACTIVITIES",PULAU PINANG,344,DIPLOMA PROFESIONAL PENGURUSAN OPERASI INDUSTRI,1550.00,ONLINE,2511,DIPLOMA,<29,24.0
2023,WDPK21411,31,INDIA,MALE,BEKERJA SEPENUH MASA,NEW E PTE .LTD,"PROFESSIONAL, SCIENTIFIC, AND TECHNICAL ACTIVITIES",NEGERI SEMBILAN,344,DIPLOMA PROFESIONAL PENGURUSAN OPERASI INDUSTRI,3000.00,ONLINE,2882,DIPLOMA,30-39,31.0
2023,WDPK21413,42,MELAYU,FEMALE,BEKERJA SEPENUH MASA,EDWARDS LIFESCIENCES SINGAPORE PTE LTD,"PROFESSIONAL, SCIENTIFIC, AND TECHNICAL ACTIVITIES",JOHOR,344,DIPLOMA PROFESIONAL PENGURUSAN OPERASI INDUSTRI,6400.00,ONLINE,3202,DIPLOMA,40-49,42.0
2023,WDPK21415,49,INDIA,FEMALE,BEKERJA SEPENUH MASA,IRIICHI(M) SDN BHD,"PROFESSIONAL, SCIENTIFIC, AND TECHNICAL ACTIVITIES",PULAU PINANG,344,DIPLOMA PROFESIONAL PENGURUSAN OPERASI INDUSTRI,1560.00,ONLINE,2269,DIPLOMA,40-49,49.0
2023,WDPK21416,30,INDIA,MALE,BEKERJA SEPENUH MASA,CARSEM SEMICONDUCTOR,"PROFESSIONAL, SCIENTIFIC, AND TECHNICAL ACTIVITIES",PERAK,344,DIPLOMA PROFESIONAL PENGURUSAN OPERASI INDUSTRI,1600.00,ONLINE,2168,DIPLOMA,30-39,30.0
2023,WDPK21418,56,IBAN/SEA DAYAK -SARAWAK,MALE,BEKERJA SEPENUH MASA,KUMUS SDN BHD,"PROFESSIONAL, SCIENTIFIC, AND TECHNICAL ACTIVITIES",SARAWAK,344,DIPLOMA PROFESIONAL PENGURUSAN OPERASI INDUSTRI,7000.00,ONLINE,3981,DIPLOMA,50-59,56.0
2023,WDPK21419,45,MELAYU,MALE,BEKERJA SEPENUH MASA,REGAS TERMINAL (SG UDANG) SDN BHD,"PROFESSIONAL, SCIENTIFIC, AND TECHNICAL ACTIVITIES",JOHOR,344,DIPLOMA PROFESIONAL PENGURUSAN OPERASI INDUSTRI,9000.00,ONLINE,2224,DIPLOMA,40-49,45.0
2023,WDPK21420,31,MELAYU,MALE,BEKERJA SEPENUH MASA,HICOM AUTOMOTIVE SDN BHD,"PROFESSIONAL, SCIENTIFIC, AND TECHNICAL ACTIVITIES",PAHANG,344,DIPLOMA PROFESIONAL PENGURUSAN OPERASI INDUSTRI,1691.00,ONLINE,3882,DIPLOMA,30-39,31.0
2023,WDPK22102,28,INDIA,FEMALE,BEKERJA SEPENUH MASA,TEXAS INSTRUMENTS MELAKA,"PROFESSIONAL, SCIENTIFIC, AND TECHNICAL ACTIVITIES",JOHOR,344,DIPLOMA PROFESIONAL PENGURUSAN OPERASI INDUSTRI,1650.00,ONLINE,2834,DIPLOMA,<29,28.0
2023,WDPK22103,30,MELAYU,FEMALE,BEKERJA SEPENUH MASA,PLANETIUM SDN. BHD.,"PROFESSIONAL, SCIENTIFIC, AND TECHNICAL ACTIVITIES",JOHOR,344,DIPLOMA PROFESIONAL PENGURUSAN OPERASI INDUSTRI,1600.00,ONLINE,2743,DIPLOMA,30-39,30.0
2023,WDPK22104,29,MELAYU,MALE,BEKERJA SEPENUH MASA,MATTEL MALAYSIA SDN BHD,"PROFESSIONAL, SCIENTIFIC, AND TECHNICAL ACTIVITIES",KEDAH,344,DIPLOMA PROFESIONAL PENGURUSAN OPERASI INDUSTRI,1958.00,ONLINE,3627,DIPLOMA,<29,29.0
2023,WDPK22105,26,MELAYU,FEMALE,BEKERJA SEPENUH MASA,GCEM (M) SDN. BHD.,"PROFESSIONAL, SCIENTIFIC, AND TECHNICAL ACTIVITIES",PERAK,344,DIPLOMA PROFESIONAL PENGURUSAN OPERASI INDUSTRI,1500.00,ONLINE,3786,DIPLOMA,<29,26.0
2023,WDPK22106,38,MELAYU,MALE,BEKERJA SEPENUH MASA,VALIRAM GROUP SDN BHD,"PROFESSIONAL, SCIENTIFIC, AND TECHNICAL ACTIVITIES",NEGERI SEMBILAN,344,DIPLOMA PROFESIONAL PENGURUSAN OPERASI INDUSTRI,3000.00,ONLINE,2219,DIPLOMA,30-39,38.0
2023,WDPK22109,27,CINA,MALE,BEKERJA SEPENUH MASA,FASMECH MACHINING,"PROFESSIONAL, SCIENTIFIC, AND TECHNICAL ACTIVITIES",SELANGOR,344,DIPLOMA PROFESIONAL PENGURUSAN OPERASI INDUSTRI,2600.00,ONLINE,2857,DIPLOMA,<29,27.0
2023,WDPK22112,25,INDIA,FEMALE,BEKERJA SEPENUH MASA,SUSTIO@SIMMTECH SDN.BHD.,"PROFESSIONAL, SCIENTIFIC, AND TECHNICAL ACTIVITIES",PULAU PINANG,344,DIPLOMA PROFESIONAL PENGURUSAN OPERASI INDUSTRI,1500.00,ONLINE,2665,DIPLOMA,<29,25.0
2023,WDPK22115,25,INDIA,MALE,BEKERJA SEPENUH MASA,FLEXTRONICS,"PROFESSIONAL, SCIENTIFIC, AND TECHNICAL ACTIVITIES",PULAU PINANG,344,DIPLOMA PROFESIONAL PENGURUSAN OPERASI INDUSTRI,2300.00,ONLINE,2760,DIPLOMA,<29,25.0
2023,WDPK22116,34,MELAYU,MALE,BEKERJA SEPENUH MASA,ABBOTT SDN BHD,"PROFESSIONAL, SCIENTIFIC, AND TECHNICAL ACTIVITIES",PULAU PINANG,344,DIPLOMA PROFESIONAL PENGURUSAN OPERASI INDUSTRI,3010.00,ONLINE,3099,DIPLOMA,30-39,34.0
2023,WDPK22118,33,SULUK-SABAH,MALE,BEKERJA SEPENUH MASA,PERODUA,"PROFESSIONAL, SCIENTIFIC, AND TECHNICAL ACTIVITIES",SABAH,344,DIPLOMA PROFESIONAL PENGURUSAN OPERASI INDUSTRI,2050.00,ONLINE,2744,DIPLOMA,30-39,33.0
2023,WDPK22119,32,BUGIS,MALE,BEKERJA SEPENUH MASA,PERODUA SALES SDN BHD,"PROFESSIONAL, SCIENTIFIC, AND TECHNICAL ACTIVITIES",SABAH,344,DIPLOMA PROFESIONAL PENGURUSAN OPERASI INDUSTRI,2300.00,ONLINE,2446,DIPLOMA,30-39,32.0
2023,WDPP18131,31,IBAN/SEA DAYAK -SARAWAK,MALE,BEKERJA SEPENUH MASA,SARAWAK OIL PALM BERHAD,"PROFESSIONAL, SCIENTIFIC, AND TECHNICAL ACTIVITIES",SARAWAK,357,DIPLOMA PROFESIONAL PENGURUSAN PERLADANGAN & TEKNOLOGI,2450.00,ONLINE,3902,DIPLOMA,30-39,31.0
2023,WDPP20111,38,MELAYU,MALE,BEKERJA SEPENUH MASA,KAHANG PALM OIL MILL SDN BHD (ESTATE DIVISION),"PROFESSIONAL, SCIENTIFIC, AND TECHNICAL ACTIVITIES",JOHOR,357,DIPLOMA PROFESIONAL PENGURUSAN PERLADANGAN & TEKNOLOGI,2600.00,ONLINE,3509,DIPLOMA,30-39,38.0
2023,WDPP20123,46,MELAYU,MALE,BEKERJA SEPENUH MASA,TRADEWINDS PLANTATION BERHAD,"PROFESSIONAL, SCIENTIFIC, AND TECHNICAL ACTIVITIES",SABAH,357,DIPLOMA PROFESIONAL PENGURUSAN PERLADANGAN & TEKNOLOGI,3000.00,ONLINE,3440,DIPLOMA,40-49,46.0
2023,WDPP20130,30,KADAZAN-SABAH,MALE,BEKERJA SEPENUH MASA,HONG PALM OIL SDN BHD,"PROFESSIONAL, SCIENTIFIC, AND TECHNICAL ACTIVITIES",SABAH,357,DIPLOMA PROFESIONAL PENGURUSAN PERLADANGAN & TEKNOLOGI,3000.00,ONLINE,3174,DIPLOMA,30-39,30.0
2023,WDPP20301,29,MELAYU,MALE,BEKERJA SEPENUH MASA,FGV PLANTATION,"PROFESSIONAL, SCIENTIFIC, AND TECHNICAL ACTIVITIES",PAHANG,357,DIPLOMA PROFESIONAL PENGURUSAN PERLADANGAN & TEKNOLOGI,1800.00,ONLINE,2667,DIPLOMA,<29,29.0
2023,WDPP21204,37,MELAYU,MALE,BEKERJA SEPENUH MASA,RISDA ESTATE SDN BHD,"PROFESSIONAL, SCIENTIFIC, AND TECHNICAL ACTIVITIES",NEGERI SEMBILAN,357,DIPLOMA PROFESIONAL PENGURUSAN PERLADANGAN & TEKNOLOGI,2000.00,ONLINE,2859,DIPLOMA,30-39,37.0
2023,WDPP21207,38,MELAYU,MALE,BEKERJA SEPENUH MASA,WASTECH ENGINEERING SDN BHD,"PROFESSIONAL, SCIENTIFIC, AND TECHNICAL ACTIVITIES",PAHANG,357,DIPLOMA PROFESIONAL PENGURUSAN PERLADANGAN & TEKNOLOGI,4550.00,ONLINE,3845,DIPLOMA,30-39,38.0
2023,WDPP21311,26,MELAYU,MALE,BEKERJA SEPENUH MASA,TDM PLANTATION SDN BHD,"PROFESSIONAL, SCIENTIFIC, AND TECHNICAL ACTIVITIES",TERENGGANU,357,DIPLOMA PROFESIONAL PENGURUSAN PERLADANGAN & TEKNOLOGI,2500.00,ONLINE,2953,DIPLOMA,<29,26.0
2023,WDPP21313,37,INDIA,MALE,BEKERJA SEPENUH MASA,BOH PLANTATIONS SDN BHD,"PROFESSIONAL, SCIENTIFIC, AND TECHNICAL ACTIVITIES",PAHANG,357,DIPLOMA PROFESIONAL PENGURUSAN PERLADANGAN & TEKNOLOGI,3355.00,ONLINE,2963,DIPLOMA,30-39,37.0
2023,WDPP21314,36,IBAN/SEA DAYAK -SARAWAK,MALE,BEKERJA SEPENUH MASA,AMAZING GREENS SDN BHD,"PROFESSIONAL, SCIENTIFIC, AND TECHNICAL ACTIVITIES",SARAWAK,357,DIPLOMA PROFESIONAL PENGURUSAN PERLADANGAN & TEKNOLOGI,1500.00,ONLINE,2734,DIPLOMA,30-39,36.0
2023,WDPP21315,51,RUNGUS-SABAH,MALE,BEKERJA/USAHAWAN/FREELANCE,FRANS ENTERPRISE,"PROFESSIONAL, SCIENTIFIC, AND TECHNICAL ACTIVITIES",SABAH,357,DIPLOMA PROFESIONAL PENGURUSAN PERLADANGAN & TEKNOLOGI,3000.00,ONLINE,3778,DIPLOMA,50-59,51.0
2023,WDPP21316,39,BIDAYUH/LAND DAYAK - SARAWAK,MALE,BEKERJA SEPENUH MASA,KEMENTERIAN KESIHATAN MALAYSIA,"PROFESSIONAL, SCIENTIFIC, AND TECHNICAL ACTIVITIES",SARAWAK,357,DIPLOMA PROFESIONAL PENGURUSAN PERLADANGAN & TEKNOLOGI,2700.00,ONLINE,2496,DIPLOMA,30-39,39.0
2023,WDPP21317,30,INDIA,MALE,BEKERJA SEPENUH MASA,CHARMING GREEN SDN BHD,"PROFESSIONAL, SCIENTIFIC, AND TECHNICAL ACTIVITIES",PERAK,357,DIPLOMA PROFESIONAL PENGURUSAN PERLADANGAN & TEKNOLOGI,1960.00,ONLINE,3207,DIPLOMA,30-39,30.0
2023,WDPP21401,27,BAJAU - SABAH,MALE,BEKERJA SEPENUH MASA,SABAH SOFTWOOD BERHAD,"PROFESSIONAL, SCIENTIFIC, AND TECHNICAL ACTIVITIES",SABAH,357,DIPLOMA PROFESIONAL PENGURUSAN PERLADANGAN & TEKNOLOGI,1500.00,ONLINE,2675,DIPLOMA,<29,27.0
2023,WDPP21402,36,BUGIS,MALE,BEKERJA SEPENUH MASA,KL-KEPONG (SABAH) SDN BHD,"PROFESSIONAL, SCIENTIFIC, AND TECHNICAL ACTIVITIES",SABAH,357,DIPLOMA PROFESIONAL PENGURUSAN PERLADANGAN & TEKNOLOGI,2500.00,ONLINE,2050,DIPLOMA,30-39,36.0
2023,WDPP21403,33,MELAYU,MALE,BEKERJA SEPENUH MASA,CHIN SIU MOROTAI PLANTATION SDN BHD,"PROFESSIONAL, SCIENTIFIC, AND TECHNICAL ACTIVITIES",SABAH,357,DIPLOMA PROFESIONAL PENGURUSAN PERLADANGAN & TEKNOLOGI,26007.00,ONLINE,3438,DIPLOMA,30-39,33.0
2023,WDPP21404,26,BUGIS,MALE,BEKERJA SEPENUH MASA,SABAH SOFTWOOD BERHAD,"PROFESSIONAL, SCIENTIFIC, AND TECHNICAL ACTIVITIES",SABAH,357,DIPLOMA PROFESIONAL PENGURUSAN PERLADANGAN & TEKNOLOGI,1500.00,ONLINE,2890,DIPLOMA,<29,26.0
2023,WDPP21407,36,DUSUN-SABAH,MALE,BEKERJA SEPENUH MASA,"BOUSTEAD RIMBA NILAI SDN BHD,BOUSTEAD RUKU-RUKU EST,LOCKED BAG NO.69 90009 SANDAKAN SABAH.","PROFESSIONAL, SCIENTIFIC, AND TECHNICAL ACTIVITIES",SABAH,357,DIPLOMA PROFESIONAL PENGURUSAN PERLADANGAN & TEKNOLOGI,1978.00,ONLINE,3403,DIPLOMA,30-39,36.0
2023,WDPP21408,29,INDIA,MALE,BEKERJA SEPENUH MASA,SOUTHERN REALITY SDN BHD,"PROFESSIONAL, SCIENTIFIC, AND TECHNICAL ACTIVITIES",SELANGOR,357,DIPLOMA PROFESIONAL PENGURUSAN PERLADANGAN & TEKNOLOGI,2500.00,ONLINE,2907,DIPLOMA,<29,29.0
2023,WDPP21412,33,IBAN/SEA DAYAK -SARAWAK,MALE,BEKERJA SEPENUH MASA,FGV SECURITY SERVICES SDN BHD,"PROFESSIONAL, SCIENTIFIC, AND TECHNICAL ACTIVITIES",SARAWAK,357,DIPLOMA PROFESIONAL PENGURUSAN PERLADANGAN & TEKNOLOGI,1730.00,ONLINE,3790,DIPLOMA,30-39,33.0
2023,WDPP21413,40,BUGIS,MALE,BEKERJA SEPENUH MASA,KL-KEPONG BERHAD,"PROFESSIONAL, SCIENTIFIC, AND TECHNICAL ACTIVITIES",SABAH,357,DIPLOMA PROFESIONAL PENGURUSAN PERLADANGAN & TEKNOLOGI,2500.00,ONLINE,2995,DIPLOMA,40-49,40.0
2023,WDPP21417,33,TIDUNG-SABAH,MALE,BEKERJA SEPENUH MASA,SABAH SOFTWOODS BERHAD,"PROFESSIONAL, SCIENTIFIC, AND TECHNICAL ACTIVITIES",SABAH,357,DIPLOMA PROFESIONAL PENGURUSAN PERLADANGAN & TEKNOLOGI,2000.00,ONLINE,2480,DIPLOMA,30-39,33.0
2023,WDPP21421,43,BUGIS,MALE,BEKERJA SEPENUH MASA,KL-KEPONG BERHAD,"PROFESSIONAL, SCIENTIFIC, AND TECHNICAL ACTIVITIES",SABAH,357,DIPLOMA PROFESIONAL PENGURUSAN PERLADANGAN & TEKNOLOGI,2500.00,ONLINE,3531,DIPLOMA,40-49,43.0
2023,WDPP21424,37,IBAN/SEA DAYAK -SARAWAK,MALE,BEKERJA SEPENUH MASA,LEMBAGA PENYATUAN DAN PEMULIHAN TANAH SARAWAK,"PROFESSIONAL, SCIENTIFIC, AND TECHNICAL ACTIVITIES",SARAWAK,357,DIPLOMA PROFESIONAL PENGURUSAN PERLADANGAN & TEKNOLOGI,2500.00,ONLINE,3981,DIPLOMA,30-39,37.0
2023,WDPP21426,42,MELAYU,MALE,BEKERJA SEPENUH MASA,FGV PLANTATION SDN BHD,"PROFESSIONAL, SCIENTIFIC, AND TECHNICAL ACTIVITIES",KELANTAN,357,DIPLOMA PROFESIONAL PENGURUSAN PERLADANGAN & TEKNOLOGI,2140.00,ONLINE,2437,DIPLOMA,40-49,42.0
2023,WDPP21428,36,MELAYU,MALE,BEKERJA SEPENUH MASA,FGVPM,"PROFESSIONAL, SCIENTIFIC, AND TECHNICAL ACTIVITIES",KELANTAN,357,DIPLOMA PROFESIONAL PENGURUSAN PERLADANGAN & TEKNOLOGI,1600.00,ONLINE,2594,DIPLOMA,30-39,36.0
2023,WDPP21429,47,MELAYU,MALE,BEKERJA SEPENUH MASA,FGVPM SDN BHD,"PROFESSIONAL, SCIENTIFIC, AND TECHNICAL ACTIVITIES",KELANTAN,357,DIPLOMA PROFESIONAL PENGURUSAN PERLADANGAN & TEKNOLOGI,2900.00,ONLINE,3558,DIPLOMA,40-49,47.0
2023,WDPP21430,35,MELAYU,MALE,BEKERJA SEPENUH MASA,FELDA PLANTATION MANAGEMENT SDN BHD,"PROFESSIONAL, SCIENTIFIC, AND TECHNICAL ACTIVITIES",JOHOR,357,DIPLOMA PROFESIONAL PENGURUSAN PERLADANGAN & TEKNOLOGI,1600.00,ONLINE,2283,DIPLOMA,30-39,35.0
2023,WDPP21436,45,BUGIS,MALE,BEKERJA SEPENUH MASA,SABAH SOFTWOODS BERHAD,"PROFESSIONAL, SCIENTIFIC, AND TECHNICAL ACTIVITIES",SABAH,357,DIPLOMA PROFESIONAL PENGURUSAN PERLADANGAN & TEKNOLOGI,2000.00,ONLINE,2170,DIPLOMA,40-49,45.0
2023,WDPP21439,35,CINA,MALE,BEKERJA SEPENUH MASA,KIM LOONG KPD PLANTATION SDN BHD,"PROFESSIONAL, SCIENTIFIC, AND TECHNICAL ACTIVITIES",SABAH,357,DIPLOMA PROFESIONAL PENGURUSAN PERLADANGAN & TEKNOLOGI,2650.00,ONLINE,3470,DIPLOMA,30-39,35.0
2023,WDPP21440,32,BAJAU - SABAH,MALE,BEKERJA SEPENUH MASA,HAP SENG PLANTATION SDN BHD,"PROFESSIONAL, SCIENTIFIC, AND TECHNICAL ACTIVITIES",SABAH,357,DIPLOMA PROFESIONAL PENGURUSAN PERLADANGAN & TEKNOLOGI,2500.00,ONLINE,2105,DIPLOMA,30-39,32.0
2023,WDPP22101,41,IBAN/SEA DAYAK -SARAWAK,MALE,BELUM/TIDAK BEKERJA,NOT SPECIFIED,"PROFESSIONAL, SCIENTIFIC, AND TECHNICAL ACTIVITIES",SARAWAK,357,DIPLOMA PROFESIONAL PENGURUSAN PERLADANGAN & TEKNOLOGI,0.00,ONLINE,3967,DIPLOMA,40-49,41.0
2023,WDPP22102,45,DUSUN-SABAH,MALE,BEKERJA SEPENUH MASA,FELCRA BERHAD,"PROFESSIONAL, SCIENTIFIC, AND TECHNICAL ACTIVITIES",SABAH,357,DIPLOMA PROFESIONAL PENGURUSAN PERLADANGAN & TEKNOLOGI,3000.00,ONLINE,3219,DIPLOMA,40-49,45.0
2023,WDPP22103,41,BAJAU - SABAH,MALE,BEKERJA SEPENUH MASA,BORNEO SAMUDERA SDN BHD,"PROFESSIONAL, SCIENTIFIC, AND TECHNICAL ACTIVITIES",SABAH,357,DIPLOMA PROFESIONAL PENGURUSAN PERLADANGAN & TEKNOLOGI,1700.00,ONLINE,2452,DIPLOMA,40-49,41.0
2023,WDPP22105,46,CINA,MALE,BEKERJA SEPENUH MASA,FGV PLANTATION,"PROFESSIONAL, SCIENTIFIC, AND TECHNICAL ACTIVITIES",SARAWAK,357,DIPLOMA PROFESIONAL PENGURUSAN PERLADANGAN & TEKNOLOGI,4500.00,ONLINE,2155,DIPLOMA,40-49,46.0
2023,WDPP22106,38,DUSUN-SABAH,MALE,BEKERJA SEPENUH MASA,KERJAYA ENTERPRISE SDN BHD,"PROFESSIONAL, SCIENTIFIC, AND TECHNICAL ACTIVITIES",SABAH,357,DIPLOMA PROFESIONAL PENGURUSAN PERLADANGAN & TEKNOLOGI,1800.00,ONLINE,2617,DIPLOMA,30-39,38.0
2023,WDPP22108,31,INDIA,MALE,BEKERJA SEPENUH MASA,IOI PLANTATION SERVICES SDN BHD,"PROFESSIONAL, SCIENTIFIC, AND TECHNICAL ACTIVITIES",JOHOR,357,DIPLOMA PROFESIONAL PENGURUSAN PERLADANGAN & TEKNOLOGI,1800.00,ONLINE,3300,DIPLOMA,30-39,31.0
2023,WDPP22110,38,MELAYU,MALE,BEKERJA SEPENUH MASA,AMANAH SHAM PAHANG,"PROFESSIONAL, SCIENTIFIC, AND TECHNICAL ACTIVITIES",PAHANG,357,DIPLOMA PROFESIONAL PENGURUSAN PERLADANGAN & TEKNOLOGI,2000.00,ONLINE,2400,DIPLOMA,30-39,38.0
2023,WDPP22112,30,MELAYU,MALE,BEKERJA SEPENUH MASA,IOI PLANTATION SERVICES SDN. BHD,"PROFESSIONAL, SCIENTIFIC, AND TECHNICAL ACTIVITIES",SABAH,357,DIPLOMA PROFESIONAL PENGURUSAN PERLADANGAN & TEKNOLOGI,1780.00,ONLINE,3629,DIPLOMA,30-39,30.0
2023,WDPP22116,25,IBAN/SEA DAYAK -SARAWAK,MALE,BEKERJA SEPENUH MASA,RINWOOD PELITA SDN BHD,"PROFESSIONAL, SCIENTIFIC, AND TECHNICAL ACTIVITIES",SARAWAK,357,DIPLOMA PROFESIONAL PENGURUSAN PERLADANGAN & TEKNOLOGI,3000.00,ONLINE,3251,DIPLOMA,<29,25.0
2023,WDPP22119,40,MELAYU,MALE,BEKERJA SEPENUH MASA,SIME DARBY PLANTATION BERHAD,"PROFESSIONAL, SCIENTIFIC, AND TECHNICAL ACTIVITIES",JOHOR,357,DIPLOMA PROFESIONAL PENGURUSAN PERLADANGAN & TEKNOLOGI,2621.00,ONLINE,2905,DIPLOMA,40-49,40.0
2023,WDPP22121,37,MELAYU,MALE,BEKERJA SEPENUH MASA,LEMBAGA KEMAJUAN TANAH PERSEKUTUAN FELDA,"PROFESSIONAL, SCIENTIFIC, AND TECHNICAL ACTIVITIES",KEDAH,357,DIPLOMA PROFESIONAL PENGURUSAN PERLADANGAN & TEKNOLOGI,2680.00,ONLINE,2976,DIPLOMA,30-39,37.0
2023,WDPP22124,39,SUNGAI-SABAH,MALE,BEKERJA SEPENUH MASA,NSC GROUP SDN BHD,"PROFESSIONAL, SCIENTIFIC, AND TECHNICAL ACTIVITIES",SABAH,357,DIPLOMA PROFESIONAL PENGURUSAN PERLADANGAN & TEKNOLOGI,3500.00,ONLINE,2807,DIPLOMA,30-39,39.0
2023,WDPP22129,42,DUSUN-SABAH,MALE,BEKERJA SEPENUH MASA,RINUKUT PLANTATION SDN BHD,"PROFESSIONAL, SCIENTIFIC, AND TECHNICAL ACTIVITIES",SABAH,357,DIPLOMA PROFESIONAL PENGURUSAN PERLADANGAN & TEKNOLOGI,2700.00,ONLINE,3915,DIPLOMA,40-49,42.0
2023,WDPP22135,31,MELAYU,MALE,BEKERJA SEPENUH MASA,RISDA ESTATES SDN BHD,"PROFESSIONAL, SCIENTIFIC, AND TECHNICAL ACTIVITIES",TERENGGANU,357,DIPLOMA PROFESIONAL PENGURUSAN PERLADANGAN & TEKNOLOGI,1890.00,ONLINE,2799,DIPLOMA,30-39,31.0
2023,WDPP22136,35,MELAYU,MALE,BEKERJA SEPENUH MASA,RISDA ESTET SDN BHD,"PROFESSIONAL, SCIENTIFIC, AND TECHNICAL ACTIVITIES",TERENGGANU,357,DIPLOMA PROFESIONAL PENGURUSAN PERLADANGAN & TEKNOLOGI,3315.00,ONLINE,2454,DIPLOMA,30-39,35.0
2023,WDPP22137,37,MELAYU,MALE,BEKERJA SEPENUH MASA,RISDA ESTATES SDN BHD,"PROFESSIONAL, SCIENTIFIC, AND TECHNICAL ACTIVITIES",PAHANG,357,DIPLOMA PROFESIONAL PENGURUSAN PERLADANGAN & TEKNOLOGI,3100.00,ONLINE,3817,DIPLOMA,30-39,37.0
2023,WDPP22138,36,MELAYU,MALE,BEKERJA SEPENUH MASA,RISDA ESTATES SDN BHD,"PROFESSIONAL, SCIENTIFIC, AND TECHNICAL ACTIVITIES",KEDAH,357,DIPLOMA PROFESIONAL PENGURUSAN PERLADANGAN & TEKNOLOGI,1689.00,ONLINE,3613,DIPLOMA,30-39,36.0
2023,WDPP22201,40,MELAYU,MALE,BEKERJA SEPENUH MASA,RISDA ESTATES SDN BHD,"PROFESSIONAL, SCIENTIFIC, AND TECHNICAL ACTIVITIES",SELANGOR,357,DIPLOMA PROFESIONAL PENGURUSAN PERLADANGAN & TEKNOLOGI,3000.00,ONLINE,2690,DIPLOMA,40-49,40.0
2023,WDPP22202,35,MELAYU,MALE,BEKERJA SEPENUH MASA,RISDA ESTATE SDN. BHD.,"PROFESSIONAL, SCIENTIFIC, AND TECHNICAL ACTIVITIES",PAHANG,357,DIPLOMA PROFESIONAL PENGURUSAN PERLADANGAN & TEKNOLOGI,2538.00,ONLINE,3231,DIPLOMA,30-39,35.0
2023,WDPP22203,36,MELAYU,MALE,BEKERJA SEPENUH MASA,RISDA ESTATES SDN BHD,"PROFESSIONAL, SCIENTIFIC, AND TECHNICAL ACTIVITIES",TERENGGANU,357,DIPLOMA PROFESIONAL PENGURUSAN PERLADANGAN & TEKNOLOGI,3100.00,ONLINE,2774,DIPLOMA,30-39,36.0
2023,WDPP22208,44,INDIA,MALE,BEKERJA SEPENUH MASA,SIME DARBY PLANTATION,"PROFESSIONAL, SCIENTIFIC, AND TECHNICAL ACTIVITIES",PERAK,357,DIPLOMA PROFESIONAL PENGURUSAN PERLADANGAN & TEKNOLOGI,2500.00,ONLINE,2469,DIPLOMA,40-49,44.0
2023,WDPP22214,37,IBAN/SEA DAYAK -SARAWAK,MALE,BEKERJA SEPENUH MASA,TA ANN PELITA IGAN PLANTATION SDN BHD,"PROFESSIONAL, SCIENTIFIC, AND TECHNICAL ACTIVITIES",SARAWAK,357,DIPLOMA PROFESIONAL PENGURUSAN PERLADANGAN & TEKNOLOGI,4500.00,ONLINE,2858,DIPLOMA,30-39,37.0
2023,WDPP22219,34,IBAN/SEA DAYAK -SARAWAK,MALE,BEKERJA SEPENUH MASA,RINWOOD PELITA SDN BHD,"PROFESSIONAL, SCIENTIFIC, AND TECHNICAL ACTIVITIES",SARAWAK,357,DIPLOMA PROFESIONAL PENGURUSAN PERLADANGAN & TEKNOLOGI,2000.00,ONLINE,2259,DIPLOMA,30-39,34.0
2023,WDPP22220,25,IBAN/SEA DAYAK -SARAWAK,MALE,BEKERJA SEPENUH MASA,RINWOOD PELITA SDN BHD,"PROFESSIONAL, SCIENTIFIC, AND TECHNICAL ACTIVITIES",SARAWAK,357,DIPLOMA PROFESIONAL PENGURUSAN PERLADANGAN & TEKNOLOGI,2000.00,ONLINE,3302,DIPLOMA,<29,25.0
2023,WDPS18120,0,NOT SPECIFIED,NOT SPECIFIED,NOT SPECIFIED,NOT SPECIFIED,"PROFESSIONAL, SCIENTIFIC, AND TECHNICAL ACTIVITIES",NOT SPECIFIED,370,DIPLOMA PROFESIONAL PENGURUSAN SUMBER MANUSIA,NOT SPECIFIED,ONLINE,2874,DIPLOMA,,
2023,WDPS19403,37,INDIA,FEMALE,BEKERJA SEPENUH MASA,BROTHERS COMM SDN BHD (MAXIS),"PROFESSIONAL, SCIENTIFIC, AND TECHNICAL ACTIVITIES",PERAK,370,DIPLOMA PROFESIONAL PENGURUSAN SUMBER MANUSIA,2500.00,ONLINE,3521,DIPLOMA,30-39,37.0
2023,WDPS21101,39,MELAYU,FEMALE,BEKERJA SEPENUH MASA,INTERNATIONAL ISLAMIC UNIVERSITY MALAYSIA,"PROFESSIONAL, SCIENTIFIC, AND TECHNICAL ACTIVITIES",PAHANG,370,DIPLOMA PROFESIONAL PENGURUSAN SUMBER MANUSIA,1800.00,ONLINE,3681,DIPLOMA,30-39,39.0
2023,WDPS21302,40,MELAYU,FEMALE,BEKERJA SEPENUH MASA,PASARAYA GEMILANG MUADZAM SDN BHD,"PROFESSIONAL, SCIENTIFIC, AND TECHNICAL ACTIVITIES",PERLIS,370,DIPLOMA PROFESIONAL PENGURUSAN SUMBER MANUSIA,2000.00,ONLINE,2859,DIPLOMA,40-49,40.0
2023,WDPS21304,37,MELAYU,FEMALE,BEKERJA SEPENUH MASA,PRPC UTILITIES & FACILITIES SDN BHD,"PROFESSIONAL, SCIENTIFIC, AND TECHNICAL ACTIVITIES",JOHOR,370,DIPLOMA PROFESIONAL PENGURUSAN SUMBER MANUSIA,4000.00,ONLINE,3774,DIPLOMA,30-39,37.0
2023,WDPS21305,36,INDIA,FEMALE,BEKERJA SEPENUH MASA,AIG ASIA PACIFIC,"PROFESSIONAL, SCIENTIFIC, AND TECHNICAL ACTIVITIES",JOHOR,370,DIPLOMA PROFESIONAL PENGURUSAN SUMBER MANUSIA,5000.00,ONLINE,2801,DIPLOMA,30-39,36.0
2023,WDPS21315,28,INDIA,FEMALE,BEKERJA SEPENUH MASA,HEVI LOGISTICS SERVICE SDN BHD,"PROFESSIONAL, SCIENTIFIC, AND TECHNICAL ACTIVITIES",PERAK,370,DIPLOMA PROFESIONAL PENGURUSAN SUMBER MANUSIA,2500.00,ONLINE,3846,DIPLOMA,<29,28.0
2023,WDPS21316,39,BAJAU - SABAH,FEMALE,BEKERJA SEPENUH MASA,YAYASAN SABAH,"PROFESSIONAL, SCIENTIFIC, AND TECHNICAL ACTIVITIES",SABAH,370,DIPLOMA PROFESIONAL PENGURUSAN SUMBER MANUSIA,2300.00,ONLINE,2230,DIPLOMA,30-39,39.0
2023,WDPS21317,36,IBAN/SEA DAYAK -SARAWAK,FEMALE,BEKERJA SEPENUH MASA,CREST CONSULTING SERVICES,"PROFESSIONAL, SCIENTIFIC, AND TECHNICAL ACTIVITIES",SELANGOR,370,DIPLOMA PROFESIONAL PENGURUSAN SUMBER MANUSIA,3300.00,ONLINE,3660,DIPLOMA,30-39,36.0
2023,WDPS21319,41,MELAYU,FEMALE,BEKERJA SEPENUH MASA,WISTRON TECHNOLOGY MALAYSIA SDN BHD,"PROFESSIONAL, SCIENTIFIC, AND TECHNICAL ACTIVITIES",SELANGOR,370,DIPLOMA PROFESIONAL PENGURUSAN SUMBER MANUSIA,3500.00,ONLINE,2096,DIPLOMA,40-49,41.0
2023,WDPS21320,36,MELAYU,FEMALE,BELUM/TIDAK BEKERJA,TODAK HOLDINGS SDN BHD,"PROFESSIONAL, SCIENTIFIC, AND TECHNICAL ACTIVITIES",SELANGOR,370,DIPLOMA PROFESIONAL PENGURUSAN SUMBER MANUSIA,4800.00,ONLINE,2271,DIPLOMA,30-39,36.0
2023,WDPS21402,49,INDIA,FEMALE,BEKERJA SEPENUH MASA,STAR TOOLING SDN BHD,"PROFESSIONAL, SCIENTIFIC, AND TECHNICAL ACTIVITIES",SELANGOR,370,DIPLOMA PROFESIONAL PENGURUSAN SUMBER MANUSIA,3000.00,ONLINE,2803,DIPLOMA,40-49,49.0
2023,WDPS21403,40,MELAYU,FEMALE,BEKERJA SEPENUH MASA,PEMBINAAN TETAP TEGUH SDN BHD,"PROFESSIONAL, SCIENTIFIC, AND TECHNICAL ACTIVITIES",SELANGOR,370,DIPLOMA PROFESIONAL PENGURUSAN SUMBER MANUSIA,6500.00,ONLINE,3772,DIPLOMA,40-49,40.0
2023,WDPS21410,28,INDIA,MALE,BEKERJA SEPENUH MASA,SONOCO PRODUCTION (MALAYSIA) SDN BHD,"PROFESSIONAL, SCIENTIFIC, AND TECHNICAL ACTIVITIES",SELANGOR,370,DIPLOMA PROFESIONAL PENGURUSAN SUMBER MANUSIA,2700.00,ONLINE,2961,DIPLOMA,<29,28.0
2023,WDPS21417,41,MELAYU,MALE,BEKERJA SEPENUH MASA,LEMBAGA PEMASARAN PERTANIAN PERSEKUTUAN,"PROFESSIONAL, SCIENTIFIC, AND TECHNICAL ACTIVITIES",SARAWAK,370,DIPLOMA PROFESIONAL PENGURUSAN SUMBER MANUSIA,2000.00,ONLINE,2000,DIPLOMA,40-49,41.0
2023,WDPS22102,33,MELAYU,MALE,BEKERJA SEPENUH MASA,SARAWAK FORESTRY CORPORATION,"PROFESSIONAL, SCIENTIFIC, AND TECHNICAL ACTIVITIES",SARAWAK,370,DIPLOMA PROFESIONAL PENGURUSAN SUMBER MANUSIA,3100.00,ONLINE,2118,DIPLOMA,30-39,33.0
2023,WDPS22105,32,MELAYU,FEMALE,BEKERJA SEPENUH MASA,TMSP SDN BHD,"PROFESSIONAL, SCIENTIFIC, AND TECHNICAL ACTIVITIES",PAHANG,370,DIPLOMA PROFESIONAL PENGURUSAN SUMBER MANUSIA,4000.00,ONLINE,2701,DIPLOMA,30-39,32.0
2023,WDPS22109,24,INDIA,FEMALE,BEKERJA SEPENUH MASA,SAI RAM PETRO,"PROFESSIONAL, SCIENTIFIC, AND TECHNICAL ACTIVITIES",PERAK,370,DIPLOMA PROFESIONAL PENGURUSAN SUMBER MANUSIA,2000.00,ONLINE,3454,DIPLOMA,<29,24.0
2023,WDPS22111,24,INDIA,FEMALE,BEKERJA SEPENUH MASA,PHOENIX ALUMINIUM SDN BHD,"PROFESSIONAL, SCIENTIFIC, AND TECHNICAL ACTIVITIES",NEGERI SEMBILAN,370,DIPLOMA PROFESIONAL PENGURUSAN SUMBER MANUSIA,1500.00,ONLINE,3609,DIPLOMA,<29,24.0
2023,WDPS22112,53,BAJAU - SABAH,MALE,BEKERJA SEPENUH MASA,JABATAN TANAH DAN UKUR,"PROFESSIONAL, SCIENTIFIC, AND TECHNICAL ACTIVITIES",SABAH,370,DIPLOMA PROFESIONAL PENGURUSAN SUMBER MANUSIA,6300.00,ONLINE,3594,DIPLOMA,50-59,53.0
2023,WDPS22114,32,IBAN/SEA DAYAK -SARAWAK,MALE,BEKERJA SEPENUH MASA,UNIT KESELAMATAN DAN PENGUATKUASAAN SARAWAK (JABATAN PREMIER SARAWAK),"PROFESSIONAL, SCIENTIFIC, AND TECHNICAL ACTIVITIES",SARAWAK,370,DIPLOMA PROFESIONAL PENGURUSAN SUMBER MANUSIA,1660.00,ONLINE,3222,DIPLOMA,30-39,32.0
2023,WDPS22115,49,MELAYU,FEMALE,BEKERJA SEPENUH MASA,BYTEDANCE,"PROFESSIONAL, SCIENTIFIC, AND TECHNICAL ACTIVITIES",SELANGOR,370,DIPLOMA PROFESIONAL PENGURUSAN SUMBER MANUSIA,8800.00,ONLINE,2301,DIPLOMA,40-49,49.0
2023,WDPS22118,24,INDIA,MALE,BELUM/TIDAK BEKERJA,NOT SPECIFIED,"PROFESSIONAL, SCIENTIFIC, AND TECHNICAL ACTIVITIES",PULAU PINANG,370,DIPLOMA PROFESIONAL PENGURUSAN SUMBER MANUSIA,0.00,ONLINE,3988,DIPLOMA,<29,24.0
2023,WDPS22120,53,INDIA,FEMALE,BEKERJA SEPENUH MASA,EASTEK INTERNATIONAL (MALAYSIA) SDN BHD,"PROFESSIONAL, SCIENTIFIC, AND TECHNICAL ACTIVITIES",KEDAH,370,DIPLOMA PROFESIONAL PENGURUSAN SUMBER MANUSIA,6000.00,ONLINE,3445,DIPLOMA,50-59,53.0
2023,WDPS22123,41,MELAYU,FEMALE,BEKERJA SEPENUH MASA,ALAM FLORA SDN BHD,"PROFESSIONAL, SCIENTIFIC, AND TECHNICAL ACTIVITIES",PAHANG,370,DIPLOMA PROFESIONAL PENGURUSAN SUMBER MANUSIA,2328.00,ONLINE,3590,DIPLOMA,40-49,41.0
2023,WDPS22125,35,TAMIL,FEMALE,BEKERJA SEPENUH MASA,TRIPLUS INDUSTRY SDN BHD,"PROFESSIONAL, SCIENTIFIC, AND TECHNICAL ACTIVITIES",SELANGOR,370,DIPLOMA PROFESIONAL PENGURUSAN SUMBER MANUSIA,3200.00,ONLINE,2193,DIPLOMA,30-39,35.0
2023,WDPS22126,24,INDIA,FEMALE,BEKERJA SEPENUH MASA,ICONIC MEDICARE,"PROFESSIONAL, SCIENTIFIC, AND TECHNICAL ACTIVITIES",PULAU PINANG,370,DIPLOMA PROFESIONAL PENGURUSAN SUMBER MANUSIA,1500.00,ONLINE,2961,DIPLOMA,<29,24.0
2023,WDPS22128,35,MELAYU,FEMALE,BEKERJA SEPENUH MASA,MID VALLEY CITY ENTERPRISE SDN BHD,"PROFESSIONAL, SCIENTIFIC, AND TECHNICAL ACTIVITIES",KUALA LUMPUR,370,DIPLOMA PROFESIONAL PENGURUSAN SUMBER MANUSIA,3500.00,ONLINE,3782,DIPLOMA,30-39,35.0
2023,WDPS22201,24,MELAYU,MALE,BEKERJA SEPENUH MASA,JOHOR PLANTATIONS BERHAD,"PROFESSIONAL, SCIENTIFIC, AND TECHNICAL ACTIVITIES",JOHOR,370,DIPLOMA PROFESIONAL PENGURUSAN SUMBER MANUSIA,1500.00,ONLINE,2103,DIPLOMA,<29,24.0
2023,WDPS22203,33,INDIA,FEMALE,BEKERJA SEPENUH MASA,TNR RADIATOR SERVICE,"PROFESSIONAL, SCIENTIFIC, AND TECHNICAL ACTIVITIES",PERAK,370,DIPLOMA PROFESIONAL PENGURUSAN SUMBER MANUSIA,1500.00,ONLINE,2099,DIPLOMA,30-39,33.0
2023,WDPS22205,33,INDIA,FEMALE,BEKERJA SEPENUH MASA,GOBI PARTNERS SDN BHD,"PROFESSIONAL, SCIENTIFIC, AND TECHNICAL ACTIVITIES",SELANGOR,370,DIPLOMA PROFESIONAL PENGURUSAN SUMBER MANUSIA,6000.00,ONLINE,2444,DIPLOMA,30-39,33.0
2023,WDPS22207,46,CINA,FEMALE,BEKERJA SEPENUH MASA,TOP SCHOLAR SDN BHD,"PROFESSIONAL, SCIENTIFIC, AND TECHNICAL ACTIVITIES",SARAWAK,370,DIPLOMA PROFESIONAL PENGURUSAN SUMBER MANUSIA,11000.00,ONLINE,3659,DIPLOMA,40-49,46.0
2023,WDPS22210,34,INDIA,FEMALE,BEKERJA SEPENUH MASA,RKH HAULAGE (M) SDN BHD,"PROFESSIONAL, SCIENTIFIC, AND TECHNICAL ACTIVITIES",SELANGOR,370,DIPLOMA PROFESIONAL PENGURUSAN SUMBER MANUSIA,3000.00,ONLINE,3804,DIPLOMA,30-39,34.0
2023,WDPS22213,37,MELAYU,MALE,BEKERJA SEPENUH MASA,INDAH WATER KONSORTIUM SDN BHD,"PROFESSIONAL, SCIENTIFIC, AND TECHNICAL ACTIVITIES",PERAK,370,DIPLOMA PROFESIONAL PENGURUSAN SUMBER MANUSIA,1782.00,ONLINE,2040,DIPLOMA,30-39,37.0
2023,WDPS22216,29,INDIA,MALE,BEKERJA SEPENUH MASA,BEE BEE ENTERPRISE SDN BHD,"PROFESSIONAL, SCIENTIFIC, AND TECHNICAL ACTIVITIES",NEGERI SEMBILAN,370,DIPLOMA PROFESIONAL PENGURUSAN SUMBER MANUSIA,2000.00,ONLINE,2768,DIPLOMA,<29,29.0
2023,WDPS22217,31,MELAYU,MALE,BEKERJA SEPENUH MASA,MNM AVIATION SERVICES SDN BHD,"PROFESSIONAL, SCIENTIFIC, AND TECHNICAL ACTIVITIES",KEDAH,370,DIPLOMA PROFESIONAL PENGURUSAN SUMBER MANUSIA,2000.00,ONLINE,2950,DIPLOMA,30-39,31.0
2023,WDPS22222,41,BIDAYUH/LAND DAYAK - SARAWAK,FEMALE,BEKERJA SEPENUH MASA,IJM CORPORATION BERHAD,"PROFESSIONAL, SCIENTIFIC, AND TECHNICAL ACTIVITIES",SARAWAK,370,DIPLOMA PROFESIONAL PENGURUSAN SUMBER MANUSIA,2000.00,ONLINE,2793,DIPLOMA,40-49,41.0
2023,WDPS22225,43,MELAYU,FEMALE,BEKERJA SEPENUH MASA,LPT2 SDN BHD,"PROFESSIONAL, SCIENTIFIC, AND TECHNICAL ACTIVITIES",TERENGGANU,370,DIPLOMA PROFESIONAL PENGURUSAN SUMBER MANUSIA,2700.00,ONLINE,3178,DIPLOMA,40-49,43.0
2023,WDPS22226,40,MELAYU,MALE,BEKERJA SEPENUH MASA,LPT2 SDN BHD,"PROFESSIONAL, SCIENTIFIC, AND TECHNICAL ACTIVITIES",TERENGGANU,370,DIPLOMA PROFESIONAL PENGURUSAN SUMBER MANUSIA,3000.00,ONLINE,3290,DIPLOMA,40-49,40.0
2023,WMPB17307,46,MELAYU,MALE,BEKERJA SEPENUH MASA,SKSS ENERGY SDN BHD,"PROFESSIONAL, SCIENTIFIC, AND TECHNICAL ACTIVITIES",KUALA LUMPUR,340,MASTER EKSEKUTIF PENGURUSAN PERNIAGAAN,65000.00,ONLINE,7828,MASTER,40-49,46.0
2023,WMPB18401,30,MELAYU,FEMALE,BEKERJA SEPENUH MASA,TEXAS CHICKEN MALAYSIA,"PROFESSIONAL, SCIENTIFIC, AND TECHNICAL ACTIVITIES",JOHOR,340,MASTER EKSEKUTIF PENGURUSAN PERNIAGAAN,2300.00,ONLINE,8765,MASTER,30-39,30.0
2023,WMPB21103,44,INDIA,FEMALE,BEKERJA SEPENUH MASA,INFINEON TECHNOLOGIES (KULIM) SDN. BHD.,"PROFESSIONAL, SCIENTIFIC, AND TECHNICAL ACTIVITIES",PERAK,340,MASTER EKSEKUTIF PENGURUSAN PERNIAGAAN,4000.00,ONLINE,8758,MASTER,40-49,44.0
2023,WMPB21301,48,MELAYU,MALE,BEKERJA/USAHAWAN/FREELANCE,SKY ENGINEERING & SERVICES (M) SDN BHD,"PROFESSIONAL, SCIENTIFIC, AND TECHNICAL ACTIVITIES",SELANGOR,340,MASTER EKSEKUTIF PENGURUSAN PERNIAGAAN,20000.00,ONLINE,7284,MASTER,40-49,48.0
2023,WMPB21302,50,MELAYU,FEMALE,BEKERJA/USAHAWAN/FREELANCE,RM WEALTH CONSULTATION,"PROFESSIONAL, SCIENTIFIC, AND TECHNICAL ACTIVITIES",PAHANG,340,MASTER EKSEKUTIF PENGURUSAN PERNIAGAAN,10000.00,ONLINE,8822,MASTER,50-59,50.0
2023,WMPB21303,36,MELAYU,MALE,BEKERJA SEPENUH MASA,BOUSTEAD ESTATES AGENCY SDN BHD,"PROFESSIONAL, SCIENTIFIC, AND TECHNICAL ACTIVITIES",MELAKA,340,MASTER EKSEKUTIF PENGURUSAN PERNIAGAAN,4000.00,ONLINE,8818,MASTER,30-39,36.0
2023,WMPB21305,37,MELAYU,FEMALE,BEKERJA/USAHAWAN/FREELANCE,KARAK GARDEN HOUSE SDN BHD,"PROFESSIONAL, SCIENTIFIC, AND TECHNICAL ACTIVITIES",KUALA LUMPUR,340,MASTER EKSEKUTIF PENGURUSAN PERNIAGAAN,7000.00,ONLINE,8195,MASTER,30-39,37.0
2023,WMPB21402,43,INDIA,MALE,BEKERJA SEPENUH MASA,DXC TECHNOLOGY,"PROFESSIONAL, SCIENTIFIC, AND TECHNICAL ACTIVITIES",PULAU PINANG,340,MASTER EKSEKUTIF PENGURUSAN PERNIAGAAN,6500.00,ONLINE,7348,MASTER,40-49,43.0
2023,WMPB21403,41,INDIA,MALE,BEKERJA SEPENUH MASA,TRT MALAYSIA,"PROFESSIONAL, SCIENTIFIC, AND TECHNICAL ACTIVITIES",KEDAH,340,MASTER EKSEKUTIF PENGURUSAN PERNIAGAAN,18000.00,ONLINE,8799,MASTER,40-49,41.0
2023,WMPB21404,51,MELAYU,FEMALE,BEKERJA/USAHAWAN/FREELANCE,DATA CENTER SPECIALISTS M SDN BHD,"PROFESSIONAL, SCIENTIFIC, AND TECHNICAL ACTIVITIES",SELANGOR,340,MASTER EKSEKUTIF PENGURUSAN PERNIAGAAN,3000.00,ONLINE,8009,MASTER,50-59,51.0
2023,WMPB21405,52,MELAYU,MALE,BEKERJA/USAHAWAN/FREELANCE,DATA CENTER SPECIALISTS M SDN BHD,"PROFESSIONAL, SCIENTIFIC, AND TECHNICAL ACTIVITIES",SELANGOR,340,MASTER EKSEKUTIF PENGURUSAN PERNIAGAAN,10000.00,ONLINE,7788,MASTER,50-59,52.0
2023,WMPB22101,52,INDIA,MALE,BEKERJA SEPENUH MASA,CRRS ONE GLOBAL RESOURCES,"PROFESSIONAL, SCIENTIFIC, AND TECHNICAL ACTIVITIES",SELANGOR,340,MASTER EKSEKUTIF PENGURUSAN PERNIAGAAN,6120.00,ONLINE,8493,MASTER,50-59,52.0
2023,WMPB22103,45,INDIA,MALE,BEKERJA SEPENUH MASA,ACCENTURE CO LTD - THAILAND,"PROFESSIONAL, SCIENTIFIC, AND TECHNICAL ACTIVITIES",NEGERI SEMBILAN,340,MASTER EKSEKUTIF PENGURUSAN PERNIAGAAN,20160.00,ONLINE,8452,MASTER,40-49,45.0
2023,WMPB22105,48,CANTONESE,FEMALE,BEKERJA SEPENUH MASA,MEGA VET FEEDINGSTUFFS SDN BHD,"PROFESSIONAL, SCIENTIFIC, AND TECHNICAL ACTIVITIES",PERAK,340,MASTER EKSEKUTIF PENGURUSAN PERNIAGAAN,6000.00,ONLINE,8201,MASTER,40-49,48.0
2023,WMPB22106,48,MELAYU,FEMALE,BEKERJA SEPENUH MASA,OPTIMISTIC ORGANIC SDN BHD,"PROFESSIONAL, SCIENTIFIC, AND TECHNICAL ACTIVITIES",PAHANG,340,MASTER EKSEKUTIF PENGURUSAN PERNIAGAAN,10000.00,ONLINE,7856,MASTER,40-49,48.0
2023,WMPB22110,42,TAMIL,MALE,BEKERJA SEPENUH MASA,YTL CEMENT SDN BHD,"PROFESSIONAL, SCIENTIFIC, AND TECHNICAL ACTIVITIES",PAHANG,340,MASTER EKSEKUTIF PENGURUSAN PERNIAGAAN,5000.00,ONLINE,7459,MASTER,40-49,42.0
2023,WMPB22112,44,TAMIL,MALE,BEKERJA SEPENUH MASA,ECHOCHEM SDN BHD,"PROFESSIONAL, SCIENTIFIC, AND TECHNICAL ACTIVITIES",SELANGOR,340,MASTER EKSEKUTIF PENGURUSAN PERNIAGAAN,10000.00,ONLINE,7486,MASTER,40-49,44.0
2023,WMPB22113,44,CINA,FEMALE,BEKERJA SEPENUH MASA,GOGLOBAL GEO MALAYSIA SDN BHD,"PROFESSIONAL, SCIENTIFIC, AND TECHNICAL ACTIVITIES",SELANGOR,340,MASTER EKSEKUTIF PENGURUSAN PERNIAGAAN,10000.00,ONLINE,8168,MASTER,40-49,44.0
2023,WMPB22115,45,MELAYU,MALE,BEKERJA SEPENUH MASA,SYARIKAT METRO KRISTAL SINAR SDN BHD,"PROFESSIONAL, SCIENTIFIC, AND TECHNICAL ACTIVITIES",PAHANG,340,MASTER EKSEKUTIF PENGURUSAN PERNIAGAAN,4000.00,ONLINE,7003,MASTER,40-49,45.0
2023,WMPB22203,30,INDIA,MALE,BEKERJA SEPENUH MASA,WONDROUS ENTERPRISE SDN BHD,"PROFESSIONAL, SCIENTIFIC, AND TECHNICAL ACTIVITIES",PAHANG,340,MASTER EKSEKUTIF PENGURUSAN PERNIAGAAN,6000.00,ONLINE,8009,MASTER,30-39,30.0
2023,WMPB22204,55,CINA,FEMALE,BEKERJA SEPENUH MASA,MAH SING HEALTHCARE SDN BHD,"PROFESSIONAL, SCIENTIFIC, AND TECHNICAL ACTIVITIES",SELANGOR,340,MASTER EKSEKUTIF PENGURUSAN PERNIAGAAN,4000.00,ONLINE,7945,MASTER,50-59,55.0
2023,WMPK18312,49,INDIA,MALE,BEKERJA SEPENUH MASA,WESTIN DESARU COAST RESORT JOHOR,"PROFESSIONAL, SCIENTIFIC, AND TECHNICAL ACTIVITIES",SELANGOR,341,MASTER EKSEKUTIF PENGURUSAN KORPORAT,17000.00,ONLINE,8980,MASTER,40-49,49.0
2023,WMPK19122,43,INDIA,MALE,BEKERJA SEPENUH MASA,SIME DARBY PLANTATION SND BHD,"PROFESSIONAL, SCIENTIFIC, AND TECHNICAL ACTIVITIES",NEGERI SEMBILAN,437,MASTER EKSEKUTIF PENGURUSAN KORPORAT (PENGURUSAN PERLADANGAN),2500.00,ONLINE,8892,MASTER,40-49,43.0
2023,WMPK19434,38,FILIPINO,FEMALE,BEKERJA SEPENUH MASA,BSL CONTAINERS SDN BHD,"PROFESSIONAL, SCIENTIFIC, AND TECHNICAL ACTIVITIES",LABUAN,341,MASTER EKSEKUTIF PENGURUSAN KORPORAT,8400.00,ONLINE,7730,MASTER,30-39,38.0
2023,WMPK20122,47,MELAYU,MALE,BEKERJA/USAHAWAN/FREELANCE,AKIN MAJU ENTERPRISE,"PROFESSIONAL, SCIENTIFIC, AND TECHNICAL ACTIVITIES",JOHOR,341,MASTER EKSEKUTIF PENGURUSAN KORPORAT,5000.00,ONLINE,7199,MASTER,40-49,47.0
2023,WMPK20231,45,CINA,MALE,BEKERJA SEPENUH MASA,QL PACIFIC VET GROUP SDN BHD,"PROFESSIONAL, SCIENTIFIC, AND TECHNICAL ACTIVITIES",SELANGOR,341,MASTER EKSEKUTIF PENGURUSAN KORPORAT,5000.00,ONLINE,8903,MASTER,40-49,45.0
2023,WMPK20232,49,CINA,MALE,BEKERJA SEPENUH MASA,MCA SERI KEMBANGAN,"PROFESSIONAL, SCIENTIFIC, AND TECHNICAL ACTIVITIES",SELANGOR,341,MASTER EKSEKUTIF PENGURUSAN KORPORAT,4700.00,ONLINE,8500,MASTER,40-49,49.0
2023,WMPK20306,50,COCOS-SABAH,FEMALE,BEKERJA/USAHAWAN/FREELANCE,EL-SPACE CORPORATION,"PROFESSIONAL, SCIENTIFIC, AND TECHNICAL ACTIVITIES",SABAH,341,MASTER EKSEKUTIF PENGURUSAN KORPORAT,10000.00,ONLINE,8347,MASTER,50-59,50.0
2023,WMPK20309,51,INDIA,MALE,BEKERJA SEPENUH MASA,IKHASAS GROUP,"PROFESSIONAL, SCIENTIFIC, AND TECHNICAL ACTIVITIES",MELAKA,341,MASTER EKSEKUTIF PENGURUSAN KORPORAT,20000.00,ONLINE,7369,MASTER,50-59,51.0
2023,WMPK20403,44,INDIA,FEMALE,BEKERJA SEPENUH MASA,FUJIFILM SDN BHD,"PROFESSIONAL, SCIENTIFIC, AND TECHNICAL ACTIVITIES",SELANGOR,341,MASTER EKSEKUTIF PENGURUSAN KORPORAT,4200.00,ONLINE,7699,MASTER,40-49,44.0
2023,WMPK20404,43,INDIA,FEMALE,BEKERJA SEPENUH MASA,INTELLIGENT MONEY SDN BHD,"PROFESSIONAL, SCIENTIFIC, AND TECHNICAL ACTIVITIES",SELANGOR,341,MASTER EKSEKUTIF PENGURUSAN KORPORAT,4500.00,ONLINE,8889,MASTER,40-49,43.0
2023,WMPK20418,52,KADAZAN-SABAH,FEMALE,BEKERJA SEPENUH MASA,PEJABAT KETUA MENTERI,"PROFESSIONAL, SCIENTIFIC, AND TECHNICAL ACTIVITIES",SABAH,341,MASTER EKSEKUTIF PENGURUSAN KORPORAT,5500.00,ONLINE,7972,MASTER,50-59,52.0
2023,WMPK20437,39,INDIA,FEMALE,BEKERJA SEPENUH MASA,JOHNSON MATTEY SDH. BHD,"PROFESSIONAL, SCIENTIFIC, AND TECHNICAL ACTIVITIES",NEGERI SEMBILAN,341,MASTER EKSEKUTIF PENGURUSAN KORPORAT,6500.00,ONLINE,7327,MASTER,30-39,39.0
2023,WMPK20439,36,INDIA,FEMALE,BEKERJA SEPENUH MASA,SAMSUNG SDI ENEGERY MALAYSIA,"PROFESSIONAL, SCIENTIFIC, AND TECHNICAL ACTIVITIES",NEGERI SEMBILAN,341,MASTER EKSEKUTIF PENGURUSAN KORPORAT,7000.00,ONLINE,7508,MASTER,30-39,36.0
2023,WMPK20440,43,INDIA,MALE,BEKERJA SEPENUH MASA,FWD TECHNOLOGY AND INNOVATION MALAYSIA SDN BHD,"PROFESSIONAL, SCIENTIFIC, AND TECHNICAL ACTIVITIES",SELANGOR,341,MASTER EKSEKUTIF PENGURUSAN KORPORAT,12400.00,ONLINE,8713,MASTER,40-49,43.0
2023,WMPK20447,55,KADAZAN-SABAH,MALE,BEKERJA SEPENUH MASA,JABATAN KASTAM DIRAJA MALAYSIA,"PROFESSIONAL, SCIENTIFIC, AND TECHNICAL ACTIVITIES",SABAH,341,MASTER EKSEKUTIF PENGURUSAN KORPORAT,10000.00,ONLINE,7819,MASTER,50-59,55.0
2023,WMPK20448,47,MELAYU,MALE,BEKERJA SEPENUH MASA,KASTAM DIRAJA MALAYSIA,"PROFESSIONAL, SCIENTIFIC, AND TECHNICAL ACTIVITIES",SABAH,341,MASTER EKSEKUTIF PENGURUSAN KORPORAT,8000.00,ONLINE,7329,MASTER,40-49,47.0
2023,WMPK21101,39,MELAYU,MALE,BEKERJA SEPENUH MASA,PUSAT KHIDMAT RAKYAT PARLIMEN PANDAN,"PROFESSIONAL, SCIENTIFIC, AND TECHNICAL ACTIVITIES",KUALA LUMPUR,341,MASTER EKSEKUTIF PENGURUSAN KORPORAT,3000.00,ONLINE,7739,MASTER,30-39,39.0
2023,WMPK21106,50,KADAZAN-SABAH,MALE,BEKERJA SEPENUH MASA,QUANTUM MEDICAL SOLUTIONS SDN BHD,"PROFESSIONAL, SCIENTIFIC, AND TECHNICAL ACTIVITIES",SABAH,341,MASTER EKSEKUTIF PENGURUSAN KORPORAT,7000.00,ONLINE,8470,MASTER,50-59,50.0
2023,WMPK21125,50,MELAYU,MALE,BEKERJA SEPENUH MASA,MULTI REACH RESOURCES SDN BHD,"PROFESSIONAL, SCIENTIFIC, AND TECHNICAL ACTIVITIES",PERLIS,437,MASTER EKSEKUTIF PENGURUSAN KORPORAT (PENGURUSAN PERLADANGAN),7500.00,ONLINE,7849,MASTER,50-59,50.0
2023,WMPK21126,37,INDIA,FEMALE,BEKERJA SEPENUH MASA,RAKUTEN TRADE,"PROFESSIONAL, SCIENTIFIC, AND TECHNICAL ACTIVITIES",SELANGOR,341,MASTER EKSEKUTIF PENGURUSAN KORPORAT,9450.00,ONLINE,8684,MASTER,30-39,37.0
2023,WMPK21130,51,BAJAU - SABAH,FEMALE,BEKERJA SEPENUH MASA,KRISTAL HANDAL SDN BHD,"PROFESSIONAL, SCIENTIFIC, AND TECHNICAL ACTIVITIES",SABAH,341,MASTER EKSEKUTIF PENGURUSAN KORPORAT,8000.00,ONLINE,8418,MASTER,50-59,51.0
2023,WMPK21137,49,BUGIS,FEMALE,BEKERJA SEPENUH MASA,RED ONE NETWORK SDN BHD,"PROFESSIONAL, SCIENTIFIC, AND TECHNICAL ACTIVITIES",SABAH,341,MASTER EKSEKUTIF PENGURUSAN KORPORAT,4000.00,ONLINE,8576,MASTER,40-49,49.0
2023,WMPK21144,50,INDIA,FEMALE,BEKERJA SEPENUH MASA,STANDARD CHARTERED GBS,"PROFESSIONAL, SCIENTIFIC, AND TECHNICAL ACTIVITIES",SELANGOR,341,MASTER EKSEKUTIF PENGURUSAN KORPORAT,9600.00,ONLINE,7035,MASTER,50-59,50.0
2023,WMPK21148,47,BAJAU - SABAH,MALE,BEKERJA/USAHAWAN/FREELANCE,LADANG MY,"PROFESSIONAL, SCIENTIFIC, AND TECHNICAL ACTIVITIES",SABAH,341,MASTER EKSEKUTIF PENGURUSAN KORPORAT,240000.00,ONLINE,7001,MASTER,40-49,47.0
2023,WMPK21152,53,BIDAYUH/LAND DAYAK - SARAWAK,FEMALE,BEKERJA SEPENUH MASA,ASAGROW ENTERPRISE,"PROFESSIONAL, SCIENTIFIC, AND TECHNICAL ACTIVITIES",SARAWAK,437,MASTER EKSEKUTIF PENGURUSAN KORPORAT (PENGURUSAN PERLADANGAN),3000.00,ONLINE,7951,MASTER,50-59,53.0
2023,WMPK21153,38,BAJAU - SABAH,FEMALE,BEKERJA SEPENUH MASA,LULU MONEY (MALAYSIA) SDN BHD,"PROFESSIONAL, SCIENTIFIC, AND TECHNICAL ACTIVITIES",SABAH,341,MASTER EKSEKUTIF PENGURUSAN KORPORAT,2000.00,ONLINE,8101,MASTER,30-39,38.0
2023,WMPK21156,48,KADAZAN-SABAH,FEMALE,BEKERJA SEPENUH MASA,PROGRESSIVE INSURANCE BHD,"PROFESSIONAL, SCIENTIFIC, AND TECHNICAL ACTIVITIES",SABAH,341,MASTER EKSEKUTIF PENGURUSAN KORPORAT,2500.00,ONLINE,7455,MASTER,40-49,48.0
2023,WMPK21157,33,INDIA,FEMALE,BEKERJA SEPENUH MASA,JI AUTO SDN BHD,"PROFESSIONAL, SCIENTIFIC, AND TECHNICAL ACTIVITIES",NEGERI SEMBILAN,341,MASTER EKSEKUTIF PENGURUSAN KORPORAT,3800.00,ONLINE,7531,MASTER,30-39,33.0
2023,WMPK21161,43,MELAYU,FEMALE,BEKERJA SEPENUH MASA,CLEANROOM INDUSTRIES SDN BHD,"PROFESSIONAL, SCIENTIFIC, AND TECHNICAL ACTIVITIES",PULAU PINANG,341,MASTER EKSEKUTIF PENGURUSAN KORPORAT,4500.00,ONLINE,8761,MASTER,40-49,43.0
2023,WMPK21163,41,KADAZAN-SABAH,MALE,BEKERJA SEPENUH MASA,SABAH LAND DEVELOPMENT BOARD,"PROFESSIONAL, SCIENTIFIC, AND TECHNICAL ACTIVITIES",SABAH,437,MASTER EKSEKUTIF PENGURUSAN KORPORAT (PENGURUSAN PERLADANGAN),7000.00,ONLINE,8028,MASTER,40-49,41.0
2023,WMPK21167,45,IBAN/SEA DAYAK -SARAWAK,MALE,BEKERJA SEPENUH MASA,JAYATIASA HOLDING BERHAD,"PROFESSIONAL, SCIENTIFIC, AND TECHNICAL ACTIVITIES",SARAWAK,437,MASTER EKSEKUTIF PENGURUSAN KORPORAT (PENGURUSAN PERLADANGAN),3200.00,ONLINE,7720,MASTER,40-49,45.0
2023,WMPK21168,44,INDIA,MALE,BEKERJA SEPENUH MASA,HOTEL LE MERIDIEN PUTRAJAYA,"PROFESSIONAL, SCIENTIFIC, AND TECHNICAL ACTIVITIES",SELANGOR,341,MASTER EKSEKUTIF PENGURUSAN KORPORAT,8000.00,ONLINE,7335,MASTER,40-49,44.0
2023,WMPK21201,42,INDIA,FEMALE,BEKERJA SEPENUH MASA,KJ PROPERTY MANAGEMENT SDN BHD,"PROFESSIONAL, SCIENTIFIC, AND TECHNICAL ACTIVITIES",NEGERI SEMBILAN,341,MASTER EKSEKUTIF PENGURUSAN KORPORAT,2800.00,ONLINE,7581,MASTER,40-49,42.0
2023,WMPK21202,51,MELAYU,MALE,BEKERJA/USAHAWAN/FREELANCE,ZURRAH TRAINING CONSULTANCY,"PROFESSIONAL, SCIENTIFIC, AND TECHNICAL ACTIVITIES",JOHOR,341,MASTER EKSEKUTIF PENGURUSAN KORPORAT,5000.00,ONLINE,7745,MASTER,50-59,51.0
2023,WMPK21204,29,INDIA,MALE,BEKERJA SEPENUH MASA,TURBINE OVERHAUL SERVICES PTE LTD,"PROFESSIONAL, SCIENTIFIC, AND TECHNICAL ACTIVITIES",NEGERI SEMBILAN,341,MASTER EKSEKUTIF PENGURUSAN KORPORAT,6000.00,ONLINE,7476,MASTER,<29,29.0
2023,WMPK21206,47,INDIA,FEMALE,BELUM/TIDAK BEKERJA,TROPICANA GOLF & COUNTRY RESORT BERHAD,"PROFESSIONAL, SCIENTIFIC, AND TECHNICAL ACTIVITIES",SELANGOR,341,MASTER EKSEKUTIF PENGURUSAN KORPORAT,5000.00,ONLINE,7097,MASTER,40-49,47.0
2023,WMPK21208,52,MELANAU-SARAWAK,FEMALE,BEKERJA SEPENUH MASA,POS MALAYSIA BHD,"PROFESSIONAL, SCIENTIFIC, AND TECHNICAL ACTIVITIES",SARAWAK,341,MASTER EKSEKUTIF PENGURUSAN KORPORAT,2500.00,ONLINE,7593,MASTER,50-59,52.0
2023,WMPK21210,57,DUSUN-SABAH,MALE,BEKERJA/USAHAWAN/FREELANCE,RSA ENTERPRISE,"PROFESSIONAL, SCIENTIFIC, AND TECHNICAL ACTIVITIES",SABAH,341,MASTER EKSEKUTIF PENGURUSAN KORPORAT,4000.00,ONLINE,7634,MASTER,50-59,57.0
2023,WMPK21214,41,INDIA,FEMALE,BEKERJA SEPENUH MASA,MAXIS BROADBAND SDN BHD,"PROFESSIONAL, SCIENTIFIC, AND TECHNICAL ACTIVITIES",NEGERI SEMBILAN,341,MASTER EKSEKUTIF PENGURUSAN KORPORAT,4020.00,ONLINE,7739,MASTER,40-49,41.0
2023,WMPK21215,42,CINA,FEMALE,BEKERJA SEPENUH MASA,INVENTUS POWER (MALAYSIA) SDN BHD,"PROFESSIONAL, SCIENTIFIC, AND TECHNICAL ACTIVITIES",JOHOR,341,MASTER EKSEKUTIF PENGURUSAN KORPORAT,9700.00,ONLINE,7430,MASTER,40-49,42.0
2023,WMPK21220,36,INDIA,MALE,BEKERJA SEPENUH MASA,ORIENTAL RUBBER AND PALM OIL SDN BHD,"PROFESSIONAL, SCIENTIFIC, AND TECHNICAL ACTIVITIES",PERAK,437,MASTER EKSEKUTIF PENGURUSAN KORPORAT (PENGURUSAN PERLADANGAN),5100.00,ONLINE,8053,MASTER,30-39,36.0
2023,WMPK21224,44,INDIA,FEMALE,BEKERJA SEPENUH MASA,ELITE ELEVATOR SDN BHD,"PROFESSIONAL, SCIENTIFIC, AND TECHNICAL ACTIVITIES",SELANGOR,341,MASTER EKSEKUTIF PENGURUSAN KORPORAT,13000.00,ONLINE,7127,MASTER,40-49,44.0
2023,WMPK21225,51,INDIA,MALE,BEKERJA SEPENUH MASA,NEW BRITAIN PALM OIL LIMITED,"PROFESSIONAL, SCIENTIFIC, AND TECHNICAL ACTIVITIES",PERAK,437,MASTER EKSEKUTIF PENGURUSAN KORPORAT (PENGURUSAN PERLADANGAN),30000.00,ONLINE,8164,MASTER,50-59,51.0
2023,WMPK21229,44,MELAYU,MALE,BEKERJA SEPENUH MASA,COLUMBIA ASIA SDN BHD,"PROFESSIONAL, SCIENTIFIC, AND TECHNICAL ACTIVITIES",SELANGOR,341,MASTER EKSEKUTIF PENGURUSAN KORPORAT,7900.00,ONLINE,8678,MASTER,40-49,44.0
2023,WMPK21230,49,MELAYU,MALE,BEKERJA SEPENUH MASA,PETRONAS DIGITAL SDN.BHD,"PROFESSIONAL, SCIENTIFIC, AND TECHNICAL ACTIVITIES",SELANGOR,341,MASTER EKSEKUTIF PENGURUSAN KORPORAT,25611.00,ONLINE,8844,MASTER,40-49,49.0
2023,WMPK21231,53,INDIA,FEMALE,BEKERJA SEPENUH MASA,UOB (M) BHD,"PROFESSIONAL, SCIENTIFIC, AND TECHNICAL ACTIVITIES",SELANGOR,341,MASTER EKSEKUTIF PENGURUSAN KORPORAT,12800.00,ONLINE,7605,MASTER,50-59,53.0
2023,WMPK21232,47,INDIA,MALE,BEKERJA SEPENUH MASA,NI MALAYSIA SDN BHD,"PROFESSIONAL, SCIENTIFIC, AND TECHNICAL ACTIVITIES",PULAU PINANG,341,MASTER EKSEKUTIF PENGURUSAN KORPORAT,5400.00,ONLINE,7033,MASTER,40-49,47.0
2023,WMPK21305,51,INDIA,FEMALE,BEKERJA SEPENUH MASA,KEJORA RESOURCES SDN BHD,"PROFESSIONAL, SCIENTIFIC, AND TECHNICAL ACTIVITIES",JOHOR,341,MASTER EKSEKUTIF PENGURUSAN KORPORAT,4500.00,ONLINE,7672,MASTER,50-59,51.0
2023,WMPK21306,44,CINA,MALE,BEKERJA SEPENUH MASA,KONNIPA (SARAWAK) SDN. BHD.,"PROFESSIONAL, SCIENTIFIC, AND TECHNICAL ACTIVITIES",SARAWAK,341,MASTER EKSEKUTIF PENGURUSAN KORPORAT,7000.00,ONLINE,7224,MASTER,40-49,44.0
2023,WMPK21307,37,CINA,FEMALE,BEKERJA SEPENUH MASA,SARADISE SDN BHD,"PROFESSIONAL, SCIENTIFIC, AND TECHNICAL ACTIVITIES",SARAWAK,341,MASTER EKSEKUTIF PENGURUSAN KORPORAT,3400.00,ONLINE,8738,MASTER,30-39,37.0
2023,WMPK21308,46,MELAYU,MALE,BEKERJA SEPENUH MASA,NEW BRITAIN PALM OIL LIMITED,"PROFESSIONAL, SCIENTIFIC, AND TECHNICAL ACTIVITIES",KEDAH,437,MASTER EKSEKUTIF PENGURUSAN KORPORAT (PENGURUSAN PERLADANGAN),30999.00,ONLINE,7104,MASTER,40-49,46.0
2023,WMPK21309,38,CINA,FEMALE,BEKERJA SEPENUH MASA,RONZ TRADING,"PROFESSIONAL, SCIENTIFIC, AND TECHNICAL ACTIVITIES",SABAH,341,MASTER EKSEKUTIF PENGURUSAN KORPORAT,3000.00,ONLINE,8055,MASTER,30-39,38.0
2023,WMPK21310,39,CINA,MALE,BEKERJA SEPENUH MASA,GOODYEAR(M) BERHAD,"PROFESSIONAL, SCIENTIFIC, AND TECHNICAL ACTIVITIES",SABAH,341,MASTER EKSEKUTIF PENGURUSAN KORPORAT,8000.00,ONLINE,7947,MASTER,30-39,39.0
2023,WMPK21311,52,MELAYU,MALE,BEKERJA SEPENUH MASA,ECON MOTORS SDN.BHD BRUNEI DARUL SALAM,"PROFESSIONAL, SCIENTIFIC, AND TECHNICAL ACTIVITIES",PULAU PINANG,341,MASTER EKSEKUTIF PENGURUSAN KORPORAT,22000.00,ONLINE,8791,MASTER,50-59,52.0
2023,WMPK21316,44,INDIA,MALE,BEKERJA SEPENUH MASA,WORLD HEALTH ORGANIZATION,"PROFESSIONAL, SCIENTIFIC, AND TECHNICAL ACTIVITIES",SELANGOR,341,MASTER EKSEKUTIF PENGURUSAN KORPORAT,5150.00,ONLINE,8396,MASTER,40-49,44.0
2023,WMPK21317,44,MELAYU,FEMALE,BEKERJA SEPENUH MASA,DMM SALES SDN BHD ( PERODUA ),"PROFESSIONAL, SCIENTIFIC, AND TECHNICAL ACTIVITIES",SELANGOR,341,MASTER EKSEKUTIF PENGURUSAN KORPORAT,5000.00,ONLINE,8383,MASTER,40-49,44.0
2023,WMPK21320,51,INDIA,FEMALE,BEKERJA SEPENUH MASA,SECOM (M) SDN BHD,"PROFESSIONAL, SCIENTIFIC, AND TECHNICAL ACTIVITIES",SELANGOR,341,MASTER EKSEKUTIF PENGURUSAN KORPORAT,6800.00,ONLINE,8791,MASTER,50-59,51.0
2023,WMPK21324,44,INDIA,MALE,BEKERJA SEPENUH MASA,UNICHAMP RESOURCES SDN BHD,"PROFESSIONAL, SCIENTIFIC, AND TECHNICAL ACTIVITIES",PERAK,341,MASTER EKSEKUTIF PENGURUSAN KORPORAT,10040.00,ONLINE,7684,MASTER,40-49,44.0
2023,WMPK21328,44,CANTONESE,FEMALE,BEKERJA SEPENUH MASA,EPD PLASTIC INDUSTRIES SDN BHD,"PROFESSIONAL, SCIENTIFIC, AND TECHNICAL ACTIVITIES",SELANGOR,341,MASTER EKSEKUTIF PENGURUSAN KORPORAT,18000.00,ONLINE,8203,MASTER,40-49,44.0
2023,WMPK21331,54,KHEK (HAKKA),FEMALE,BEKERJA SEPENUH MASA,HONG LEONG YAMAHA MOTOR SDN BHD,"PROFESSIONAL, SCIENTIFIC, AND TECHNICAL ACTIVITIES",PAHANG,341,MASTER EKSEKUTIF PENGURUSAN KORPORAT,4500.00,ONLINE,8000,MASTER,50-59,54.0
2023,WMPK21336,39,INDIA,FEMALE,BEKERJA SEPENUH MASA,PRUDENTIAL ASSURANCE (M) BHD,"PROFESSIONAL, SCIENTIFIC, AND TECHNICAL ACTIVITIES",SELANGOR,341,MASTER EKSEKUTIF PENGURUSAN KORPORAT,5190.00,ONLINE,7568,MASTER,30-39,39.0
2023,WMPK21401,47,MELAYU,FEMALE,BEKERJA SEPENUH MASA,AIA BERHAD,"PROFESSIONAL, SCIENTIFIC, AND TECHNICAL ACTIVITIES",SELANGOR,341,MASTER EKSEKUTIF PENGURUSAN KORPORAT,13500.00,ONLINE,7927,MASTER,40-49,47.0
2023,WMPK21402,37,MELAYU,MALE,BEKERJA SEPENUH MASA,KILANG MAKANAN MAMEE SDN BHD,"PROFESSIONAL, SCIENTIFIC, AND TECHNICAL ACTIVITIES",KUALA LUMPUR,341,MASTER EKSEKUTIF PENGURUSAN KORPORAT,4000.00,ONLINE,8888,MASTER,30-39,37.0
2023,WMPK21403,41,INDIA,MALE,BEKERJA SEPENUH MASA,KVC INDUSTRIAL SUPPLIES SDN BHD,"PROFESSIONAL, SCIENTIFIC, AND TECHNICAL ACTIVITIES",KEDAH,341,MASTER EKSEKUTIF PENGURUSAN KORPORAT,7100.00,ONLINE,8147,MASTER,40-49,41.0
2023,WMPK21408,42,INDIA,MALE,BEKERJA SEPENUH MASA,CONTROL UNION CERTIFICATION (MALAYSIA),"PROFESSIONAL, SCIENTIFIC, AND TECHNICAL ACTIVITIES",JOHOR,437,MASTER EKSEKUTIF PENGURUSAN KORPORAT (PENGURUSAN PERLADANGAN),7600.00,ONLINE,8539,MASTER,40-49,42.0
2023,WMPK21409,51,MELAYU,MALE,BEKERJA SEPENUH MASA,BANK SIMPANAN NASIONAL,"PROFESSIONAL, SCIENTIFIC, AND TECHNICAL ACTIVITIES",SELANGOR,341,MASTER EKSEKUTIF PENGURUSAN KORPORAT,6992.00,ONLINE,7085,MASTER,50-59,51.0
2023,WMPK21414,37,CINA,MALE,BEKERJA SEPENUH MASA,JAYATIASA SDN BHD,"PROFESSIONAL, SCIENTIFIC, AND TECHNICAL ACTIVITIES",SARAWAK,341,MASTER EKSEKUTIF PENGURUSAN KORPORAT,3000.00,ONLINE,7584,MASTER,30-39,37.0
2023,WMPK21417,46,CINA,MALE,BEKERJA SEPENUH MASA,DELFINO SDN BHD,"PROFESSIONAL, SCIENTIFIC, AND TECHNICAL ACTIVITIES",PULAU PINANG,341,MASTER EKSEKUTIF PENGURUSAN KORPORAT,8800.00,ONLINE,8689,MASTER,40-49,46.0
2023,WMPK21427,43,MELAYU,MALE,BEKERJA SEPENUH MASA,PKPP PLANTATION SDN BHD,"PROFESSIONAL, SCIENTIFIC, AND TECHNICAL ACTIVITIES",PAHANG,437,MASTER EKSEKUTIF PENGURUSAN KORPORAT (PENGURUSAN PERLADANGAN),6850.00,ONLINE,8523,MASTER,40-49,43.0
2023,WMPK21428,35,BUGIS,MALE,BEKERJA SEPENUH MASA,LEMBAGA KEMAJUAN TANAH NEGERI SABAH,"PROFESSIONAL, SCIENTIFIC, AND TECHNICAL ACTIVITIES",SABAH,437,MASTER EKSEKUTIF PENGURUSAN KORPORAT (PENGURUSAN PERLADANGAN),4800.00,ONLINE,7393,MASTER,30-39,35.0
2023,WMPK21430,40,MELAYU,MALE,BEKERJA SEPENUH MASA,ANGKATAN KOPERASI KEBANGSAAN MALAYSIA BERHAD (ANGKASA),"PROFESSIONAL, SCIENTIFIC, AND TECHNICAL ACTIVITIES",SELANGOR,341,MASTER EKSEKUTIF PENGURUSAN KORPORAT,4743.00,ONLINE,7275,MASTER,40-49,40.0
2023,WMPK21431,45,MELAYU,MALE,BEKERJA SEPENUH MASA,ANGKATAN KOPERASI KEBANGSAAN MALAYSIA BERHAD,"PROFESSIONAL, SCIENTIFIC, AND TECHNICAL ACTIVITIES",SELANGOR,341,MASTER EKSEKUTIF PENGURUSAN KORPORAT,5080.00,ONLINE,7731,MASTER,40-49,45.0
2023,WMPK21432,42,MELAYU,MALE,BEKERJA SEPENUH MASA,ANGKATAN KOPERASI KEBANGSAAN MALAYSIA BERHAD (ANGKASA),"PROFESSIONAL, SCIENTIFIC, AND TECHNICAL ACTIVITIES",SELANGOR,341,MASTER EKSEKUTIF PENGURUSAN KORPORAT,4993.00,ONLINE,8327,MASTER,40-49,42.0
2023,WMPK21433,41,MELAYU,MALE,BEKERJA SEPENUH MASA,ANGKATAN KOPERASI KEBANGSAAN MALAYSIA BERHAD,"PROFESSIONAL, SCIENTIFIC, AND TECHNICAL ACTIVITIES",SELANGOR,341,MASTER EKSEKUTIF PENGURUSAN KORPORAT,7000.00,ONLINE,8972,MASTER,40-49,41.0
2023,WMPK21436,34,INDIA,MALE,BEKERJA SEPENUH MASA,FUJIFILM BUSINESS INNOVATION MALAYSIA SDN.BHD,"PROFESSIONAL, SCIENTIFIC, AND TECHNICAL ACTIVITIES",SELANGOR,341,MASTER EKSEKUTIF PENGURUSAN KORPORAT,4000.00,ONLINE,8020,MASTER,30-39,34.0
2023,WMPK21438,40,INDIA,FEMALE,BEKERJA SEPENUH MASA,MATTHEWS INTERNATIONAL,"PROFESSIONAL, SCIENTIFIC, AND TECHNICAL ACTIVITIES",PULAU PINANG,341,MASTER EKSEKUTIF PENGURUSAN KORPORAT,4000.00,ONLINE,7767,MASTER,40-49,40.0
2023,WMPK21440,52,CANTONESE,FEMALE,BEKERJA SEPENUH MASA,DOSHIN RUBBER PRODUCTS (M) SDN BHD,"PROFESSIONAL, SCIENTIFIC, AND TECHNICAL ACTIVITIES",SELANGOR,341,MASTER EKSEKUTIF PENGURUSAN KORPORAT,7500.00,ONLINE,8174,MASTER,50-59,52.0
2023,WMPK21442,37,MELAYU,FEMALE,BEKERJA SEPENUH MASA,SINAR JERNIH (M) SDN BHD,"PROFESSIONAL, SCIENTIFIC, AND TECHNICAL ACTIVITIES",KUALA LUMPUR,341,MASTER EKSEKUTIF PENGURUSAN KORPORAT,3650.00,ONLINE,8343,MASTER,30-39,37.0
2023,WMPK22107,48,IBAN/SEA DAYAK -SARAWAK,MALE,BEKERJA SEPENUH MASA,REMANG OFFSHORE SUPPLIES SDN BHD,"PROFESSIONAL, SCIENTIFIC, AND TECHNICAL ACTIVITIES",SARAWAK,437,MASTER EKSEKUTIF PENGURUSAN KORPORAT (PENGURUSAN PERLADANGAN),6000.00,ONLINE,7826,MASTER,40-49,48.0
2023,WMPK22110,40,INDIA,FEMALE,BEKERJA SEPENUH MASA,PPG SERVICES,"PROFESSIONAL, SCIENTIFIC, AND TECHNICAL ACTIVITIES",SELANGOR,341,MASTER EKSEKUTIF PENGURUSAN KORPORAT,3700.00,ONLINE,7655,MASTER,40-49,40.0
2023,WMPK22112,40,MELAYU,MALE,BEKERJA SEPENUH MASA,ANGKATAN KOPERASI KEBANGSAAN MALAYSIA BERHAD,"PROFESSIONAL, SCIENTIFIC, AND TECHNICAL ACTIVITIES",SELANGOR,341,MASTER EKSEKUTIF PENGURUSAN KORPORAT,5230.00,ONLINE,7933,MASTER,40-49,40.0
2023,WMPK22117,36,MELAYU,FEMALE,BEKERJA SEPENUH MASA,URUSAN TEKNOLOGI WAWASAN,"PROFESSIONAL, SCIENTIFIC, AND TECHNICAL ACTIVITIES",PERAK,341,MASTER EKSEKUTIF PENGURUSAN KORPORAT,3100.00,ONLINE,7223,MASTER,30-39,36.0
2023,WMPK22119,42,KHEK (HAKKA),MALE,BEKERJA SEPENUH MASA,CELCOMDIGI BERHAD,"PROFESSIONAL, SCIENTIFIC, AND TECHNICAL ACTIVITIES",SARAWAK,341,MASTER EKSEKUTIF PENGURUSAN KORPORAT,10000.00,ONLINE,8180,MASTER,40-49,42.0
2023,WMPK22123,40,MELAYU,MALE,BEKERJA SEPENUH MASA,DELL TECHNOLOGIES,"PROFESSIONAL, SCIENTIFIC, AND TECHNICAL ACTIVITIES",SELANGOR,341,MASTER EKSEKUTIF PENGURUSAN KORPORAT,9360.00,ONLINE,8449,MASTER,40-49,40.0
2023,WMPK22130,46,INDIA,FEMALE,BEKERJA SEPENUH MASA,STANDARD CHARTERED M SDN BHD,"PROFESSIONAL, SCIENTIFIC, AND TECHNICAL ACTIVITIES",NEGERI SEMBILAN,341,MASTER EKSEKUTIF PENGURUSAN KORPORAT,10000.00,ONLINE,8299,MASTER,40-49,46.0
2023,WMPK22132,41,INDIA,MALE,BEKERJA SEPENUH MASA,ONE WORLD HOTEL,"PROFESSIONAL, SCIENTIFIC, AND TECHNICAL ACTIVITIES",NEGERI SEMBILAN,341,MASTER EKSEKUTIF PENGURUSAN KORPORAT,5000.00,ONLINE,7346,MASTER,40-49,41.0
2023,WMPK22133,44,MELAYU,MALE,BEKERJA SEPENUH MASA,ZENIG AUTO SDN BHD,"PROFESSIONAL, SCIENTIFIC, AND TECHNICAL ACTIVITIES",SELANGOR,341,MASTER EKSEKUTIF PENGURUSAN KORPORAT,12000.00,ONLINE,8356,MASTER,40-49,44.0
2023,WMPK22139,49,MELAYU,FEMALE,BEKERJA SEPENUH MASA,BONDA NOR SDN BHD,"PROFESSIONAL, SCIENTIFIC, AND TECHNICAL ACTIVITIES",TERENGGANU,341,MASTER EKSEKUTIF PENGURUSAN KORPORAT,5000.00,ONLINE,8049,MASTER,40-49,49.0
2023,WMPK22140,44,MELAYU,FEMALE,BEKERJA SEPENUH MASA,BONDA NOR SDN.BHD,"PROFESSIONAL, SCIENTIFIC, AND TECHNICAL ACTIVITIES",TERENGGANU,341,MASTER EKSEKUTIF PENGURUSAN KORPORAT,3000.00,ONLINE,7867,MASTER,40-49,44.0
2023,WMPK22146,42,INDIA,FEMALE,BEKERJA SEPENUH MASA,JIRNEXU SDN BHD,"PROFESSIONAL, SCIENTIFIC, AND TECHNICAL ACTIVITIES",SELANGOR,341,MASTER EKSEKUTIF PENGURUSAN KORPORAT,14000.00,ONLINE,7029,MASTER,40-49,42.0
2023,WMPK22149,43,MELAYU,FEMALE,BEKERJA SEPENUH MASA,BUMIMAS DESA SDN BHD,"PROFESSIONAL, SCIENTIFIC, AND TECHNICAL ACTIVITIES",PAHANG,341,MASTER EKSEKUTIF PENGURUSAN KORPORAT,2500.00,ONLINE,8578,MASTER,40-49,43.0
2023,WMPK22150,34,INDIA,FEMALE,BEKERJA SEPENUH MASA,JOBSTER PTD LTD,"PROFESSIONAL, SCIENTIFIC, AND TECHNICAL ACTIVITIES",JOHOR,341,MASTER EKSEKUTIF PENGURUSAN KORPORAT,3240.00,ONLINE,7831,MASTER,30-39,34.0
2023,WMPK22155,51,MELAYU,MALE,BEKERJA SEPENUH MASA,AET TANKERS PTE LTD,"PROFESSIONAL, SCIENTIFIC, AND TECHNICAL ACTIVITIES",JOHOR,341,MASTER EKSEKUTIF PENGURUSAN KORPORAT,44550.00,ONLINE,8968,MASTER,50-59,51.0
2023,WMPK22161,37,INDIA,FEMALE,BEKERJA SEPENUH MASA,PRASARANA MALAYSIA BERHAD,"PROFESSIONAL, SCIENTIFIC, AND TECHNICAL ACTIVITIES",PULAU PINANG,341,MASTER EKSEKUTIF PENGURUSAN KORPORAT,2500.00,ONLINE,7114,MASTER,30-39,37.0
2023,WMPK22201,40,SULUK-SABAH,MALE,BEKERJA SEPENUH MASA,HAP SENG BUILDING MATERIALS SDN BHD,"PROFESSIONAL, SCIENTIFIC, AND TECHNICAL ACTIVITIES",SABAH,341,MASTER EKSEKUTIF PENGURUSAN KORPORAT,3000.00,ONLINE,7581,MASTER,40-49,40.0
2023,WMPK22203,51,HOKKIEN,MALE,BEKERJA SEPENUH MASA,KERJAYA HOTEL SDN BHD,"PROFESSIONAL, SCIENTIFIC, AND TECHNICAL ACTIVITIES",NEGERI SEMBILAN,341,MASTER EKSEKUTIF PENGURUSAN KORPORAT,18000.00,ONLINE,8743,MASTER,50-59,51.0
2023,WMPK22206,43,SULUK-SABAH,MALE,BEKERJA SEPENUH MASA,SABAH LAND DEVELOPMENT BOARD,"PROFESSIONAL, SCIENTIFIC, AND TECHNICAL ACTIVITIES",SABAH,437,MASTER EKSEKUTIF PENGURUSAN KORPORAT (PENGURUSAN PERLADANGAN),8000.00,ONLINE,7004,MASTER,40-49,43.0
2023,WMPK22207,40,MELAYU,MALE,BEKERJA SEPENUH MASA,GLOBAL GATEWAY CERTIFICATIONS SDN BHD,"PROFESSIONAL, SCIENTIFIC, AND TECHNICAL ACTIVITIES",PAHANG,437,MASTER EKSEKUTIF PENGURUSAN KORPORAT (PENGURUSAN PERLADANGAN),16000.00,ONLINE,8579,MASTER,40-49,40.0
2023,WMPP17201,50,MELAYU,MALE,BEKERJA SEPENUH MASA,SIME DARBY PLANTATION BERHAD,"PROFESSIONAL, SCIENTIFIC, AND TECHNICAL ACTIVITIES",SELANGOR,440,MASTER EKSEKUTIF PENGURUSAN (PERLADANGAN),15000.00,ONLINE,7813,MASTER,50-59,50.0
2023,WMPP17202,50,MELAYU,MALE,BEKERJA SEPENUH MASA,SIME DARBY PLANTATION BERHAD,"PROFESSIONAL, SCIENTIFIC, AND TECHNICAL ACTIVITIES",JOHOR,440,MASTER EKSEKUTIF PENGURUSAN (PERLADANGAN),15000.00,ONLINE,7826,MASTER,50-59,50.0
2024,MMPB23497,72,IBAN/SEA DAYAK -SARAWAK,MALE,BEKERJA SEPENUH MASA,ENGKEREBAI ENTERPISE,"PROFESSIONAL, SCIENTIFIC, AND TECHNICAL ACTIVITIES",SARAWAK,509,MASTER EKSEKUTIF PENGURUSAN PERNIAGAAN,3500.00,ONLINE,8808,MASTER,60+,72.0
2024,HDPB23399,63,MELAYU,MALE,BEKERJA SEPENUH MASA,SAMSUNG C&T (M) SDN BHD,"PROFESSIONAL, SCIENTIFIC, AND TECHNICAL ACTIVITIES",KUALA LUMPUR,374,DIPLOMA PROFESIONAL PENGURUSAN PERNIAGAAN,12000.00,ONLINE,2495,DIPLOMA,60+,63.0
2024,UDPK23330,55,MELAYU,FEMALE,BEKERJA SEPENUH MASA,INTERNATIONAL ISLAMIC UNIVERSITY MALAYSIA,"PROFESSIONAL, SCIENTIFIC, AND TECHNICAL ACTIVITIES",SELANGOR,666,DIPLOMA PROFESIONAL PENGURUSAN BAKAT BERASASKAN KOMPETENSI,10000.00,ONLINE,2082,DIPLOMA,50-59,55.0
2024,UDPK23335,54,MELAYU,FEMALE,BEKERJA SEPENUH MASA,UNIVERSITI TUN HUSSEIN ONN MALAYSIA,"PROFESSIONAL, SCIENTIFIC, AND TECHNICAL ACTIVITIES",JOHOR,666,DIPLOMA PROFESIONAL PENGURUSAN BAKAT BERASASKAN KOMPETENSI,5000.00,ONLINE,2716,DIPLOMA,50-59,54.0
2024,MMPB23483,53,MELAYU,FEMALE,BEKERJA SEPENUH MASA,ALNOOR INTERNATIONAL SCHOOL,"PROFESSIONAL, SCIENTIFIC, AND TECHNICAL ACTIVITIES",SELANGOR,509,MASTER EKSEKUTIF PENGURUSAN PERNIAGAAN,2500.00,ONLINE,7044,MASTER,50-59,53.0
2024,HDKP23498,53,MELAYU,MALE,BEKERJA SEPENUH MASA,TRANSYSTEM CONTINENTAL SDN BHD,OTHER,MELAKA,350,"DIPLOMA PROFESIONAL KESELAMATAN, KESIHATAN DAN PERSEKITARAN",4000.00,ONLINE,2589,DIPLOMA,50-59,53.0
2024,MMPB23493,52,MELAYU,FEMALE,BEKERJA SEPENUH MASA,STBS TRADING,"PROFESSIONAL, SCIENTIFIC, AND TECHNICAL ACTIVITIES",KELANTAN,509,MASTER EKSEKUTIF PENGURUSAN PERNIAGAAN,10000.00,ONLINE,8216,MASTER,50-59,52.0
2024,HMPM23492,52,MELAYU,MALE,BEKERJA SEPENUH MASA,TITIAN BAYU (M) SDN BHD,"PROFESSIONAL, SCIENTIFIC, AND TECHNICAL ACTIVITIES",SELANGOR,348,MASTER EKSEKUTIF OPERASI DAN PENGURUSAN PROJEK,5000.00,ONLINE,7138,MASTER,50-59,52.0
2024,UDPK23315,52,MELAYU,FEMALE,BEKERJA SEPENUH MASA,INTERNATIONAL ISLAMIC UNIVERSITY MALAYSIA,"PROFESSIONAL, SCIENTIFIC, AND TECHNICAL ACTIVITIES",SELANGOR,666,DIPLOMA PROFESIONAL PENGURUSAN BAKAT BERASASKAN KOMPETENSI,8000.00,ONLINE,3643,DIPLOMA,50-59,52.0
2024,WMPK23499,52,IBAN/SEA DAYAK -SARAWAK,MALE,BEKERJA SEPENUH MASA,NURATECH SDN BHD,"PROFESSIONAL, SCIENTIFIC, AND TECHNICAL ACTIVITIES",SARAWAK,341,MASTER EKSEKUTIF PENGURUSAN KORPORAT,15000.00,ONLINE,8821,MASTER,50-59,52.0
2024,UDPK23314,52,INDIA,FEMALE,BEKERJA SEPENUH MASA,HOSPITAL CANSELOR TUANKU MUHRIZ UKM,"PROFESSIONAL, SCIENTIFIC, AND TECHNICAL ACTIVITIES",KUALA LUMPUR,666,DIPLOMA PROFESIONAL PENGURUSAN BAKAT BERASASKAN KOMPETENSI,7000.00,ONLINE,3183,DIPLOMA,50-59,52.0
2024,HDKP23499,51,MELAYU,MALE,BEKERJA SEPENUH MASA,HIBISCUS SDN BHD,OTHER,JOHOR,350,"DIPLOMA PROFESIONAL KESELAMATAN, KESIHATAN DAN PERSEKITARAN",8000.00,ONLINE,3513,DIPLOMA,50-59,51.0
2024,LDPB23399,51,MELAYU,FEMALE,BEKERJA SEPARA MASA,MARK WANT LEGACY SDN BHD,"PROFESSIONAL, SCIENTIFIC, AND TECHNICAL ACTIVITIES",KUALA LUMPUR,374,DIPLOMA PROFESIONAL PENGURUSAN PERNIAGAAN,3000.00,ONLINE,2235,DIPLOMA,50-59,51.0
2024,UDMPB23394,51,MELAYU,MALE,BEKERJA SEPENUH MASA,PENGURUSAN AIR SELANGOR SDN BHD,"PROFESSIONAL, SCIENTIFIC, AND TECHNICAL ACTIVITIES",SELANGOR,340,MASTER EKSEKUTIF PENGURUSAN PERNIAGAAN,10600.00,ONLINE,7455,MASTER,50-59,51.0
2024,UDPK23343,51,MELAYU,FEMALE,BEKERJA SEPENUH MASA,UNIVERSITI SAINS MALAYSIA,"PROFESSIONAL, SCIENTIFIC, AND TECHNICAL ACTIVITIES",KELANTAN,666,DIPLOMA PROFESIONAL PENGURUSAN BAKAT BERASASKAN KOMPETENSI,8612.00,ONLINE,2391,DIPLOMA,50-59,51.0
2024,MMPB23496,50,IBAN/SEA DAYAK -SARAWAK,MALE,BEKERJA SEPENUH MASA,MAXGRIP SERVICES SDN BHD,"PROFESSIONAL, SCIENTIFIC, AND TECHNICAL ACTIVITIES",SARAWAK,509,MASTER EKSEKUTIF PENGURUSAN PERNIAGAAN,5000.00,ONLINE,8902,MASTER,50-59,50.0
2024,MMPN23495,50,INDIA,MALE,BEKERJA SEPENUH MASA,PARKER HANIFFIN MALAYSIA SDN BHD,MANUFACTURING,SELANGOR,379,MASTER EKSEKUTIF TEKNOLOGI KEJURUTERAAN INDUSTRI,5000.00,ONLINE,8528,MASTER,50-59,50.0
2024,HMPM23499,50,MELAYU,MALE,BEKERJA SEPENUH MASA,TMS ROTATING (M) SDN. BHD.,"PROFESSIONAL, SCIENTIFIC, AND TECHNICAL ACTIVITIES",SELANGOR,348,MASTER EKSEKUTIF OPERASI DAN PENGURUSAN PROJEK,15000.00,ONLINE,8413,MASTER,50-59,50.0
2024,UDPK23313,50,MELAYU,MALE,BEKERJA SEPENUH MASA,UNIVERSITI PUTRA MALAYSIA,"PROFESSIONAL, SCIENTIFIC, AND TECHNICAL ACTIVITIES",SELANGOR,666,DIPLOMA PROFESIONAL PENGURUSAN BAKAT BERASASKAN KOMPETENSI,10000.00,ONLINE,2147,DIPLOMA,50-59,50.0
2024,LDPB23398,50,MELAYU,MALE,BEKERJA SEPENUH MASA,MARK WANT LEGACY SDN BHD,"PROFESSIONAL, SCIENTIFIC, AND TECHNICAL ACTIVITIES",SELANGOR,374,DIPLOMA PROFESIONAL PENGURUSAN PERNIAGAAN,5000.00,ONLINE,3259,DIPLOMA,50-59,50.0
2024,UDPK23317,50,MELAYU,MALE,BEKERJA SEPENUH MASA,UNIVERSITI TUN HUSSEIN ONN MALAYSIA,"PROFESSIONAL, SCIENTIFIC, AND TECHNICAL ACTIVITIES",JOHOR,666,DIPLOMA PROFESIONAL PENGURUSAN BAKAT BERASASKAN KOMPETENSI,6500.00,ONLINE,3310,DIPLOMA,50-59,50.0
2024,UDPK23327,50,MELAYU,FEMALE,BEKERJA SEPENUH MASA,UNIVERSITI MALAYSIA TERENGGANU,"PROFESSIONAL, SCIENTIFIC, AND TECHNICAL ACTIVITIES",TERENGGANU,666,DIPLOMA PROFESIONAL PENGURUSAN BAKAT BERASASKAN KOMPETENSI,8182.00,ONLINE,2496,DIPLOMA,50-59,50.0
2024,UFDOL23496,50,MELAYU,MALE,BEKERJA SEPENUH MASA,PETRONAS GAS BERHAD,MINING AND QUARRYING,JOHOR,610,DIPLOMA PROFESIONAL OPERASI DAN PENYELENGGARAAN LOJI PROSES (INDUSTRI PEMPROSESAN GAS),9500.00,ONLINE,3379,DIPLOMA,50-59,50.0
2024,MMPB23486,49,MELAYU,MALE,BEKERJA SEPENUH MASA,LAM RESEARCH INTERNATIONAL SDN BHD,"PROFESSIONAL, SCIENTIFIC, AND TECHNICAL ACTIVITIES",PULAU PINANG,509,MASTER EKSEKUTIF PENGURUSAN PERNIAGAAN,13850.00,ONLINE,7610,MASTER,40-49,49.0
2024,MMPN23499,49,BIDAYUH/LAND DAYAK - SARAWAK,MALE,BEKERJA SEPENUH MASA,SARAWAK DIGITAL ECONOMIC CORPORATION,MANUFACTURING,SARAWAK,379,MASTER EKSEKUTIF TEKNOLOGI KEJURUTERAAN INDUSTRI,10500.00,ONLINE,8849,MASTER,40-49,49.0
2024,HMPB23497,49,MELAYU,MALE,BELUM/TIDAK BEKERJA,TIADA,"PROFESSIONAL, SCIENTIFIC, AND TECHNICAL ACTIVITIES",SARAWAK,488,MASTER EKSEKUTIF PENGURUSAN PERNIAGAAN,2500.00,ONLINE,8479,MASTER,40-49,49.0
2024,MMPB23490,49,INDIA,MALE,BEKERJA/USAHAWAN/FREELANCE,ADVANCE TECHNO INTERNATIONAL (M) SDN. BHD.,"PROFESSIONAL, SCIENTIFIC, AND TECHNICAL ACTIVITIES",SELANGOR,509,MASTER EKSEKUTIF PENGURUSAN PERNIAGAAN,6000.00,ONLINE,8699,MASTER,40-49,49.0
2024,UDPK23322,48,MELAYU,MALE,BEKERJA SEPENUH MASA,UNIVERSITI TUN HUSSEIN ONN MALAYSIA,"PROFESSIONAL, SCIENTIFIC, AND TECHNICAL ACTIVITIES",JOHOR,666,DIPLOMA PROFESIONAL PENGURUSAN BAKAT BERASASKAN KOMPETENSI,13000.00,ONLINE,3172,DIPLOMA,40-49,48.0
2024,UDMPB23389,48,MELAYU,FEMALE,BEKERJA SEPARA MASA,NUTRILAND M SDN BHD,"PROFESSIONAL, SCIENTIFIC, AND TECHNICAL ACTIVITIES",KELANTAN,340,MASTER EKSEKUTIF PENGURUSAN PERNIAGAAN,5500.00,ONLINE,8622,MASTER,40-49,48.0
2024,UDMPB23395,48,BUGIS,MALE,BEKERJA/USAHAWAN/FREELANCE,TIADA-,"PROFESSIONAL, SCIENTIFIC, AND TECHNICAL ACTIVITIES",NEGERI SEMBILAN,340,MASTER EKSEKUTIF PENGURUSAN PERNIAGAAN,3800.00,ONLINE,7069,MASTER,40-49,48.0
2024,UDPK23303,48,MELAYU,FEMALE,BEKERJA SEPENUH MASA,UNIVERSITI MALAYA,"PROFESSIONAL, SCIENTIFIC, AND TECHNICAL ACTIVITIES",SELANGOR,666,DIPLOMA PROFESIONAL PENGURUSAN BAKAT BERASASKAN KOMPETENSI,10047.00,ONLINE,3621,DIPLOMA,40-49,48.0
2024,UDPK23337,48,MELAYU,FEMALE,BEKERJA SEPENUH MASA,UNIVERSITI PENDIDIKAN SULTAN IDRIS,"PROFESSIONAL, SCIENTIFIC, AND TECHNICAL ACTIVITIES",PERAK,666,DIPLOMA PROFESIONAL PENGURUSAN BAKAT BERASASKAN KOMPETENSI,5500.00,ONLINE,2834,DIPLOMA,40-49,48.0
2024,UFDOL23202,48,MELAYU,MALE,BEKERJA SEPENUH MASA,AWORLDTEC ENGINEERING SDN BHD,MINING AND QUARRYING,TERENGGANU,610,DIPLOMA PROFESIONAL OPERASI DAN PENYELENGGARAAN LOJI PROSES (INDUSTRI PEMPROSESAN GAS),7700.00,ONLINE,3923,DIPLOMA,40-49,48.0
2024,UDPK23333,47,MELAYU,FEMALE,BEKERJA SEPENUH MASA,UNIVERSITI MALAYSIA SARAWAK (UNIMAS),"PROFESSIONAL, SCIENTIFIC, AND TECHNICAL ACTIVITIES",SARAWAK,666,DIPLOMA PROFESIONAL PENGURUSAN BAKAT BERASASKAN KOMPETENSI,5000.00,ONLINE,3829,DIPLOMA,40-49,47.0
2024,UDPK23344,47,MELAYU,MALE,BEKERJA SEPENUH MASA,UPNM,"PROFESSIONAL, SCIENTIFIC, AND TECHNICAL ACTIVITIES",NEGERI SEMBILAN,666,DIPLOMA PROFESIONAL PENGURUSAN BAKAT BERASASKAN KOMPETENSI,0.00,ONLINE,2762,DIPLOMA,40-49,47.0
2024,WDPS23398,47,BAJAU - SABAH,FEMALE,BEKERJA SEPENUH MASA,KUMPULAN YAYASAN SABAH,"PROFESSIONAL, SCIENTIFIC, AND TECHNICAL ACTIVITIES",SABAH,370,DIPLOMA PROFESIONAL PENGURUSAN SUMBER MANUSIA,2100.00,ONLINE,3787,DIPLOMA,40-49,47.0
2024,UDPK23332,47,MELAYU,FEMALE,BEKERJA SEPENUH MASA,UNIVERSITI SAINS ISLAM MALAYSIA,"PROFESSIONAL, SCIENTIFIC, AND TECHNICAL ACTIVITIES",NEGERI SEMBILAN,666,DIPLOMA PROFESIONAL PENGURUSAN BAKAT BERASASKAN KOMPETENSI,9432.00,ONLINE,2459,DIPLOMA,40-49,47.0
2024,UDPK23321,47,MELAYU,MALE,BEKERJA SEPENUH MASA,UNIVERSITI UTARA MALAYSIA,"PROFESSIONAL, SCIENTIFIC, AND TECHNICAL ACTIVITIES",KEDAH,666,DIPLOMA PROFESIONAL PENGURUSAN BAKAT BERASASKAN KOMPETENSI,6500.00,ONLINE,3771,DIPLOMA,40-49,47.0
2024,UDMPB23384,47,MELAYU,MALE,BEKERJA SEPENUH MASA,TAN CHONG EKSPRESS AUTO SERVIS SDN BHD,"PROFESSIONAL, SCIENTIFIC, AND TECHNICAL ACTIVITIES",KEDAH,340,MASTER EKSEKUTIF PENGURUSAN PERNIAGAAN,8000.00,ONLINE,7814,MASTER,40-49,47.0
2024,WDPP23499,46,SUNGAI-SABAH,MALE,BEKERJA SEPENUH MASA,SATRIA ERAMAJU SDN. BHD.,"PROFESSIONAL, SCIENTIFIC, AND TECHNICAL ACTIVITIES",SABAH,357,DIPLOMA PROFESIONAL PENGURUSAN PERLADANGAN & TEKNOLOGI,6333.00,ONLINE,3497,DIPLOMA,40-49,46.0
2024,UDPK23341,46,MELAYU,FEMALE,BEKERJA SEPENUH MASA,UNIVERSITI PENDIDIKAN SULTAN IDRIS,"PROFESSIONAL, SCIENTIFIC, AND TECHNICAL ACTIVITIES",PERAK,666,DIPLOMA PROFESIONAL PENGURUSAN BAKAT BERASASKAN KOMPETENSI,6996.00,ONLINE,3985,DIPLOMA,40-49,46.0
2024,UDMPB23382,46,CINA,FEMALE,BEKERJA/USAHAWAN/FREELANCE,ANSEN VISION SDN BHD,"PROFESSIONAL, SCIENTIFIC, AND TECHNICAL ACTIVITIES",SARAWAK,340,MASTER EKSEKUTIF PENGURUSAN PERNIAGAAN,5000.00,ONLINE,7857,MASTER,40-49,46.0
2024,UDPK23320,46,MELAYU,MALE,BEKERJA SEPENUH MASA,UNIVERSITI KEBANGSAAN MALAYSIA,"PROFESSIONAL, SCIENTIFIC, AND TECHNICAL ACTIVITIES",SELANGOR,666,DIPLOMA PROFESIONAL PENGURUSAN BAKAT BERASASKAN KOMPETENSI,6929.00,ONLINE,3090,DIPLOMA,40-49,46.0
2024,UDPK23342,46,MELAYU,FEMALE,BEKERJA SEPENUH MASA,UNIVERSITI TEKNOLOGI MARA,"PROFESSIONAL, SCIENTIFIC, AND TECHNICAL ACTIVITIES",SELANGOR,666,DIPLOMA PROFESIONAL PENGURUSAN BAKAT BERASASKAN KOMPETENSI,6000.00,ONLINE,2137,DIPLOMA,40-49,46.0
2024,MMPN23497,46,MELAYU,MALE,BEKERJA SEPENUH MASA,AKTIO MALAYSIA SDN.BHD,MANUFACTURING,SELANGOR,379,MASTER EKSEKUTIF TEKNOLOGI KEJURUTERAAN INDUSTRI,5050.00,ONLINE,8405,MASTER,40-49,46.0
2024,MMPN23498,46,HOKKIEN,MALE,BEKERJA SEPENUH MASA,SARAWAK DIGITAL ECONOMY CORPORATION,MANUFACTURING,SARAWAK,379,MASTER EKSEKUTIF TEKNOLOGI KEJURUTERAAN INDUSTRI,6800.00,ONLINE,7513,MASTER,40-49,46.0
2024,UDPK23334,45,MELAYU,FEMALE,BEKERJA SEPENUH MASA,UNIVERSITI TEKNOLOGI MALAYSIA,"PROFESSIONAL, SCIENTIFIC, AND TECHNICAL ACTIVITIES",JOHOR,666,DIPLOMA PROFESIONAL PENGURUSAN BAKAT BERASASKAN KOMPETENSI,5000.00,ONLINE,3592,DIPLOMA,40-49,45.0
2024,UFDOL23497,45,MELAYU,MALE,BEKERJA SEPENUH MASA,PETRONAS GAS BERHAD,MINING AND QUARRYING,TERENGGANU,610,DIPLOMA PROFESIONAL OPERASI DAN PENYELENGGARAAN LOJI PROSES (INDUSTRI PEMPROSESAN GAS),8000.00,ONLINE,3903,DIPLOMA,40-49,45.0
2024,UDPK23340,45,MELAYU,FEMALE,BEKERJA SEPENUH MASA,UMT,"PROFESSIONAL, SCIENTIFIC, AND TECHNICAL ACTIVITIES",TERENGGANU,666,DIPLOMA PROFESIONAL PENGURUSAN BAKAT BERASASKAN KOMPETENSI,5000.00,ONLINE,3460,DIPLOMA,40-49,45.0
2024,HMPM23495,45,BUGIS,MALE,BEKERJA SEPENUH MASA,QHAZANAH CEKAL BERSEPADU SDN BHD,"PROFESSIONAL, SCIENTIFIC, AND TECHNICAL ACTIVITIES",SABAH,348,MASTER EKSEKUTIF OPERASI DAN PENGURUSAN PROJEK,6498.00,ONLINE,7857,MASTER,40-49,45.0
2024,UDPK23325,45,MELAYU,FEMALE,BEKERJA SEPENUH MASA,UNIVERSITI SULTAN ZAINAL ABIDIN (UNISZA),"PROFESSIONAL, SCIENTIFIC, AND TECHNICAL ACTIVITIES",TERENGGANU,666,DIPLOMA PROFESIONAL PENGURUSAN BAKAT BERASASKAN KOMPETENSI,5104.00,ONLINE,3905,DIPLOMA,40-49,45.0
2024,LMPB22399,45,MELAYU,MALE,BEKERJA/USAHAWAN/FREELANCE,RND RESOURCES SDN BHD,"PROFESSIONAL, SCIENTIFIC, AND TECHNICAL ACTIVITIES",SELANGOR,509,MASTER EKSEKUTIF PENGURUSAN PERNIAGAAN,100000.00,ONLINE,8749,MASTER,40-49,45.0
2024,UDPK23328,44,MELAYU,FEMALE,BEKERJA SEPENUH MASA,UMPSA,"PROFESSIONAL, SCIENTIFIC, AND TECHNICAL ACTIVITIES",PAHANG,666,DIPLOMA PROFESIONAL PENGURUSAN BAKAT BERASASKAN KOMPETENSI,6000.00,ONLINE,3393,DIPLOMA,40-49,44.0
2024,HMPB23496,44,MELAYU,FEMALE,BEKERJA SEPENUH MASA,ABLE DAIRIES SDN BHD,"PROFESSIONAL, SCIENTIFIC, AND TECHNICAL ACTIVITIES",SELANGOR,488,MASTER EKSEKUTIF PENGURUSAN PERNIAGAAN,4700.00,ONLINE,8465,MASTER,40-49,44.0
2024,UDPK23324,44,MELAYU,FEMALE,BEKERJA SEPENUH MASA,UNIVERSITI TEKNOLOGI MARA (UITM),"PROFESSIONAL, SCIENTIFIC, AND TECHNICAL ACTIVITIES",SELANGOR,666,DIPLOMA PROFESIONAL PENGURUSAN BAKAT BERASASKAN KOMPETENSI,8000.00,ONLINE,2591,DIPLOMA,40-49,44.0
2024,UDMPB24299,44,MELAYU,MALE,BEKERJA SEPENUH MASA,LINCOLN UNIVERSITY COLLEGE,"PROFESSIONAL, SCIENTIFIC, AND TECHNICAL ACTIVITIES",SELANGOR,340,MASTER EKSEKUTIF PENGURUSAN PERNIAGAAN,22500.00,ONLINE,8616,MASTER,40-49,44.0
2024,UDPK23308,44,MELAYU,MALE,BEKERJA SEPENUH MASA,UNIVERSITI MALAYSIA SARAWAK,"PROFESSIONAL, SCIENTIFIC, AND TECHNICAL ACTIVITIES",SARAWAK,666,DIPLOMA PROFESIONAL PENGURUSAN BAKAT BERASASKAN KOMPETENSI,7000.00,ONLINE,2007,DIPLOMA,40-49,44.0
2024,UDPK23346,44,MELAYU,MALE,BEKERJA SEPENUH MASA,UNIVERSITI KEBANGSAAN MALAYSIA,"PROFESSIONAL, SCIENTIFIC, AND TECHNICAL ACTIVITIES",SELANGOR,666,DIPLOMA PROFESIONAL PENGURUSAN BAKAT BERASASKAN KOMPETENSI,8200.00,ONLINE,3605,DIPLOMA,40-49,44.0
2024,MMPB23491,44,MELAYU,MALE,BEKERJA SEPENUH MASA,SURUHANJAYA PERKHIDMATAN AWAM NEGERI SABAH,"PROFESSIONAL, SCIENTIFIC, AND TECHNICAL ACTIVITIES",SABAH,509,MASTER EKSEKUTIF PENGURUSAN PERNIAGAAN,9546.00,ONLINE,7721,MASTER,40-49,44.0
2024,MMPB23488,44,TAMIL,MALE,BEKERJA SEPENUH MASA,EMIRATES,"PROFESSIONAL, SCIENTIFIC, AND TECHNICAL ACTIVITIES",SELANGOR,509,MASTER EKSEKUTIF PENGURUSAN PERNIAGAAN,8095.00,ONLINE,7116,MASTER,40-49,44.0
2024,UDMPB23383,44,MELAYU,MALE,BEKERJA SEPENUH MASA,SFR MARKETING SDN BHD,"PROFESSIONAL, SCIENTIFIC, AND TECHNICAL ACTIVITIES",NEGERI SEMBILAN,340,MASTER EKSEKUTIF PENGURUSAN PERNIAGAAN,5000.00,ONLINE,8328,MASTER,40-49,44.0
2024,MMPB23480,44,INDIA,MALE,BEKERJA SEPENUH MASA,STANDARD CHARTERED BANK,"PROFESSIONAL, SCIENTIFIC, AND TECHNICAL ACTIVITIES",NEGERI SEMBILAN,509,MASTER EKSEKUTIF PENGURUSAN PERNIAGAAN,10700.00,ONLINE,8383,MASTER,40-49,44.0
2024,UDMPB23388,43,MELAYU,FEMALE,BEKERJA SEPENUH MASA,BRIDGEX SDN BHD,"PROFESSIONAL, SCIENTIFIC, AND TECHNICAL ACTIVITIES",SELANGOR,340,MASTER EKSEKUTIF PENGURUSAN PERNIAGAAN,8000.00,ONLINE,7571,MASTER,40-49,43.0
2024,UDPK23311,43,MELAYU,FEMALE,BEKERJA SEPENUH MASA,UNIVERSITI KEBANGSAAN MALAYSIA,"PROFESSIONAL, SCIENTIFIC, AND TECHNICAL ACTIVITIES",SELANGOR,666,DIPLOMA PROFESIONAL PENGURUSAN BAKAT BERASASKAN KOMPETENSI,5650.00,ONLINE,3864,DIPLOMA,40-49,43.0
2024,MMPB23495,43,TAMIL,FEMALE,BEKERJA SEPENUH MASA,SINGTEL,"PROFESSIONAL, SCIENTIFIC, AND TECHNICAL ACTIVITIES",JOHOR,509,MASTER EKSEKUTIF PENGURUSAN PERNIAGAAN,11000.00,ONLINE,8361,MASTER,40-49,43.0
2024,UDPK23309,43,MELAYU,MALE,BEKERJA SEPENUH MASA,UNIVERSITI SAINS ISLAM MALAYSIA,"PROFESSIONAL, SCIENTIFIC, AND TECHNICAL ACTIVITIES",NEGERI SEMBILAN,666,DIPLOMA PROFESIONAL PENGURUSAN BAKAT BERASASKAN KOMPETENSI,9000.00,ONLINE,2481,DIPLOMA,40-49,43.0
2024,WMPK23498,43,IBAN/SEA DAYAK -SARAWAK,MALE,BEKERJA SEPENUH MASA,NURATECH SDN.BHD,"PROFESSIONAL, SCIENTIFIC, AND TECHNICAL ACTIVITIES",SARAWAK,341,MASTER EKSEKUTIF PENGURUSAN KORPORAT,5500.00,ONLINE,8272,MASTER,40-49,43.0
2024,HMPM23494,42,MELAYU,MALE,BEKERJA SEPENUH MASA,ASSEMBLY SERVIS SDN BHD (TOYOTA),"PROFESSIONAL, SCIENTIFIC, AND TECHNICAL ACTIVITIES",SELANGOR,348,MASTER EKSEKUTIF OPERASI DAN PENGURUSAN PROJEK,3800.00,ONLINE,8892,MASTER,40-49,42.0
2024,MMPB23494,42,INDIA,MALE,BEKERJA SEPENUH MASA,MACGREGOR MALAYSIA SDN BHD,"PROFESSIONAL, SCIENTIFIC, AND TECHNICAL ACTIVITIES",SELANGOR,509,MASTER EKSEKUTIF PENGURUSAN PERNIAGAAN,9750.00,ONLINE,9000,MASTER,40-49,42.0
2024,LDET22308,42,MELAYU,MALE,BEKERJA SEPENUH MASA,"HOSPITAL SULTAN ABDUL AZIZ SHAH ,UNIVERSITI PUTRA MALAYSIA",MANUFACTURING,KELANTAN,557,DIPLOMA PROFESIONAL TEKNOLOGI KEJURUTERAAN ELEKTRIK,3696.63,ONLINE,2510,DIPLOMA,40-49,42.0
2024,MMPN23492,42,TAMIL,MALE,BEKERJA SEPENUH MASA,MICRON MEMORY MALAYSIA SDN. BHD.,MANUFACTURING,KEDAH,379,MASTER EKSEKUTIF TEKNOLOGI KEJURUTERAAN INDUSTRI,4000.00,ONLINE,7160,MASTER,40-49,42.0
2024,HMKN23499,42,IBAN/SEA DAYAK -SARAWAK,MALE,BEKERJA SEPENUH MASA,RIA SOLUTIONS (M) SDN BHD,MANUFACTURING,SARAWAK,396,MASTER EKSEKUTIF PENGURUSAN KEJURUTERAAN PEMBINAAN,9000.00,ONLINE,8768,MASTER,40-49,42.0
2024,UDPK23312,42,MELAYU,MALE,BEKERJA SEPENUH MASA,UNIVERSITI PUTRA MALAYSIA,"PROFESSIONAL, SCIENTIFIC, AND TECHNICAL ACTIVITIES",SELANGOR,666,DIPLOMA PROFESIONAL PENGURUSAN BAKAT BERASASKAN KOMPETENSI,5000.00,ONLINE,3259,DIPLOMA,40-49,42.0
2024,UDPK23305,42,MELAYU,FEMALE,BEKERJA SEPENUH MASA,UNIVERSITI TEKNOLOGI MALAYSIA,"PROFESSIONAL, SCIENTIFIC, AND TECHNICAL ACTIVITIES",TERENGGANU,666,DIPLOMA PROFESIONAL PENGURUSAN BAKAT BERASASKAN KOMPETENSI,8108.00,ONLINE,2297,DIPLOMA,40-49,42.0
2024,UDPK23304,42,BAJAU - SABAH,MALE,BEKERJA SEPENUH MASA,UNVERSITI MALAYSIA SABAH,"PROFESSIONAL, SCIENTIFIC, AND TECHNICAL ACTIVITIES",SABAH,666,DIPLOMA PROFESIONAL PENGURUSAN BAKAT BERASASKAN KOMPETENSI,9085.00,ONLINE,3742,DIPLOMA,40-49,42.0
2024,UDPK23302,42,MELAYU,FEMALE,BEKERJA SEPENUH MASA,UNIVERSITI UTARA MALAYSIA,"PROFESSIONAL, SCIENTIFIC, AND TECHNICAL ACTIVITIES",KELANTAN,666,DIPLOMA PROFESIONAL PENGURUSAN BAKAT BERASASKAN KOMPETENSI,5619.43,ONLINE,3742,DIPLOMA,40-49,42.0
2024,MMPN23496,42,MELAYU,FEMALE,BEKERJA SEPENUH MASA,PREMIUM SOUND SOLUTIONS SDN BHD,MANUFACTURING,KEDAH,379,MASTER EKSEKUTIF TEKNOLOGI KEJURUTERAAN INDUSTRI,4000.00,ONLINE,7377,MASTER,40-49,42.0
2024,UDPK23310,42,MELAYU,FEMALE,BEKERJA SEPENUH MASA,UNIVERSITI TEKNOLOGI MALAYSIA,"PROFESSIONAL, SCIENTIFIC, AND TECHNICAL ACTIVITIES",SELANGOR,666,DIPLOMA PROFESIONAL PENGURUSAN BAKAT BERASASKAN KOMPETENSI,7000.00,ONLINE,3202,DIPLOMA,40-49,42.0
2024,HMPM23496,42,MELAYU,MALE,BEKERJA SEPENUH MASA,DIMENSION BID SDN BHD,"PROFESSIONAL, SCIENTIFIC, AND TECHNICAL ACTIVITIES",TERENGGANU,348,MASTER EKSEKUTIF OPERASI DAN PENGURUSAN PROJEK,5150.00,ONLINE,7348,MASTER,40-49,42.0
2024,WBPN23498,42,IBAN/SEA DAYAK -SARAWAK,MALE,BEKERJA SEPENUH MASA,HAP SENG FERTILIZERS SDN. BHD.,TRANSPORTATION AND STORAGE,SARAWAK,436,BACELOR EKSEKUTIF PENGURUSAN PERNIAGAAN (PENGURUSAN LOGISTIK & RANTAIAN BEKALAN),3800.00,ONLINE,4111,BACELOR,40-49,42.0
2024,UDPK23307,42,BUGIS,MALE,BEKERJA SEPENUH MASA,UNIVERSITI MALAYSIA SABAH,"PROFESSIONAL, SCIENTIFIC, AND TECHNICAL ACTIVITIES",LABUAN,666,DIPLOMA PROFESIONAL PENGURUSAN BAKAT BERASASKAN KOMPETENSI,7000.00,ONLINE,3498,DIPLOMA,40-49,42.0
2024,MMPB23489,42,MELAYU,FEMALE,BEKERJA SEPENUH MASA,CELESTICA PLATFORM AND CLOUD SOLUTIONS MALAYSIA SDN BHD,"PROFESSIONAL, SCIENTIFIC, AND TECHNICAL ACTIVITIES",PULAU PINANG,509,MASTER EKSEKUTIF PENGURUSAN PERNIAGAAN,6500.00,ONLINE,7265,MASTER,40-49,42.0
2024,UDPK23339,41,DUSUN-SABAH,FEMALE,BEKERJA SEPENUH MASA,UNIVERSITI MALAYSIA SABAH,"PROFESSIONAL, SCIENTIFIC, AND TECHNICAL ACTIVITIES",SABAH,666,DIPLOMA PROFESIONAL PENGURUSAN BAKAT BERASASKAN KOMPETENSI,9000.00,ONLINE,3875,DIPLOMA,40-49,41.0
2024,UDPK23318,41,MELAYU,MALE,BEKERJA SEPENUH MASA,UNIVERSITI TEKNOLOGI MARA,"PROFESSIONAL, SCIENTIFIC, AND TECHNICAL ACTIVITIES",SELANGOR,666,DIPLOMA PROFESIONAL PENGURUSAN BAKAT BERASASKAN KOMPETENSI,7000.00,ONLINE,2674,DIPLOMA,40-49,41.0
2024,UDPK23301,41,MELAYU,MALE,BEKERJA SEPENUH MASA,UNIVERSITI PENDIDIKAN SULTAN IDRIS,"PROFESSIONAL, SCIENTIFIC, AND TECHNICAL ACTIVITIES",PERAK,666,DIPLOMA PROFESIONAL PENGURUSAN BAKAT BERASASKAN KOMPETENSI,7000.00,ONLINE,2315,DIPLOMA,40-49,41.0
2024,MMPB23492,41,MELAYU,MALE,BEKERJA SEPENUH MASA,WIDAD GROUP BERHAD,"PROFESSIONAL, SCIENTIFIC, AND TECHNICAL ACTIVITIES",KEDAH,509,MASTER EKSEKUTIF PENGURUSAN PERNIAGAAN,25000.00,ONLINE,7606,MASTER,40-49,41.0
2024,UDPK23347,41,MELAYU,FEMALE,BEKERJA SEPENUH MASA,UNIVERSITI TEKNIKAL MALAYSIA MELAKA,"PROFESSIONAL, SCIENTIFIC, AND TECHNICAL ACTIVITIES",MELAKA,666,DIPLOMA PROFESIONAL PENGURUSAN BAKAT BERASASKAN KOMPETENSI,7000.00,ONLINE,3971,DIPLOMA,40-49,41.0
2024,UDPK23338,40,MELAYU,FEMALE,BEKERJA SEPENUH MASA,UNIVERSITI MALAYA,"PROFESSIONAL, SCIENTIFIC, AND TECHNICAL ACTIVITIES",NEGERI SEMBILAN,666,DIPLOMA PROFESIONAL PENGURUSAN BAKAT BERASASKAN KOMPETENSI,6000.00,ONLINE,2122,DIPLOMA,40-49,40.0
2024,UDPK23319,40,MELAYU,MALE,BEKERJA SEPENUH MASA,UNIVERSITI MALAYSIA KELANTAN (UMK),"PROFESSIONAL, SCIENTIFIC, AND TECHNICAL ACTIVITIES",TERENGGANU,666,DIPLOMA PROFESIONAL PENGURUSAN BAKAT BERASASKAN KOMPETENSI,5000.00,ONLINE,2903,DIPLOMA,40-49,40.0
2024,HMPM23497,40,MELAYU,MALE,BEKERJA SEPENUH MASA,FJ PROPERTY MANAGEMENT SDN BHD,"PROFESSIONAL, SCIENTIFIC, AND TECHNICAL ACTIVITIES",SELANGOR,348,MASTER EKSEKUTIF OPERASI DAN PENGURUSAN PROJEK,6000.00,ONLINE,7045,MASTER,40-49,40.0
2024,UDMPB23398,40,MELAYU,MALE,BEKERJA SEPENUH MASA,GIGA SHIPPING SDN BHD,"PROFESSIONAL, SCIENTIFIC, AND TECHNICAL ACTIVITIES",SABAH,340,MASTER EKSEKUTIF PENGURUSAN PERNIAGAAN,21200.00,ONLINE,7742,MASTER,40-49,40.0
2024,HBPM23499,40,KENYAH-SARAWAK,MALE,BEKERJA SEPENUH MASA,MAXGRIP SERVICES SDN BHD,"PROFESSIONAL, SCIENTIFIC, AND TECHNICAL ACTIVITIES",SARAWAK,388,BACELOR EKSEKUTIF OPERASI DAN PENGURUSAN PROJEK,5000.00,ONLINE,5300,BACELOR,40-49,40.0
2024,UDPK23316,40,MELAYU,MALE,BEKERJA SEPENUH MASA,UNIVERSITI TEKNOLOGI MARA,"PROFESSIONAL, SCIENTIFIC, AND TECHNICAL ACTIVITIES",SELANGOR,666,DIPLOMA PROFESIONAL PENGURUSAN BAKAT BERASASKAN KOMPETENSI,5200.00,ONLINE,2368,DIPLOMA,40-49,40.0
2024,UDPK23331,40,MELAYU,FEMALE,BEKERJA SEPENUH MASA,UNIVERSITI TEKNOLOGI MARA,"PROFESSIONAL, SCIENTIFIC, AND TECHNICAL ACTIVITIES",SELANGOR,666,DIPLOMA PROFESIONAL PENGURUSAN BAKAT BERASASKAN KOMPETENSI,5900.00,ONLINE,2815,DIPLOMA,40-49,40.0
2024,UDMPB23392,39,MELAYU,MALE,BEKERJA SEPENUH MASA,MILLENIUM GLOTECH RESOURCES (M) SDN BHD,"PROFESSIONAL, SCIENTIFIC, AND TECHNICAL ACTIVITIES",KELANTAN,340,MASTER EKSEKUTIF PENGURUSAN PERNIAGAAN,7500.00,ONLINE,7436,MASTER,30-39,39.0
2024,WBPN23499,39,IBAN/SEA DAYAK -SARAWAK,MALE,BEKERJA SEPENUH MASA,"TRADEWINDS PLANTATION BERHAD, TANJUNG MELANO ESTATE","PROFESSIONAL, SCIENTIFIC, AND TECHNICAL ACTIVITIES",SARAWAK,434,BACELOR EKSEKUTIF PENGURUSAN PERNIAGAAN (PENGURUSAN PERLADANGAN),2200.00,ONLINE,4306,BACELOR,30-39,39.0
2024,LDET22305,39,MELAYU,MALE,BEKERJA SEPENUH MASA,HOSPITAL SULTAN ABDUL AZIZ SHAH (UPM),MANUFACTURING,SELANGOR,557,DIPLOMA PROFESIONAL TEKNOLOGI KEJURUTERAAN ELEKTRIK,2600.00,ONLINE,2454,DIPLOMA,30-39,39.0
2024,MMPN23493,39,INDIA,MALE,BEKERJA SEPENUH MASA,SILTERRA MALAYSIA,MANUFACTURING,PERAK,379,MASTER EKSEKUTIF TEKNOLOGI KEJURUTERAAN INDUSTRI,3300.00,ONLINE,8228,MASTER,30-39,39.0
2024,HMPB23498,39,MELAYU,MALE,BEKERJA SEPENUH MASA,RICH TECH RESOURCES SDN BHD,"PROFESSIONAL, SCIENTIFIC, AND TECHNICAL ACTIVITIES",KUALA LUMPUR,488,MASTER EKSEKUTIF PENGURUSAN PERNIAGAAN,10000.00,ONLINE,7913,MASTER,30-39,39.0
2024,UDPK23345,39,MELAYU,FEMALE,BEKERJA SEPENUH MASA,UNIVERSITI PENDIDIKAN SULTAN IDRIS,"PROFESSIONAL, SCIENTIFIC, AND TECHNICAL ACTIVITIES",PERAK,666,DIPLOMA PROFESIONAL PENGURUSAN BAKAT BERASASKAN KOMPETENSI,8000.00,ONLINE,3316,DIPLOMA,30-39,39.0
2024,HMPM23498,39,MELAYU,MALE,BEKERJA SEPENUH MASA,SERVO SECURITY SDN BHD,"PROFESSIONAL, SCIENTIFIC, AND TECHNICAL ACTIVITIES",SELANGOR,348,MASTER EKSEKUTIF OPERASI DAN PENGURUSAN PROJEK,5000.00,ONLINE,7449,MASTER,30-39,39.0
2024,MMPB23487,39,TAMIL,FEMALE,BEKERJA SEPENUH MASA,CMH DIALYSIS CARE,"PROFESSIONAL, SCIENTIFIC, AND TECHNICAL ACTIVITIES",NEGERI SEMBILAN,509,MASTER EKSEKUTIF PENGURUSAN PERNIAGAAN,6000.00,ONLINE,8154,MASTER,30-39,39.0
2024,LMPB22398,38,MELAYU,MALE,BEKERJA SEPENUH MASA,MASS RAPID TRANSIT CORPORATION SDN BHD,"PROFESSIONAL, SCIENTIFIC, AND TECHNICAL ACTIVITIES",SELANGOR,509,MASTER EKSEKUTIF PENGURUSAN PERNIAGAAN,4925.00,ONLINE,8406,MASTER,30-39,38.0
2024,UDPK23306,38,MELAYU,MALE,BEKERJA SEPENUH MASA,UNIVERSITI TUN HUSSEIN ONN MALAYSIA,"PROFESSIONAL, SCIENTIFIC, AND TECHNICAL ACTIVITIES",JOHOR,666,DIPLOMA PROFESIONAL PENGURUSAN BAKAT BERASASKAN KOMPETENSI,8347.00,ONLINE,3055,DIPLOMA,30-39,38.0
2024,HMKP23498,38,KENYAH-SARAWAK,MALE,BEKERJA SEPENUH MASA,DAYANG ENTERPRISE HOLDING BERHAD,OTHER,SARAWAK,380,"MASTER EKSEKUTIF KESELAMATAN, KESIHATAN DAN PERSEKITARAN",6000.00,ONLINE,7058,MASTER,30-39,38.0
2024,MMPB23498,38,MELAYU,FEMALE,BEKERJA SEPENUH MASA,382 DIGITAL CURVE SDN BHD,"PROFESSIONAL, SCIENTIFIC, AND TECHNICAL ACTIVITIES",SARAWAK,509,MASTER EKSEKUTIF PENGURUSAN PERNIAGAAN,5000.00,ONLINE,8618,MASTER,30-39,38.0
2024,UDPK23336,37,MELAYU,FEMALE,BEKERJA SEPENUH MASA,HOSPITAL CANSELOR TUANKU MUHRIZ,"PROFESSIONAL, SCIENTIFIC, AND TECHNICAL ACTIVITIES",SELANGOR,666,DIPLOMA PROFESIONAL PENGURUSAN BAKAT BERASASKAN KOMPETENSI,6000.00,ONLINE,2014,DIPLOMA,30-39,37.0
2024,UDMPB23399,37,MELAYU,MALE,BEKERJA SEPENUH MASA,DOTDASH TECHNOLOGIES SDN BHD,"PROFESSIONAL, SCIENTIFIC, AND TECHNICAL ACTIVITIES",SELANGOR,340,MASTER EKSEKUTIF PENGURUSAN PERNIAGAAN,4500.00,ONLINE,7343,MASTER,30-39,37.0
2024,UDMPB23385,37,BRUNEI-SABAH,MALE,BEKERJA SEPENUH MASA,KORPORASI KEMAJUAN PERIKANAN DAN NELAYAN SABAH (KO-NELAYAN),"PROFESSIONAL, SCIENTIFIC, AND TECHNICAL ACTIVITIES",SABAH,340,MASTER EKSEKUTIF PENGURUSAN PERNIAGAAN,2037.00,ONLINE,8045,MASTER,30-39,37.0
2024,UDMPB23391,37,MELAYU,MALE,BEKERJA SEPENUH MASA,GREAT EASTERN BERHAD,"PROFESSIONAL, SCIENTIFIC, AND TECHNICAL ACTIVITIES",SELANGOR,340,MASTER EKSEKUTIF PENGURUSAN PERNIAGAAN,10000.00,ONLINE,8597,MASTER,30-39,37.0
2024,UDPK23323,37,MELAYU,MALE,BEKERJA SEPENUH MASA,UNIVERSITI SULTAN ZAINAL ABIDIN,"PROFESSIONAL, SCIENTIFIC, AND TECHNICAL ACTIVITIES",TERENGGANU,666,DIPLOMA PROFESIONAL PENGURUSAN BAKAT BERASASKAN KOMPETENSI,5539.00,ONLINE,2055,DIPLOMA,30-39,37.0
2024,UDMPB23396,37,MELAYU,FEMALE,BEKERJA SEPENUH MASA,MAYBANK BERHAD,"PROFESSIONAL, SCIENTIFIC, AND TECHNICAL ACTIVITIES",SABAH,340,MASTER EKSEKUTIF PENGURUSAN PERNIAGAAN,6200.00,ONLINE,8340,MASTER,30-39,37.0
2024,WDPS23399,37,IBAN/SEA DAYAK -SARAWAK,FEMALE,BEKERJA SEPENUH MASA,SARATOK PALM OIL MILL SDN BHD,"PROFESSIONAL, SCIENTIFIC, AND TECHNICAL ACTIVITIES",SARAWAK,370,DIPLOMA PROFESIONAL PENGURUSAN SUMBER MANUSIA,2413.00,ONLINE,3880,DIPLOMA,30-39,37.0
2024,UDPK23326,36,MELAYU,FEMALE,BEKERJA SEPENUH MASA,UNIVERSITI SULTAN ZAINAL ABIDIN (UNISZA),"PROFESSIONAL, SCIENTIFIC, AND TECHNICAL ACTIVITIES",TERENGGANU,666,DIPLOMA PROFESIONAL PENGURUSAN BAKAT BERASASKAN KOMPETENSI,5100.00,ONLINE,3032,DIPLOMA,30-39,36.0
2024,UDMPB23397,36,CINA,FEMALE,BEKERJA SEPENUH MASA,MARK'S FOOD SOLUTIONS SDN BHD,"PROFESSIONAL, SCIENTIFIC, AND TECHNICAL ACTIVITIES",SELANGOR,340,MASTER EKSEKUTIF PENGURUSAN PERNIAGAAN,6000.00,ONLINE,7058,MASTER,30-39,36.0
2024,HDPB23398,36,MELAYU,MALE,BEKERJA SEPENUH MASA,BATARAS SDN BHD,"PROFESSIONAL, SCIENTIFIC, AND TECHNICAL ACTIVITIES",SABAH,374,DIPLOMA PROFESIONAL PENGURUSAN PERNIAGAAN,7000.00,ONLINE,3301,DIPLOMA,30-39,36.0
2024,HMKP23499,35,TAMIL,MALE,BEKERJA SEPENUH MASA,MRCB SDN BHD,OTHER,SELANGOR,380,"MASTER EKSEKUTIF KESELAMATAN, KESIHATAN DAN PERSEKITARAN",8100.00,ONLINE,7851,MASTER,30-39,35.0
2024,HMPB23499,35,MELAYU,MALE,BEKERJA SEPENUH MASA,SAS INSTITUTE SDN BHD,"PROFESSIONAL, SCIENTIFIC, AND TECHNICAL ACTIVITIES",KUALA LUMPUR,488,MASTER EKSEKUTIF PENGURUSAN PERNIAGAAN,15500.00,ONLINE,7350,MASTER,30-39,35.0
2024,WBPN23497,35,MELAYU,MALE,BEKERJA SEPENUH MASA,SARAWAK ENERGY BERHAD,"PROFESSIONAL, SCIENTIFIC, AND TECHNICAL ACTIVITIES",SARAWAK,433,BACELOR EKSEKUTIF PENGURUSAN PERNIAGAAN (OPERASI INDUSTRI),3300.00,ONLINE,5443,BACELOR,30-39,35.0
2024,UDMPB23387,35,MELAYU,MALE,BEKERJA/USAHAWAN/FREELANCE (SEPARA MASA),AR RASYIDIN CONSULTANCY SDN BHD,"PROFESSIONAL, SCIENTIFIC, AND TECHNICAL ACTIVITIES",NEGERI SEMBILAN,340,MASTER EKSEKUTIF PENGURUSAN PERNIAGAAN,2000.00,ONLINE,8540,MASTER,30-39,35.0
2024,UFDOL23499,34,MELAYU,MALE,BEKERJA SEPENUH MASA,SPT SERVICES,"PROFESSIONAL, SCIENTIFIC, AND TECHNICAL ACTIVITIES",JOHOR,568,DIPLOMA PROFESIONAL OPERASI DAN PENYELENGGARAAN LOJI PROSES (INDUSTRI PETROKIMIA),2000.00,ONLINE,3249,DIPLOMA,30-39,34.0
2024,MMPB23499,34,MELAYU,MALE,BEKERJA SEPENUH MASA,381 DIGITAL CURVE SDN BHD,"PROFESSIONAL, SCIENTIFIC, AND TECHNICAL ACTIVITIES",SARAWAK,509,MASTER EKSEKUTIF PENGURUSAN PERNIAGAAN,7500.00,ONLINE,8612,MASTER,30-39,34.0
2024,HBKP23499,34,CINA,FEMALE,MELANJUTKAN PENGAJIAN,LINUX MECHANICAL ENGINEERING,OTHER,KELANTAN,383,"BACELOR EKSEKUTIF KESELAMATAN, KESIHATAN DAN PERSEKITARAN",2500.00,ONLINE,5026,BACELOR,30-39,34.0
2024,HMPM23493,34,MELAYU,MALE,BEKERJA SEPENUH MASA,EVOVITY INTEGRATION SDN BHD,"PROFESSIONAL, SCIENTIFIC, AND TECHNICAL ACTIVITIES",SELANGOR,348,MASTER EKSEKUTIF OPERASI DAN PENGURUSAN PROJEK,13000.00,ONLINE,8430,MASTER,30-39,34.0
2024,UDPK23329,34,MELAYU,FEMALE,BEKERJA SEPENUH MASA,UNIVERSITI MALAYSIA PAHANG AL-SULTAN ABDULLAH,"PROFESSIONAL, SCIENTIFIC, AND TECHNICAL ACTIVITIES",PAHANG,666,DIPLOMA PROFESIONAL PENGURUSAN BAKAT BERASASKAN KOMPETENSI,2383.00,ONLINE,3500,DIPLOMA,30-39,34.0
2024,UFDOL23498,33,MELAYU,MALE,BEKERJA SEPENUH MASA,KUALA YAKIN SDN BHD,"PROFESSIONAL, SCIENTIFIC, AND TECHNICAL ACTIVITIES",JOHOR,568,DIPLOMA PROFESIONAL OPERASI DAN PENYELENGGARAAN LOJI PROSES (INDUSTRI PETROKIMIA),7000.00,ONLINE,2894,DIPLOMA,30-39,33.0
2024,UDMPB23393,33,MELAYU,MALE,BEKERJA SEPENUH MASA,KOLEJ YAYASAN NEGERI SEMBILAN,"PROFESSIONAL, SCIENTIFIC, AND TECHNICAL ACTIVITIES",NEGERI SEMBILAN,340,MASTER EKSEKUTIF PENGURUSAN PERNIAGAAN,2500.00,ONLINE,7159,MASTER,30-39,33.0
2024,UDMPB23390,32,MELAYU,MALE,BEKERJA SEPENUH MASA,SURUHANJAYA PERKHIDMATAN AWAM NEGERI SABAH,"PROFESSIONAL, SCIENTIFIC, AND TECHNICAL ACTIVITIES",SABAH,340,MASTER EKSEKUTIF PENGURUSAN PERNIAGAAN,1800.00,ONLINE,7275,MASTER,30-39,32.0
2024,MMPB23484,31,MELAYU,MALE,BEKERJA SEPENUH MASA,ZAFRAN ENGINEERING SERVICES SDN BHD,"PROFESSIONAL, SCIENTIFIC, AND TECHNICAL ACTIVITIES",KUALA LUMPUR,509,MASTER EKSEKUTIF PENGURUSAN PERNIAGAAN,3500.00,ONLINE,8923,MASTER,30-39,31.0
2024,MMPB23485,30,MELAYU,FEMALE,BEKERJA SEPENUH MASA,PELANGI INDAH ENGINEERING SDN BHD,"PROFESSIONAL, SCIENTIFIC, AND TECHNICAL ACTIVITIES",KUALA LUMPUR,509,MASTER EKSEKUTIF PENGURUSAN PERNIAGAAN,5600.00,ONLINE,7603,MASTER,30-39,30.0
2024,MMPB23482,30,IBAN/SEA DAYAK -SARAWAK,FEMALE,BEKERJA SEPENUH MASA,MICRO ENERGY HOLDINGS (M) SDN BHD,"PROFESSIONAL, SCIENTIFIC, AND TECHNICAL ACTIVITIES",SELANGOR,509,MASTER EKSEKUTIF PENGURUSAN PERNIAGAAN,2800.00,ONLINE,8378,MASTER,30-39,30.0
2024,MMPN23491,28,INDIA,MALE,BEKERJA SEPENUH MASA,NGC ENERGY SDN BHD,MANUFACTURING,NEGERI SEMBILAN,379,MASTER EKSEKUTIF TEKNOLOGI KEJURUTERAAN INDUSTRI,4500.00,ONLINE,8709,MASTER,<29,28.0
2024,UDMPB23386,28,MELAYU,FEMALE,BEKERJA SEPENUH MASA,ZUL DYNAMIC SQUARE SDN BHD,"PROFESSIONAL, SCIENTIFIC, AND TECHNICAL ACTIVITIES",TERENGGANU,340,MASTER EKSEKUTIF PENGURUSAN PERNIAGAAN,2000.00,ONLINE,7360,MASTER,<29,28.0
2024,MMPN23494,28,INDIA,MALE,BEKERJA SEPENUH MASA,SAESL,MANUFACTURING,PULAU PINANG,379,MASTER EKSEKUTIF TEKNOLOGI KEJURUTERAAN INDUSTRI,8000.00,ONLINE,8668,MASTER,<29,28.0
2024,MMPB23481,26,MELAYU,FEMALE,BEKERJA SEPENUH MASA,EXCEL QHALIF SDN BHD,"PROFESSIONAL, SCIENTIFIC, AND TECHNICAL ACTIVITIES",PUTRAJAYA,509,MASTER EKSEKUTIF PENGURUSAN PERNIAGAAN,2150.00,ONLINE,8944,MASTER,<29,26.0
2024,ABPP18311,36,MELAYU,MALE,BEKERJA SEPENUH MASA,ADVANCE SECURITY,MINING AND QUARRYING,JOHOR,373,BACELOR EKSEKUTIF PENGURUSAN PROJEK (PETROLEUM & GAS),2200.00,ONLINE,5681,BACELOR,30-39,36.0
2024,BBMP22201,41,INDIA,MALE,BEKERJA SEPENUH MASA,AMS OSRAM,OTHER,KEDAH,372,BACELOR EKSEKUTIF TEKNOLOGI MEKANIKAL DAN PEMBUATAN,4000.00,ONLINE,4039,BACELOR,40-49,41.0
2024,BBMP22202,31,INDIA,MALE,BEKERJA SEPENUH MASA,WESTERN DIGITAL SDN BHD BATU KAWAN,OTHER,PULAU PINANG,372,BACELOR EKSEKUTIF TEKNOLOGI MEKANIKAL DAN PEMBUATAN,4000.00,ONLINE,4019,BACELOR,30-39,31.0
2024,BBMP22301,34,MELAYU,MALE,BEKERJA SEPENUH MASA,BOSTON SCIENTIFIC MALAYSIA SDN BHD,OTHER,KEDAH,372,BACELOR EKSEKUTIF TEKNOLOGI MEKANIKAL DAN PEMBUATAN,3000.00,ONLINE,5536,BACELOR,30-39,34.0
2024,BBMP22401,41,MELAYU,MALE,BEKERJA/USAHAWAN/FREELANCE,SAFIRADZI 287 RESOURCES,OTHER,PERAK,372,BACELOR EKSEKUTIF TEKNOLOGI MEKANIKAL DAN PEMBUATAN,10000.00,ONLINE,5719,BACELOR,40-49,41.0
2024,BBMP22402,42,INDIA,MALE,BEKERJA SEPENUH MASA,TELEFLEX MEDICAL SDN BHD,OTHER,PERAK,372,BACELOR EKSEKUTIF TEKNOLOGI MEKANIKAL DAN PEMBUATAN,4700.00,ONLINE,5232,BACELOR,40-49,42.0
2024,BBMP23103,27,INDIA,MALE,BEKERJA SEPENUH MASA,WEHAYA PROCESS SDN BHD,OTHER,SELANGOR,372,BACELOR EKSEKUTIF TEKNOLOGI MEKANIKAL DAN PEMBUATAN,2800.00,ONLINE,4900,BACELOR,<29,27.0
2024,BBMP23201,42,HAINANESE,MALE,BEKERJA SEPENUH MASA,BAKER HUGHES,OTHER,NEGERI SEMBILAN,372,BACELOR EKSEKUTIF TEKNOLOGI MEKANIKAL DAN PEMBUATAN,10000.00,ONLINE,4441,BACELOR,40-49,42.0
2024,CDBK22107,41,MELAYU,MALE,BEKERJA SEPENUH MASA,ABBOTT MANUFACTURING SINGAPORE PTD LTD,MANUFACTURING,JOHOR,456,DIPLOMA PROFESIONAL BLOK RANTAI DALAM KEJURUTERAAN,7000.00,ONLINE,2530,DIPLOMA,40-49,41.0
2024,DDSK21202,44,MELAYU,MALE,BEKERJA SEPENUH MASA,MALAYSIA AUTOMOTIVE ROBOTIC AND IOT INSTITUTE,OTHER,SELANGOR,540,DIPLOMA PROFESIONAL SELAMAN KESELAMATAN AWAM,3000.00,ONLINE,3504,DIPLOMA,40-49,44.0
2024,DDSK21203,36,MELAYU,MALE,BEKERJA SEPENUH MASA,ANGKATAN TENTERA MALAYSIA,OTHER,KELANTAN,540,DIPLOMA PROFESIONAL SELAMAN KESELAMATAN AWAM,0.00,ONLINE,2983,DIPLOMA,30-39,36.0
2024,DDSK21204,25,MELAYU,MALE,BEKERJA SEPARA MASA,IDIVERS SDN BHD,OTHER,SELANGOR,540,DIPLOMA PROFESIONAL SELAMAN KESELAMATAN AWAM,2000.00,ONLINE,2353,DIPLOMA,<29,25.0
2024,DDSK21206,28,MELAYU,FEMALE,MELANJUTKAN PENGAJIAN,I-DIVERS SDN BHD,OTHER,SELANGOR,540,DIPLOMA PROFESIONAL SELAMAN KESELAMATAN AWAM,1700.00,ONLINE,3180,DIPLOMA,<29,28.0
2024,DDSK21207,31,MELAYU,MALE,BEKERJA SEPENUH MASA,IDIVERS SDN BHD,OTHER,SELANGOR,540,DIPLOMA PROFESIONAL SELAMAN KESELAMATAN AWAM,2500.00,ONLINE,3282,DIPLOMA,30-39,31.0
2024,DDSK21210,54,MELAYU,MALE,BEKERJA SEPENUH MASA,PETROLIAM NASIONAL SDN. BHD.,OTHER,SELANGOR,540,DIPLOMA PROFESIONAL SELAMAN KESELAMATAN AWAM,20000.00,ONLINE,2314,DIPLOMA,50-59,54.0
2024,EMPP21301,41,INDIA,MALE,BEKERJA SEPENUH MASA,CONCENTRIX MALAYSIA,"PROFESSIONAL, SCIENTIFIC, AND TECHNICAL ACTIVITIES",KUALA LUMPUR,502,MASTER EKSEKUTIF PENTADBIRAN PERNIAGAAN (PENGURUSAN OPERASI),6535.00,ONLINE,8365,MASTER,40-49,41.0
2024,EMPP21401,44,TAMIL,MALE,BEKERJA SEPENUH MASA,ALCON LABORATORIES (MALAYSIA) SDN BHD,"PROFESSIONAL, SCIENTIFIC, AND TECHNICAL ACTIVITIES",SELANGOR,502,MASTER EKSEKUTIF PENTADBIRAN PERNIAGAAN (PENGURUSAN OPERASI),4800.00,ONLINE,7732,MASTER,40-49,44.0
2024,EMPP21402,42,INDIA,MALE,BEKERJA SEPENUH MASA,STANDARD CHARTERED,"PROFESSIONAL, SCIENTIFIC, AND TECHNICAL ACTIVITIES",SELANGOR,502,MASTER EKSEKUTIF PENTADBIRAN PERNIAGAAN (PENGURUSAN OPERASI),7666.00,ONLINE,7225,MASTER,40-49,42.0
2024,EMPP21403,47,INDIA,FEMALE,BEKERJA SEPENUH MASA,WORLD HEALTH ORGANIZATION,"PROFESSIONAL, SCIENTIFIC, AND TECHNICAL ACTIVITIES",SELANGOR,502,MASTER EKSEKUTIF PENTADBIRAN PERNIAGAAN (PENGURUSAN OPERASI),5300.00,ONLINE,8591,MASTER,40-49,47.0
2024,EMPP21404,39,MELAYU,MALE,BEKERJA SEPENUH MASA,TERMINAL PERINTIS SDN. BHD,"PROFESSIONAL, SCIENTIFIC, AND TECHNICAL ACTIVITIES",JOHOR,502,MASTER EKSEKUTIF PENTADBIRAN PERNIAGAAN (PENGURUSAN OPERASI),5400.00,ONLINE,7178,MASTER,30-39,39.0
2024,EMPP22202,43,INDIA,MALE,BEKERJA SEPENUH MASA,OSIM SDN BHD,"PROFESSIONAL, SCIENTIFIC, AND TECHNICAL ACTIVITIES",SELANGOR,536,MASTER EKSEKUTIF PENTADBIRAN PERNIAGAAN (PENGURUSAN OPERASI),3000.00,ONLINE,7614,MASTER,40-49,43.0
2024,EMPP22301,58,INDIA,MALE,BEKERJA SEPENUH MASA,BABA PRODUCTS (M) SDN. BHD.,"PROFESSIONAL, SCIENTIFIC, AND TECHNICAL ACTIVITIES",SELANGOR,502,MASTER EKSEKUTIF PENTADBIRAN PERNIAGAAN (PENGURUSAN OPERASI),5000.00,ONLINE,8588,MASTER,50-59,58.0
2024,EMPP22401,48,INDIA,FEMALE,BEKERJA SEPENUH MASA,FAIZAL SIOW BROCKETT & CHO,"PROFESSIONAL, SCIENTIFIC, AND TECHNICAL ACTIVITIES",NEGERI SEMBILAN,536,MASTER EKSEKUTIF PENTADBIRAN PERNIAGAAN (PENGURUSAN OPERASI),3000.00,ONLINE,8332,MASTER,40-49,48.0
2024,EMPP22404,54,INDIA,MALE,BEKERJA SEPENUH MASA,CARGILL PALM PRODUCTS,"PROFESSIONAL, SCIENTIFIC, AND TECHNICAL ACTIVITIES",SELANGOR,536,MASTER EKSEKUTIF PENTADBIRAN PERNIAGAAN (PENGURUSAN OPERASI),18000.00,ONLINE,8643,MASTER,50-59,54.0
2024,EMPP23101,41,INDIA,MALE,BEKERJA SEPENUH MASA,MEASAT BROADCAST NETWORK SYSTEMS SDN BHD (ASTRO),"PROFESSIONAL, SCIENTIFIC, AND TECHNICAL ACTIVITIES",SELANGOR,536,MASTER EKSEKUTIF PENTADBIRAN PERNIAGAAN (PENGURUSAN OPERASI),3220.00,ONLINE,7944,MASTER,40-49,41.0
2024,EMPP23102,45,INDIA,MALE,BEKERJA SEPENUH MASA,AL RAJHI BANK (M) BERHAD,"PROFESSIONAL, SCIENTIFIC, AND TECHNICAL ACTIVITIES",NEGERI SEMBILAN,502,MASTER EKSEKUTIF PENTADBIRAN PERNIAGAAN (PENGURUSAN OPERASI),13000.00,ONLINE,7055,MASTER,40-49,45.0
2024,EMPP23201,33,CINA,FEMALE,BEKERJA SEPENUH MASA,BLOCKDANCE BV,"PROFESSIONAL, SCIENTIFIC, AND TECHNICAL ACTIVITIES",KUALA LUMPUR,536,MASTER EKSEKUTIF PENTADBIRAN PERNIAGAAN (PENGURUSAN OPERASI),6000.00,ONLINE,7090,MASTER,30-39,33.0
2024,EPD1510027,38,MELAYU,MALE,BEKERJA SEPENUH MASA,FELCRA BERHAD,"PROFESSIONAL, SCIENTIFIC, AND TECHNICAL ACTIVITIES",JOHOR,357,DIPLOMA PROFESIONAL PENGURUSAN PERLADANGAN & TEKNOLOGI,2000.00,ONLINE,2341,DIPLOMA,30-39,38.0
2024,EPN1510015,35,MELAYU,FEMALE,BEKERJA SEPENUH MASA,MK LAND HOLDINGS SDN BHD,"PROFESSIONAL, SCIENTIFIC, AND TECHNICAL ACTIVITIES",SELANGOR,370,DIPLOMA PROFESIONAL PENGURUSAN SUMBER MANUSIA,2100.00,ONLINE,2219,DIPLOMA,30-39,35.0
2024,FBTM21210,33,INDIA,MALE,BEKERJA SEPENUH MASA,ATA COMPANY SDN.BHD,MANUFACTURING,PAHANG,415,BACELOR EKSEKUTIF TEKNOLOGI MEKATRONIK,1500.00,ONLINE,5410,BACELOR,30-39,33.0
2024,FBTM21211,27,MELAYU,MALE,BEKERJA SEPENUH MASA,ALTON CONTROL SDN BHD,MANUFACTURING,SELANGOR,415,BACELOR EKSEKUTIF TEKNOLOGI MEKATRONIK,2500.00,ONLINE,5009,BACELOR,<29,27.0
2024,FBTM21403,46,MELAYU,MALE,BEKERJA SEPENUH MASA,PANDUIT SDN BHD,MANUFACTURING,JOHOR,415,BACELOR EKSEKUTIF TEKNOLOGI MEKATRONIK,7500.00,ONLINE,4041,BACELOR,40-49,46.0
2024,FBTM22118,37,INDIA,MALE,BEKERJA SEPENUH MASA,INFINEON TECHNOLOGIES (KULIM) SDN. BHD.,MANUFACTURING,KEDAH,415,BACELOR EKSEKUTIF TEKNOLOGI MEKATRONIK,3500.00,ONLINE,4822,BACELOR,30-39,37.0
2024,FBTM22202,27,CINA,MALE,BEKERJA SEPENUH MASA,PLEXUS MANUFACTURING,MANUFACTURING,PERAK,415,BACELOR EKSEKUTIF TEKNOLOGI MEKATRONIK,2800.00,ONLINE,4794,BACELOR,<29,27.0
2024,FBTM22301,48,INDIA,MALE,BEKERJA SEPENUH MASA,BIOCON SDN BHD,MANUFACTURING,PERLIS,415,BACELOR EKSEKUTIF TEKNOLOGI MEKATRONIK,6950.00,ONLINE,4017,BACELOR,40-49,48.0
2024,FBTM22302,41,INDIA,MALE,BEKERJA SEPENUH MASA,RYKERTECH (ASIA) SDN. BHD,MANUFACTURING,SELANGOR,415,BACELOR EKSEKUTIF TEKNOLOGI MEKATRONIK,6400.00,ONLINE,4082,BACELOR,40-49,41.0
2024,FBTM22303,27,INDIA,MALE,BEKERJA SEPENUH MASA,ELT AUTOMATION SDN BHD,MANUFACTURING,SELANGOR,415,BACELOR EKSEKUTIF TEKNOLOGI MEKATRONIK,3000.00,ONLINE,4355,BACELOR,<29,27.0
2024,FBTM22304,38,INDIA,MALE,BEKERJA SEPENUH MASA,LAM RESEARCH INTERNATIONAL SDN BHD,MANUFACTURING,KEDAH,415,BACELOR EKSEKUTIF TEKNOLOGI MEKATRONIK,3000.00,ONLINE,5834,BACELOR,30-39,38.0
2024,FBTM22305,28,MELAYU,MALE,BEKERJA SEPENUH MASA,COHU MALAYSIA SDN BHD,MANUFACTURING,MELAKA,415,BACELOR EKSEKUTIF TEKNOLOGI MEKATRONIK,2360.00,ONLINE,4821,BACELOR,<29,28.0
2024,FBTM22306,31,INDIA,MALE,BEKERJA SEPENUH MASA,INTEL TECHNOLOGY SDN. BHD.,MANUFACTURING,PULAU PINANG,415,BACELOR EKSEKUTIF TEKNOLOGI MEKATRONIK,2800.00,ONLINE,5566,BACELOR,30-39,31.0
2024,FBTM22307,47,INDIA,MALE,BEKERJA SEPENUH MASA,FLEXTRONICS TECHNOLOGY PENANG SDN BHD,MANUFACTURING,KEDAH,415,BACELOR EKSEKUTIF TEKNOLOGI MEKATRONIK,9500.00,ONLINE,4111,BACELOR,40-49,47.0
2024,FBTM22401,31,INDIA,MALE,BEKERJA SEPENUH MASA,LIM CHIN ELECTRICAL ENGINEERING SDN BHD,MANUFACTURING,NEGERI SEMBILAN,415,BACELOR EKSEKUTIF TEKNOLOGI MEKATRONIK,4700.00,ONLINE,5705,BACELOR,30-39,31.0
2024,FBTM22402,30,INDIA,MALE,BEKERJA SEPENUH MASA,ADVANTEST SALES AND SUPPORT (M) SDN. BHD.,MANUFACTURING,KUALA LUMPUR,415,BACELOR EKSEKUTIF TEKNOLOGI MEKATRONIK,5000.00,ONLINE,4371,BACELOR,30-39,30.0
2024,FBTM22403,26,INDIA,MALE,BEKERJA SEPENUH MASA,NGEAM ENGINEERING WORKS SDN. BHD.,MANUFACTURING,SELANGOR,415,BACELOR EKSEKUTIF TEKNOLOGI MEKATRONIK,2500.00,ONLINE,4393,BACELOR,<29,26.0
2024,FBTM22404,54,INDIA,MALE,BEKERJA SEPENUH MASA,KESM INDUSTRIES BERHAD,MANUFACTURING,KUALA LUMPUR,415,BACELOR EKSEKUTIF TEKNOLOGI MEKATRONIK,4037.00,ONLINE,4107,BACELOR,50-59,54.0
2024,FBTM23101,34,MELAYU,MALE,BEKERJA SEPENUH MASA,ROBERT BOSCH BATU KAWAN PENANG,MANUFACTURING,PERLIS,415,BACELOR EKSEKUTIF TEKNOLOGI MEKATRONIK,5000.00,ONLINE,4088,BACELOR,30-39,34.0
2024,FBTM23102,27,MELAYU,MALE,BEKERJA SEPENUH MASA,PLEXUS MANUFACTURING,MANUFACTURING,KELANTAN,415,BACELOR EKSEKUTIF TEKNOLOGI MEKATRONIK,2000.00,ONLINE,5052,BACELOR,<29,27.0
2024,FBTM23103,30,MELAYU,MALE,BEKERJA SEPENUH MASA,INTEL TECHNOLOGY SDN BHD,MANUFACTURING,PULAU PINANG,415,BACELOR EKSEKUTIF TEKNOLOGI MEKATRONIK,2500.00,ONLINE,4881,BACELOR,30-39,30.0
2024,FBTM23104,32,MELAYU,FEMALE,BEKERJA SEPENUH MASA,KNOWLES ELECTRONICS (M) SDN.BHD,MANUFACTURING,PULAU PINANG,415,BACELOR EKSEKUTIF TEKNOLOGI MEKATRONIK,2300.00,ONLINE,5204,BACELOR,30-39,32.0
2024,FBTM23105,33,INDIA,MALE,BEKERJA SEPENUH MASA,CANON MARKETING (MALAYSIA) SDN. BHD,MANUFACTURING,KEDAH,415,BACELOR EKSEKUTIF TEKNOLOGI MEKATRONIK,5000.00,ONLINE,4921,BACELOR,30-39,33.0
2024,FBTM23106,24,CINA,MALE,BEKERJA SEPENUH MASA,SUNEASE SDN BHD,MANUFACTURING,PULAU PINANG,415,BACELOR EKSEKUTIF TEKNOLOGI MEKATRONIK,2500.00,ONLINE,4705,BACELOR,<29,24.0
2024,FBTM23107,40,CINA,MALE,BEKERJA SEPENUH MASA,PLEXUS MANUFACTURING SDN BHD,MANUFACTURING,PULAU PINANG,415,BACELOR EKSEKUTIF TEKNOLOGI MEKATRONIK,5000.00,ONLINE,5317,BACELOR,40-49,40.0
2024,FBTM23108,39,MELAYU,MALE,BEKERJA SEPENUH MASA,ASE ELECTRONIC SDN BHD,MANUFACTURING,KEDAH,415,BACELOR EKSEKUTIF TEKNOLOGI MEKATRONIK,7000.00,ONLINE,5641,BACELOR,30-39,39.0
2024,FBTM23301,37,INDIA,MALE,BEKERJA SEPENUH MASA,INTEL CORPORATION,MANUFACTURING,PULAU PINANG,415,BACELOR EKSEKUTIF TEKNOLOGI MEKATRONIK,2800.00,ONLINE,4052,BACELOR,30-39,37.0
2024,FBTM23302,30,INDIA,MALE,BEKERJA SEPENUH MASA,INTEL ELECTRONIC SDN BHD,MANUFACTURING,PULAU PINANG,415,BACELOR EKSEKUTIF TEKNOLOGI MEKATRONIK,3000.00,ONLINE,4685,BACELOR,30-39,30.0
2024,FBTM23303,43,INDIA,MALE,BEKERJA SEPENUH MASA,INTEL CORPORATION,MANUFACTURING,PULAU PINANG,415,BACELOR EKSEKUTIF TEKNOLOGI MEKATRONIK,3000.00,ONLINE,4738,BACELOR,40-49,43.0
2024,FBTM23304,32,INDIA,MALE,BEKERJA SEPENUH MASA,EMERSON PTD LTD (SG),MANUFACTURING,JOHOR,415,BACELOR EKSEKUTIF TEKNOLOGI MEKATRONIK,5000.00,ONLINE,5331,BACELOR,30-39,32.0
2024,FBTM23305,39,INDIA,MALE,BEKERJA SEPENUH MASA,INTEL ELECTRONIC,MANUFACTURING,KEDAH,415,BACELOR EKSEKUTIF TEKNOLOGI MEKATRONIK,3800.00,ONLINE,4684,BACELOR,30-39,39.0
2024,FBTM23306,44,TAMIL,MALE,BEKERJA SEPENUH MASA,INTEL,MANUFACTURING,PULAU PINANG,415,BACELOR EKSEKUTIF TEKNOLOGI MEKATRONIK,4800.00,ONLINE,4937,BACELOR,40-49,44.0
2024,FBTM23307,27,INDIA,MALE,BEKERJA SEPENUH MASA,INTEL KULIM SDN BHD,MANUFACTURING,KEDAH,415,BACELOR EKSEKUTIF TEKNOLOGI MEKATRONIK,2400.00,ONLINE,4777,BACELOR,<29,27.0
2024,FBTM23308,43,MELAYU,MALE,BEKERJA/USAHAWAN/FREELANCE,RNT ADVANCE ENTERPRISE,MANUFACTURING,SELANGOR,415,BACELOR EKSEKUTIF TEKNOLOGI MEKATRONIK,5000.00,ONLINE,4047,BACELOR,40-49,43.0
2024,FBTM23309,49,MALAYALI,MALE,BEKERJA SEPENUH MASA,INTEL ELECTRONICS SDN BHD,MANUFACTURING,KEDAH,415,BACELOR EKSEKUTIF TEKNOLOGI MEKATRONIK,5000.00,ONLINE,4800,BACELOR,40-49,49.0
2024,FBTM23310,29,INDIA,MALE,BEKERJA SEPENUH MASA,INTEL CORPORATION,MANUFACTURING,KEDAH,415,BACELOR EKSEKUTIF TEKNOLOGI MEKATRONIK,2436.00,ONLINE,5868,BACELOR,<29,29.0
2024,FBTM23311,31,CINA,MALE,BEKERJA SEPENUH MASA,SOVAQ TECHNOLOGY SDN BHD,MANUFACTURING,PULAU PINANG,415,BACELOR EKSEKUTIF TEKNOLOGI MEKATRONIK,2700.00,ONLINE,5585,BACELOR,30-39,31.0
2024,FBTM23312,28,TAMIL,MALE,BEKERJA SEPENUH MASA,PROMSERV SDN BHD,MANUFACTURING,PULAU PINANG,415,BACELOR EKSEKUTIF TEKNOLOGI MEKATRONIK,2300.00,ONLINE,5938,BACELOR,<29,28.0
2024,FBTM23313,35,MELAYU,MALE,BEKERJA SEPENUH MASA,FLEXTRONIC SDN BHD,MANUFACTURING,PULAU PINANG,415,BACELOR EKSEKUTIF TEKNOLOGI MEKATRONIK,3900.00,ONLINE,5363,BACELOR,30-39,35.0
2024,FBTM23314,29,CINA,MALE,BEKERJA SEPENUH MASA,SANDISK STORAGE MALAYSIA SDN BHD,MANUFACTURING,PULAU PINANG,415,BACELOR EKSEKUTIF TEKNOLOGI MEKATRONIK,3905.00,ONLINE,5578,BACELOR,<29,29.0
2024,FBTM23315,32,INDIA,MALE,BEKERJA SEPENUH MASA,SUBMICRON TECHNOLOGY MALAYSIA SDN BHD,MANUFACTURING,JOHOR,415,BACELOR EKSEKUTIF TEKNOLOGI MEKATRONIK,10000.00,ONLINE,5786,BACELOR,30-39,32.0
2024,HBKP20315,30,INDIA,MALE,BEKERJA SEPENUH MASA,ED LAMB CONSTRUCTION SDN BHD,OTHER,SELANGOR,383,"BACELOR EKSEKUTIF KESELAMATAN, KESIHATAN DAN PERSEKITARAN",7000.00,ONLINE,4237,BACELOR,30-39,30.0
2024,HBKP21306,35,INDIA,FEMALE,BEKERJA SEPENUH MASA,POLIKLINIK MASSIF SDN BHD,OTHER,JOHOR,383,"BACELOR EKSEKUTIF KESELAMATAN, KESIHATAN DAN PERSEKITARAN",4000.00,ONLINE,5672,BACELOR,30-39,35.0
2024,HBKP21403,28,MELAYU,MALE,BEKERJA SEPENUH MASA,RESONAC MATERIAL SDN BHD,OTHER,JOHOR,383,"BACELOR EKSEKUTIF KESELAMATAN, KESIHATAN DAN PERSEKITARAN",3400.00,ONLINE,5988,BACELOR,<29,28.0
2024,HBKP21408,55,MELAYU,MALE,BEKERJA SEPENUH MASA,PETRONAS DIGITAL SDN. BHD.,OTHER,SELANGOR,383,"BACELOR EKSEKUTIF KESELAMATAN, KESIHATAN DAN PERSEKITARAN",7500.00,ONLINE,4038,BACELOR,50-59,55.0
2024,HBKP21412,25,MELAYU,MALE,BEKERJA SEPENUH MASA,ASIAMOST SDN BHD,OTHER,SELANGOR,383,"BACELOR EKSEKUTIF KESELAMATAN, KESIHATAN DAN PERSEKITARAN",4500.00,ONLINE,4596,BACELOR,<29,25.0
2024,HBKP21413,27,MELAYU,FEMALE,BEKERJA SEPENUH MASA,PILOT CONSTRUCTION SDN BHD,OTHER,SELANGOR,383,"BACELOR EKSEKUTIF KESELAMATAN, KESIHATAN DAN PERSEKITARAN",5300.00,ONLINE,5690,BACELOR,<29,27.0
2024,HBKP21416,42,INDIA,MALE,BEKERJA SEPENUH MASA,BR PROPERTY HOLDING SDN BHD,OTHER,KUALA LUMPUR,383,"BACELOR EKSEKUTIF KESELAMATAN, KESIHATAN DAN PERSEKITARAN",6000.00,ONLINE,5223,BACELOR,40-49,42.0
2024,HBKP22109,30,MELAYU,MALE,BEKERJA SEPENUH MASA,DIALOG PLANT SERVICES,OTHER,KEDAH,383,"BACELOR EKSEKUTIF KESELAMATAN, KESIHATAN DAN PERSEKITARAN",8000.00,ONLINE,4086,BACELOR,30-39,30.0
2024,HBKP22117,31,MELAYU,MALE,BEKERJA SEPENUH MASA,PETROLIAM NASIONAL BERHAD (PETRONAS),OTHER,JOHOR,383,"BACELOR EKSEKUTIF KESELAMATAN, KESIHATAN DAN PERSEKITARAN",7800.00,ONLINE,4810,BACELOR,30-39,31.0
2024,HBKP22118,31,MELAYU,MALE,BEKERJA SEPENUH MASA,VESTLAND RECOURCES SDN BHD,OTHER,PAHANG,383,"BACELOR EKSEKUTIF KESELAMATAN, KESIHATAN DAN PERSEKITARAN",6500.00,ONLINE,5685,BACELOR,30-39,31.0
2024,HBKP22203,26,MELAYU,MALE,BEKERJA SEPENUH MASA,SMOLLAN MARKETING SDN BHD,OTHER,SELANGOR,383,"BACELOR EKSEKUTIF KESELAMATAN, KESIHATAN DAN PERSEKITARAN",2600.00,ONLINE,5860,BACELOR,<29,26.0
2024,HBKP22207,29,MELAYU,MALE,BEKERJA SEPENUH MASA,OCEANMIGHT SDN BHD,OTHER,SELANGOR,383,"BACELOR EKSEKUTIF KESELAMATAN, KESIHATAN DAN PERSEKITARAN",5850.00,ONLINE,4883,BACELOR,<29,29.0
2024,HBKP22208,42,LUNDAYEH-SABAH,FEMALE,BEKERJA SEPENUH MASA,BEGAS ENERGY SDN BHD,OTHER,SABAH,383,"BACELOR EKSEKUTIF KESELAMATAN, KESIHATAN DAN PERSEKITARAN",3500.00,ONLINE,5671,BACELOR,40-49,42.0
2024,HBKP22217,36,MELAYU,MALE,BEKERJA SEPENUH MASA,GADANG ENGINEERING (M) SDN BHD,OTHER,PERAK,383,"BACELOR EKSEKUTIF KESELAMATAN, KESIHATAN DAN PERSEKITARAN",4800.00,ONLINE,5838,BACELOR,30-39,36.0
2024,HBKP22301,40,INDIA,MALE,BEKERJA SEPENUH MASA,DB SCHENKER (MALAYSIA) SDN BHD,OTHER,SELANGOR,383,"BACELOR EKSEKUTIF KESELAMATAN, KESIHATAN DAN PERSEKITARAN",0.00,ONLINE,4445,BACELOR,40-49,40.0
2024,HBKP22302,33,MELAYU,MALE,BEKERJA SEPENUH MASA,INNOCHEMS TECHNOLOGIES SDN BHD,OTHER,SELANGOR,383,"BACELOR EKSEKUTIF KESELAMATAN, KESIHATAN DAN PERSEKITARAN",5400.00,ONLINE,4990,BACELOR,30-39,33.0
2024,HBKP22306,28,IBAN/SEA DAYAK -SARAWAK,MALE,BEKERJA SEPENUH MASA,GW MECHANICAL & ENGINEERING (M) SDN BHD,OTHER,SARAWAK,383,"BACELOR EKSEKUTIF KESELAMATAN, KESIHATAN DAN PERSEKITARAN",4000.00,ONLINE,4745,BACELOR,<29,28.0
2024,HBKP22310,33,INDIA,MALE,BEKERJA/USAHAWAN/FREELANCE,MEGA SAPPHIRE VENTURES,OTHER,KEDAH,383,"BACELOR EKSEKUTIF KESELAMATAN, KESIHATAN DAN PERSEKITARAN",0.00,ONLINE,4245,BACELOR,30-39,33.0
2024,HBKP22405,29,MELAYU,MALE,BEKERJA SEPENUH MASA,WORKTIME ENGINEER SDN BHD,OTHER,JOHOR,383,"BACELOR EKSEKUTIF KESELAMATAN, KESIHATAN DAN PERSEKITARAN",3700.00,ONLINE,5967,BACELOR,<29,29.0
2024,HBKP22407,26,INDIA,FEMALE,BEKERJA SEPENUH MASA,KSL PD ENGINEERING SND BHD,OTHER,NEGERI SEMBILAN,383,"BACELOR EKSEKUTIF KESELAMATAN, KESIHATAN DAN PERSEKITARAN",4500.00,ONLINE,4058,BACELOR,<29,26.0
2024,HBKP22409,37,MELAYU,MALE,BEKERJA SEPENUH MASA,PETRONAS,OTHER,SARAWAK,383,"BACELOR EKSEKUTIF KESELAMATAN, KESIHATAN DAN PERSEKITARAN",5000.00,ONLINE,4993,BACELOR,30-39,37.0
2024,HBKP22412,41,MELAYU,MALE,BEKERJA SEPENUH MASA,CHINA COMMUNICATIONS CONSTRUCTION (ECRL) SDN BHD,OTHER,PAHANG,383,"BACELOR EKSEKUTIF KESELAMATAN, KESIHATAN DAN PERSEKITARAN",6000.00,ONLINE,5685,BACELOR,40-49,41.0
2024,HBKP22413,38,MELAYU,MALE,BEKERJA SEPENUH MASA,AMANI EL NAJAT SDN BHD,OTHER,PAHANG,383,"BACELOR EKSEKUTIF KESELAMATAN, KESIHATAN DAN PERSEKITARAN",5000.00,ONLINE,5951,BACELOR,30-39,38.0
2024,HBKP22415,30,INDIA,MALE,BEKERJA SEPENUH MASA,AMERICAN EXPRESS SDN BHD,OTHER,SELANGOR,383,"BACELOR EKSEKUTIF KESELAMATAN, KESIHATAN DAN PERSEKITARAN",6000.00,ONLINE,4944,BACELOR,30-39,30.0
2024,HBKP22417,35,MELAYU,MALE,BEKERJA SEPENUH MASA,KOPERASI PESERTA-PESERTA FELCRA MALAYSIA BERHAD,OTHER,PAHANG,383,"BACELOR EKSEKUTIF KESELAMATAN, KESIHATAN DAN PERSEKITARAN",3500.00,ONLINE,4510,BACELOR,30-39,35.0
2024,HBKP22421,29,INDIA,MALE,BEKERJA SEPARA MASA,KRISHMA WATERS,OTHER,KEDAH,383,"BACELOR EKSEKUTIF KESELAMATAN, KESIHATAN DAN PERSEKITARAN",2500.00,ONLINE,5814,BACELOR,<29,29.0
2024,HBKP23105,25,MURUT/LUN BAWANG - SARAWAK,MALE,BEKERJA SEPENUH MASA,DAYANG ENTERPRISE SDN. BHD.,OTHER,SARAWAK,383,"BACELOR EKSEKUTIF KESELAMATAN, KESIHATAN DAN PERSEKITARAN",2500.00,ONLINE,4515,BACELOR,<29,25.0
2024,HBKP23107,26,INDIA,MALE,BEKERJA SEPENUH MASA,MGB CONSTRUCTION & ENGINEERING SDN BHD,OTHER,SELANGOR,383,"BACELOR EKSEKUTIF KESELAMATAN, KESIHATAN DAN PERSEKITARAN",3300.00,ONLINE,4254,BACELOR,<29,26.0
2024,HBKP23115,36,MELAYU,MALE,BEKERJA SEPENUH MASA,SIME DARBY ENERGY SOLUTIONS SDN BHD,OTHER,KEDAH,383,"BACELOR EKSEKUTIF KESELAMATAN, KESIHATAN DAN PERSEKITARAN",5225.00,ONLINE,5644,BACELOR,30-39,36.0
2024,HBKP23116,25,MELAYU,MALE,BEKERJA/USAHAWAN/FREELANCE,ZHR GLOBAL ENTERPRISE,OTHER,MELAKA,383,"BACELOR EKSEKUTIF KESELAMATAN, KESIHATAN DAN PERSEKITARAN",2000.00,ONLINE,4620,BACELOR,<29,25.0
2024,HBKP23117,26,INDIA,MALE,BEKERJA SEPARA MASA,KELLOGES MALAYSIA,OTHER,KUALA LUMPUR,383,"BACELOR EKSEKUTIF KESELAMATAN, KESIHATAN DAN PERSEKITARAN",3000.00,ONLINE,5822,BACELOR,<29,26.0
2024,HBKP23119,51,MELAYU,MALE,BEKERJA SEPENUH MASA,LIMAR MANAGEMENT SERVICES SDN BHD,OTHER,SARAWAK,383,"BACELOR EKSEKUTIF KESELAMATAN, KESIHATAN DAN PERSEKITARAN",5500.00,ONLINE,5016,BACELOR,50-59,51.0
2024,HBKP23120,26,INDIA,MALE,BEKERJA SEPENUH MASA,EASY PACK,OTHER,KEDAH,383,"BACELOR EKSEKUTIF KESELAMATAN, KESIHATAN DAN PERSEKITARAN",3000.00,ONLINE,5052,BACELOR,<29,26.0
2024,HBKP23121,40,MELAYU,FEMALE,BEKERJA SEPENUH MASA,TENAGA NASIONAL BERHAD,OTHER,SELANGOR,383,"BACELOR EKSEKUTIF KESELAMATAN, KESIHATAN DAN PERSEKITARAN",3800.00,ONLINE,4720,BACELOR,40-49,40.0
2024,HBKP23122,38,MELAYU,MALE,BEKERJA SEPENUH MASA,MACH 1 HEAVYLIFT & EQUIPMENT SDN BHD,OTHER,JOHOR,383,"BACELOR EKSEKUTIF KESELAMATAN, KESIHATAN DAN PERSEKITARAN",5590.00,ONLINE,5505,BACELOR,30-39,38.0
2024,HBKP23128,37,MELAYU,MALE,BEKERJA SEPENUH MASA,BGMC SDN BHD,OTHER,KEDAH,383,"BACELOR EKSEKUTIF KESELAMATAN, KESIHATAN DAN PERSEKITARAN",5500.00,ONLINE,4614,BACELOR,30-39,37.0
2024,HBKP23202,45,IBAN/SEA DAYAK -SARAWAK,MALE,BEKERJA SEPENUH MASA,CHOC,OTHER,SARAWAK,383,"BACELOR EKSEKUTIF KESELAMATAN, KESIHATAN DAN PERSEKITARAN",20000.00,ONLINE,5335,BACELOR,40-49,45.0
2024,HBKP23205,37,BUGIS,MALE,BEKERJA SEPENUH MASA,DAYANG ENTERPRISE SDN BHD,OTHER,LABUAN,383,"BACELOR EKSEKUTIF KESELAMATAN, KESIHATAN DAN PERSEKITARAN",10400.00,ONLINE,5288,BACELOR,30-39,37.0
2024,HBKP23212,35,MELAYU,MALE,BEKERJA SEPENUH MASA,EXXONMOBILE SDN BHD,OTHER,KUALA LUMPUR,383,"BACELOR EKSEKUTIF KESELAMATAN, KESIHATAN DAN PERSEKITARAN",6000.00,ONLINE,5395,BACELOR,30-39,35.0
2024,HBKP23213,26,INDIA,MALE,BEKERJA SEPENUH MASA,INFINEON TECHNOLOGY SDN .BHD,OTHER,MELAKA,383,"BACELOR EKSEKUTIF KESELAMATAN, KESIHATAN DAN PERSEKITARAN",3000.00,ONLINE,5238,BACELOR,<29,26.0
2024,HBKP23214,35,BRUNEI-SABAH,MALE,BEKERJA SEPENUH MASA,SAPURA MANAGEMENT SERVICES SDN BHD,OTHER,SABAH,383,"BACELOR EKSEKUTIF KESELAMATAN, KESIHATAN DAN PERSEKITARAN",6540.00,ONLINE,5680,BACELOR,30-39,35.0
2024,HBKP23320,38,MELAYU,MALE,BEKERJA SEPENUH MASA,PETROLIAM NASIONAL BERHAD,OTHER,TERENGGANU,383,"BACELOR EKSEKUTIF KESELAMATAN, KESIHATAN DAN PERSEKITARAN",5000.00,ONLINE,5198,BACELOR,30-39,38.0
2024,HBPM21225,33,MELAYU,FEMALE,BEKERJA SEPENUH MASA,VENTURE ELECTRONICS SDN BHD,"PROFESSIONAL, SCIENTIFIC, AND TECHNICAL ACTIVITIES",PULAU PINANG,388,BACELOR EKSEKUTIF OPERASI DAN PENGURUSAN PROJEK,2320.00,ONLINE,4490,BACELOR,30-39,33.0
2024,HBPM21307,42,MELAYU,MALE,BEKERJA SEPENUH MASA,SAMSUNG C&T (M) SDN BHD,"PROFESSIONAL, SCIENTIFIC, AND TECHNICAL ACTIVITIES",SELANGOR,388,BACELOR EKSEKUTIF OPERASI DAN PENGURUSAN PROJEK,4000.00,ONLINE,5872,BACELOR,40-49,42.0
2024,HBPM21327,31,MELAYU,MALE,BEKERJA SEPENUH MASA,JOBSTREET.COM,"PROFESSIONAL, SCIENTIFIC, AND TECHNICAL ACTIVITIES",KUALA LUMPUR,388,BACELOR EKSEKUTIF OPERASI DAN PENGURUSAN PROJEK,4843.00,ONLINE,5087,BACELOR,30-39,31.0
2024,HBPM22201,30,MELAYU,MALE,BEKERJA SEPENUH MASA,LUFTER SDN BHD,"PROFESSIONAL, SCIENTIFIC, AND TECHNICAL ACTIVITIES",SELANGOR,388,BACELOR EKSEKUTIF OPERASI DAN PENGURUSAN PROJEK,5200.00,ONLINE,4245,BACELOR,30-39,30.0
2024,HBPM22219,40,MELAYU,MALE,BEKERJA/USAHAWAN/FREELANCE,DALLECK ENTERPRISE,"PROFESSIONAL, SCIENTIFIC, AND TECHNICAL ACTIVITIES",JOHOR,388,BACELOR EKSEKUTIF OPERASI DAN PENGURUSAN PROJEK,1500.00,ONLINE,4560,BACELOR,40-49,40.0
2024,HBPM22220,37,INDIA,FEMALE,BEKERJA SEPENUH MASA,DORSET AMTD,"PROFESSIONAL, SCIENTIFIC, AND TECHNICAL ACTIVITIES",JOHOR,388,BACELOR EKSEKUTIF OPERASI DAN PENGURUSAN PROJEK,5000.00,ONLINE,5502,BACELOR,30-39,37.0
2024,HBPM22302,39,MELAYU,MALE,BEKERJA SEPENUH MASA,LG PETRONAS CHEMICAL MALAYSIA SDN BHD,"PROFESSIONAL, SCIENTIFIC, AND TECHNICAL ACTIVITIES",JOHOR,388,BACELOR EKSEKUTIF OPERASI DAN PENGURUSAN PROJEK,5500.00,ONLINE,5207,BACELOR,30-39,39.0
2024,HBPM22309,38,INDIA,MALE,BEKERJA SEPENUH MASA,DJY CLEANING & HYGIENE SERVICES AND BHD,"PROFESSIONAL, SCIENTIFIC, AND TECHNICAL ACTIVITIES",KUALA LUMPUR,388,BACELOR EKSEKUTIF OPERASI DAN PENGURUSAN PROJEK,3500.00,ONLINE,4837,BACELOR,30-39,38.0
2024,HBPM22323,39,MELAYU,MALE,BEKERJA SEPENUH MASA,WORLD TRADE CENTER KUALA LUMPUR,"PROFESSIONAL, SCIENTIFIC, AND TECHNICAL ACTIVITIES",KUALA LUMPUR,388,BACELOR EKSEKUTIF OPERASI DAN PENGURUSAN PROJEK,10000.00,ONLINE,5867,BACELOR,30-39,39.0
2024,HBPM22324,50,MELAYU,MALE,BEKERJA/USAHAWAN/FREELANCE,EA ALAM REKA SDN BHD,"PROFESSIONAL, SCIENTIFIC, AND TECHNICAL ACTIVITIES",SELANGOR,388,BACELOR EKSEKUTIF OPERASI DAN PENGURUSAN PROJEK,11000.00,ONLINE,5454,BACELOR,50-59,50.0
2024,HBPM22325,47,MELAYU,MALE,BEKERJA SEPENUH MASA,MALAYSIA AIRPORTS HOLDINGS BERHAD,"PROFESSIONAL, SCIENTIFIC, AND TECHNICAL ACTIVITIES",SELANGOR,388,BACELOR EKSEKUTIF OPERASI DAN PENGURUSAN PROJEK,8000.00,ONLINE,4511,BACELOR,40-49,47.0
2024,HBPM22326,41,MELAYU,FEMALE,BEKERJA SEPENUH MASA,HONG LEONG BANK BERHAD,"PROFESSIONAL, SCIENTIFIC, AND TECHNICAL ACTIVITIES",KUALA LUMPUR,388,BACELOR EKSEKUTIF OPERASI DAN PENGURUSAN PROJEK,4000.00,ONLINE,4006,BACELOR,40-49,41.0
2024,HBPM22328,47,MELAYU,MALE,BEKERJA SEPENUH MASA,AMG EMPIRE SDN BHD,"PROFESSIONAL, SCIENTIFIC, AND TECHNICAL ACTIVITIES",NEGERI SEMBILAN,388,BACELOR EKSEKUTIF OPERASI DAN PENGURUSAN PROJEK,7500.00,ONLINE,5436,BACELOR,40-49,47.0
2024,HBPM22331,27,INDIA,MALE,BEKERJA SEPENUH MASA,DE METROLOGY SDN. BHD.,"PROFESSIONAL, SCIENTIFIC, AND TECHNICAL ACTIVITIES",JOHOR,388,BACELOR EKSEKUTIF OPERASI DAN PENGURUSAN PROJEK,3000.00,ONLINE,5817,BACELOR,<29,27.0
2024,HBPM22333,42,MELAYU,MALE,BEKERJA SEPENUH MASA,INTEL TECHNOLOGY SDN BHD,"PROFESSIONAL, SCIENTIFIC, AND TECHNICAL ACTIVITIES",PULAU PINANG,388,BACELOR EKSEKUTIF OPERASI DAN PENGURUSAN PROJEK,5000.00,ONLINE,4640,BACELOR,40-49,42.0
2024,HBPM22404,41,INDIA,MALE,BEKERJA SEPENUH MASA,EXXONMOBIL EXPLORATION AND PRODUCTION INC,"PROFESSIONAL, SCIENTIFIC, AND TECHNICAL ACTIVITIES",NEGERI SEMBILAN,388,BACELOR EKSEKUTIF OPERASI DAN PENGURUSAN PROJEK,10780.00,ONLINE,4513,BACELOR,40-49,41.0
2024,HBPM22405,40,MELAYU,MALE,BEKERJA SEPENUH MASA,VELOSI SDN BHD,"PROFESSIONAL, SCIENTIFIC, AND TECHNICAL ACTIVITIES",SELANGOR,388,BACELOR EKSEKUTIF OPERASI DAN PENGURUSAN PROJEK,5000.00,ONLINE,5568,BACELOR,40-49,40.0
2024,HBPM22407,27,TAMIL,MALE,BEKERJA SEPENUH MASA,BSP ELECTRICAL & SERVICES,"PROFESSIONAL, SCIENTIFIC, AND TECHNICAL ACTIVITIES",PAHANG,388,BACELOR EKSEKUTIF OPERASI DAN PENGURUSAN PROJEK,3000.00,ONLINE,4946,BACELOR,<29,27.0
2024,HBPM22409,29,MELAYU,MALE,BEKERJA SEPENUH MASA,CARDINAL WEIGHING (M) SDN BHD,"PROFESSIONAL, SCIENTIFIC, AND TECHNICAL ACTIVITIES",PUTRAJAYA,388,BACELOR EKSEKUTIF OPERASI DAN PENGURUSAN PROJEK,4500.00,ONLINE,5487,BACELOR,<29,29.0
2024,HBPM22410,42,BAJAU - SABAH,MALE,BEKERJA SEPENUH MASA,SABAH ELECTRICITY SDN BHD,"PROFESSIONAL, SCIENTIFIC, AND TECHNICAL ACTIVITIES",SABAH,388,BACELOR EKSEKUTIF OPERASI DAN PENGURUSAN PROJEK,3000.00,ONLINE,4776,BACELOR,40-49,42.0
2024,HBPM22413,38,MELAYU,FEMALE,BEKERJA SEPENUH MASA,SUNWAY CONSTRUCTION SDN BHD,"PROFESSIONAL, SCIENTIFIC, AND TECHNICAL ACTIVITIES",JOHOR,388,BACELOR EKSEKUTIF OPERASI DAN PENGURUSAN PROJEK,3600.00,ONLINE,5196,BACELOR,30-39,38.0
2024,HBPM22414,47,INDIA,MALE,BEKERJA SEPENUH MASA,KELLER (M) SDN BHD,"PROFESSIONAL, SCIENTIFIC, AND TECHNICAL ACTIVITIES",NEGERI SEMBILAN,388,BACELOR EKSEKUTIF OPERASI DAN PENGURUSAN PROJEK,8500.00,ONLINE,5513,BACELOR,40-49,47.0
2024,HBPM22421,43,INDIA,MALE,BEKERJA SEPENUH MASA,MEMC ELECTRONIC (M) SDN BHD,"PROFESSIONAL, SCIENTIFIC, AND TECHNICAL ACTIVITIES",SELANGOR,388,BACELOR EKSEKUTIF OPERASI DAN PENGURUSAN PROJEK,8500.00,ONLINE,5531,BACELOR,40-49,43.0
2024,HBPM22424,42,MELAYU,MALE,BEKERJA SEPENUH MASA,KERAJAAN NEGERI PAHANG,"PROFESSIONAL, SCIENTIFIC, AND TECHNICAL ACTIVITIES",PAHANG,388,BACELOR EKSEKUTIF OPERASI DAN PENGURUSAN PROJEK,3500.00,ONLINE,5729,BACELOR,40-49,42.0
2024,HBPM22429,38,MELAYU,MALE,BEKERJA SEPENUH MASA,TUV NORD MALAYSIA SDN BHD,"PROFESSIONAL, SCIENTIFIC, AND TECHNICAL ACTIVITIES",SARAWAK,388,BACELOR EKSEKUTIF OPERASI DAN PENGURUSAN PROJEK,11000.00,ONLINE,4650,BACELOR,30-39,38.0
2024,HBPM22432,43,MELAYU,MALE,BEKERJA SEPENUH MASA,PENGURUSAN AIR SELANGOR SDN BHD,"PROFESSIONAL, SCIENTIFIC, AND TECHNICAL ACTIVITIES",SELANGOR,388,BACELOR EKSEKUTIF OPERASI DAN PENGURUSAN PROJEK,4000.00,ONLINE,4186,BACELOR,40-49,43.0
2024,HBPM22436,45,CINA,MALE,BEKERJA SEPENUH MASA,SAMSUNG C&T (M) SDN BHD,"PROFESSIONAL, SCIENTIFIC, AND TECHNICAL ACTIVITIES",PERAK,388,BACELOR EKSEKUTIF OPERASI DAN PENGURUSAN PROJEK,5000.00,ONLINE,4761,BACELOR,40-49,45.0
2024,HBPM23101,39,MELAYU,MALE,BEKERJA SEPENUH MASA,HIBISCUS MALAYSIA,"PROFESSIONAL, SCIENTIFIC, AND TECHNICAL ACTIVITIES",KUALA LUMPUR,388,BACELOR EKSEKUTIF OPERASI DAN PENGURUSAN PROJEK,5700.00,ONLINE,5763,BACELOR,30-39,39.0
2024,HBPM23103,50,MELAYU,MALE,BEKERJA SEPENUH MASA,RAPID RAIL SDN BHD,"PROFESSIONAL, SCIENTIFIC, AND TECHNICAL ACTIVITIES",SELANGOR,388,BACELOR EKSEKUTIF OPERASI DAN PENGURUSAN PROJEK,7000.00,ONLINE,5875,BACELOR,50-59,50.0
2024,HBPM23104,42,INDIA,MALE,BEKERJA SEPENUH MASA,TIGGES FASTENING TECHNOLOGY SDN BHD,"PROFESSIONAL, SCIENTIFIC, AND TECHNICAL ACTIVITIES",PERAK,388,BACELOR EKSEKUTIF OPERASI DAN PENGURUSAN PROJEK,4500.00,ONLINE,5130,BACELOR,40-49,42.0
2024,HBPM23107,38,MELAYU,MALE,BEKERJA SEPENUH MASA,ROMSTAR SDN.BHD,"PROFESSIONAL, SCIENTIFIC, AND TECHNICAL ACTIVITIES",PERAK,388,BACELOR EKSEKUTIF OPERASI DAN PENGURUSAN PROJEK,6510.00,ONLINE,4486,BACELOR,30-39,38.0
2024,HBPM23111,48,MELAYU,MALE,BEKERJA/USAHAWAN/FREELANCE,PETRA RESOURCES SDN BHD,"PROFESSIONAL, SCIENTIFIC, AND TECHNICAL ACTIVITIES",SABAH,388,BACELOR EKSEKUTIF OPERASI DAN PENGURUSAN PROJEK,15000.00,ONLINE,4119,BACELOR,40-49,48.0
2024,HBPM23113,40,MELAYU,MALE,BEKERJA SEPENUH MASA,MBI SELANGOR,"PROFESSIONAL, SCIENTIFIC, AND TECHNICAL ACTIVITIES",SELANGOR,388,BACELOR EKSEKUTIF OPERASI DAN PENGURUSAN PROJEK,6000.00,ONLINE,4255,BACELOR,40-49,40.0
2024,HBPM23115,41,MELAYU,MALE,BEKERJA SEPENUH MASA,BECTON DICKINSON,"PROFESSIONAL, SCIENTIFIC, AND TECHNICAL ACTIVITIES",KEDAH,388,BACELOR EKSEKUTIF OPERASI DAN PENGURUSAN PROJEK,8301.00,ONLINE,4878,BACELOR,40-49,41.0
2024,HBPM23118,37,MELAYU,MALE,BEKERJA/USAHAWAN/FREELANCE,SYARIKAT BERKAT,"PROFESSIONAL, SCIENTIFIC, AND TECHNICAL ACTIVITIES",SARAWAK,388,BACELOR EKSEKUTIF OPERASI DAN PENGURUSAN PROJEK,5000.00,ONLINE,5686,BACELOR,30-39,37.0
2024,HBPM23123,39,MELAYU,MALE,BEKERJA SEPENUH MASA,BBRAUN MEDICAL,"PROFESSIONAL, SCIENTIFIC, AND TECHNICAL ACTIVITIES",PULAU PINANG,388,BACELOR EKSEKUTIF OPERASI DAN PENGURUSAN PROJEK,6000.00,ONLINE,5350,BACELOR,30-39,39.0
2024,HBPM23130,37,MELAYU,MALE,BEKERJA SEPENUH MASA,PKPP AGRO SDN BHD,"PROFESSIONAL, SCIENTIFIC, AND TECHNICAL ACTIVITIES",PAHANG,388,BACELOR EKSEKUTIF OPERASI DAN PENGURUSAN PROJEK,5170.00,ONLINE,4373,BACELOR,30-39,37.0
2024,HBPM23131,43,INDIA,MALE,BEKERJA SEPENUH MASA,NEXION TECHNOLOGIES (M) SDN BHD,"PROFESSIONAL, SCIENTIFIC, AND TECHNICAL ACTIVITIES",SELANGOR,388,BACELOR EKSEKUTIF OPERASI DAN PENGURUSAN PROJEK,3350.00,ONLINE,4532,BACELOR,40-49,43.0
2024,HBPM23132,45,MELAYU,MALE,BEKERJA SEPENUH MASA,SA ARCHITECTS SDN BHD,"PROFESSIONAL, SCIENTIFIC, AND TECHNICAL ACTIVITIES",KEDAH,388,BACELOR EKSEKUTIF OPERASI DAN PENGURUSAN PROJEK,6500.00,ONLINE,4302,BACELOR,40-49,45.0
2024,HBPM23201,47,MELAYU,MALE,BEKERJA SEPENUH MASA,BANK KERJASAMA RAKYAT,"PROFESSIONAL, SCIENTIFIC, AND TECHNICAL ACTIVITIES",SARAWAK,388,BACELOR EKSEKUTIF OPERASI DAN PENGURUSAN PROJEK,4730.00,ONLINE,4798,BACELOR,40-49,47.0
2024,HBPM23206,41,MELAYU,MALE,BEKERJA SEPENUH MASA,MALAYSIA MARINA AND HEAVY ENGINEERING,"PROFESSIONAL, SCIENTIFIC, AND TECHNICAL ACTIVITIES",JOHOR,388,BACELOR EKSEKUTIF OPERASI DAN PENGURUSAN PROJEK,5538.00,ONLINE,5600,BACELOR,40-49,41.0
2024,HBPM23214,46,MELAYU,MALE,SEDANG MENINGKATKAN KEMAHIRAN (SL1M/SUTKS/INSEP DSB),BELOM BERKERJA,"PROFESSIONAL, SCIENTIFIC, AND TECHNICAL ACTIVITIES",SELANGOR,388,BACELOR EKSEKUTIF OPERASI DAN PENGURUSAN PROJEK,3000.00,ONLINE,4799,BACELOR,40-49,46.0
2024,HBPM23217,34,MELAYU,MALE,BEKERJA SEPENUH MASA,JGC ASIA PACIFIC (M) SDN BHD,"PROFESSIONAL, SCIENTIFIC, AND TECHNICAL ACTIVITIES",NEGERI SEMBILAN,388,BACELOR EKSEKUTIF OPERASI DAN PENGURUSAN PROJEK,8200.00,ONLINE,5829,BACELOR,30-39,34.0
2024,HBPM23309,26,MELAYU,FEMALE,BEKERJA SEPENUH MASA,YAYASAN PETRONAS,"PROFESSIONAL, SCIENTIFIC, AND TECHNICAL ACTIVITIES",KUALA LUMPUR,388,BACELOR EKSEKUTIF OPERASI DAN PENGURUSAN PROJEK,3700.00,ONLINE,4263,BACELOR,<29,26.0
2024,HBPM23310,36,CINA,FEMALE,BEKERJA SEPENUH MASA,INFINEON TECHNOLOGIES SDN BHD,"PROFESSIONAL, SCIENTIFIC, AND TECHNICAL ACTIVITIES",KEDAH,388,BACELOR EKSEKUTIF OPERASI DAN PENGURUSAN PROJEK,2738.00,ONLINE,4700,BACELOR,30-39,36.0
2024,HBPM23311,45,MELANAU-SARAWAK,MALE,BEKERJA SEPENUH MASA,MALAYSIAN COMMUNICATION AND MULTIMEDIA MALAYSIA,"PROFESSIONAL, SCIENTIFIC, AND TECHNICAL ACTIVITIES",SARAWAK,388,BACELOR EKSEKUTIF OPERASI DAN PENGURUSAN PROJEK,4500.00,ONLINE,5038,BACELOR,40-49,45.0
2024,HBPM23314,27,MELAYU,MALE,BEKERJA SEPENUH MASA,DE METROLOGY SDN. BHD.,"PROFESSIONAL, SCIENTIFIC, AND TECHNICAL ACTIVITIES",SELANGOR,388,BACELOR EKSEKUTIF OPERASI DAN PENGURUSAN PROJEK,4500.00,ONLINE,4733,BACELOR,<29,27.0
2024,HBPM23316,40,MELAYU,MALE,BEKERJA SEPENUH MASA,EXXONMOBIL EXPLORATION AND PRODUCTION MALAYSIA INCORPORATED (EMEPMI),"PROFESSIONAL, SCIENTIFIC, AND TECHNICAL ACTIVITIES",KEDAH,388,BACELOR EKSEKUTIF OPERASI DAN PENGURUSAN PROJEK,9940.00,ONLINE,4399,BACELOR,40-49,40.0
2024,HBPM23320,41,MELAYU,MALE,BEKERJA SEPENUH MASA,HIBISCUS PETROLEUM,"PROFESSIONAL, SCIENTIFIC, AND TECHNICAL ACTIVITIES",KUALA LUMPUR,388,BACELOR EKSEKUTIF OPERASI DAN PENGURUSAN PROJEK,5200.00,ONLINE,4417,BACELOR,40-49,41.0
2024,HBPM23321,32,MELAYU,FEMALE,BEKERJA SEPENUH MASA,AMWAJ TRAVEL & TOURS SDN BHD,"PROFESSIONAL, SCIENTIFIC, AND TECHNICAL ACTIVITIES",SELANGOR,388,BACELOR EKSEKUTIF OPERASI DAN PENGURUSAN PROJEK,3000.00,ONLINE,4300,BACELOR,30-39,32.0
2024,HBPM23404,32,MELAYU,MALE,BEKERJA SEPENUH MASA,TH PROPERTIES SDN BHD,"PROFESSIONAL, SCIENTIFIC, AND TECHNICAL ACTIVITIES",SELANGOR,388,BACELOR EKSEKUTIF OPERASI DAN PENGURUSAN PROJEK,2700.00,ONLINE,5479,BACELOR,30-39,32.0
2024,HBPR21308,39,MELAYU,MALE,BEKERJA SEPENUH MASA,RANHILL WORLEY,MINING AND QUARRYING,JOHOR,373,BACELOR EKSEKUTIF PENGURUSAN PROJEK (PETROLEUM & GAS),13500.00,ONLINE,5930,BACELOR,30-39,39.0
2024,HBPR22201,34,MELAYU,MALE,BEKERJA SEPENUH MASA,ITG ELECTRONICS SDN BHD,MINING AND QUARRYING,JOHOR,373,BACELOR EKSEKUTIF PENGURUSAN PROJEK (PETROLEUM & GAS),4000.00,ONLINE,5775,BACELOR,30-39,34.0
2024,HBPR22305,48,DUSUN-SABAH,MALE,BEKERJA SEPENUH MASA,PETRONAS LNG 1,MINING AND QUARRYING,SABAH,373,BACELOR EKSEKUTIF PENGURUSAN PROJEK (PETROLEUM & GAS),5000.00,ONLINE,4858,BACELOR,40-49,48.0
2024,HBPR22306,41,MELAYU,MALE,BEKERJA SEPENUH MASA,SAIPEM ASIA,MINING AND QUARRYING,KUALA LUMPUR,373,BACELOR EKSEKUTIF PENGURUSAN PROJEK (PETROLEUM & GAS),16500.00,ONLINE,5360,BACELOR,40-49,41.0
2024,HBPR22401,48,MELAYU,MALE,BEKERJA SEPENUH MASA,ENERMECH SERVICES (M) SDN BHD,MINING AND QUARRYING,SELANGOR,373,BACELOR EKSEKUTIF PENGURUSAN PROJEK (PETROLEUM & GAS),9000.00,ONLINE,4525,BACELOR,40-49,48.0
2024,HBPR22409,43,MELAYU,MALE,BEKERJA/USAHAWAN/FREELANCE,SR TECH VENTURE SDN BHD,MINING AND QUARRYING,NEGERI SEMBILAN,373,BACELOR EKSEKUTIF PENGURUSAN PROJEK (PETROLEUM & GAS),10000.00,ONLINE,4428,BACELOR,40-49,43.0
2024,HBPR22410,38,MELAYU,MALE,BEKERJA SEPENUH MASA,ENERGY WORKFORCE SDN BHD,MINING AND QUARRYING,TERENGGANU,373,BACELOR EKSEKUTIF PENGURUSAN PROJEK (PETROLEUM & GAS),10000.00,ONLINE,5624,BACELOR,30-39,38.0
2024,HBPR22413,35,KEDAYAN-SABAH,MALE,BEKERJA SEPENUH MASA,SABAH SHELL PETROLUEM COMPANY LIMITED,MINING AND QUARRYING,SABAH,373,BACELOR EKSEKUTIF PENGURUSAN PROJEK (PETROLEUM & GAS),10000.00,ONLINE,5539,BACELOR,30-39,35.0
2024,HBPR22415,33,MELAYU,MALE,BEKERJA SEPENUH MASA,WINNER INSPECTION SDN BHD,MINING AND QUARRYING,SARAWAK,373,BACELOR EKSEKUTIF PENGURUSAN PROJEK (PETROLEUM & GAS),10000.00,ONLINE,4436,BACELOR,30-39,33.0
2024,HBPR23102,52,MELAYU,MALE,BEKERJA SEPENUH MASA,MAXGRIP SERVICES SDN BHD,MINING AND QUARRYING,PAHANG,373,BACELOR EKSEKUTIF PENGURUSAN PROJEK (PETROLEUM & GAS),12000.00,ONLINE,5884,BACELOR,50-59,52.0
2024,HBPR23103,42,MELAYU,MALE,BEKERJA SEPENUH MASA,TUAH INTERGRATED SOLUTIONS SDN BHD,MINING AND QUARRYING,PERAK,373,BACELOR EKSEKUTIF PENGURUSAN PROJEK (PETROLEUM & GAS),19702.00,ONLINE,5607,BACELOR,40-49,42.0
2024,HBPR23104,43,MELAYU,MALE,BEKERJA SEPENUH MASA,SAPURAOMV,MINING AND QUARRYING,TERENGGANU,373,BACELOR EKSEKUTIF PENGURUSAN PROJEK (PETROLEUM & GAS),20000.00,ONLINE,5859,BACELOR,40-49,43.0
2024,HBPR23105,30,BUGIS,MALE,BEKERJA SEPENUH MASA,DIMENSION BID SDN BHD,MINING AND QUARRYING,SABAH,373,BACELOR EKSEKUTIF PENGURUSAN PROJEK (PETROLEUM & GAS),1800.00,ONLINE,4146,BACELOR,30-39,30.0
2024,HBPR23106,44,MELAYU,MALE,BEKERJA/USAHAWAN/FREELANCE,VESTIGO PETROLEUM SDN BHD,MINING AND QUARRYING,TERENGGANU,373,BACELOR EKSEKUTIF PENGURUSAN PROJEK (PETROLEUM & GAS),19000.00,ONLINE,4397,BACELOR,40-49,44.0
2024,HBPR23109,46,MELAYU,MALE,BEKERJA SEPENUH MASA,PCG PCC OXYALKYLATES SDN. BHD.,MINING AND QUARRYING,MELAKA,373,BACELOR EKSEKUTIF PENGURUSAN PROJEK (PETROLEUM & GAS),12000.00,ONLINE,4397,BACELOR,40-49,46.0
2024,HBPR23110,37,BIDAYUH/LAND DAYAK - SARAWAK,FEMALE,BEKERJA SEPENUH MASA,SABAH SHELL PETROLEUM CO.SDN BHD,MINING AND QUARRYING,SARAWAK,373,BACELOR EKSEKUTIF PENGURUSAN PROJEK (PETROLEUM & GAS),7000.00,ONLINE,5879,BACELOR,30-39,37.0
2024,HBPR23115,41,MELAYU,MALE,BEKERJA SEPENUH MASA,EPOMS SDN. BHD.,MINING AND QUARRYING,PAHANG,373,BACELOR EKSEKUTIF PENGURUSAN PROJEK (PETROLEUM & GAS),18000.00,ONLINE,5126,BACELOR,40-49,41.0
2024,HBPR23116,39,MELAYU,MALE,BEKERJA SEPENUH MASA,VME TECHNICAL SERVICES SDN. BHD.,MINING AND QUARRYING,SELANGOR,373,BACELOR EKSEKUTIF PENGURUSAN PROJEK (PETROLEUM & GAS),20000.00,ONLINE,5815,BACELOR,30-39,39.0
2024,HBPR23117,34,MELAYU,MALE,BEKERJA SEPENUH MASA,UZMA ENGINEERING SDN BHD,MINING AND QUARRYING,LABUAN,373,BACELOR EKSEKUTIF PENGURUSAN PROJEK (PETROLEUM & GAS),5700.00,ONLINE,5372,BACELOR,30-39,34.0
2024,HBPR23120,42,MELAYU,FEMALE,BEKERJA SEPENUH MASA,SOBENA OFFSHORE INC SDN BHD,MINING AND QUARRYING,LABUAN,373,BACELOR EKSEKUTIF PENGURUSAN PROJEK (PETROLEUM & GAS),7000.00,ONLINE,4776,BACELOR,40-49,42.0
2024,HBPR23201,35,MELAYU,MALE,BEKERJA/USAHAWAN/FREELANCE,FREELANCER,MINING AND QUARRYING,KELANTAN,373,BACELOR EKSEKUTIF PENGURUSAN PROJEK (PETROLEUM & GAS),5000.00,ONLINE,5634,BACELOR,30-39,35.0
2024,HBPR23202,40,MELAYU,FEMALE,BEKERJA SEPENUH MASA,PRIMAGE ENGINEERING SDN BHD,MINING AND QUARRYING,SELANGOR,373,BACELOR EKSEKUTIF PENGURUSAN PROJEK (PETROLEUM & GAS),5600.00,ONLINE,4049,BACELOR,40-49,40.0
2024,HBPR23203,40,MELAYU,MALE,BEKERJA SEPENUH MASA,PETRONAS CARIGALI SDN BHD,MINING AND QUARRYING,LABUAN,373,BACELOR EKSEKUTIF PENGURUSAN PROJEK (PETROLEUM & GAS),5000.00,ONLINE,5906,BACELOR,40-49,40.0
2024,HBPR23206,41,MELAYU,MALE,BEKERJA SEPENUH MASA,HIBISCUS PETROLEUM BERHAD,MINING AND QUARRYING,PERAK,373,BACELOR EKSEKUTIF PENGURUSAN PROJEK (PETROLEUM & GAS),10000.00,ONLINE,5987,BACELOR,40-49,41.0
2024,HBPR23207,43,MELAYU,MALE,BEKERJA SEPENUH MASA,HIBISCUS PETROLEUM,MINING AND QUARRYING,PERAK,373,BACELOR EKSEKUTIF PENGURUSAN PROJEK (PETROLEUM & GAS),10000.00,ONLINE,4238,BACELOR,40-49,43.0
2024,HBPR23209,47,MELAYU,MALE,BEKERJA/USAHAWAN/FREELANCE,CONTRACT STAFF,MINING AND QUARRYING,TERENGGANU,373,BACELOR EKSEKUTIF PENGURUSAN PROJEK (PETROLEUM & GAS),6500.00,ONLINE,5472,BACELOR,40-49,47.0
2024,HBPR23211,52,MELAYU,MALE,BEKERJA SEPENUH MASA,MARA INCORPORATED SDN BHD,MINING AND QUARRYING,KUALA LUMPUR,373,BACELOR EKSEKUTIF PENGURUSAN PROJEK (PETROLEUM & GAS),12500.00,ONLINE,4078,BACELOR,50-59,52.0
2024,HBPR23212,50,BAJAU - SABAH,FEMALE,BEKERJA SEPENUH MASA,SHAPADU CR ASIA SDN BHD,MINING AND QUARRYING,JOHOR,373,BACELOR EKSEKUTIF PENGURUSAN PROJEK (PETROLEUM & GAS),6500.00,ONLINE,5739,BACELOR,50-59,50.0
2024,HBPR23214,45,MURUT/LUN BAWANG - SARAWAK,MALE,BEKERJA SEPENUH MASA,OCEANCARE SDN. BHD.,MINING AND QUARRYING,SARAWAK,373,BACELOR EKSEKUTIF PENGURUSAN PROJEK (PETROLEUM & GAS),20000.00,ONLINE,4019,BACELOR,40-49,45.0
2024,HBPR23215,41,MELAYU,MALE,BEKERJA SEPENUH MASA,EPIC OG,MINING AND QUARRYING,SELANGOR,373,BACELOR EKSEKUTIF PENGURUSAN PROJEK (PETROLEUM & GAS),10000.00,ONLINE,5774,BACELOR,40-49,41.0
2024,HBPR23309,38,MELAYU,MALE,BEKERJA SEPENUH MASA,EXXONMOBIL EXPLORATION,MINING AND QUARRYING,PERAK,373,BACELOR EKSEKUTIF PENGURUSAN PROJEK (PETROLEUM & GAS),6000.00,ONLINE,4304,BACELOR,30-39,38.0
2024,HBPR23311,36,MELAYU,MALE,BEKERJA SEPENUH MASA,RANHILL WORLEY SDN BHD,MINING AND QUARRYING,TERENGGANU,373,BACELOR EKSEKUTIF PENGURUSAN PROJEK (PETROLEUM & GAS),10000.00,ONLINE,5381,BACELOR,30-39,36.0
2024,HBPR23312,47,MELAYU,MALE,BEKERJA SEPENUH MASA,PETRONAS CARIGALI SDN BHD,MINING AND QUARRYING,SELANGOR,373,BACELOR EKSEKUTIF PENGURUSAN PROJEK (PETROLEUM & GAS),25000.00,ONLINE,4040,BACELOR,40-49,47.0
2024,HBPR23404,40,MELAYU,MALE,BEKERJA/USAHAWAN/FREELANCE,BUREAU VERITAS (M) SDN BHD,MINING AND QUARRYING,JOHOR,373,BACELOR EKSEKUTIF PENGURUSAN PROJEK (PETROLEUM & GAS),8000.00,ONLINE,5051,BACELOR,40-49,40.0
2024,HBSC21202,45,MELAYU,FEMALE,BEKERJA SEPENUH MASA,MALAYSIAN MARINE AND HEAVY ENGINEERING SDN BHD,TRANSPORTATION AND STORAGE,JOHOR,413,BACELOR EKSEKUTIF PENGURUSAN RANTAIAN BEKALAN,7500.00,ONLINE,5781,BACELOR,40-49,45.0
2024,HBSC21206,28,MELAYU,MALE,BEKERJA SEPENUH MASA,BINTULU PORT SDN BHD,TRANSPORTATION AND STORAGE,SARAWAK,413,BACELOR EKSEKUTIF PENGURUSAN RANTAIAN BEKALAN,2500.00,ONLINE,5548,BACELOR,<29,28.0
2024,HBSC21302,41,INDIA,FEMALE,BEKERJA SEPENUH MASA,R-LOGIC INTERNATIONAL PTE LTD,TRANSPORTATION AND STORAGE,JOHOR,413,BACELOR EKSEKUTIF PENGURUSAN RANTAIAN BEKALAN,2500.00,ONLINE,4292,BACELOR,40-49,41.0
2024,HBSC22201,28,INDIA,FEMALE,BEKERJA SEPENUH MASA,NEWPORT TANK CONTAINERS MALAYSIA SDN BHD,TRANSPORTATION AND STORAGE,SELANGOR,413,BACELOR EKSEKUTIF PENGURUSAN RANTAIAN BEKALAN,3410.00,ONLINE,5698,BACELOR,<29,28.0
2024,HBSC22209,40,INDIA,MALE,BEKERJA SEPENUH MASA,WATSON'S PERSONAL CARE,TRANSPORTATION AND STORAGE,SELANGOR,413,BACELOR EKSEKUTIF PENGURUSAN RANTAIAN BEKALAN,5180.00,ONLINE,5708,BACELOR,40-49,40.0
2024,HBSC22303,36,INDIA,MALE,BEKERJA SEPENUH MASA,PKT LOGISTICS SDN BHD,TRANSPORTATION AND STORAGE,SELANGOR,413,BACELOR EKSEKUTIF PENGURUSAN RANTAIAN BEKALAN,7400.00,ONLINE,5699,BACELOR,30-39,36.0
2024,HBSC22304,28,INDIA,MALE,BEKERJA SEPENUH MASA,SMRT,TRANSPORTATION AND STORAGE,JOHOR,413,BACELOR EKSEKUTIF PENGURUSAN RANTAIAN BEKALAN,4000.00,ONLINE,5627,BACELOR,<29,28.0
2024,HBSC22402,48,MELAYU,MALE,BEKERJA SEPENUH MASA,PENGERANG REFINING COMPANY SDN BHD,TRANSPORTATION AND STORAGE,JOHOR,413,BACELOR EKSEKUTIF PENGURUSAN RANTAIAN BEKALAN,18000.00,ONLINE,4253,BACELOR,40-49,48.0
2024,HBSC22404,41,INDIA,FEMALE,BEKERJA SEPENUH MASA,LIMA BINTANG LOGISTICS SDN BHD,TRANSPORTATION AND STORAGE,SELANGOR,413,BACELOR EKSEKUTIF PENGURUSAN RANTAIAN BEKALAN,5200.00,ONLINE,5206,BACELOR,40-49,41.0
2024,HBSC22406,31,INDIA,MALE,BEKERJA SEPENUH MASA,TASCO BERHAD,TRANSPORTATION AND STORAGE,SELANGOR,413,BACELOR EKSEKUTIF PENGURUSAN RANTAIAN BEKALAN,3200.00,ONLINE,5858,BACELOR,30-39,31.0
2024,HBSC22408,34,IBAN/SEA DAYAK -SARAWAK,MALE,BEKERJA SEPENUH MASA,PERTAMA FERROALOYS SDN BHD,TRANSPORTATION AND STORAGE,SARAWAK,413,BACELOR EKSEKUTIF PENGURUSAN RANTAIAN BEKALAN,5000.00,ONLINE,5640,BACELOR,30-39,34.0
2024,HBSC23101,40,CINA,FEMALE,BEKERJA SEPENUH MASA,LUNAR MARINE PTE LTD,TRANSPORTATION AND STORAGE,SELANGOR,413,BACELOR EKSEKUTIF PENGURUSAN RANTAIAN BEKALAN,3650.00,ONLINE,4405,BACELOR,40-49,40.0
2024,HBSC23102,50,INDIA,FEMALE,BEKERJA SEPENUH MASA,CORUS HOTEL,TRANSPORTATION AND STORAGE,SELANGOR,413,BACELOR EKSEKUTIF PENGURUSAN RANTAIAN BEKALAN,7200.00,ONLINE,4160,BACELOR,50-59,50.0
2024,HBSC23105,39,TAMIL,FEMALE,BEKERJA SEPENUH MASA,MARELLI AUTOMOTIVE LIGHTING SDN BHD,TRANSPORTATION AND STORAGE,PULAU PINANG,413,BACELOR EKSEKUTIF PENGURUSAN RANTAIAN BEKALAN,3500.00,ONLINE,4639,BACELOR,30-39,39.0
2024,HBSC23108,44,MELAYU,MALE,BEKERJA SEPENUH MASA,MCDERMOTT ASIA PACIFIC SDN BHD,TRANSPORTATION AND STORAGE,SELANGOR,413,BACELOR EKSEKUTIF PENGURUSAN RANTAIAN BEKALAN,15000.00,ONLINE,5041,BACELOR,40-49,44.0
2024,HBSC23113,35,INDIA,FEMALE,BEKERJA SEPENUH MASA,MYCHEF INNOVATION (M) SDN BHD,TRANSPORTATION AND STORAGE,SELANGOR,413,BACELOR EKSEKUTIF PENGURUSAN RANTAIAN BEKALAN,4500.00,ONLINE,4919,BACELOR,30-39,35.0
2024,HBSC23201,47,MELAYU,FEMALE,BEKERJA SEPENUH MASA,ERIKS SDN BHD,TRANSPORTATION AND STORAGE,TERENGGANU,413,BACELOR EKSEKUTIF PENGURUSAN RANTAIAN BEKALAN,4233.00,ONLINE,4869,BACELOR,40-49,47.0
2024,HBSC23202,33,INDIA,FEMALE,BEKERJA SEPENUH MASA,GARDENIA BAKERIES (KL) SDN BHD,TRANSPORTATION AND STORAGE,SELANGOR,413,BACELOR EKSEKUTIF PENGURUSAN RANTAIAN BEKALAN,2553.00,ONLINE,4345,BACELOR,30-39,33.0
2024,HBSC23206,46,INDIA,FEMALE,BEKERJA SEPENUH MASA,WONG ENGINEERING ELECTRONICS SDN.BHD,TRANSPORTATION AND STORAGE,KEDAH,413,BACELOR EKSEKUTIF PENGURUSAN RANTAIAN BEKALAN,4038.00,ONLINE,4834,BACELOR,40-49,46.0
2024,HBSC23209,40,MELAYU,MALE,BEKERJA SEPENUH MASA,TANAMERA TROPICAL SPA SDN BHD,TRANSPORTATION AND STORAGE,NEGERI SEMBILAN,413,BACELOR EKSEKUTIF PENGURUSAN RANTAIAN BEKALAN,5700.00,ONLINE,4588,BACELOR,40-49,40.0
2024,HDGT22305,44,MELAYU,MALE,BELUM/TIDAK BEKERJA,NOT SPECIFIED,MINING AND QUARRYING,TERENGGANU,351,DIPLOMA PROFESIONAL TEKNOLOGI DAN PENGURUSAN MINYAK & GAS,1000.00,ONLINE,3885,DIPLOMA,40-49,44.0
2024,HDGT22407,32,INDIA,MALE,BEKERJA SEPENUH MASA,KCS PROTECTIVE COATING SDN. BHD.,MINING AND QUARRYING,SELANGOR,351,DIPLOMA PROFESIONAL TEKNOLOGI DAN PENGURUSAN MINYAK & GAS,4500.00,ONLINE,3051,DIPLOMA,30-39,32.0
2024,HDGT23103,53,MELAYU,MALE,BEKERJA/USAHAWAN/FREELANCE,HARVESTECH ENGINEERING SDN. BHD.,MINING AND QUARRYING,NEGERI SEMBILAN,351,DIPLOMA PROFESIONAL TEKNOLOGI DAN PENGURUSAN MINYAK & GAS,5000.00,ONLINE,3666,DIPLOMA,50-59,53.0
2024,HDGT23105,49,MELAYU,MALE,BEKERJA SEPENUH MASA,FLEXISCALE SDN BHD,MINING AND QUARRYING,TERENGGANU,351,DIPLOMA PROFESIONAL TEKNOLOGI DAN PENGURUSAN MINYAK & GAS,6000.00,ONLINE,3436,DIPLOMA,40-49,49.0
2024,HDGT23106,30,MELAYU,MALE,BEKERJA SEPENUH MASA,MJ INFINITE SDN BHD,MINING AND QUARRYING,MELAKA,351,DIPLOMA PROFESIONAL TEKNOLOGI DAN PENGURUSAN MINYAK & GAS,3000.00,ONLINE,2252,DIPLOMA,30-39,30.0
2024,HDGT23108,25,INDIA,MALE,BEKERJA SEPARA MASA,BAKER HUGHES,MINING AND QUARRYING,PERAK,351,DIPLOMA PROFESIONAL TEKNOLOGI DAN PENGURUSAN MINYAK & GAS,3500.00,ONLINE,3237,DIPLOMA,<29,25.0
2024,HDGT23109,36,MELAYU,MALE,BEKERJA/USAHAWAN/FREELANCE,DAYANG ENTERPRISE SDN BHD,MINING AND QUARRYING,TERENGGANU,351,DIPLOMA PROFESIONAL TEKNOLOGI DAN PENGURUSAN MINYAK & GAS,5000.00,ONLINE,2081,DIPLOMA,30-39,36.0
2024,HDGT23113,48,MELAYU,MALE,BEKERJA SEPENUH MASA,PETRONAS CARIGALI SDN BHD,MINING AND QUARRYING,TERENGGANU,351,DIPLOMA PROFESIONAL TEKNOLOGI DAN PENGURUSAN MINYAK & GAS,15300.00,ONLINE,2043,DIPLOMA,40-49,48.0
2024,HDGT23114,46,MELAYU,MALE,BEKERJA SEPENUH MASA,HIBISCUS PETROLEUM SDN BHD,MINING AND QUARRYING,TERENGGANU,351,DIPLOMA PROFESIONAL TEKNOLOGI DAN PENGURUSAN MINYAK & GAS,5500.00,ONLINE,3185,DIPLOMA,40-49,46.0
2024,HDGT23118,38,MELAYU,MALE,BEKERJA SEPENUH MASA,DAYANG ENTERPRISE,MINING AND QUARRYING,LABUAN,351,DIPLOMA PROFESIONAL TEKNOLOGI DAN PENGURUSAN MINYAK & GAS,8400.00,ONLINE,2232,DIPLOMA,30-39,38.0
2024,HDGT23202,39,MELAYU,MALE,BEKERJA SEPENUH MASA,DELEUM SDN BHD,MINING AND QUARRYING,TERENGGANU,351,DIPLOMA PROFESIONAL TEKNOLOGI DAN PENGURUSAN MINYAK & GAS,15000.00,ONLINE,3633,DIPLOMA,30-39,39.0
2024,HDGT23205,37,MELAYU,MALE,BEKERJA SEPENUH MASA,ENGINEERING & CONSULTANCY SERVICES CO. LTD SOUTH SUDAN,MINING AND QUARRYING,JOHOR,351,DIPLOMA PROFESIONAL TEKNOLOGI DAN PENGURUSAN MINYAK & GAS,12000.00,ONLINE,3924,DIPLOMA,30-39,37.0
2024,HDGT23405,47,MELAYU,MALE,BEKERJA SEPENUH MASA,HIBISCUS OIL & GAS MALAYSIA LIMITED,MINING AND QUARRYING,PAHANG,351,DIPLOMA PROFESIONAL TEKNOLOGI DAN PENGURUSAN MINYAK & GAS,14500.00,ONLINE,3570,DIPLOMA,40-49,47.0
2024,HDGT23406,33,MELAYU,MALE,BEKERJA SEPENUH MASA,DRIL-QUIP ASIA PACIFIC,MINING AND QUARRYING,SABAH,351,DIPLOMA PROFESIONAL TEKNOLOGI DAN PENGURUSAN MINYAK & GAS,2500.00,ONLINE,3566,DIPLOMA,30-39,33.0
2024,HDKP22322,30,BUGIS,FEMALE,BEKERJA SEPENUH MASA,SAWIT KINABALU SDN BHD,OTHER,SABAH,350,"DIPLOMA PROFESIONAL KESELAMATAN, KESIHATAN DAN PERSEKITARAN",1500.00,ONLINE,3720,DIPLOMA,30-39,30.0
2024,HDKP22325,57,IBAN/SEA DAYAK -SARAWAK,MALE,BEKERJA SEPENUH MASA,VELESTO DRILLING SDN.BHD,OTHER,SARAWAK,350,"DIPLOMA PROFESIONAL KESELAMATAN, KESIHATAN DAN PERSEKITARAN",10600.00,ONLINE,2087,DIPLOMA,50-59,57.0
2024,HDKP22406,43,INDIA,MALE,BEKERJA SEPENUH MASA,UNIVERSITI PUTRA MALAYSIA,OTHER,PERAK,350,"DIPLOMA PROFESIONAL KESELAMATAN, KESIHATAN DAN PERSEKITARAN",3600.00,ONLINE,2903,DIPLOMA,40-49,43.0
2024,HDKP22414,42,MELAYU,MALE,BEKERJA SEPENUH MASA,PETROFAC MALAYSIA,OTHER,PAHANG,350,"DIPLOMA PROFESIONAL KESELAMATAN, KESIHATAN DAN PERSEKITARAN",15000.00,ONLINE,2846,DIPLOMA,40-49,42.0
2024,HDKP22417,37,MELAYU,FEMALE,BEKERJA SEPENUH MASA,KENNY HILLS MANUFACTORY SDN BHD,OTHER,SELANGOR,350,"DIPLOMA PROFESIONAL KESELAMATAN, KESIHATAN DAN PERSEKITARAN",3900.00,ONLINE,3239,DIPLOMA,30-39,37.0
2024,HDKP22421,35,MELAYU,MALE,BEKERJA SEPENUH MASA,BERJAYA GROUP BERHAD,OTHER,KUALA LUMPUR,350,"DIPLOMA PROFESIONAL KESELAMATAN, KESIHATAN DAN PERSEKITARAN",12375.00,ONLINE,2751,DIPLOMA,30-39,35.0
2024,HDKP23110,42,MELAYU,MALE,BEKERJA SEPENUH MASA,IOI PROPERTIES GOUP BERHAD,OTHER,PUTRAJAYA,350,"DIPLOMA PROFESIONAL KESELAMATAN, KESIHATAN DAN PERSEKITARAN",7500.00,ONLINE,3145,DIPLOMA,40-49,42.0
2024,HDKP23111,37,MELAYU,MALE,BEKERJA SEPENUH MASA,CENTRAL SUGARS REFINERY SDN BHD,OTHER,SELANGOR,350,"DIPLOMA PROFESIONAL KESELAMATAN, KESIHATAN DAN PERSEKITARAN",3000.00,ONLINE,3669,DIPLOMA,30-39,37.0
2024,HDKP23113,45,KADAZAN-SABAH,MALE,BEKERJA SEPENUH MASA,PETRONAS CARIGALI SDN BHD,OTHER,SABAH,350,"DIPLOMA PROFESIONAL KESELAMATAN, KESIHATAN DAN PERSEKITARAN",9700.00,ONLINE,3865,DIPLOMA,40-49,45.0
2024,HDKP23117,47,MELAYU,MALE,BEKERJA SEPENUH MASA,SPT SERVICES SDN BHD,OTHER,JOHOR,350,"DIPLOMA PROFESIONAL KESELAMATAN, KESIHATAN DAN PERSEKITARAN",10000.00,ONLINE,3132,DIPLOMA,40-49,47.0
2024,HDKP23119,51,MELAYU,MALE,BEKERJA SEPENUH MASA,QM SEVICES (M) SDN BHD,OTHER,PERAK,350,"DIPLOMA PROFESIONAL KESELAMATAN, KESIHATAN DAN PERSEKITARAN",7600.00,ONLINE,2160,DIPLOMA,50-59,51.0
2024,HDKP23122,29,INDIA,MALE,BEKERJA SEPENUH MASA,YI SHENG FOUNDATION,OTHER,SELANGOR,350,"DIPLOMA PROFESIONAL KESELAMATAN, KESIHATAN DAN PERSEKITARAN",3600.00,ONLINE,3056,DIPLOMA,<29,29.0
2024,HDKP23201,24,MELANAU-SARAWAK,FEMALE,BEKERJA SEPENUH MASA,SEALANE SHIPPING SDN BHD,OTHER,SARAWAK,350,"DIPLOMA PROFESIONAL KESELAMATAN, KESIHATAN DAN PERSEKITARAN",1800.00,ONLINE,2349,DIPLOMA,<29,24.0
2024,HDKP23202,41,MELAYU,MALE,BEKERJA SEPENUH MASA,DAIKIN ELECTRONIC DEVICES,OTHER,SELANGOR,350,"DIPLOMA PROFESIONAL KESELAMATAN, KESIHATAN DAN PERSEKITARAN",1700.00,ONLINE,2217,DIPLOMA,40-49,41.0
2024,HDKP23208,32,MELAYU,MALE,BELUM/TIDAK BEKERJA,NOT SPECIFIED,OTHER,PAHANG,350,"DIPLOMA PROFESIONAL KESELAMATAN, KESIHATAN DAN PERSEKITARAN",1000.00,ONLINE,3192,DIPLOMA,30-39,32.0
2024,HDKP23308,40,MELAYU,MALE,BEKERJA SEPENUH MASA,OIB CONSTRUCTION SDN.BHD,OTHER,KUALA LUMPUR,350,"DIPLOMA PROFESIONAL KESELAMATAN, KESIHATAN DAN PERSEKITARAN",5500.00,ONLINE,2355,DIPLOMA,40-49,40.0
2024,HDKP23309,39,MELAYU,FEMALE,BEKERJA SEPENUH MASA,FGV PLANTATIONS (MALAYSIA) SDN BHD,OTHER,PAHANG,350,"DIPLOMA PROFESIONAL KESELAMATAN, KESIHATAN DAN PERSEKITARAN",1700.00,ONLINE,2661,DIPLOMA,30-39,39.0
2024,HDKP23310,37,MELAYU,FEMALE,BEKERJA SEPENUH MASA,DOUBLETREE BY HILTON MELAKA,OTHER,JOHOR,350,"DIPLOMA PROFESIONAL KESELAMATAN, KESIHATAN DAN PERSEKITARAN",11000.00,ONLINE,2560,DIPLOMA,30-39,37.0
2024,HDKP23311,24,MELAYU,MALE,BEKERJA SEPENUH MASA,LYNDARAHIMKL,OTHER,KUALA LUMPUR,350,"DIPLOMA PROFESIONAL KESELAMATAN, KESIHATAN DAN PERSEKITARAN",2200.00,ONLINE,2794,DIPLOMA,<29,24.0
2024,HDKP23316,30,INDIA,MALE,BEKERJA SEPENUH MASA,KK MEGA INDUSTRIES SDN BHD,OTHER,MELAKA,350,"DIPLOMA PROFESIONAL KESELAMATAN, KESIHATAN DAN PERSEKITARAN",4000.00,ONLINE,2603,DIPLOMA,30-39,30.0
2024,HDKP23401,37,MELANAU-SARAWAK,MALE,BEKERJA SEPENUH MASA,BBR CONSTRUCTION SYSTEM (M) SDN BHD,OTHER,SARAWAK,350,"DIPLOMA PROFESIONAL KESELAMATAN, KESIHATAN DAN PERSEKITARAN",6000.00,ONLINE,3921,DIPLOMA,30-39,37.0
2024,HDKP23405,44,MELAYU,MALE,BEKERJA SEPENUH MASA,POLIS BANTUAN PETRONAS,OTHER,SELANGOR,350,"DIPLOMA PROFESIONAL KESELAMATAN, KESIHATAN DAN PERSEKITARAN",7000.00,ONLINE,2110,DIPLOMA,40-49,44.0
2024,HDPB21114,33,INDIA,MALE,BEKERJA SEPENUH MASA,KLM ENGINEERING & MAINTENANCE MALAYSIA SDN BHD,"PROFESSIONAL, SCIENTIFIC, AND TECHNICAL ACTIVITIES",NEGERI SEMBILAN,374,DIPLOMA PROFESIONAL PENGURUSAN PERNIAGAAN,4000.00,ONLINE,3476,DIPLOMA,30-39,33.0
2024,HDPB22110,44,MELAYU,MALE,BEKERJA SEPENUH MASA,MUNAS TRADING,"PROFESSIONAL, SCIENTIFIC, AND TECHNICAL ACTIVITIES",TERENGGANU,374,DIPLOMA PROFESIONAL PENGURUSAN PERNIAGAAN,3000.00,ONLINE,3208,DIPLOMA,40-49,44.0
2024,HDPB22117,45,INDIA,FEMALE,BEKERJA SEPENUH MASA,THARUNESH VISION,"PROFESSIONAL, SCIENTIFIC, AND TECHNICAL ACTIVITIES",SELANGOR,374,DIPLOMA PROFESIONAL PENGURUSAN PERNIAGAAN,5000.00,ONLINE,2685,DIPLOMA,40-49,45.0
2024,HDPB22121,41,MELAYU,FEMALE,BEKERJA SEPENUH MASA,GADING MARINE INDUSTRY (M) SDN BHD,"PROFESSIONAL, SCIENTIFIC, AND TECHNICAL ACTIVITIES",SELANGOR,374,DIPLOMA PROFESIONAL PENGURUSAN PERNIAGAAN,3800.00,ONLINE,3739,DIPLOMA,40-49,41.0
2024,HDPB22309,46,MELAYU,MALE,BEKERJA/USAHAWAN/FREELANCE,MOXIE ENTERPRISE,"PROFESSIONAL, SCIENTIFIC, AND TECHNICAL ACTIVITIES",SARAWAK,374,DIPLOMA PROFESIONAL PENGURUSAN PERNIAGAAN,10000.00,ONLINE,3065,DIPLOMA,40-49,46.0
2024,HDPB22310,29,MELAYU,MALE,BEKERJA SEPENUH MASA,PANORAMA LANGKAWI SDN BHD,"PROFESSIONAL, SCIENTIFIC, AND TECHNICAL ACTIVITIES",KEDAH,374,DIPLOMA PROFESIONAL PENGURUSAN PERNIAGAAN,3200.00,ONLINE,3826,DIPLOMA,<29,29.0
2024,HDPB22411,37,INDIA,MALE,BEKERJA/USAHAWAN/FREELANCE,HONG LEONG ASSURANCE BHD,"PROFESSIONAL, SCIENTIFIC, AND TECHNICAL ACTIVITIES",SELANGOR,374,DIPLOMA PROFESIONAL PENGURUSAN PERNIAGAAN,10000.00,ONLINE,2404,DIPLOMA,30-39,37.0
2024,HDPB22413,48,MELAYU,MALE,BELUM/TIDAK BEKERJA,NIL,"PROFESSIONAL, SCIENTIFIC, AND TECHNICAL ACTIVITIES",SARAWAK,374,DIPLOMA PROFESIONAL PENGURUSAN PERNIAGAAN,0.00,ONLINE,3001,DIPLOMA,40-49,48.0
2024,HDPB22414,43,MELAYU,FEMALE,BEKERJA/USAHAWAN/FREELANCE,NIPAH ENTERPRISE (M) SDN BHD,"PROFESSIONAL, SCIENTIFIC, AND TECHNICAL ACTIVITIES",PAHANG,374,DIPLOMA PROFESIONAL PENGURUSAN PERNIAGAAN,2500.00,ONLINE,3324,DIPLOMA,40-49,43.0
2024,HDPB22421,48,PUNJABI,MALE,BEKERJA SEPENUH MASA,REUNION ASIA SDN.BHD.,"PROFESSIONAL, SCIENTIFIC, AND TECHNICAL ACTIVITIES",PULAU PINANG,374,DIPLOMA PROFESIONAL PENGURUSAN PERNIAGAAN,3400.00,ONLINE,3968,DIPLOMA,40-49,48.0
2024,HDPB22422,30,MELAYU,FEMALE,BEKERJA/USAHAWAN/FREELANCE (SEPARA MASA),SCHA SAIDI EMPIRE,"PROFESSIONAL, SCIENTIFIC, AND TECHNICAL ACTIVITIES",SELANGOR,374,DIPLOMA PROFESIONAL PENGURUSAN PERNIAGAAN,3000.00,ONLINE,3017,DIPLOMA,30-39,30.0
2024,HDPB22423,48,CINA,MALE,BEKERJA SEPENUH MASA,SLL PLUMBING SDN BHD,"PROFESSIONAL, SCIENTIFIC, AND TECHNICAL ACTIVITIES",PERAK,374,DIPLOMA PROFESIONAL PENGURUSAN PERNIAGAAN,10000.00,ONLINE,2936,DIPLOMA,40-49,48.0
2024,HDPB23101,41,INDONESIA,FEMALE,BEKERJA SEPENUH MASA,PIZZA HUT RESTAURANT SDN BHD,"PROFESSIONAL, SCIENTIFIC, AND TECHNICAL ACTIVITIES",SABAH,374,DIPLOMA PROFESIONAL PENGURUSAN PERNIAGAAN,3000.00,ONLINE,3885,DIPLOMA,40-49,41.0
2024,HDPB23108,39,MELAYU,MALE,BEKERJA SEPENUH MASA,BOSSPI EMPIRE SDN BHD,"PROFESSIONAL, SCIENTIFIC, AND TECHNICAL ACTIVITIES",JOHOR,374,DIPLOMA PROFESIONAL PENGURUSAN PERNIAGAAN,12000.00,ONLINE,2053,DIPLOMA,30-39,39.0
2024,HDPB23111,24,MELAYU,FEMALE,BEKERJA SEPENUH MASA,MOMENTUM STAFFING GROUP SDN BHD,"PROFESSIONAL, SCIENTIFIC, AND TECHNICAL ACTIVITIES",JOHOR,374,DIPLOMA PROFESIONAL PENGURUSAN PERNIAGAAN,3000.00,ONLINE,3415,DIPLOMA,<29,24.0
2024,HDPB23113,36,INDIA,MALE,BEKERJA SEPENUH MASA,ASIA PACIFIC ENGINEERING CONSORTIUM SDN BHD,"PROFESSIONAL, SCIENTIFIC, AND TECHNICAL ACTIVITIES",SELANGOR,374,DIPLOMA PROFESIONAL PENGURUSAN PERNIAGAAN,3000.00,ONLINE,3297,DIPLOMA,30-39,36.0
2024,HDPB23201,38,MELAYU,MALE,BEKERJA SEPENUH MASA,PANORAMA LANGKAWI SDN BHD.(LANGKAWI CABLE CAR),"PROFESSIONAL, SCIENTIFIC, AND TECHNICAL ACTIVITIES",KEDAH,374,DIPLOMA PROFESIONAL PENGURUSAN PERNIAGAAN,3000.00,ONLINE,2930,DIPLOMA,30-39,38.0
2024,HDPB23303,40,MELAYU,MALE,BEKERJA SEPENUH MASA,UTS TELESERVICES SDN BHD,"PROFESSIONAL, SCIENTIFIC, AND TECHNICAL ACTIVITIES",PERAK,374,DIPLOMA PROFESIONAL PENGURUSAN PERNIAGAAN,4500.00,ONLINE,3036,DIPLOMA,40-49,40.0
2024,HDPB23304,26,MELAYU,FEMALE,BEKERJA/USAHAWAN/FREELANCE,SYAZAAYUSOF ENTERPRISE,"PROFESSIONAL, SCIENTIFIC, AND TECHNICAL ACTIVITIES",MELAKA,374,DIPLOMA PROFESIONAL PENGURUSAN PERNIAGAAN,4000.00,ONLINE,3426,DIPLOMA,<29,26.0
2024,HDPB23305,26,MELAYU,FEMALE,BEKERJA/USAHAWAN/FREELANCE,FAYUSOF ENTERPRISE,"PROFESSIONAL, SCIENTIFIC, AND TECHNICAL ACTIVITIES",MELAKA,374,DIPLOMA PROFESIONAL PENGURUSAN PERNIAGAAN,4000.00,ONLINE,2122,DIPLOMA,<29,26.0
2024,HDPB23307,24,MELAYU,FEMALE,BEKERJA SEPENUH MASA,LUNE EMPIRE,"PROFESSIONAL, SCIENTIFIC, AND TECHNICAL ACTIVITIES",MELAKA,374,DIPLOMA PROFESIONAL PENGURUSAN PERNIAGAAN,4500.00,ONLINE,3715,DIPLOMA,<29,24.0
2024,HDPB23308,48,MELAYU,FEMALE,BEKERJA SEPENUH MASA,INDAH WATER KONSORTIUM SDN BHD,"PROFESSIONAL, SCIENTIFIC, AND TECHNICAL ACTIVITIES",KUALA LUMPUR,374,DIPLOMA PROFESIONAL PENGURUSAN PERNIAGAAN,1750.00,ONLINE,2543,DIPLOMA,40-49,48.0
2024,HDPB23313,43,MELAYU,MALE,BEKERJA SEPENUH MASA,DIALOG PLANTS SERVICES SDN BHD,"PROFESSIONAL, SCIENTIFIC, AND TECHNICAL ACTIVITIES",TERENGGANU,374,DIPLOMA PROFESIONAL PENGURUSAN PERNIAGAAN,9000.00,ONLINE,3514,DIPLOMA,40-49,43.0
2024,HDPG22306,29,MELAYU,MALE,BEKERJA SEPENUH MASA,MATCO MALAYSIA SDN BHD,MINING AND QUARRYING,SARAWAK,411,DIPLOMA PROFESIONAL KAWALAN PROSES & TEKNOLOGI INSTRUMENTASI (PETROLEUM & GAS),3500.00,ONLINE,3070,DIPLOMA,<29,29.0
2024,HDPG22309,45,MELAYU,MALE,BEKERJA SEPENUH MASA,RP CHEMICALS (M) SDN BHD,MINING AND QUARRYING,TERENGGANU,411,DIPLOMA PROFESIONAL KAWALAN PROSES & TEKNOLOGI INSTRUMENTASI (PETROLEUM & GAS),6000.00,ONLINE,2476,DIPLOMA,40-49,45.0
2024,HDPG22401,38,MELAYU,MALE,BEKERJA SEPENUH MASA,EPOMS SDN BHD,MINING AND QUARRYING,SARAWAK,411,DIPLOMA PROFESIONAL KAWALAN PROSES & TEKNOLOGI INSTRUMENTASI (PETROLEUM & GAS),6600.00,ONLINE,3378,DIPLOMA,30-39,38.0
2024,HDPG22406,32,DUSUN-SABAH,MALE,BEKERJA SEPENUH MASA,PENGERANG REFINING COMPANY SDN BHD,MINING AND QUARRYING,SABAH,411,DIPLOMA PROFESIONAL KAWALAN PROSES & TEKNOLOGI INSTRUMENTASI (PETROLEUM & GAS),6000.00,ONLINE,2658,DIPLOMA,30-39,32.0
2024,HDPG22409,49,MELAYU,MALE,BEKERJA SEPENUH MASA,SYNERGY OIL & GAS ENGINEERING SDN BHD,MINING AND QUARRYING,MELAKA,411,DIPLOMA PROFESIONAL KAWALAN PROSES & TEKNOLOGI INSTRUMENTASI (PETROLEUM & GAS),5000.00,ONLINE,2834,DIPLOMA,40-49,49.0
2024,HDPG22411,49,IBAN/SEA DAYAK -SARAWAK,MALE,BEKERJA SEPENUH MASA,EPOMS SDN BHD,MINING AND QUARRYING,SARAWAK,411,DIPLOMA PROFESIONAL KAWALAN PROSES & TEKNOLOGI INSTRUMENTASI (PETROLEUM & GAS),7000.00,ONLINE,3767,DIPLOMA,40-49,49.0
2024,HDPG23103,37,MELAYU,MALE,BEKERJA SEPENUH MASA,PETRA RESOURCES SDN BHD,MINING AND QUARRYING,SABAH,411,DIPLOMA PROFESIONAL KAWALAN PROSES & TEKNOLOGI INSTRUMENTASI (PETROLEUM & GAS),4000.00,ONLINE,2736,DIPLOMA,30-39,37.0
2024,HDPG23105,44,MELAYU,MALE,BEKERJA SEPENUH MASA,HIBISCUS PETROLEUM BERHAD,MINING AND QUARRYING,PAHANG,411,DIPLOMA PROFESIONAL KAWALAN PROSES & TEKNOLOGI INSTRUMENTASI (PETROLEUM & GAS),8000.00,ONLINE,3436,DIPLOMA,40-49,44.0
2024,HDPG23106,35,MELANAU-SARAWAK,MALE,BEKERJA SEPENUH MASA,MAXGIP SDN BHD (PETRONAS CARIGALI BINTULU),MINING AND QUARRYING,SARAWAK,411,DIPLOMA PROFESIONAL KAWALAN PROSES & TEKNOLOGI INSTRUMENTASI (PETROLEUM & GAS),3100.00,ONLINE,3005,DIPLOMA,30-39,35.0
2024,HDPG23107,39,MELAYU,MALE,BEKERJA SEPENUH MASA,PEC POWERCON SDN BHD,MINING AND QUARRYING,SELANGOR,411,DIPLOMA PROFESIONAL KAWALAN PROSES & TEKNOLOGI INSTRUMENTASI (PETROLEUM & GAS),8500.00,ONLINE,2608,DIPLOMA,30-39,39.0
2024,HDPG23109,35,MELAYU,MALE,BEKERJA SEPENUH MASA,E&P O&M SERVICES SDN BHD,MINING AND QUARRYING,SARAWAK,411,DIPLOMA PROFESIONAL KAWALAN PROSES & TEKNOLOGI INSTRUMENTASI (PETROLEUM & GAS),2500.00,ONLINE,2454,DIPLOMA,30-39,35.0
2024,HDPG23118,41,FOOCHOW,MALE,BEKERJA SEPENUH MASA,JUTA BUMI KAPITAL SDN BHD,MINING AND QUARRYING,SARAWAK,411,DIPLOMA PROFESIONAL KAWALAN PROSES & TEKNOLOGI INSTRUMENTASI (PETROLEUM & GAS),5000.00,ONLINE,3263,DIPLOMA,40-49,41.0
2024,HDPG23201,31,MELAYU,MALE,BEKERJA/USAHAWAN/FREELANCE (SEPARA MASA),EPOMS SDN. BHD,MINING AND QUARRYING,SARAWAK,411,DIPLOMA PROFESIONAL KAWALAN PROSES & TEKNOLOGI INSTRUMENTASI (PETROLEUM & GAS),5000.00,ONLINE,3685,DIPLOMA,30-39,31.0
2024,HDPG23202,44,MELAYU,MALE,BEKERJA SEPENUH MASA,HIBISCUS PETROLEUM SDN BHD,MINING AND QUARRYING,SELANGOR,411,DIPLOMA PROFESIONAL KAWALAN PROSES & TEKNOLOGI INSTRUMENTASI (PETROLEUM & GAS),8400.00,ONLINE,3178,DIPLOMA,40-49,44.0
2024,HDPG23203,45,MELAYU,MALE,BEKERJA SEPENUH MASA,HIBISCUS OIL&GAS LIMITED,MINING AND QUARRYING,KELANTAN,411,DIPLOMA PROFESIONAL KAWALAN PROSES & TEKNOLOGI INSTRUMENTASI (PETROLEUM & GAS),11800.00,ONLINE,3565,DIPLOMA,40-49,45.0
2024,HDPG23205,43,MELAYU,MALE,BEKERJA SEPENUH MASA,PEMBORONG MAJU BERSATU SDN BHD,MINING AND QUARRYING,LABUAN,411,DIPLOMA PROFESIONAL KAWALAN PROSES & TEKNOLOGI INSTRUMENTASI (PETROLEUM & GAS),5000.00,ONLINE,3122,DIPLOMA,40-49,43.0
2024,HDPG23207,43,MELAYU,MALE,BEKERJA SEPENUH MASA,HIBISCUS OIL&GAS MALAYSIA LIMITED,MINING AND QUARRYING,PAHANG,411,DIPLOMA PROFESIONAL KAWALAN PROSES & TEKNOLOGI INSTRUMENTASI (PETROLEUM & GAS),4900.00,ONLINE,3090,DIPLOMA,40-49,43.0
2024,HDPG23210,31,IBAN/SEA DAYAK -SARAWAK,MALE,BEKERJA SEPARA MASA,FASTART SDN BHD,MINING AND QUARRYING,SARAWAK,411,DIPLOMA PROFESIONAL KAWALAN PROSES & TEKNOLOGI INSTRUMENTASI (PETROLEUM & GAS),4300.00,ONLINE,2981,DIPLOMA,30-39,31.0
2024,HDPG23211,43,MELAYU,MALE,BEKERJA SEPENUH MASA,PETRONAS LUBRICANTS INTERNATIONAL SDN BHD,MINING AND QUARRYING,PAHANG,411,DIPLOMA PROFESIONAL KAWALAN PROSES & TEKNOLOGI INSTRUMENTASI (PETROLEUM & GAS),4000.00,ONLINE,3211,DIPLOMA,40-49,43.0
2024,HDPG23302,38,MELAYU,MALE,BEKERJA SEPENUH MASA,TOSSB,MINING AND QUARRYING,KUALA LUMPUR,411,DIPLOMA PROFESIONAL KAWALAN PROSES & TEKNOLOGI INSTRUMENTASI (PETROLEUM & GAS),12000.00,ONLINE,2186,DIPLOMA,30-39,38.0
2024,HDPG23313,43,MELAYU,MALE,BEKERJA SEPENUH MASA,SAPURA OMV,MINING AND QUARRYING,TERENGGANU,411,DIPLOMA PROFESIONAL KAWALAN PROSES & TEKNOLOGI INSTRUMENTASI (PETROLEUM & GAS),8000.00,ONLINE,2966,DIPLOMA,40-49,43.0
2024,HDPG23317,30,MELAYU,MALE,BEKERJA SEPENUH MASA,AWORLDTECH ENGINEERING,MINING AND QUARRYING,PAHANG,411,DIPLOMA PROFESIONAL KAWALAN PROSES & TEKNOLOGI INSTRUMENTASI (PETROLEUM & GAS),2500.00,ONLINE,3615,DIPLOMA,30-39,30.0
2024,HDPG23318,43,KADAZAN-SABAH,MALE,BEKERJA SEPENUH MASA,PETRONAS CARIGALI (SBA),MINING AND QUARRYING,SABAH,411,DIPLOMA PROFESIONAL KAWALAN PROSES & TEKNOLOGI INSTRUMENTASI (PETROLEUM & GAS),15000.00,ONLINE,2121,DIPLOMA,40-49,43.0
2024,HDPG23320,33,MELANAU-SARAWAK,MALE,BEKERJA SEPENUH MASA,TORR ENERGY SDN BHD,MINING AND QUARRYING,SARAWAK,411,DIPLOMA PROFESIONAL KAWALAN PROSES & TEKNOLOGI INSTRUMENTASI (PETROLEUM & GAS),2500.00,ONLINE,2351,DIPLOMA,30-39,33.0
2024,HDPL22405,36,MELAYU,MALE,BEKERJA SEPENUH MASA,LUMUT MARITIME TERMINAL SDN BHD,TRANSPORTATION AND STORAGE,PERAK,369,DIPLOMA PROFESIONAL PENTADBIRAN OPERASI LOGISTIK,2808.00,ONLINE,2904,DIPLOMA,30-39,36.0
2024,HDPL22406,40,MELAYU,FEMALE,BEKERJA SEPENUH MASA,ASIAN SUPPLY BASE SDN BHD,TRANSPORTATION AND STORAGE,SABAH,369,DIPLOMA PROFESIONAL PENTADBIRAN OPERASI LOGISTIK,4000.00,ONLINE,2755,DIPLOMA,40-49,40.0
2024,HDPL22409,31,MELANAU-SARAWAK,MALE,BEKERJA SEPENUH MASA,HALUAN CEKAP SDN BHD,TRANSPORTATION AND STORAGE,SARAWAK,369,DIPLOMA PROFESIONAL PENTADBIRAN OPERASI LOGISTIK,3000.00,ONLINE,2235,DIPLOMA,30-39,31.0
2024,HDPL23101,37,INDIA,MALE,BEKERJA SEPENUH MASA,SATS PTE LTD,TRANSPORTATION AND STORAGE,JOHOR,369,DIPLOMA PROFESIONAL PENTADBIRAN OPERASI LOGISTIK,5000.00,ONLINE,2332,DIPLOMA,30-39,37.0
2024,HDPL23203,34,MELAYU,MALE,BEKERJA SEPENUH MASA,PEMBORONG MAJU BERSATU SDN BHD,TRANSPORTATION AND STORAGE,LABUAN,369,DIPLOMA PROFESIONAL PENTADBIRAN OPERASI LOGISTIK,6000.00,ONLINE,2193,DIPLOMA,30-39,34.0
2024,HDPL23307,40,MELAYU,MALE,BEKERJA SEPENUH MASA,TUDUNGPEOPLE SDN BHD,TRANSPORTATION AND STORAGE,KUALA LUMPUR,369,DIPLOMA PROFESIONAL PENTADBIRAN OPERASI LOGISTIK,3500.00,ONLINE,2691,DIPLOMA,40-49,40.0
2024,HDPL23309,38,IBAN/SEA DAYAK -SARAWAK,MALE,BEKERJA SEPENUH MASA,SHIN YANG TRADING SDN BHD,TRANSPORTATION AND STORAGE,SARAWAK,369,DIPLOMA PROFESIONAL PENTADBIRAN OPERASI LOGISTIK,1960.00,ONLINE,2740,DIPLOMA,30-39,38.0
2024,HDPM21119,54,IBAN/SEA DAYAK -SARAWAK,MALE,BEKERJA SEPENUH MASA,PETRA RESOURCE SDN.BHD,"PROFESSIONAL, SCIENTIFIC, AND TECHNICAL ACTIVITIES",SARAWAK,352,DIPLOMA PROFESIONAL OPERASI DAN PENGURUSAN PROJEK,10.00,ONLINE,2917,DIPLOMA,50-59,54.0
2024,HDPM21316,36,INDIA,FEMALE,BEKERJA SEPENUH MASA,JGR ENTERPRISE,"PROFESSIONAL, SCIENTIFIC, AND TECHNICAL ACTIVITIES",JOHOR,352,DIPLOMA PROFESIONAL OPERASI DAN PENGURUSAN PROJEK,2500.00,ONLINE,2897,DIPLOMA,30-39,36.0
2024,HDPM21401,40,KEDAYAN-SABAH,MALE,BEKERJA SEPENUH MASA,HARBOUR SERVICES CORP.SDN BHD,"PROFESSIONAL, SCIENTIFIC, AND TECHNICAL ACTIVITIES",LABUAN,352,DIPLOMA PROFESIONAL OPERASI DAN PENGURUSAN PROJEK,3500.00,ONLINE,3305,DIPLOMA,40-49,40.0
2024,HDPM22133,24,INDIA,MALE,BEKERJA SEPENUH MASA,WESTERN DIGITAL BATU KAWAN,"PROFESSIONAL, SCIENTIFIC, AND TECHNICAL ACTIVITIES",PULAU PINANG,352,DIPLOMA PROFESIONAL OPERASI DAN PENGURUSAN PROJEK,2500.00,ONLINE,2270,DIPLOMA,<29,24.0
2024,HDPM22135,48,MELAYU,MALE,BEKERJA SEPENUH MASA,LAKU MANAGEMENT SDN BHD,"PROFESSIONAL, SCIENTIFIC, AND TECHNICAL ACTIVITIES",SARAWAK,352,DIPLOMA PROFESIONAL OPERASI DAN PENGURUSAN PROJEK,3630.00,ONLINE,2206,DIPLOMA,40-49,48.0
2024,HDPM22223,34,MELAYU,MALE,BEKERJA SEPENUH MASA,IRC BUILDER,"PROFESSIONAL, SCIENTIFIC, AND TECHNICAL ACTIVITIES",JOHOR,352,DIPLOMA PROFESIONAL OPERASI DAN PENGURUSAN PROJEK,5000.00,ONLINE,3232,DIPLOMA,30-39,34.0
2024,HDPM22224,41,MELAYU,MALE,BEKERJA SEPENUH MASA,KENANGAN EMAS SDN BHD,"PROFESSIONAL, SCIENTIFIC, AND TECHNICAL ACTIVITIES",KUALA LUMPUR,352,DIPLOMA PROFESIONAL OPERASI DAN PENGURUSAN PROJEK,3000.00,ONLINE,3573,DIPLOMA,40-49,41.0
2024,HDPM22319,24,SULUK-SABAH,MALE,BEKERJA SEPENUH MASA,YTL CONSTRUCTION,"PROFESSIONAL, SCIENTIFIC, AND TECHNICAL ACTIVITIES",SABAH,352,DIPLOMA PROFESIONAL OPERASI DAN PENGURUSAN PROJEK,3000.00,ONLINE,2472,DIPLOMA,<29,24.0
2024,HDPM22320,29,MELAYU,FEMALE,BEKERJA SEPENUH MASA,RICH COMM SDN. BHD.,"PROFESSIONAL, SCIENTIFIC, AND TECHNICAL ACTIVITIES",SARAWAK,352,DIPLOMA PROFESIONAL OPERASI DAN PENGURUSAN PROJEK,2500.00,ONLINE,3272,DIPLOMA,<29,29.0
2024,HDPM22425,54,MELAYU,MALE,BEKERJA SEPENUH MASA,MEGAZONE TECH SDN BHD,"PROFESSIONAL, SCIENTIFIC, AND TECHNICAL ACTIVITIES",SELANGOR,352,DIPLOMA PROFESIONAL OPERASI DAN PENGURUSAN PROJEK,4500.00,ONLINE,2288,DIPLOMA,50-59,54.0
2024,HDPM22428,48,MELAYU,MALE,BEKERJA SEPENUH MASA,MLNG SDN BHD,"PROFESSIONAL, SCIENTIFIC, AND TECHNICAL ACTIVITIES",SARAWAK,352,DIPLOMA PROFESIONAL OPERASI DAN PENGURUSAN PROJEK,10000.00,ONLINE,2876,DIPLOMA,40-49,48.0
2024,HDPM22430,44,MELAYU,MALE,BEKERJA SEPENUH MASA,KNIGHT FRANK PROPERTY MANAGEMENT SDN. BHD.,"PROFESSIONAL, SCIENTIFIC, AND TECHNICAL ACTIVITIES",PUTRAJAYA,352,DIPLOMA PROFESIONAL OPERASI DAN PENGURUSAN PROJEK,7000.00,ONLINE,2019,DIPLOMA,40-49,44.0
2024,HDPM22431,36,MELAYU,FEMALE,BEKERJA SEPENUH MASA,PETRONAS DAGANGAN BERHAD,"PROFESSIONAL, SCIENTIFIC, AND TECHNICAL ACTIVITIES",SELANGOR,352,DIPLOMA PROFESIONAL OPERASI DAN PENGURUSAN PROJEK,2900.00,ONLINE,3306,DIPLOMA,30-39,36.0
2024,HDPM22435,43,MELAYU,MALE,BEKERJA SEPENUH MASA,SAPURA ENERGY BHD,"PROFESSIONAL, SCIENTIFIC, AND TECHNICAL ACTIVITIES",JOHOR,352,DIPLOMA PROFESIONAL OPERASI DAN PENGURUSAN PROJEK,12000.00,ONLINE,3565,DIPLOMA,40-49,43.0
2024,HDPM23101,29,MELAYU,FEMALE,BEKERJA SEPENUH MASA,RAZ GLOBAL SUCCESS SDN BHD,"PROFESSIONAL, SCIENTIFIC, AND TECHNICAL ACTIVITIES",PULAU PINANG,352,DIPLOMA PROFESIONAL OPERASI DAN PENGURUSAN PROJEK,3000.00,ONLINE,3391,DIPLOMA,<29,29.0
2024,HDPM23103,34,IBAN/SEA DAYAK -SARAWAK,MALE,BEKERJA/USAHAWAN/FREELANCE,EP ENGINEERING SDN BHD,"PROFESSIONAL, SCIENTIFIC, AND TECHNICAL ACTIVITIES",SARAWAK,352,DIPLOMA PROFESIONAL OPERASI DAN PENGURUSAN PROJEK,7000.00,ONLINE,3119,DIPLOMA,30-39,34.0
2024,HDPM23104,42,INDIA,MALE,BEKERJA SEPENUH MASA,KENCANA FOOD AND SPICES SDN BHD,"PROFESSIONAL, SCIENTIFIC, AND TECHNICAL ACTIVITIES",KEDAH,352,DIPLOMA PROFESIONAL OPERASI DAN PENGURUSAN PROJEK,5000.00,ONLINE,3818,DIPLOMA,40-49,42.0
2024,HDPM23108,31,MELAYU,MALE,BEKERJA SEPENUH MASA,SAMSUNG SDIEM SDN BHD,"PROFESSIONAL, SCIENTIFIC, AND TECHNICAL ACTIVITIES",NEGERI SEMBILAN,352,DIPLOMA PROFESIONAL OPERASI DAN PENGURUSAN PROJEK,4700.00,ONLINE,3363,DIPLOMA,30-39,31.0
2024,HDPM23109,53,MELAYU,MALE,BEKERJA/USAHAWAN/FREELANCE,AKADEMI TEKNOLOGI MUALLIM,"PROFESSIONAL, SCIENTIFIC, AND TECHNICAL ACTIVITIES",PERAK,352,DIPLOMA PROFESIONAL OPERASI DAN PENGURUSAN PROJEK,7500.00,ONLINE,3683,DIPLOMA,50-59,53.0
2024,HDPM23110,33,MELAYU,MALE,BEKERJA SEPENUH MASA,GE AEROSPACE SDN BHD,"PROFESSIONAL, SCIENTIFIC, AND TECHNICAL ACTIVITIES",SARAWAK,352,DIPLOMA PROFESIONAL OPERASI DAN PENGURUSAN PROJEK,4000.00,ONLINE,3432,DIPLOMA,30-39,33.0
2024,HDPM23112,37,MELAYU,MALE,BELUM/TIDAK BEKERJA,NIL,"PROFESSIONAL, SCIENTIFIC, AND TECHNICAL ACTIVITIES",SELANGOR,352,DIPLOMA PROFESIONAL OPERASI DAN PENGURUSAN PROJEK,0.00,ONLINE,2732,DIPLOMA,30-39,37.0
2024,HDPM23114,41,MELAYU,FEMALE,BEKERJA SEPENUH MASA,MORIMATSU DIALOG (MALAYSIA) SDN. BHD.,"PROFESSIONAL, SCIENTIFIC, AND TECHNICAL ACTIVITIES",JOHOR,352,DIPLOMA PROFESIONAL OPERASI DAN PENGURUSAN PROJEK,4500.00,ONLINE,2425,DIPLOMA,40-49,41.0
2024,HDPM23118,33,INDIA,FEMALE,BEKERJA SEPENUH MASA,METROPOLIS SECURITY SYSTEM PTE LTD,"PROFESSIONAL, SCIENTIFIC, AND TECHNICAL ACTIVITIES",JOHOR,352,DIPLOMA PROFESIONAL OPERASI DAN PENGURUSAN PROJEK,5000.00,ONLINE,3013,DIPLOMA,30-39,33.0
2024,HDPM23120,28,CINA,MALE,BEKERJA SEPENUH MASA,LOTTE CHEMICAL TITAN,"PROFESSIONAL, SCIENTIFIC, AND TECHNICAL ACTIVITIES",JOHOR,352,DIPLOMA PROFESIONAL OPERASI DAN PENGURUSAN PROJEK,3000.00,ONLINE,3068,DIPLOMA,<29,28.0
2024,HDPM23202,25,INDIA,MALE,BEKERJA SEPENUH MASA,RADICAL INTERNETWORK SDN BHD,"PROFESSIONAL, SCIENTIFIC, AND TECHNICAL ACTIVITIES",PERAK,352,DIPLOMA PROFESIONAL OPERASI DAN PENGURUSAN PROJEK,2500.00,ONLINE,2183,DIPLOMA,<29,25.0
2024,HDPM23205,43,MELAYU,MALE,BEKERJA SEPENUH MASA,EXECUTIVE OFFSHORE,"PROFESSIONAL, SCIENTIFIC, AND TECHNICAL ACTIVITIES",SELANGOR,352,DIPLOMA PROFESIONAL OPERASI DAN PENGURUSAN PROJEK,30000.00,ONLINE,2287,DIPLOMA,40-49,43.0
2024,HDPM23207,43,INDIA,MALE,BEKERJA SEPENUH MASA,BECKHOFF AUTOMATIVE SDN BHD,"PROFESSIONAL, SCIENTIFIC, AND TECHNICAL ACTIVITIES",KEDAH,352,DIPLOMA PROFESIONAL OPERASI DAN PENGURUSAN PROJEK,5500.00,ONLINE,2099,DIPLOMA,40-49,43.0
2024,HDPM23208,39,MELAYU,MALE,BEKERJA SEPENUH MASA,CELESTICA ELECTRONICS (M) SDN BHD,"PROFESSIONAL, SCIENTIFIC, AND TECHNICAL ACTIVITIES",JOHOR,352,DIPLOMA PROFESIONAL OPERASI DAN PENGURUSAN PROJEK,12500.00,ONLINE,2059,DIPLOMA,30-39,39.0
2024,HDPM23209,39,INDIA,MALE,BEKERJA SEPENUH MASA,BECKHOFF AUTOMATION SDN BHD,"PROFESSIONAL, SCIENTIFIC, AND TECHNICAL ACTIVITIES",KEDAH,352,DIPLOMA PROFESIONAL OPERASI DAN PENGURUSAN PROJEK,4000.00,ONLINE,2260,DIPLOMA,30-39,39.0
2024,HDPM23302,37,MELAYU,FEMALE,BEKERJA SEPENUH MASA,OILFIELDS SUPPLY CENTRE,"PROFESSIONAL, SCIENTIFIC, AND TECHNICAL ACTIVITIES",JOHOR,352,DIPLOMA PROFESIONAL OPERASI DAN PENGURUSAN PROJEK,6000.00,ONLINE,3243,DIPLOMA,30-39,37.0
2024,HDPM23303,50,MELANAU-SARAWAK,MALE,BEKERJA SEPENUH MASA,PTTEP SARAWAK OIL LTD,"PROFESSIONAL, SCIENTIFIC, AND TECHNICAL ACTIVITIES",SARAWAK,352,DIPLOMA PROFESIONAL OPERASI DAN PENGURUSAN PROJEK,7500.00,ONLINE,3146,DIPLOMA,50-59,50.0
2024,HDPM23304,40,MELAYU,MALE,BEKERJA/USAHAWAN/FREELANCE (SEPARA MASA),NOT SPECIFIED,"PROFESSIONAL, SCIENTIFIC, AND TECHNICAL ACTIVITIES",SARAWAK,352,DIPLOMA PROFESIONAL OPERASI DAN PENGURUSAN PROJEK,2000.00,ONLINE,2673,DIPLOMA,40-49,40.0
2024,HDPM23308,48,IBAN/SEA DAYAK -SARAWAK,MALE,BEKERJA SEPENUH MASA,PETRA ENERGY SDN BHD,"PROFESSIONAL, SCIENTIFIC, AND TECHNICAL ACTIVITIES",SARAWAK,352,DIPLOMA PROFESIONAL OPERASI DAN PENGURUSAN PROJEK,6000.00,ONLINE,3136,DIPLOMA,40-49,48.0
2024,HDPM23311,48,MELANAU-SARAWAK,MALE,BEKERJA SEPENUH MASA,SYNERGY OIL & GAS ENGINEERING SDN BHD,"PROFESSIONAL, SCIENTIFIC, AND TECHNICAL ACTIVITIES",SARAWAK,352,DIPLOMA PROFESIONAL OPERASI DAN PENGURUSAN PROJEK,6000.00,ONLINE,3536,DIPLOMA,40-49,48.0
2024,HDPM23401,40,MELAYU,FEMALE,BEKERJA SEPENUH MASA,SINOHYDRO CORPORATION (M) SDN. BHD,"PROFESSIONAL, SCIENTIFIC, AND TECHNICAL ACTIVITIES",SARAWAK,352,DIPLOMA PROFESIONAL OPERASI DAN PENGURUSAN PROJEK,4500.00,ONLINE,2190,DIPLOMA,40-49,40.0
2024,HDPM23403,46,INDIA MUSLIM,MALE,BEKERJA SEPENUH MASA,PETRA ENERGY SDN BHD,"PROFESSIONAL, SCIENTIFIC, AND TECHNICAL ACTIVITIES",SELANGOR,352,DIPLOMA PROFESIONAL OPERASI DAN PENGURUSAN PROJEK,8000.00,ONLINE,2785,DIPLOMA,40-49,46.0
2024,HDPM23404,39,MELAYU,MALE,BEKERJA SEPENUH MASA,ENPROSERVE (M) SDN BHD,"PROFESSIONAL, SCIENTIFIC, AND TECHNICAL ACTIVITIES",TERENGGANU,352,DIPLOMA PROFESIONAL OPERASI DAN PENGURUSAN PROJEK,7500.00,ONLINE,3879,DIPLOMA,30-39,39.0
2024,HDPM23405,45,IBAN/SEA DAYAK -SARAWAK,MALE,BEKERJA SEPENUH MASA,TECHNIPFMC WELLHEAD,"PROFESSIONAL, SCIENTIFIC, AND TECHNICAL ACTIVITIES",SARAWAK,352,DIPLOMA PROFESIONAL OPERASI DAN PENGURUSAN PROJEK,8000.00,ONLINE,3122,DIPLOMA,40-49,45.0
2024,HDPM23408,38,MELAYU,MALE,BEKERJA SEPENUH MASA,TSM MAINTAINANCE & CONSTRUCTION SERVICES SDN BHD,"PROFESSIONAL, SCIENTIFIC, AND TECHNICAL ACTIVITIES",TERENGGANU,352,DIPLOMA PROFESIONAL OPERASI DAN PENGURUSAN PROJEK,6500.00,ONLINE,3755,DIPLOMA,30-39,38.0
2024,HDPM23409,41,IBAN/SEA DAYAK -SARAWAK,MALE,BEKERJA SEPENUH MASA,EBPEROSERVE (M) SDN BHD,"PROFESSIONAL, SCIENTIFIC, AND TECHNICAL ACTIVITIES",JOHOR,352,DIPLOMA PROFESIONAL OPERASI DAN PENGURUSAN PROJEK,8000.00,ONLINE,3327,DIPLOMA,40-49,41.0
2024,HDPN23201,32,INDIA,MALE,BEKERJA SEPENUH MASA,VULCANITE MALAYSIA SDN BHD,MANUFACTURING,NEGERI SEMBILAN,457,DIPLOMA PROFESIONAL PENGURUSAN TEKNOLOGI INDUSTRI,3800.00,ONLINE,2308,DIPLOMA,30-39,32.0
2024,HMGT22201,44,NOT SPECIFIED,NOT SPECIFIED,NOT SPECIFIED,NOT SPECIFIED,MINING AND QUARRYING,NOT SPECIFIED,377,MASTER EKSEKUTIF TEKNOLOGI DAN PENGURUSAN MINYAK & GAS,NOT SPECIFIED,ONLINE,8340,MASTER,40-49,44.0
2024,HMGT22203,39,MELAYU,MALE,BEKERJA SEPENUH MASA,HIBISCUS MALAYSIA LIMITED,MINING AND QUARRYING,SABAH,377,MASTER EKSEKUTIF TEKNOLOGI DAN PENGURUSAN MINYAK & GAS,15000.00,ONLINE,8999,MASTER,30-39,39.0
2024,HMGT22205,61,MELAYU,MALE,BEKERJA SEPENUH MASA,INSTITUT TEKNOLOGI PETROLEUM PETRONAS,MINING AND QUARRYING,SARAWAK,377,MASTER EKSEKUTIF TEKNOLOGI DAN PENGURUSAN MINYAK & GAS,19800.00,ONLINE,8725,MASTER,60+,61.0
2024,HMGT22301,43,MELAYU,MALE,BEKERJA/USAHAWAN/FREELANCE,DNV MALAYSIA SDN BHD,MINING AND QUARRYING,KELANTAN,377,MASTER EKSEKUTIF TEKNOLOGI DAN PENGURUSAN MINYAK & GAS,8000.00,ONLINE,8433,MASTER,40-49,43.0
2024,HMGT22302,40,MELAYU,MALE,BEKERJA/USAHAWAN/FREELANCE,TREDWELL SDN BHD,MINING AND QUARRYING,SELANGOR,377,MASTER EKSEKUTIF TEKNOLOGI DAN PENGURUSAN MINYAK & GAS,28000.00,ONLINE,8153,MASTER,40-49,40.0
2024,HMGT22402,42,INDIA,MALE,BEKERJA SEPENUH MASA,NEWWIN ENGINEERING (M) SDN BHD,MINING AND QUARRYING,SELANGOR,377,MASTER EKSEKUTIF TEKNOLOGI DAN PENGURUSAN MINYAK & GAS,7000.00,ONLINE,8422,MASTER,40-49,42.0
2024,HMGT23106,42,MELAYU,MALE,BELUM/TIDAK BEKERJA,TIDAK BEKERJA,MINING AND QUARRYING,JOHOR,377,MASTER EKSEKUTIF TEKNOLOGI DAN PENGURUSAN MINYAK & GAS,0.00,ONLINE,7850,MASTER,40-49,42.0
2024,HMGT23109,42,MELAYU,MALE,BEKERJA SEPENUH MASA,HIBISCUS PETROLEUM MALAYSIA LIMITED,MINING AND QUARRYING,PAHANG,377,MASTER EKSEKUTIF TEKNOLOGI DAN PENGURUSAN MINYAK & GAS,20000.00,ONLINE,7188,MASTER,40-49,42.0
2024,HMGT23114,37,MELAYU,MALE,BEKERJA SEPENUH MASA,HIBISCUS OIL & GAS MALAYSIA LIMITED (HML),MINING AND QUARRYING,TERENGGANU,377,MASTER EKSEKUTIF TEKNOLOGI DAN PENGURUSAN MINYAK & GAS,7600.00,ONLINE,7427,MASTER,30-39,37.0
2024,HMGT23115,47,MELAYU,FEMALE,BEKERJA SEPENUH MASA,WAKE THE CREW SDN BHD,MINING AND QUARRYING,JOHOR,377,MASTER EKSEKUTIF TEKNOLOGI DAN PENGURUSAN MINYAK & GAS,5000.00,ONLINE,7961,MASTER,40-49,47.0
2024,HMGT23202,41,IBAN/SEA DAYAK -SARAWAK,MALE,BEKERJA SEPENUH MASA,PETRONAS CARIGALI SDN. BHD.,MINING AND QUARRYING,SARAWAK,377,MASTER EKSEKUTIF TEKNOLOGI DAN PENGURUSAN MINYAK & GAS,16200.00,ONLINE,8582,MASTER,40-49,41.0
2024,HMGT23203,29,DUSUN-SABAH,FEMALE,BEKERJA SEPENUH MASA,PETRA RESOURCES SDN BHD,MINING AND QUARRYING,SABAH,377,MASTER EKSEKUTIF TEKNOLOGI DAN PENGURUSAN MINYAK & GAS,4500.00,ONLINE,8749,MASTER,<29,29.0
2024,HMGT23206,42,IBAN/SEA DAYAK -SARAWAK,MALE,BEKERJA SEPENUH MASA,PETRONAS CARIGALI SDN. BHD.,MINING AND QUARRYING,SARAWAK,377,MASTER EKSEKUTIF TEKNOLOGI DAN PENGURUSAN MINYAK & GAS,12000.00,ONLINE,7973,MASTER,40-49,42.0
2024,HMGT23301,43,MELAYU,MALE,BEKERJA SEPENUH MASA,SYAPADU CR SDN BHD,MINING AND QUARRYING,PAHANG,377,MASTER EKSEKUTIF TEKNOLOGI DAN PENGURUSAN MINYAK & GAS,5000.00,ONLINE,7865,MASTER,40-49,43.0
2024,HMGT23303,46,MELAYU,MALE,BEKERJA/USAHAWAN/FREELANCE (SEPARA MASA),MOHD SHAHRUL REZA,MINING AND QUARRYING,PAHANG,377,MASTER EKSEKUTIF TEKNOLOGI DAN PENGURUSAN MINYAK & GAS,10000.00,ONLINE,8941,MASTER,40-49,46.0
2024,HMGT23401,41,MELAYU,MALE,BEKERJA SEPENUH MASA,HIBISCUS PETROLEUM OIL AND GAS MALAYSIA LIMITED,MINING AND QUARRYING,KEDAH,377,MASTER EKSEKUTIF TEKNOLOGI DAN PENGURUSAN MINYAK & GAS,6000.00,ONLINE,8106,MASTER,40-49,41.0
2024,HMGT23402,45,MELAYU,MALE,BEKERJA SEPENUH MASA,CARIMIN ENGINEERING SDN BHD,MINING AND QUARRYING,SELANGOR,377,MASTER EKSEKUTIF TEKNOLOGI DAN PENGURUSAN MINYAK & GAS,13000.00,ONLINE,8257,MASTER,40-49,45.0
2024,HMGT23406,61,INDIA,MALE,BEKERJA SEPENUH MASA,SADARA CHEMICAL SAUDI ARABIA,MINING AND QUARRYING,JOHOR,377,MASTER EKSEKUTIF TEKNOLOGI DAN PENGURUSAN MINYAK & GAS,8000.00,ONLINE,8017,MASTER,60+,61.0
2024,HMKN20407,47,MELAYU,MALE,BEKERJA/USAHAWAN/FREELANCE,FAN ENGINEERING & SUPPLY,MANUFACTURING,TERENGGANU,396,MASTER EKSEKUTIF PENGURUSAN KEJURUTERAAN PEMBINAAN,4500.00,ONLINE,7548,MASTER,40-49,47.0
2024,HMKN21407,56,MELAYU,MALE,BEKERJA SEPENUH MASA,AWATRA SDN BHD,MANUFACTURING,SELANGOR,396,MASTER EKSEKUTIF PENGURUSAN KEJURUTERAAN PEMBINAAN,18000.00,ONLINE,7487,MASTER,50-59,56.0
2024,HMKN22208,37,MELAYU,MALE,BEKERJA SEPENUH MASA,EXYTE MALAYSIA SDN BHD,MANUFACTURING,KEDAH,396,MASTER EKSEKUTIF PENGURUSAN KEJURUTERAAN PEMBINAAN,9050.00,ONLINE,8435,MASTER,30-39,37.0
2024,HMKN22303,39,CINA,MALE,BEKERJA SEPENUH MASA,BRILLIANT LTP BUILDER SDN BHD,MANUFACTURING,SELANGOR,396,MASTER EKSEKUTIF PENGURUSAN KEJURUTERAAN PEMBINAAN,6900.00,ONLINE,8371,MASTER,30-39,39.0
2024,HMKN22304,43,MELAYU,MALE,BEKERJA SEPENUH MASA,BADAN AMAL NUR ZAHARAH,MANUFACTURING,PAHANG,396,MASTER EKSEKUTIF PENGURUSAN KEJURUTERAAN PEMBINAAN,4000.00,ONLINE,7316,MASTER,40-49,43.0
2024,HMKN22307,46,MELAYU,MALE,BEKERJA SEPENUH MASA,CEKAP TECHNICAL SERVICES SDN. BHD,MANUFACTURING,MELAKA,396,MASTER EKSEKUTIF PENGURUSAN KEJURUTERAAN PEMBINAAN,13000.00,ONLINE,7735,MASTER,40-49,46.0
2024,HMKN22311,40,MELAYU,MALE,BEKERJA/USAHAWAN/FREELANCE,GEMILANG ELEKTRO ENTERPRISE,MANUFACTURING,SABAH,396,MASTER EKSEKUTIF PENGURUSAN KEJURUTERAAN PEMBINAAN,5000.00,ONLINE,7660,MASTER,40-49,40.0
2024,HMKN22312,47,MELAYU,MALE,BEKERJA SEPENUH MASA,EXYTE MALAYSIA SDN BHD,MANUFACTURING,PULAU PINANG,396,MASTER EKSEKUTIF PENGURUSAN KEJURUTERAAN PEMBINAAN,18050.00,ONLINE,8517,MASTER,40-49,47.0
2024,HMKN22404,47,MELAYU,FEMALE,BEKERJA SEPENUH MASA,PETRA ENERGY SDN BHD,MANUFACTURING,PAHANG,396,MASTER EKSEKUTIF PENGURUSAN KEJURUTERAAN PEMBINAAN,7000.00,ONLINE,8195,MASTER,40-49,47.0
2024,HMKN22406,46,MELAYU,MALE,BEKERJA SEPENUH MASA,JOE CONNECTING,MANUFACTURING,SELANGOR,396,MASTER EKSEKUTIF PENGURUSAN KEJURUTERAAN PEMBINAAN,5500.00,ONLINE,7219,MASTER,40-49,46.0
2024,HMKN22411,38,INDIA,MALE,BEKERJA SEPENUH MASA,SYARIKAT PERNIAGAAN MONZA SDN BHD,MANUFACTURING,PERAK,396,MASTER EKSEKUTIF PENGURUSAN KEJURUTERAAN PEMBINAAN,9000.00,ONLINE,8244,MASTER,30-39,38.0
2024,HMKN22413,30,CINA,MALE,BEKERJA SEPENUH MASA,EXYTE MALAYSIA SDN BHD,MANUFACTURING,JOHOR,396,MASTER EKSEKUTIF PENGURUSAN KEJURUTERAAN PEMBINAAN,2500.00,ONLINE,8430,MASTER,30-39,30.0
2024,HMKN22415,37,MELAYU,MALE,BEKERJA SEPENUH MASA,SAMSUNG C&T CORPORATION UEM CONSTRUCTION JV SDN. BHD,MANUFACTURING,SELANGOR,396,MASTER EKSEKUTIF PENGURUSAN KEJURUTERAAN PEMBINAAN,7000.00,ONLINE,7990,MASTER,30-39,37.0
2024,HMKN22418,36,MELAYU,MALE,BEKERJA SEPENUH MASA,EXECUTIVE OFFSHORE SDN BHD,MANUFACTURING,SELANGOR,396,MASTER EKSEKUTIF PENGURUSAN KEJURUTERAAN PEMBINAAN,20000.00,ONLINE,7666,MASTER,30-39,36.0
2024,HMKN22420,42,MELAYU,MALE,BEKERJA SEPARA MASA,KEYFIELD OFFSHORE SDN BHD,MANUFACTURING,NEGERI SEMBILAN,396,MASTER EKSEKUTIF PENGURUSAN KEJURUTERAAN PEMBINAAN,7000.00,ONLINE,8466,MASTER,40-49,42.0
2024,HMKN22422,38,MELAYU,MALE,BEKERJA SEPENUH MASA,STRAMAS SDN BHD,MANUFACTURING,KUALA LUMPUR,396,MASTER EKSEKUTIF PENGURUSAN KEJURUTERAAN PEMBINAAN,7000.00,ONLINE,8763,MASTER,30-39,38.0
2024,HMKN23101,48,MELAYU,MALE,BEKERJA/USAHAWAN/FREELANCE,NNE VENTURE SDN BHD,MANUFACTURING,SELANGOR,396,MASTER EKSEKUTIF PENGURUSAN KEJURUTERAAN PEMBINAAN,3000.00,ONLINE,8668,MASTER,40-49,48.0
2024,HMKN23104,39,MELAYU,MALE,BEKERJA SEPENUH MASA,MFA AMAZE ENTERPRISE,MANUFACTURING,PAHANG,396,MASTER EKSEKUTIF PENGURUSAN KEJURUTERAAN PEMBINAAN,12000.00,ONLINE,7291,MASTER,30-39,39.0
2024,HMKN23105,33,HOKKIEN,MALE,BEKERJA SEPENUH MASA,SEBARANG (M) SDN BHD,MANUFACTURING,PULAU PINANG,396,MASTER EKSEKUTIF PENGURUSAN KEJURUTERAAN PEMBINAAN,6300.00,ONLINE,7148,MASTER,30-39,33.0
2024,HMKN23107,47,MELAYU,MALE,BEKERJA SEPENUH MASA,IJM PERENNIAL DEVELOPMENT SDN BHD,MANUFACTURING,PULAU PINANG,396,MASTER EKSEKUTIF PENGURUSAN KEJURUTERAAN PEMBINAAN,8000.00,ONLINE,7024,MASTER,40-49,47.0
2024,HMKN23109,43,MELAYU,MALE,BEKERJA SEPENUH MASA,MAXGRIP SDN BHD,MANUFACTURING,SARAWAK,396,MASTER EKSEKUTIF PENGURUSAN KEJURUTERAAN PEMBINAAN,14000.00,ONLINE,8107,MASTER,40-49,43.0
2024,HMKN23111,33,KAYAN-SARAWAK,FEMALE,BEKERJA SEPENUH MASA,SAGA SINARMAS SDN BHD,MANUFACTURING,SARAWAK,396,MASTER EKSEKUTIF PENGURUSAN KEJURUTERAAN PEMBINAAN,4400.00,ONLINE,7599,MASTER,30-39,33.0
2024,HMKN23113,49,INDIA,MALE,BEKERJA SEPENUH MASA,SK REKA BINA SDN BHD,MANUFACTURING,NEGERI SEMBILAN,396,MASTER EKSEKUTIF PENGURUSAN KEJURUTERAAN PEMBINAAN,6000.00,ONLINE,7672,MASTER,40-49,49.0
2024,HMKN23202,39,MELAYU,MALE,BEKERJA SEPENUH MASA,EXYTE MALAYSIA SDN BHD,MANUFACTURING,PULAU PINANG,396,MASTER EKSEKUTIF PENGURUSAN KEJURUTERAAN PEMBINAAN,16000.00,ONLINE,8297,MASTER,30-39,39.0
2024,HMKN23203,47,BAJAU - SABAH,MALE,BEKERJA SEPENUH MASA,SYNERLITZ MALAYSIA SDN BHD,MANUFACTURING,SELANGOR,396,MASTER EKSEKUTIF PENGURUSAN KEJURUTERAAN PEMBINAAN,9000.00,ONLINE,7551,MASTER,40-49,47.0
2024,HMKN23206,43,INDIA,MALE,BEKERJA SEPENUH MASA,SILITRONIC SINGAPORE PRIVATE LIMITED,MANUFACTURING,SELANGOR,396,MASTER EKSEKUTIF PENGURUSAN KEJURUTERAAN PEMBINAAN,9000.00,ONLINE,7726,MASTER,40-49,43.0
2024,HMKN23208,31,MELAYU,MALE,BEKERJA SEPENUH MASA,REVOLUTION CONSTRUCTION & ENGINEERING,MANUFACTURING,SELANGOR,396,MASTER EKSEKUTIF PENGURUSAN KEJURUTERAAN PEMBINAAN,6500.00,ONLINE,7829,MASTER,30-39,31.0
2024,HMKN23302,40,CINA,MALE,BEKERJA SEPENUH MASA,DAGANG ENVIRO SDN BHD,MANUFACTURING,SELANGOR,396,MASTER EKSEKUTIF PENGURUSAN KEJURUTERAAN PEMBINAAN,5000.00,ONLINE,8450,MASTER,40-49,40.0
2024,HMKN23306,48,KADAZAN-SABAH,MALE,BEKERJA SEPENUH MASA,NUSA FOKUS JAYA SDN BHD,MANUFACTURING,SABAH,396,MASTER EKSEKUTIF PENGURUSAN KEJURUTERAAN PEMBINAAN,4500.00,ONLINE,7381,MASTER,40-49,48.0
2024,HMKN23307,53,MELAYU,MALE,BEKERJA SEPENUH MASA,PETRONAS SDN BHD,MANUFACTURING,TERENGGANU,396,MASTER EKSEKUTIF PENGURUSAN KEJURUTERAAN PEMBINAAN,8000.00,ONLINE,8307,MASTER,50-59,53.0
2024,HMKN23309,38,MELAYU,FEMALE,BEKERJA SEPENUH MASA,WARISAN EMPAYAR MAHSURI(M)SDN BHD,MANUFACTURING,KUALA LUMPUR,396,MASTER EKSEKUTIF PENGURUSAN KEJURUTERAAN PEMBINAAN,7600.00,ONLINE,7694,MASTER,30-39,38.0
2024,HMKN23312,41,JAWA,MALE,BEKERJA SEPENUH MASA,CARIMIN MARINE SDN BHD,MANUFACTURING,SABAH,396,MASTER EKSEKUTIF PENGURUSAN KEJURUTERAAN PEMBINAAN,7000.00,ONLINE,7750,MASTER,40-49,41.0
2024,HMKN23314,49,MELAYU,MALE,BEKERJA SEPENUH MASA,PETRONAS CARI GALI SDN BHD,MANUFACTURING,PERAK,396,MASTER EKSEKUTIF PENGURUSAN KEJURUTERAAN PEMBINAAN,52000.00,ONLINE,8468,MASTER,40-49,49.0
2024,HMKN23403,26,MELAYU,MALE,BEKERJA SEPENUH MASA,RIMBUNAN BAKTI SDN BHD,MANUFACTURING,KUALA LUMPUR,396,MASTER EKSEKUTIF PENGURUSAN KEJURUTERAAN PEMBINAAN,3500.00,ONLINE,8375,MASTER,<29,26.0
2024,HMKN23404,26,MELAYU,MALE,BEKERJA/USAHAWAN/FREELANCE,RIMBUNAN BAKTI SDN BHD,MANUFACTURING,KUALA LUMPUR,396,MASTER EKSEKUTIF PENGURUSAN KEJURUTERAAN PEMBINAAN,2000.00,ONLINE,7771,MASTER,<29,26.0
2024,HMKN23406,41,FOOCHOW,MALE,BEKERJA SEPENUH MASA,LAU KIING SIENG CONSTRUCTION S/B,MANUFACTURING,SARAWAK,396,MASTER EKSEKUTIF PENGURUSAN KEJURUTERAAN PEMBINAAN,10000.00,ONLINE,8610,MASTER,40-49,41.0
2024,HMKP20212,40,MELANAU-SARAWAK,MALE,BEKERJA SEPARA MASA,BERLIAN MCDERMOTT ASIA PACIFIC,OTHER,SARAWAK,380,"MASTER EKSEKUTIF KESELAMATAN, KESIHATAN DAN PERSEKITARAN",5000.00,ONLINE,7284,MASTER,40-49,40.0
2024,HMKP20450,40,MELAYU,MALE,BEKERJA SEPENUH MASA,KPJ PENANG SPECIALIST HOSPITAL,OTHER,PULAU PINANG,380,"MASTER EKSEKUTIF KESELAMATAN, KESIHATAN DAN PERSEKITARAN",5000.00,ONLINE,8172,MASTER,40-49,40.0
2024,HMKP21217,35,INDIA,MALE,BEKERJA SEPENUH MASA,BRAS VENTURES BERHAD,OTHER,SELANGOR,380,"MASTER EKSEKUTIF KESELAMATAN, KESIHATAN DAN PERSEKITARAN",8500.00,ONLINE,7252,MASTER,30-39,35.0
2024,HMKP21221,42,MELAYU,MALE,BEKERJA SEPENUH MASA,MSM PRAI BHD SG. BULOH WAREHOUSE,OTHER,KUALA LUMPUR,380,"MASTER EKSEKUTIF KESELAMATAN, KESIHATAN DAN PERSEKITARAN",10585.00,ONLINE,7130,MASTER,40-49,42.0
2024,HMKP21357,39,MELAYU,MALE,BEKERJA SEPENUH MASA,SIACON TECHNOLOGY SDN BHD,OTHER,JOHOR,380,"MASTER EKSEKUTIF KESELAMATAN, KESIHATAN DAN PERSEKITARAN",14000.00,ONLINE,8463,MASTER,30-39,39.0
2024,HMKP21407,44,INDIA,MALE,BEKERJA SEPENUH MASA,CLEANROOM INDUSTRIES SDN BHD,OTHER,PULAU PINANG,380,"MASTER EKSEKUTIF KESELAMATAN, KESIHATAN DAN PERSEKITARAN",9000.00,ONLINE,7868,MASTER,40-49,44.0
2024,HMKP21409,50,CINA,MALE,BEKERJA SEPENUH MASA,LIAZ SERVICES SDN BHD,OTHER,SARAWAK,380,"MASTER EKSEKUTIF KESELAMATAN, KESIHATAN DAN PERSEKITARAN",8000.00,ONLINE,8464,MASTER,50-59,50.0
2024,HMKP21418,33,INDIA,MALE,BEKERJA SEPENUH MASA,FIRST HOME SDN BHD,OTHER,NEGERI SEMBILAN,380,"MASTER EKSEKUTIF KESELAMATAN, KESIHATAN DAN PERSEKITARAN",4000.00,ONLINE,8430,MASTER,30-39,33.0
2024,HMKP21422,37,MELAYU,MALE,BELUM/TIDAK BEKERJA,NOT SPECIFIED,OTHER,NEGERI SEMBILAN,380,"MASTER EKSEKUTIF KESELAMATAN, KESIHATAN DAN PERSEKITARAN",1000.00,ONLINE,8705,MASTER,30-39,37.0
2024,HMKP21432,43,MELAYU,MALE,BELUM/TIDAK BEKERJA,NOT SPECIFIED,OTHER,MELAKA,380,"MASTER EKSEKUTIF KESELAMATAN, KESIHATAN DAN PERSEKITARAN",1000.00,ONLINE,7874,MASTER,40-49,43.0
2024,HMKP21449,34,MELAYU,FEMALE,BEKERJA SEPENUH MASA,DELEUM CHEMICALS SDN BHD,OTHER,PAHANG,380,"MASTER EKSEKUTIF KESELAMATAN, KESIHATAN DAN PERSEKITARAN",3970.00,ONLINE,8620,MASTER,30-39,34.0
2024,HMKP21460,49,IBAN/SEA DAYAK -SARAWAK,MALE,BEKERJA SEPENUH MASA,SAPURA FABRICATION SDN BHD,OTHER,SARAWAK,380,"MASTER EKSEKUTIF KESELAMATAN, KESIHATAN DAN PERSEKITARAN",17000.00,ONLINE,7726,MASTER,40-49,49.0
2024,HMKP22103,38,INDIA,MALE,BEKERJA SEPENUH MASA,DAIJIN TECH SDN BHD,OTHER,NEGERI SEMBILAN,380,"MASTER EKSEKUTIF KESELAMATAN, KESIHATAN DAN PERSEKITARAN",5800.00,ONLINE,7368,MASTER,30-39,38.0
2024,HMKP22104,51,IBAN/SEA DAYAK -SARAWAK,MALE,BEKERJA SEPENUH MASA,DAYANG ENTERPRISE SDN BHD,OTHER,SARAWAK,380,"MASTER EKSEKUTIF KESELAMATAN, KESIHATAN DAN PERSEKITARAN",9000.00,ONLINE,7742,MASTER,50-59,51.0
2024,HMKP22111,37,MELAYU,MALE,BEKERJA SEPENUH MASA,DOMINANT ENERGY SDN BHD,OTHER,MELAKA,380,"MASTER EKSEKUTIF KESELAMATAN, KESIHATAN DAN PERSEKITARAN",9000.00,ONLINE,8617,MASTER,30-39,37.0
2024,HMKP22112,30,INDIA,MALE,BEKERJA SEPENUH MASA,OIB CONSTRUCTION SDN BHD,OTHER,SELANGOR,380,"MASTER EKSEKUTIF KESELAMATAN, KESIHATAN DAN PERSEKITARAN",6000.00,ONLINE,7625,MASTER,30-39,30.0
2024,HMKP22125,36,INDIA,MALE,BEKERJA SEPENUH MASA,BEST WIDE ENGINEERING (M) SDN BHD,OTHER,SELANGOR,380,"MASTER EKSEKUTIF KESELAMATAN, KESIHATAN DAN PERSEKITARAN",5000.00,ONLINE,8111,MASTER,30-39,36.0
2024,HMKP22136,39,MELAYU,MALE,BEKERJA SEPENUH MASA,ALFAMELI SDN BHD,OTHER,PAHANG,380,"MASTER EKSEKUTIF KESELAMATAN, KESIHATAN DAN PERSEKITARAN",8000.00,ONLINE,8826,MASTER,30-39,39.0
2024,HMKP22225,43,MELAYU,MALE,BEKERJA SEPENUH MASA,KEMENTERIAN KESIHATAN MALAYSIA,OTHER,KELANTAN,380,"MASTER EKSEKUTIF KESELAMATAN, KESIHATAN DAN PERSEKITARAN",4500.00,ONLINE,8209,MASTER,40-49,43.0
2024,HMKP22306,56,INDIA,MALE,BEKERJA SEPENUH MASA,EXYTE MALAYSIA SDN BHD,OTHER,PULAU PINANG,380,"MASTER EKSEKUTIF KESELAMATAN, KESIHATAN DAN PERSEKITARAN",5000.00,ONLINE,7968,MASTER,50-59,56.0
2024,HMKP22310,46,MELAYU,MALE,BEKERJA SEPENUH MASA,SAPURA ENERGY BERHAD,OTHER,SELANGOR,380,"MASTER EKSEKUTIF KESELAMATAN, KESIHATAN DAN PERSEKITARAN",5500.00,ONLINE,7514,MASTER,40-49,46.0
2024,HMKP22321,38,MELAYU,MALE,BEKERJA SEPENUH MASA,SETIA UTAMA LRT 3 SDN. BHD.,OTHER,PUTRAJAYA,380,"MASTER EKSEKUTIF KESELAMATAN, KESIHATAN DAN PERSEKITARAN",7500.00,ONLINE,7730,MASTER,30-39,38.0
2024,HMKP22330,40,INDIA,MALE,BEKERJA SEPENUH MASA,EXYTE MALAYSIA SDN BHD,OTHER,SELANGOR,380,"MASTER EKSEKUTIF KESELAMATAN, KESIHATAN DAN PERSEKITARAN",8000.00,ONLINE,7622,MASTER,40-49,40.0
2024,HMKP22405,41,INDIA,MALE,BEKERJA SEPENUH MASA,PETRA ENERGY SDN BHD,OTHER,KEDAH,380,"MASTER EKSEKUTIF KESELAMATAN, KESIHATAN DAN PERSEKITARAN",4000.00,ONLINE,8445,MASTER,40-49,41.0
2024,HMKP22406,33,INDIA,MALE,BEKERJA SEPENUH MASA,SHIANGLY BUILDER,OTHER,PERAK,380,"MASTER EKSEKUTIF KESELAMATAN, KESIHATAN DAN PERSEKITARAN",0.00,ONLINE,7179,MASTER,30-39,33.0
2024,HMKP22407,51,CINA,MALE,BEKERJA SEPENUH MASA,YEE CHUAN ENGINEERING SDN BHD,OTHER,JOHOR,380,"MASTER EKSEKUTIF KESELAMATAN, KESIHATAN DAN PERSEKITARAN",12000.00,ONLINE,8273,MASTER,50-59,51.0
2024,HMKP22424,34,INDIA,MALE,BEKERJA SEPENUH MASA,MMHE SDN BHD,OTHER,SELANGOR,380,"MASTER EKSEKUTIF KESELAMATAN, KESIHATAN DAN PERSEKITARAN",15000.00,ONLINE,8499,MASTER,30-39,34.0
2024,HMKP22430,38,KEDAYAN-SARAWAK,MALE,BEKERJA SEPENUH MASA,LONGI MALAYSIA SDN BHD,OTHER,SARAWAK,380,"MASTER EKSEKUTIF KESELAMATAN, KESIHATAN DAN PERSEKITARAN",7000.00,ONLINE,7831,MASTER,30-39,38.0
2024,HMKP22434,43,MELAYU,MALE,BEKERJA SEPENUH MASA,PETRONAS CARIGALI SDN BHD,OTHER,KUALA LUMPUR,380,"MASTER EKSEKUTIF KESELAMATAN, KESIHATAN DAN PERSEKITARAN",17500.00,ONLINE,8338,MASTER,40-49,43.0
2024,HMKP22436,45,MELAYU,MALE,BEKERJA SEPENUH MASA,MISC MARITIME SERVICES SDN BHD,OTHER,SELANGOR,380,"MASTER EKSEKUTIF KESELAMATAN, KESIHATAN DAN PERSEKITARAN",15600.00,ONLINE,8976,MASTER,40-49,45.0
2024,HMKP22439,44,MELAYU,MALE,BEKERJA SEPENUH MASA,SYNERGY MARINE (M) SDN. BHD.,OTHER,KUALA LUMPUR,380,"MASTER EKSEKUTIF KESELAMATAN, KESIHATAN DAN PERSEKITARAN",12000.00,ONLINE,8493,MASTER,40-49,44.0
2024,HMKP22442,32,CINA,MALE,BEKERJA SEPENUH MASA,DREDGING INTERNATIONAL MALAYSIA,OTHER,SARAWAK,380,"MASTER EKSEKUTIF KESELAMATAN, KESIHATAN DAN PERSEKITARAN",5000.00,ONLINE,7989,MASTER,30-39,32.0
2024,HMKP22443,32,INDIA,MALE,BEKERJA SEPENUH MASA,WSP MALAYSIA,OTHER,NEGERI SEMBILAN,380,"MASTER EKSEKUTIF KESELAMATAN, KESIHATAN DAN PERSEKITARAN",7000.00,ONLINE,7089,MASTER,30-39,32.0
2024,HMKP22445,40,DUSUN-SABAH,MALE,BEKERJA SEPENUH MASA,TAMACO OIL MILL SDN BHD,OTHER,SABAH,380,"MASTER EKSEKUTIF KESELAMATAN, KESIHATAN DAN PERSEKITARAN",5000.00,ONLINE,8370,MASTER,40-49,40.0
2024,HMKP22446,36,MELAYU,FEMALE,BEKERJA SEPENUH MASA,QUBE INTEGRATED MALAYSIA SDN BHD,OTHER,KUALA LUMPUR,380,"MASTER EKSEKUTIF KESELAMATAN, KESIHATAN DAN PERSEKITARAN",10000.00,ONLINE,8095,MASTER,30-39,36.0
2024,HMKP22450,48,INDIA,MALE,BEKERJA SEPENUH MASA,GRAB (READY WHEELS ENTERPRISE),OTHER,SELANGOR,380,"MASTER EKSEKUTIF KESELAMATAN, KESIHATAN DAN PERSEKITARAN",4500.00,ONLINE,8275,MASTER,40-49,48.0
2024,HMKP23101,45,IBAN/SEA DAYAK -SARAWAK,FEMALE,BEKERJA SEPENUH MASA,COLUMBIA ASIA HOSPITAL BINTULU,OTHER,SARAWAK,380,"MASTER EKSEKUTIF KESELAMATAN, KESIHATAN DAN PERSEKITARAN",5500.00,ONLINE,8669,MASTER,40-49,45.0
2024,HMKP23102,33,DUSUN-SABAH,MALE,BEKERJA SEPENUH MASA,PTTEP,OTHER,SABAH,380,"MASTER EKSEKUTIF KESELAMATAN, KESIHATAN DAN PERSEKITARAN",8000.00,ONLINE,7646,MASTER,30-39,33.0
2024,HMKP23109,48,MELAYU,FEMALE,BEKERJA SEPENUH MASA,JUTA AURA RESOURCES,OTHER,JOHOR,380,"MASTER EKSEKUTIF KESELAMATAN, KESIHATAN DAN PERSEKITARAN",3000.00,ONLINE,8103,MASTER,40-49,48.0
2024,HMKP23112,41,MELAYU,MALE,BEKERJA SEPENUH MASA,IDEMITSU ADVANCED MATERIALS (MALAYSIA) SDN BHD,OTHER,JOHOR,380,"MASTER EKSEKUTIF KESELAMATAN, KESIHATAN DAN PERSEKITARAN",8500.00,ONLINE,8269,MASTER,40-49,41.0
2024,HMKP23113,43,MELAYU,MALE,BEKERJA SEPENUH MASA,MSM SUGAR REFINERY (JOHOR) SDN BHD,OTHER,JOHOR,380,"MASTER EKSEKUTIF KESELAMATAN, KESIHATAN DAN PERSEKITARAN",14000.00,ONLINE,8423,MASTER,40-49,43.0
2024,HMKP23114,52,INDIA,MALE,BEKERJA SEPENUH MASA,SINN HWAT HENG EDIBLE OILS SDN BHD,OTHER,PERAK,380,"MASTER EKSEKUTIF KESELAMATAN, KESIHATAN DAN PERSEKITARAN",5000.00,ONLINE,7945,MASTER,50-59,52.0
2024,HMKP23115,30,MELAYU,MALE,BEKERJA SEPENUH MASA,PETROLIAM NASIONAL BERHAD,OTHER,JOHOR,380,"MASTER EKSEKUTIF KESELAMATAN, KESIHATAN DAN PERSEKITARAN",7000.00,ONLINE,7953,MASTER,30-39,30.0
2024,HMKP23121,47,DUSUN-SABAH,MALE,BEKERJA SEPENUH MASA,ANGKATAN KOPERASI KEBANGSAAN MALAYSIA BERHAD (ANGKASA),OTHER,SABAH,380,"MASTER EKSEKUTIF KESELAMATAN, KESIHATAN DAN PERSEKITARAN",6000.00,ONLINE,8520,MASTER,40-49,47.0
2024,HMKP23122,34,PUNJABI,MALE,BEKERJA SEPENUH MASA,CHARTER BUILT ENGINEERING SDN BHD,OTHER,JOHOR,380,"MASTER EKSEKUTIF KESELAMATAN, KESIHATAN DAN PERSEKITARAN",12200.00,ONLINE,7108,MASTER,30-39,34.0
2024,HMKP23126,30,MELAYU,MALE,BEKERJA/USAHAWAN/FREELANCE,ABSOLUTE CONTROL SDN BHD,OTHER,MELAKA,380,"MASTER EKSEKUTIF KESELAMATAN, KESIHATAN DAN PERSEKITARAN",6000.00,ONLINE,8753,MASTER,30-39,30.0
2024,HMKP23129,50,BRUNEI-SABAH,MALE,BEKERJA SEPENUH MASA,ANGKATAN KOPERASI KEBANGSAAN MALAYSIA BERHAD (ANGKASA),OTHER,SABAH,380,"MASTER EKSEKUTIF KESELAMATAN, KESIHATAN DAN PERSEKITARAN",8383.00,ONLINE,8912,MASTER,50-59,50.0
2024,HMKP23131,44,SULUK-SABAH,MALE,BEKERJA SEPENUH MASA,ANGKATAN KOPERASI KEBANGSAAN MALAYSIA BHD,OTHER,SABAH,380,"MASTER EKSEKUTIF KESELAMATAN, KESIHATAN DAN PERSEKITARAN",6200.00,ONLINE,7992,MASTER,40-49,44.0
2024,HMKP23133,41,MELAYU,FEMALE,BEKERJA/USAHAWAN/FREELANCE,ZULZILAWATI ENTERPRISE,OTHER,PERAK,380,"MASTER EKSEKUTIF KESELAMATAN, KESIHATAN DAN PERSEKITARAN",2000.00,ONLINE,8774,MASTER,40-49,41.0
2024,HMKP23135,33,IBAN/SEA DAYAK -SARAWAK,MALE,BEKERJA/USAHAWAN/FREELANCE,WESAFE,OTHER,SARAWAK,380,"MASTER EKSEKUTIF KESELAMATAN, KESIHATAN DAN PERSEKITARAN",7000.00,ONLINE,8475,MASTER,30-39,33.0
2024,HMKP23136,36,MELAYU,MALE,BEKERJA SEPENUH MASA,NESTCON BUILDERS SDN BHD,OTHER,SELANGOR,380,"MASTER EKSEKUTIF KESELAMATAN, KESIHATAN DAN PERSEKITARAN",9000.00,ONLINE,8376,MASTER,30-39,36.0
2024,HMKP23139,47,MELAYU,MALE,BEKERJA SEPENUH MASA,PETRONAS GAS BERHAD,OTHER,TERENGGANU,380,"MASTER EKSEKUTIF KESELAMATAN, KESIHATAN DAN PERSEKITARAN",9000.00,ONLINE,8613,MASTER,40-49,47.0
2024,HMKP23143,34,MELAYU,MALE,BEKERJA SEPENUH MASA,SAMTEC ASIA PACIFIC (M) SDN BHD,OTHER,JOHOR,380,"MASTER EKSEKUTIF KESELAMATAN, KESIHATAN DAN PERSEKITARAN",7000.00,ONLINE,8222,MASTER,30-39,34.0
2024,HMKP23145,41,MELAYU,MALE,BEKERJA SEPENUH MASA,SAPURA SECURED TECHNOLOGIES,OTHER,TERENGGANU,380,"MASTER EKSEKUTIF KESELAMATAN, KESIHATAN DAN PERSEKITARAN",5000.00,ONLINE,7803,MASTER,40-49,41.0
2024,HMKP23148,52,MELAYU,MALE,BEKERJA SEPENUH MASA,ANGKATAN KOPERASI KEBANGSAAN MALAYSIA BERHAD,OTHER,SARAWAK,380,"MASTER EKSEKUTIF KESELAMATAN, KESIHATAN DAN PERSEKITARAN",6000.00,ONLINE,8363,MASTER,50-59,52.0
2024,HMKP23209,59,MELAYU,MALE,BEKERJA SEPENUH MASA,MUHIBBAH ENGINEERING (M) BHD,OTHER,SELANGOR,380,"MASTER EKSEKUTIF KESELAMATAN, KESIHATAN DAN PERSEKITARAN",8130.00,ONLINE,8118,MASTER,50-59,59.0
2024,HMKP23214,34,MELAYU,MALE,BEKERJA SEPENUH MASA,NURSIA TECHNOLOGY SDN BHD,OTHER,SELANGOR,380,"MASTER EKSEKUTIF KESELAMATAN, KESIHATAN DAN PERSEKITARAN",6200.00,ONLINE,8842,MASTER,30-39,34.0
2024,HMKP23219,40,MELAYU,MALE,BEKERJA SEPENUH MASA,DHAYA MAJU INFRASTRUCTURE (ASIA) SDN BERHAD,OTHER,SELANGOR,380,"MASTER EKSEKUTIF KESELAMATAN, KESIHATAN DAN PERSEKITARAN",8250.00,ONLINE,8192,MASTER,40-49,40.0
2024,HMKP23221,48,INDIA,FEMALE,BEKERJA SEPENUH MASA,INDAH WATER KONSORTIUM SDN. BHD.,OTHER,KUALA LUMPUR,380,"MASTER EKSEKUTIF KESELAMATAN, KESIHATAN DAN PERSEKITARAN",5000.00,ONLINE,8967,MASTER,40-49,48.0
2024,HMKP23223,34,MELAYU,MALE,BEKERJA SEPENUH MASA,BRAS TRANSMISSION SDN BHD,OTHER,KELANTAN,380,"MASTER EKSEKUTIF KESELAMATAN, KESIHATAN DAN PERSEKITARAN",7000.00,ONLINE,8966,MASTER,30-39,34.0
2024,HMKP23226,42,MELAYU,MALE,BEKERJA SEPENUH MASA,FPSO VENTURES SDN BHD,OTHER,NEGERI SEMBILAN,380,"MASTER EKSEKUTIF KESELAMATAN, KESIHATAN DAN PERSEKITARAN",5000.00,ONLINE,7057,MASTER,40-49,42.0
2024,HMKP23301,46,KADAZAN-SABAH,MALE,BEKERJA SEPENUH MASA,TANJUNG OFFSHORE SDN BHD,OTHER,SABAH,380,"MASTER EKSEKUTIF KESELAMATAN, KESIHATAN DAN PERSEKITARAN",5000.00,ONLINE,8870,MASTER,40-49,46.0
2024,HMKP23304,45,INDIA,MALE,BEKERJA SEPENUH MASA,THEMETECH INTERNATIONAL (M) SDN BHD,OTHER,KEDAH,380,"MASTER EKSEKUTIF KESELAMATAN, KESIHATAN DAN PERSEKITARAN",8000.00,ONLINE,7899,MASTER,40-49,45.0
2024,HMKP23310,43,MALAYALI,MALE,BEKERJA SEPENUH MASA,BERJAYA ENVIROPARKS SDN BHD,OTHER,PERAK,380,"MASTER EKSEKUTIF KESELAMATAN, KESIHATAN DAN PERSEKITARAN",7950.00,ONLINE,7716,MASTER,40-49,43.0
2024,HMKP23311,41,MELAYU,FEMALE,BEKERJA SEPENUH MASA,PEKAT TEKNOLOGI SDN BHD,OTHER,PERAK,380,"MASTER EKSEKUTIF KESELAMATAN, KESIHATAN DAN PERSEKITARAN",12000.00,ONLINE,7402,MASTER,40-49,41.0
2024,HMKP23312,41,TAMIL,MALE,BEKERJA SEPENUH MASA,PACIFIC ADVANCE COMPOSITES SDN BHD,OTHER,PERAK,380,"MASTER EKSEKUTIF KESELAMATAN, KESIHATAN DAN PERSEKITARAN",7500.00,ONLINE,8249,MASTER,40-49,41.0
2024,HMKP23315,29,IBAN/SEA DAYAK -SARAWAK,FEMALE,BEKERJA SEPENUH MASA,CPP CHINA PETROLEUM ENGINEERING (M) SDN BHD,OTHER,SARAWAK,380,"MASTER EKSEKUTIF KESELAMATAN, KESIHATAN DAN PERSEKITARAN",7500.00,ONLINE,8500,MASTER,<29,29.0
2024,HMKP23316,33,MELAYU,MALE,BEKERJA SEPENUH MASA,HITEC METAL SDN BHD,OTHER,SELANGOR,380,"MASTER EKSEKUTIF KESELAMATAN, KESIHATAN DAN PERSEKITARAN",7000.00,ONLINE,8611,MASTER,30-39,33.0
2024,HMKP23323,32,INDIA,MALE,BEKERJA SEPENUH MASA,SUNWAY CONSTRUCTION SDN BHD,OTHER,KUALA LUMPUR,380,"MASTER EKSEKUTIF KESELAMATAN, KESIHATAN DAN PERSEKITARAN",5000.00,ONLINE,7521,MASTER,30-39,32.0
2024,HMKP23329,36,INDIA,MALE,BEKERJA SEPENUH MASA,SUNWAY CONSTRUCTION SDN BHD,OTHER,NEGERI SEMBILAN,380,"MASTER EKSEKUTIF KESELAMATAN, KESIHATAN DAN PERSEKITARAN",8080.00,ONLINE,8502,MASTER,30-39,36.0
2024,HMKP23405,36,INDIA,MALE,BEKERJA SEPENUH MASA,SP SETIA BHD,OTHER,SELANGOR,380,"MASTER EKSEKUTIF KESELAMATAN, KESIHATAN DAN PERSEKITARAN",5000.00,ONLINE,7178,MASTER,30-39,36.0
2024,HMKP23407,47,MELAYU,MALE,BEKERJA SEPENUH MASA,LANDCHART SDN BHD,OTHER,JOHOR,380,"MASTER EKSEKUTIF KESELAMATAN, KESIHATAN DAN PERSEKITARAN",3850.00,ONLINE,7463,MASTER,40-49,47.0
2024,HMKP23409,48,MELAYU,MALE,BEKERJA SEPENUH MASA,PREFCHEM,OTHER,MELAKA,380,"MASTER EKSEKUTIF KESELAMATAN, KESIHATAN DAN PERSEKITARAN",7500.00,ONLINE,7963,MASTER,40-49,48.0
2024,HMKP23418,46,MELAYU,MALE,BEKERJA SEPENUH MASA,SHELF SUBSEA PYD LTD,OTHER,SARAWAK,380,"MASTER EKSEKUTIF KESELAMATAN, KESIHATAN DAN PERSEKITARAN",24000.00,ONLINE,8255,MASTER,40-49,46.0
2024,HMKP23423,45,MELAYU,MALE,BEKERJA SEPENUH MASA,SIME DARBY PROPERTY BERHAD,OTHER,SELANGOR,380,"MASTER EKSEKUTIF KESELAMATAN, KESIHATAN DAN PERSEKITARAN",5000.00,ONLINE,7172,MASTER,40-49,45.0
2024,HMKP23426,35,MELAYU,MALE,BEKERJA SEPENUH MASA,HIJJAS KASTURI ASSOSIATES SDN. BHD.,OTHER,KELANTAN,380,"MASTER EKSEKUTIF KESELAMATAN, KESIHATAN DAN PERSEKITARAN",8000.00,ONLINE,7747,MASTER,30-39,35.0
2024,HMKP23435,44,MELAYU,MALE,BEKERJA SEPENUH MASA,SAPURA SECURED TECHNOLOGY,OTHER,SELANGOR,380,"MASTER EKSEKUTIF KESELAMATAN, KESIHATAN DAN PERSEKITARAN",11000.00,ONLINE,7135,MASTER,40-49,44.0
2024,HMPB21101,47,MELAYU,MALE,BEKERJA SEPENUH MASA,TAN CHONG EKPRES AUTO SERVIS SDN BHD,"PROFESSIONAL, SCIENTIFIC, AND TECHNICAL ACTIVITIES",PAHANG,488,MASTER EKSEKUTIF PENGURUSAN PERNIAGAAN,4081.00,ONLINE,7841,MASTER,40-49,47.0
2024,HMPB21401,35,INDIA,FEMALE,BEKERJA SEPENUH MASA,MARINA BAY SANDS SINGAPORE,"PROFESSIONAL, SCIENTIFIC, AND TECHNICAL ACTIVITIES",PULAU PINANG,488,MASTER EKSEKUTIF PENGURUSAN PERNIAGAAN,5000.00,ONLINE,7201,MASTER,30-39,35.0
2024,HMPB22224,50,CINA,MALE,BEKERJA SEPENUH MASA,MITSUI HIGH-TEC (SINGAPORE) PTE. LTD.,"PROFESSIONAL, SCIENTIFIC, AND TECHNICAL ACTIVITIES",JOHOR,488,MASTER EKSEKUTIF PENGURUSAN PERNIAGAAN,6000.00,ONLINE,7487,MASTER,50-59,50.0
2024,HMPB22301,39,INDIA,FEMALE,BEKERJA SEPENUH MASA,OCOO GLOBAL SDN BHD,"PROFESSIONAL, SCIENTIFIC, AND TECHNICAL ACTIVITIES",PULAU PINANG,488,MASTER EKSEKUTIF PENGURUSAN PERNIAGAAN,2500.00,ONLINE,7083,MASTER,30-39,39.0
2024,HMPB22312,38,MELAYU,MALE,BEKERJA SEPENUH MASA,WZ LEGACY ENTERPRISE,"PROFESSIONAL, SCIENTIFIC, AND TECHNICAL ACTIVITIES",TERENGGANU,488,MASTER EKSEKUTIF PENGURUSAN PERNIAGAAN,5000.00,ONLINE,7079,MASTER,30-39,38.0
2024,HMPB22313,29,MELAYU,FEMALE,BEKERJA SEPENUH MASA,COGDEV MALAYSIA SDN BHD,"PROFESSIONAL, SCIENTIFIC, AND TECHNICAL ACTIVITIES",MELAKA,488,MASTER EKSEKUTIF PENGURUSAN PERNIAGAAN,4700.00,ONLINE,8361,MASTER,<29,29.0
2024,HMPB22314,42,MELAYU,MALE,BEKERJA SEPENUH MASA,KOPERASI PEMBANGUNAN TANAH SG KELAYAK BERHAD,"PROFESSIONAL, SCIENTIFIC, AND TECHNICAL ACTIVITIES",SABAH,488,MASTER EKSEKUTIF PENGURUSAN PERNIAGAAN,8000.00,ONLINE,7797,MASTER,40-49,42.0
2024,HMPB22318,33,MELAYU,MALE,BEKERJA SEPENUH MASA,MAB ENGINEERING SERVICES SDN BHD,"PROFESSIONAL, SCIENTIFIC, AND TECHNICAL ACTIVITIES",SELANGOR,488,MASTER EKSEKUTIF PENGURUSAN PERNIAGAAN,10000.00,ONLINE,7842,MASTER,30-39,33.0
2024,HMPB22321,35,MELAYU,MALE,BEKERJA SEPENUH MASA,PANORAMA LANGKAWI SDN BHD,"PROFESSIONAL, SCIENTIFIC, AND TECHNICAL ACTIVITIES",KEDAH,488,MASTER EKSEKUTIF PENGURUSAN PERNIAGAAN,3000.00,ONLINE,8467,MASTER,30-39,35.0
2024,HMPB22323,44,MELAYU,MALE,BEKERJA/USAHAWAN/FREELANCE,LEGENDS MEDIA WORKS SDN BHD,"PROFESSIONAL, SCIENTIFIC, AND TECHNICAL ACTIVITIES",SELANGOR,488,MASTER EKSEKUTIF PENGURUSAN PERNIAGAAN,40000.00,ONLINE,8056,MASTER,40-49,44.0
2024,HMPB22401,41,INDIA,MALE,BEKERJA/USAHAWAN/FREELANCE,CAPITAL A MANAGEMENT SERVICES,"PROFESSIONAL, SCIENTIFIC, AND TECHNICAL ACTIVITIES",PERAK,488,MASTER EKSEKUTIF PENGURUSAN PERNIAGAAN,7000.00,ONLINE,8651,MASTER,40-49,41.0
2024,HMPB22404,52,MELAYU,FEMALE,BEKERJA SEPENUH MASA,BINWANI'S SDN BHD,"PROFESSIONAL, SCIENTIFIC, AND TECHNICAL ACTIVITIES",SELANGOR,488,MASTER EKSEKUTIF PENGURUSAN PERNIAGAAN,2850.00,ONLINE,8837,MASTER,50-59,52.0
2024,HMPB22407,45,CINA,MALE,BEKERJA SEPENUH MASA,MULTIPLUS COMPUTING SDN BHD,"PROFESSIONAL, SCIENTIFIC, AND TECHNICAL ACTIVITIES",SABAH,488,MASTER EKSEKUTIF PENGURUSAN PERNIAGAAN,20000.00,ONLINE,7513,MASTER,40-49,45.0
2024,HMPB22410,49,MELAYU,MALE,BEKERJA/USAHAWAN/FREELANCE,OKED KESUMA SDN BHD,"PROFESSIONAL, SCIENTIFIC, AND TECHNICAL ACTIVITIES",JOHOR,488,MASTER EKSEKUTIF PENGURUSAN PERNIAGAAN,25000.00,ONLINE,7344,MASTER,40-49,49.0
2024,HMPB22414,43,MELAYU,MALE,BEKERJA/USAHAWAN/FREELANCE,GOLD-CHEERS HOLDING (M) SDN BHD,"PROFESSIONAL, SCIENTIFIC, AND TECHNICAL ACTIVITIES",JOHOR,488,MASTER EKSEKUTIF PENGURUSAN PERNIAGAAN,5000.00,ONLINE,7880,MASTER,40-49,43.0
2024,HMPB22416,51,MELAYU,FEMALE,BEKERJA SEPENUH MASA,BARAKAH OFFSHORE PETROLEUM BERHAD,"PROFESSIONAL, SCIENTIFIC, AND TECHNICAL ACTIVITIES",SELANGOR,488,MASTER EKSEKUTIF PENGURUSAN PERNIAGAAN,3000.00,ONLINE,8234,MASTER,50-59,51.0
2024,HMPB22417,40,MELAYU,MALE,BEKERJA SEPENUH MASA,SOCC OFFSHORE SDN BHD,"PROFESSIONAL, SCIENTIFIC, AND TECHNICAL ACTIVITIES",TERENGGANU,488,MASTER EKSEKUTIF PENGURUSAN PERNIAGAAN,6000.00,ONLINE,7150,MASTER,40-49,40.0
2024,HMPB22419,30,INDIA,FEMALE,BEKERJA SEPENUH MASA,LEMBAGA HASIL DALAM NEGERI MALAYSIA,"PROFESSIONAL, SCIENTIFIC, AND TECHNICAL ACTIVITIES",KEDAH,488,MASTER EKSEKUTIF PENGURUSAN PERNIAGAAN,2500.00,ONLINE,8871,MASTER,30-39,30.0
2024,HMPB22420,46,MELAYU,MALE,BEKERJA SEPENUH MASA,SERVO SECURITY SDN BHD,"PROFESSIONAL, SCIENTIFIC, AND TECHNICAL ACTIVITIES",PAHANG,488,MASTER EKSEKUTIF PENGURUSAN PERNIAGAAN,5000.00,ONLINE,7350,MASTER,40-49,46.0
2024,HMPB22422,47,INDIA,MALE,BEKERJA SEPENUH MASA,MAXTECH ONE SOLUTION,"PROFESSIONAL, SCIENTIFIC, AND TECHNICAL ACTIVITIES",KUALA LUMPUR,488,MASTER EKSEKUTIF PENGURUSAN PERNIAGAAN,10000.00,ONLINE,8511,MASTER,40-49,47.0
2024,HMPB22423,44,INDIA,FEMALE,BEKERJA SEPENUH MASA,SCHENKER LOGISTICS (MALAYSIA) SDN BHD,"PROFESSIONAL, SCIENTIFIC, AND TECHNICAL ACTIVITIES",JOHOR,488,MASTER EKSEKUTIF PENGURUSAN PERNIAGAAN,3500.00,ONLINE,8405,MASTER,40-49,44.0
2024,HMPB22425,44,MELAYU,FEMALE,BEKERJA SEPENUH MASA,SAMSUNG C&T (M) SDN BHD,"PROFESSIONAL, SCIENTIFIC, AND TECHNICAL ACTIVITIES",SELANGOR,488,MASTER EKSEKUTIF PENGURUSAN PERNIAGAAN,5000.00,ONLINE,7882,MASTER,40-49,44.0
2024,HMPB22426,40,MELAYU,MALE,BEKERJA SEPENUH MASA,MISC MARINE SERVICES SDN BHD,"PROFESSIONAL, SCIENTIFIC, AND TECHNICAL ACTIVITIES",TERENGGANU,488,MASTER EKSEKUTIF PENGURUSAN PERNIAGAAN,10000.00,ONLINE,8873,MASTER,40-49,40.0
2024,HMPB22427,42,MELAYU,FEMALE,BEKERJA SEPENUH MASA,NEXPERIA (M) SDN BHD,"PROFESSIONAL, SCIENTIFIC, AND TECHNICAL ACTIVITIES",NEGERI SEMBILAN,488,MASTER EKSEKUTIF PENGURUSAN PERNIAGAAN,3394.00,ONLINE,8092,MASTER,40-49,42.0
2024,HMPB22428,38,MELAYU,MALE,BEKERJA SEPENUH MASA,MISC MARINE (M) SDN BHD,"PROFESSIONAL, SCIENTIFIC, AND TECHNICAL ACTIVITIES",SELANGOR,488,MASTER EKSEKUTIF PENGURUSAN PERNIAGAAN,17000.00,ONLINE,7515,MASTER,30-39,38.0
2024,HMPB22431,29,INDIA,FEMALE,BEKERJA SEPENUH MASA,WISEHUB RESOURCES,"PROFESSIONAL, SCIENTIFIC, AND TECHNICAL ACTIVITIES",SELANGOR,488,MASTER EKSEKUTIF PENGURUSAN PERNIAGAAN,1500.00,ONLINE,8505,MASTER,<29,29.0
2024,HMPB22432,40,MELAYU,MALE,BEKERJA SEPENUH MASA,MISC MARINE,"PROFESSIONAL, SCIENTIFIC, AND TECHNICAL ACTIVITIES",TERENGGANU,488,MASTER EKSEKUTIF PENGURUSAN PERNIAGAAN,15000.00,ONLINE,7305,MASTER,40-49,40.0
2024,HMPB22433,41,MELAYU,MALE,BEKERJA SEPENUH MASA,MISC MARINE SDN BHD,"PROFESSIONAL, SCIENTIFIC, AND TECHNICAL ACTIVITIES",TERENGGANU,488,MASTER EKSEKUTIF PENGURUSAN PERNIAGAAN,10000.00,ONLINE,8524,MASTER,40-49,41.0
2024,HMPB22434,47,MELAYU,MALE,BEKERJA SEPENUH MASA,MISC MARINE SERVICES (MALAYSIA) SDN BHD,"PROFESSIONAL, SCIENTIFIC, AND TECHNICAL ACTIVITIES",TERENGGANU,488,MASTER EKSEKUTIF PENGURUSAN PERNIAGAAN,18000.00,ONLINE,8962,MASTER,40-49,47.0
2024,HMPB22435,41,MELAYU,MALE,BEKERJA SEPENUH MASA,MISC MARINE,"PROFESSIONAL, SCIENTIFIC, AND TECHNICAL ACTIVITIES",TERENGGANU,488,MASTER EKSEKUTIF PENGURUSAN PERNIAGAAN,12000.00,ONLINE,7039,MASTER,40-49,41.0
2024,HMPB22437,38,MELAYU,FEMALE,BEKERJA SEPENUH MASA,AFFIN BANK BERHAD,"PROFESSIONAL, SCIENTIFIC, AND TECHNICAL ACTIVITIES",SELANGOR,488,MASTER EKSEKUTIF PENGURUSAN PERNIAGAAN,11299.00,ONLINE,7975,MASTER,30-39,38.0
2024,HMPB22438,39,MELAYU,MALE,BEKERJA SEPENUH MASA,AFFIN BANK BERHAD,"PROFESSIONAL, SCIENTIFIC, AND TECHNICAL ACTIVITIES",SELANGOR,488,MASTER EKSEKUTIF PENGURUSAN PERNIAGAAN,9441.00,ONLINE,7169,MASTER,30-39,39.0
2024,HMPB22439,42,MELAYU,MALE,BEKERJA/USAHAWAN/FREELANCE,PROGRESSIVE CREST SDN BHD,"PROFESSIONAL, SCIENTIFIC, AND TECHNICAL ACTIVITIES",PAHANG,488,MASTER EKSEKUTIF PENGURUSAN PERNIAGAAN,15000.00,ONLINE,7584,MASTER,40-49,42.0
2024,HMPB23105,43,MELAYU,MALE,BEKERJA/USAHAWAN/FREELANCE,ARMADA PANTAS SERVICES SDN BHD,"PROFESSIONAL, SCIENTIFIC, AND TECHNICAL ACTIVITIES",SABAH,488,MASTER EKSEKUTIF PENGURUSAN PERNIAGAAN,10000.00,ONLINE,7492,MASTER,40-49,43.0
2024,HMPB23109,39,MELAYU,MALE,BEKERJA/USAHAWAN/FREELANCE,NUSANTARA GEMILANG JAYA,"PROFESSIONAL, SCIENTIFIC, AND TECHNICAL ACTIVITIES",PERAK,488,MASTER EKSEKUTIF PENGURUSAN PERNIAGAAN,4500.00,ONLINE,8586,MASTER,30-39,39.0
2024,HMPB23111,49,BIDAYUH/LAND DAYAK - SARAWAK,FEMALE,BEKERJA SEPENUH MASA,RIVERSIDE MAJESTIC HOTEL,"PROFESSIONAL, SCIENTIFIC, AND TECHNICAL ACTIVITIES",SARAWAK,488,MASTER EKSEKUTIF PENGURUSAN PERNIAGAAN,2500.00,ONLINE,8864,MASTER,40-49,49.0
2024,HMPB23112,39,MELAYU,MALE,BEKERJA SEPENUH MASA,ABC ENGINEERING SDN BHD,"PROFESSIONAL, SCIENTIFIC, AND TECHNICAL ACTIVITIES",NEGERI SEMBILAN,488,MASTER EKSEKUTIF PENGURUSAN PERNIAGAAN,3500.00,ONLINE,8992,MASTER,30-39,39.0
2024,HMPB23113,42,MELAYU,MALE,BEKERJA/USAHAWAN/FREELANCE,AE SETIA SDN BHD,"PROFESSIONAL, SCIENTIFIC, AND TECHNICAL ACTIVITIES",SELANGOR,488,MASTER EKSEKUTIF PENGURUSAN PERNIAGAAN,15000.00,ONLINE,8607,MASTER,40-49,42.0
2024,HMPB23114,28,MELAYU,MALE,BEKERJA SEPENUH MASA,TOMAZ SHOES SDN. BHD,"PROFESSIONAL, SCIENTIFIC, AND TECHNICAL ACTIVITIES",JOHOR,488,MASTER EKSEKUTIF PENGURUSAN PERNIAGAAN,2500.00,ONLINE,7691,MASTER,<29,28.0
2024,HMPB23115,43,MELAYU,FEMALE,BEKERJA SEPENUH MASA,ELREKA SDN BHD,"PROFESSIONAL, SCIENTIFIC, AND TECHNICAL ACTIVITIES",MELAKA,488,MASTER EKSEKUTIF PENGURUSAN PERNIAGAAN,6000.00,ONLINE,7751,MASTER,40-49,43.0
2024,HMPB23116,48,MELAYU,MALE,BEKERJA SEPENUH MASA,FPSO VENTURES SDN. BHD.,"PROFESSIONAL, SCIENTIFIC, AND TECHNICAL ACTIVITIES",KEDAH,488,MASTER EKSEKUTIF PENGURUSAN PERNIAGAAN,13699.00,ONLINE,8621,MASTER,40-49,48.0
2024,HMPB23117,56,MELAYU,MALE,BEKERJA SEPENUH MASA,URC SNACK FOODS (M) SDN BHD,"PROFESSIONAL, SCIENTIFIC, AND TECHNICAL ACTIVITIES",JOHOR,488,MASTER EKSEKUTIF PENGURUSAN PERNIAGAAN,16500.00,ONLINE,7013,MASTER,50-59,56.0
2024,HMPB23119,44,KADAZAN-SABAH,FEMALE,BEKERJA SEPENUH MASA,FIDELITY ASIA BANK LTD,"PROFESSIONAL, SCIENTIFIC, AND TECHNICAL ACTIVITIES",SABAH,488,MASTER EKSEKUTIF PENGURUSAN PERNIAGAAN,12500.00,ONLINE,7447,MASTER,40-49,44.0
2024,HMPB23122,51,MELAYU,FEMALE,BEKERJA SEPENUH MASA,CELCOMDIGI SDN BHD,"PROFESSIONAL, SCIENTIFIC, AND TECHNICAL ACTIVITIES",SELANGOR,488,MASTER EKSEKUTIF PENGURUSAN PERNIAGAAN,6900.00,ONLINE,8427,MASTER,50-59,51.0
2024,HMPB23124,47,MELAYU,MALE,BEKERJA/USAHAWAN/FREELANCE,STALLION FORCE SDN BHD,"PROFESSIONAL, SCIENTIFIC, AND TECHNICAL ACTIVITIES",SELANGOR,488,MASTER EKSEKUTIF PENGURUSAN PERNIAGAAN,10000.00,ONLINE,8464,MASTER,40-49,47.0
2024,HMPB23126,34,MELAYU,FEMALE,BEKERJA SEPENUH MASA,NIOSH CERTIFICATION SDDN BHD,"PROFESSIONAL, SCIENTIFIC, AND TECHNICAL ACTIVITIES",SARAWAK,488,MASTER EKSEKUTIF PENGURUSAN PERNIAGAAN,5000.00,ONLINE,8793,MASTER,30-39,34.0
2024,HMPB23129,45,MELAYU,MALE,BEKERJA SEPENUH MASA,MAJLIS SUKAN PAHANG,"PROFESSIONAL, SCIENTIFIC, AND TECHNICAL ACTIVITIES",PAHANG,488,MASTER EKSEKUTIF PENGURUSAN PERNIAGAAN,3100.00,ONLINE,7658,MASTER,40-49,45.0
2024,HMPB23130,43,INDIA,MALE,BEKERJA SEPENUH MASA,AMILITE GROUP,"PROFESSIONAL, SCIENTIFIC, AND TECHNICAL ACTIVITIES",PULAU PINANG,488,MASTER EKSEKUTIF PENGURUSAN PERNIAGAAN,10000.00,ONLINE,7798,MASTER,40-49,43.0
2024,HMPB23132,50,INDIA,MALE,BELUM/TIDAK BEKERJA,GRAB DRIVER,"PROFESSIONAL, SCIENTIFIC, AND TECHNICAL ACTIVITIES",JOHOR,488,MASTER EKSEKUTIF PENGURUSAN PERNIAGAAN,2500.00,ONLINE,8241,MASTER,50-59,50.0
2024,HMPB23203,48,MELAYU,MALE,BEKERJA SEPENUH MASA,TEGAS TEPAT SDN BHD,"PROFESSIONAL, SCIENTIFIC, AND TECHNICAL ACTIVITIES",NEGERI SEMBILAN,488,MASTER EKSEKUTIF PENGURUSAN PERNIAGAAN,11500.00,ONLINE,7997,MASTER,40-49,48.0
2024,HMPB23205,38,TAMIL,FEMALE,BEKERJA SEPENUH MASA,BORONG MALAYSIA,"PROFESSIONAL, SCIENTIFIC, AND TECHNICAL ACTIVITIES",SELANGOR,488,MASTER EKSEKUTIF PENGURUSAN PERNIAGAAN,15000.00,ONLINE,7200,MASTER,30-39,38.0
2024,HMPB23206,40,INDIA,MALE,BEKERJA SEPENUH MASA,AIC SEMICONDUCTOR,"PROFESSIONAL, SCIENTIFIC, AND TECHNICAL ACTIVITIES",KEDAH,488,MASTER EKSEKUTIF PENGURUSAN PERNIAGAAN,15000.00,ONLINE,7827,MASTER,40-49,40.0
2024,HMPB23207,36,MELAYU,FEMALE,BEKERJA SEPENUH MASA,NETAPP MALAYSIA,"PROFESSIONAL, SCIENTIFIC, AND TECHNICAL ACTIVITIES",SELANGOR,488,MASTER EKSEKUTIF PENGURUSAN PERNIAGAAN,17500.00,ONLINE,7331,MASTER,30-39,36.0
2024,HMPB23209,39,INDIA,FEMALE,BEKERJA SEPENUH MASA,GLENEAGLES HOSPITAL KUALA LUMPUR,"PROFESSIONAL, SCIENTIFIC, AND TECHNICAL ACTIVITIES",SELANGOR,488,MASTER EKSEKUTIF PENGURUSAN PERNIAGAAN,4236.00,ONLINE,8453,MASTER,30-39,39.0
2024,HMPB23210,43,MELAYU,MALE,BEKERJA SEPENUH MASA,PALO ALTO NETWORKS,"PROFESSIONAL, SCIENTIFIC, AND TECHNICAL ACTIVITIES",SELANGOR,488,MASTER EKSEKUTIF PENGURUSAN PERNIAGAAN,15000.00,ONLINE,8069,MASTER,40-49,43.0
2024,HMPB23212,36,CINA,MALE,BEKERJA SEPENUH MASA,UNILEVER MALAYSIA,"PROFESSIONAL, SCIENTIFIC, AND TECHNICAL ACTIVITIES",SARAWAK,488,MASTER EKSEKUTIF PENGURUSAN PERNIAGAAN,4500.00,ONLINE,7390,MASTER,30-39,36.0
2024,HMPB23213,29,CINA,MALE,BEKERJA SEPENUH MASA,WHH ENGINEERING & CONSTRUCTION SDN BHD,"PROFESSIONAL, SCIENTIFIC, AND TECHNICAL ACTIVITIES",NEGERI SEMBILAN,488,MASTER EKSEKUTIF PENGURUSAN PERNIAGAAN,2450.00,ONLINE,7427,MASTER,<29,29.0
2024,HMPB23214,43,MELAYU,FEMALE,BEKERJA SEPENUH MASA,IMI ENGINEERING SDN. BHD.,"PROFESSIONAL, SCIENTIFIC, AND TECHNICAL ACTIVITIES",PAHANG,488,MASTER EKSEKUTIF PENGURUSAN PERNIAGAAN,6684.88,ONLINE,8684,MASTER,40-49,43.0
2024,HMPB23219,51,INDIA,FEMALE,BEKERJA SEPENUH MASA,RM GUARD FORCE SDN. BHD.,"PROFESSIONAL, SCIENTIFIC, AND TECHNICAL ACTIVITIES",PULAU PINANG,488,MASTER EKSEKUTIF PENGURUSAN PERNIAGAAN,2950.00,ONLINE,8206,MASTER,50-59,51.0
2024,HMPB23224,42,CINA,FEMALE,BEKERJA SEPENUH MASA,AMBANK (M) BERHAD,"PROFESSIONAL, SCIENTIFIC, AND TECHNICAL ACTIVITIES",PERAK,488,MASTER EKSEKUTIF PENGURUSAN PERNIAGAAN,5800.00,ONLINE,8583,MASTER,40-49,42.0
2024,HMPB23226,53,MELAYU,MALE,BEKERJA SEPENUH MASA,PNB MERDEKA VENTURES SDN BHD,"PROFESSIONAL, SCIENTIFIC, AND TECHNICAL ACTIVITIES",SELANGOR,488,MASTER EKSEKUTIF PENGURUSAN PERNIAGAAN,20000.00,ONLINE,8754,MASTER,50-59,53.0
2024,HMPB23301,46,IBAN/SEA DAYAK -SARAWAK,FEMALE,BEKERJA/USAHAWAN/FREELANCE (SEPARA MASA),MEGA CONSULTING & TRAINING,"PROFESSIONAL, SCIENTIFIC, AND TECHNICAL ACTIVITIES",SARAWAK,488,MASTER EKSEKUTIF PENGURUSAN PERNIAGAAN,2499.99,ONLINE,8269,MASTER,40-49,46.0
2024,HMPB23303,48,INDIA,MALE,BEKERJA SEPENUH MASA,JABIL CIRCUIT SDN BHD,"PROFESSIONAL, SCIENTIFIC, AND TECHNICAL ACTIVITIES",PULAU PINANG,488,MASTER EKSEKUTIF PENGURUSAN PERNIAGAAN,6800.00,ONLINE,8079,MASTER,40-49,48.0
2024,HMPB23307,37,MELAYU,FEMALE,BEKERJA SEPARA MASA,KAVIN ENGINEERING SDN BHD,"PROFESSIONAL, SCIENTIFIC, AND TECHNICAL ACTIVITIES",KUALA LUMPUR,488,MASTER EKSEKUTIF PENGURUSAN PERNIAGAAN,3500.00,ONLINE,8401,MASTER,30-39,37.0
2024,HMPB23310,34,INDIA,MALE,BEKERJA SEPENUH MASA,JABIL,"PROFESSIONAL, SCIENTIFIC, AND TECHNICAL ACTIVITIES",PULAU PINANG,488,MASTER EKSEKUTIF PENGURUSAN PERNIAGAAN,2500.00,ONLINE,8024,MASTER,30-39,34.0
2024,HMPB23311,30,MELAYU,FEMALE,BEKERJA SEPENUH MASA,POKKA PTE LTD,"PROFESSIONAL, SCIENTIFIC, AND TECHNICAL ACTIVITIES",JOHOR,488,MASTER EKSEKUTIF PENGURUSAN PERNIAGAAN,8500.00,ONLINE,8803,MASTER,30-39,30.0
2024,HMPB23313,35,MELAYU,MALE,BEKERJA/USAHAWAN/FREELANCE,ST MEDIA SDN BHD,"PROFESSIONAL, SCIENTIFIC, AND TECHNICAL ACTIVITIES",SELANGOR,488,MASTER EKSEKUTIF PENGURUSAN PERNIAGAAN,11000.00,ONLINE,7000,MASTER,30-39,35.0
2024,HMPB23315,48,MELAYU,MALE,BEKERJA SEPENUH MASA,TERUNA MIFA SDN BHD,"PROFESSIONAL, SCIENTIFIC, AND TECHNICAL ACTIVITIES",TERENGGANU,488,MASTER EKSEKUTIF PENGURUSAN PERNIAGAAN,3500.00,ONLINE,8984,MASTER,40-49,48.0
2024,HMPB23316,45,CINA,FEMALE,BEKERJA SEPENUH MASA,JRK HOLDINGS BERHAD,"PROFESSIONAL, SCIENTIFIC, AND TECHNICAL ACTIVITIES",KUALA LUMPUR,488,MASTER EKSEKUTIF PENGURUSAN PERNIAGAAN,5300.00,ONLINE,8725,MASTER,40-49,45.0
2024,HMPB23317,40,MELAYU,MALE,BEKERJA SEPENUH MASA,SIME DARBY RENT A CAR SDN BHD,"PROFESSIONAL, SCIENTIFIC, AND TECHNICAL ACTIVITIES",SELANGOR,488,MASTER EKSEKUTIF PENGURUSAN PERNIAGAAN,5248.00,ONLINE,7853,MASTER,40-49,40.0
2024,HMPB23318,37,MELAYU,MALE,BEKERJA SEPENUH MASA,OLIVE INTELLIGENT MANAGEMENT SDN BHD,"PROFESSIONAL, SCIENTIFIC, AND TECHNICAL ACTIVITIES",JOHOR,488,MASTER EKSEKUTIF PENGURUSAN PERNIAGAAN,14000.00,ONLINE,8961,MASTER,30-39,37.0
2024,HMPB23323,34,CINA,FEMALE,BEKERJA/USAHAWAN/FREELANCE,SKC MANAGEMENT & CO,"PROFESSIONAL, SCIENTIFIC, AND TECHNICAL ACTIVITIES",SABAH,488,MASTER EKSEKUTIF PENGURUSAN PERNIAGAAN,3500.00,ONLINE,8801,MASTER,30-39,34.0
2024,HMPB23404,49,BAJAU - SABAH,MALE,BEKERJA SEPENUH MASA,JKR SABAH,"PROFESSIONAL, SCIENTIFIC, AND TECHNICAL ACTIVITIES",SABAH,488,MASTER EKSEKUTIF PENGURUSAN PERNIAGAAN,7000.00,ONLINE,8538,MASTER,40-49,49.0
2024,HMPB23405,34,INDIA,FEMALE,BEKERJA SEPENUH MASA,POTTER'S AUTOMATION AUCKLAND,"PROFESSIONAL, SCIENTIFIC, AND TECHNICAL ACTIVITIES",SELANGOR,488,MASTER EKSEKUTIF PENGURUSAN PERNIAGAAN,5000.00,ONLINE,7020,MASTER,30-39,34.0
2024,HMPB23406,31,MELAYU,MALE,BEKERJA SEPENUH MASA,ABC ENGINEERING SDN BHD,"PROFESSIONAL, SCIENTIFIC, AND TECHNICAL ACTIVITIES",SELANGOR,488,MASTER EKSEKUTIF PENGURUSAN PERNIAGAAN,3000.00,ONLINE,8871,MASTER,30-39,31.0
2024,HMPB23407,49,MELAYU,MALE,BEKERJA SEPENUH MASA,PERKASA ERAMAS SDN BHD,"PROFESSIONAL, SCIENTIFIC, AND TECHNICAL ACTIVITIES",SABAH,488,MASTER EKSEKUTIF PENGURUSAN PERNIAGAAN,12000.00,ONLINE,8138,MASTER,40-49,49.0
2024,HMPB23411,45,MELAYU,MALE,BEKERJA SEPENUH MASA,T7 INTELLIGENT RESOURCES SDN BHD,"PROFESSIONAL, SCIENTIFIC, AND TECHNICAL ACTIVITIES",PAHANG,488,MASTER EKSEKUTIF PENGURUSAN PERNIAGAAN,20000.00,ONLINE,7537,MASTER,40-49,45.0
2024,HMPB23416,56,MELAYU,MALE,BEKERJA SEPENUH MASA,MONORAIL GUIDEWAY ENGINEERING SDN. BHD.,"PROFESSIONAL, SCIENTIFIC, AND TECHNICAL ACTIVITIES",KEDAH,488,MASTER EKSEKUTIF PENGURUSAN PERNIAGAAN,12000.00,ONLINE,8105,MASTER,50-59,56.0
2024,HMPB23418,37,MELAYU,FEMALE,BEKERJA SEPENUH MASA,PANCARAN BINA ENTERPRISE,"PROFESSIONAL, SCIENTIFIC, AND TECHNICAL ACTIVITIES",KEDAH,488,MASTER EKSEKUTIF PENGURUSAN PERNIAGAAN,5000.00,ONLINE,7367,MASTER,30-39,37.0
2024,HMPB23421,49,MELAYU,MALE,BEKERJA/USAHAWAN/FREELANCE,APEX EMPIRE ENTERPRISE,"PROFESSIONAL, SCIENTIFIC, AND TECHNICAL ACTIVITIES",PULAU PINANG,488,MASTER EKSEKUTIF PENGURUSAN PERNIAGAAN,8000.00,ONLINE,7188,MASTER,40-49,49.0
2024,HMPM19428,38,MELAYU,MALE,BEKERJA SEPENUH MASA,ORASKO SDN. BHD,"PROFESSIONAL, SCIENTIFIC, AND TECHNICAL ACTIVITIES",NEGERI SEMBILAN,348,MASTER EKSEKUTIF OPERASI DAN PENGURUSAN PROJEK,5000.00,ONLINE,7951,MASTER,30-39,38.0
2024,HMPM21227,37,INDIA,MALE,BEKERJA SEPENUH MASA,SMRT CORPORATION LTD,"PROFESSIONAL, SCIENTIFIC, AND TECHNICAL ACTIVITIES",PERAK,348,MASTER EKSEKUTIF OPERASI DAN PENGURUSAN PROJEK,8000.00,ONLINE,8765,MASTER,30-39,37.0
2024,HMPM21244,37,INDIA,MALE,BEKERJA SEPENUH MASA,SUNSHINE BREAD SDN BHD,"PROFESSIONAL, SCIENTIFIC, AND TECHNICAL ACTIVITIES",SELANGOR,348,MASTER EKSEKUTIF OPERASI DAN PENGURUSAN PROJEK,8018.00,ONLINE,7742,MASTER,30-39,37.0
2024,HMPM21303,42,IBAN/SEA DAYAK -SARAWAK,MALE,BEKERJA SEPENUH MASA,DAYANG ENTERPRISE SDN BHD,"PROFESSIONAL, SCIENTIFIC, AND TECHNICAL ACTIVITIES",SARAWAK,348,MASTER EKSEKUTIF OPERASI DAN PENGURUSAN PROJEK,5000.00,ONLINE,8000,MASTER,40-49,42.0
2024,HMPM21304,51,MELAYU,MALE,BEKERJA SEPENUH MASA,AL-TIA,"PROFESSIONAL, SCIENTIFIC, AND TECHNICAL ACTIVITIES",KEDAH,348,MASTER EKSEKUTIF OPERASI DAN PENGURUSAN PROJEK,3000.00,ONLINE,7663,MASTER,50-59,51.0
2024,HMPM21408,46,MELAYU,MALE,BEKERJA/USAHAWAN/FREELANCE,TIJARAH FATTAH ENTREPRISE,"PROFESSIONAL, SCIENTIFIC, AND TECHNICAL ACTIVITIES",JOHOR,348,MASTER EKSEKUTIF OPERASI DAN PENGURUSAN PROJEK,10000.00,ONLINE,7737,MASTER,40-49,46.0
2024,HMPM21421,56,INDIA,MALE,BEKERJA SEPENUH MASA,ULTRA CLEAN TECHNOLOGY (M) SDN.BHD,"PROFESSIONAL, SCIENTIFIC, AND TECHNICAL ACTIVITIES",PULAU PINANG,348,MASTER EKSEKUTIF OPERASI DAN PENGURUSAN PROJEK,16000.00,ONLINE,8308,MASTER,50-59,56.0
2024,HMPM21447,45,MELAYU,MALE,BEKERJA SEPENUH MASA,SDE FACILITIES MANAGEMENT SDN BHD,"PROFESSIONAL, SCIENTIFIC, AND TECHNICAL ACTIVITIES",PERAK,348,MASTER EKSEKUTIF OPERASI DAN PENGURUSAN PROJEK,5000.00,ONLINE,7989,MASTER,40-49,45.0
2024,HMPM22137,42,MELAYU,MALE,BEKERJA SEPENUH MASA,DAYANG ENTERPRISE SDN BHD,"PROFESSIONAL, SCIENTIFIC, AND TECHNICAL ACTIVITIES",KUALA LUMPUR,348,MASTER EKSEKUTIF OPERASI DAN PENGURUSAN PROJEK,11000.00,ONLINE,7271,MASTER,40-49,42.0
2024,HMPM22143,51,MELAYU,MALE,BEKERJA SEPENUH MASA,BEAKS GROUP,"PROFESSIONAL, SCIENTIFIC, AND TECHNICAL ACTIVITIES",SELANGOR,348,MASTER EKSEKUTIF OPERASI DAN PENGURUSAN PROJEK,4300.00,ONLINE,8144,MASTER,50-59,51.0
2024,HMPM22229,45,MELAYU,MALE,BEKERJA SEPENUH MASA,ENRA ENERGY SOLUTIONS SDN BHD,"PROFESSIONAL, SCIENTIFIC, AND TECHNICAL ACTIVITIES",PERAK,348,MASTER EKSEKUTIF OPERASI DAN PENGURUSAN PROJEK,9000.00,ONLINE,7955,MASTER,40-49,45.0
2024,HMPM22231,37,KENYAH-SARAWAK,MALE,BEKERJA SEPENUH MASA,SARAWAK SHELL BERHAD,"PROFESSIONAL, SCIENTIFIC, AND TECHNICAL ACTIVITIES",SARAWAK,348,MASTER EKSEKUTIF OPERASI DAN PENGURUSAN PROJEK,10500.00,ONLINE,8069,MASTER,30-39,37.0
2024,HMPM22317,59,MELAYU,MALE,BEKERJA SEPENUH MASA,DHAYA MAJU INFRASTRUCTURE (ASIA) SDN BHD,"PROFESSIONAL, SCIENTIFIC, AND TECHNICAL ACTIVITIES",NEGERI SEMBILAN,348,MASTER EKSEKUTIF OPERASI DAN PENGURUSAN PROJEK,10.00,ONLINE,7533,MASTER,50-59,59.0
2024,HMPM22332,45,MELAYU,MALE,BEKERJA SEPENUH MASA,MUGHNIE RESOURCES,"PROFESSIONAL, SCIENTIFIC, AND TECHNICAL ACTIVITIES",KEDAH,348,MASTER EKSEKUTIF OPERASI DAN PENGURUSAN PROJEK,5000.00,ONLINE,8740,MASTER,40-49,45.0
2024,HMPM22349,53,INDIA,MALE,BEKERJA/USAHAWAN/FREELANCE,NATURAL TRADEZ SDN. BHD.,"PROFESSIONAL, SCIENTIFIC, AND TECHNICAL ACTIVITIES",NEGERI SEMBILAN,348,MASTER EKSEKUTIF OPERASI DAN PENGURUSAN PROJEK,10000.00,ONLINE,7968,MASTER,50-59,53.0
2024,HMPM22354,37,MELAYU,FEMALE,BEKERJA SEPENUH MASA,CEKAP TECHNICAL SERVICES SDN. BHD.,"PROFESSIONAL, SCIENTIFIC, AND TECHNICAL ACTIVITIES",PAHANG,348,MASTER EKSEKUTIF OPERASI DAN PENGURUSAN PROJEK,10000.00,ONLINE,7808,MASTER,30-39,37.0
2024,HMPM22404,56,BIDAYUH/LAND DAYAK - SARAWAK,MALE,BEKERJA SEPENUH MASA,ALAMGHIR SDN BHD,"PROFESSIONAL, SCIENTIFIC, AND TECHNICAL ACTIVITIES",SARAWAK,348,MASTER EKSEKUTIF OPERASI DAN PENGURUSAN PROJEK,6000.00,ONLINE,7753,MASTER,50-59,56.0
2024,HMPM22405,47,MELAYU,MALE,BEKERJA SEPENUH MASA,SERVO SECURITY SDN BHD,"PROFESSIONAL, SCIENTIFIC, AND TECHNICAL ACTIVITIES",PAHANG,348,MASTER EKSEKUTIF OPERASI DAN PENGURUSAN PROJEK,5000.00,ONLINE,8965,MASTER,40-49,47.0
2024,HMPM22414,52,IBAN/SEA DAYAK -SARAWAK,MALE,BEKERJA SEPENUH MASA,OCEAN CARE RESOURCES SDN BHD,"PROFESSIONAL, SCIENTIFIC, AND TECHNICAL ACTIVITIES",SARAWAK,348,MASTER EKSEKUTIF OPERASI DAN PENGURUSAN PROJEK,10000.00,ONLINE,8671,MASTER,50-59,52.0
2024,HMPM22432,39,MELAYU,MALE,BEKERJA SEPENUH MASA,MENTERI BESAR SELANGOR PEMERBADANAN (MBI),"PROFESSIONAL, SCIENTIFIC, AND TECHNICAL ACTIVITIES",SELANGOR,348,MASTER EKSEKUTIF OPERASI DAN PENGURUSAN PROJEK,13000.00,ONLINE,7617,MASTER,30-39,39.0
2024,HMPM22433,44,MELAYU,MALE,BEKERJA SEPENUH MASA,ENVIRONMENT IDAMAN SDN BHD,"PROFESSIONAL, SCIENTIFIC, AND TECHNICAL ACTIVITIES",KEDAH,348,MASTER EKSEKUTIF OPERASI DAN PENGURUSAN PROJEK,5700.00,ONLINE,8748,MASTER,40-49,44.0
2024,HMPM22438,40,MELAYU,MALE,BEKERJA SEPENUH MASA,GADING SENGGARA SDN BHD,"PROFESSIONAL, SCIENTIFIC, AND TECHNICAL ACTIVITIES",PAHANG,348,MASTER EKSEKUTIF OPERASI DAN PENGURUSAN PROJEK,9000.00,ONLINE,8247,MASTER,40-49,40.0
2024,HMPM22440,35,MELAYU,MALE,BEKERJA SEPENUH MASA,MGM SHIP MANAGEMENT PTE LTD,"PROFESSIONAL, SCIENTIFIC, AND TECHNICAL ACTIVITIES",JOHOR,348,MASTER EKSEKUTIF OPERASI DAN PENGURUSAN PROJEK,20000.00,ONLINE,7207,MASTER,30-39,35.0
2024,HMPM22441,53,INDIA,MALE,BEKERJA SEPENUH MASA,AXIS FACILITIES MANAGEMENT SDN BHD,"PROFESSIONAL, SCIENTIFIC, AND TECHNICAL ACTIVITIES",KUALA LUMPUR,348,MASTER EKSEKUTIF OPERASI DAN PENGURUSAN PROJEK,14000.00,ONLINE,8493,MASTER,50-59,53.0
2024,HMPM22443,43,DUSUN-SABAH,MALE,BEKERJA SEPENUH MASA,INTERWELL MALAYSIA SDN BHD,"PROFESSIONAL, SCIENTIFIC, AND TECHNICAL ACTIVITIES",SABAH,348,MASTER EKSEKUTIF OPERASI DAN PENGURUSAN PROJEK,10000.00,ONLINE,8206,MASTER,40-49,43.0
2024,HMPM22444,51,INDIA,MALE,BEKERJA SEPENUH MASA,ONE INTERNATIONAL GROUP SDN BHD,"PROFESSIONAL, SCIENTIFIC, AND TECHNICAL ACTIVITIES",SELANGOR,348,MASTER EKSEKUTIF OPERASI DAN PENGURUSAN PROJEK,12000.00,ONLINE,8218,MASTER,50-59,51.0
2024,HMPM22445,38,MELAYU,MALE,BEKERJA SEPENUH MASA,RWNA ENGINEERING SDN BHD,"PROFESSIONAL, SCIENTIFIC, AND TECHNICAL ACTIVITIES",PAHANG,348,MASTER EKSEKUTIF OPERASI DAN PENGURUSAN PROJEK,5000.00,ONLINE,7810,MASTER,30-39,38.0
2024,HMPM22447,39,MELAYU,MALE,BEKERJA SEPENUH MASA,NADI MARINE RESOURCES,"PROFESSIONAL, SCIENTIFIC, AND TECHNICAL ACTIVITIES",JOHOR,348,MASTER EKSEKUTIF OPERASI DAN PENGURUSAN PROJEK,14000.00,ONLINE,8041,MASTER,30-39,39.0
2024,HMPM22448,50,MELAYU,MALE,BEKERJA SEPENUH MASA,PTTEP SARAWAK OIL LTD,"PROFESSIONAL, SCIENTIFIC, AND TECHNICAL ACTIVITIES",PAHANG,348,MASTER EKSEKUTIF OPERASI DAN PENGURUSAN PROJEK,15000.00,ONLINE,8970,MASTER,50-59,50.0
2024,HMPM22449,45,MELAYU,MALE,BEKERJA SEPENUH MASA,POLYPLASTICS ASIA PACIFIC SDN BHD,"PROFESSIONAL, SCIENTIFIC, AND TECHNICAL ACTIVITIES",PAHANG,348,MASTER EKSEKUTIF OPERASI DAN PENGURUSAN PROJEK,8600.00,ONLINE,7558,MASTER,40-49,45.0
2024,HMPM22454,48,INDIA,MALE,BEKERJA SEPENUH MASA,UST GLOBAL,"PROFESSIONAL, SCIENTIFIC, AND TECHNICAL ACTIVITIES",SELANGOR,348,MASTER EKSEKUTIF OPERASI DAN PENGURUSAN PROJEK,11000.00,ONLINE,7916,MASTER,40-49,48.0
2024,HMPM22455,34,MELAYU,MALE,BEKERJA SEPENUH MASA,KEYFIELD OFFSHORE SDN BHD,"PROFESSIONAL, SCIENTIFIC, AND TECHNICAL ACTIVITIES",SELANGOR,348,MASTER EKSEKUTIF OPERASI DAN PENGURUSAN PROJEK,8100.00,ONLINE,8125,MASTER,30-39,34.0
2024,HMPM22457,51,MELAYU,MALE,BEKERJA SEPENUH MASA,TKS ESTATE SDN BHD,"PROFESSIONAL, SCIENTIFIC, AND TECHNICAL ACTIVITIES",MELAKA,348,MASTER EKSEKUTIF OPERASI DAN PENGURUSAN PROJEK,5000.00,ONLINE,7924,MASTER,50-59,51.0
2024,HMPM22458,52,MELAYU,MALE,BEKERJA SEPENUH MASA,NII HOLDING SDN BHD,"PROFESSIONAL, SCIENTIFIC, AND TECHNICAL ACTIVITIES",SELANGOR,348,MASTER EKSEKUTIF OPERASI DAN PENGURUSAN PROJEK,5000.00,ONLINE,7481,MASTER,50-59,52.0
2024,HMPM22459,35,CINA,MALE,BEKERJA SEPENUH MASA,SUHATI SDN BHD,"PROFESSIONAL, SCIENTIFIC, AND TECHNICAL ACTIVITIES",KUALA LUMPUR,348,MASTER EKSEKUTIF OPERASI DAN PENGURUSAN PROJEK,7800.00,ONLINE,7977,MASTER,30-39,35.0
2024,HMPM22465,49,MELAYU,MALE,BEKERJA SEPENUH MASA,SBD RESOURCES SDN BHD,"PROFESSIONAL, SCIENTIFIC, AND TECHNICAL ACTIVITIES",SELANGOR,348,MASTER EKSEKUTIF OPERASI DAN PENGURUSAN PROJEK,15000.00,ONLINE,7100,MASTER,40-49,49.0
2024,HMPM22466,40,MELAYU,MALE,BEKERJA SEPENUH MASA,EPOMS SDN BHD,"PROFESSIONAL, SCIENTIFIC, AND TECHNICAL ACTIVITIES",SELANGOR,348,MASTER EKSEKUTIF OPERASI DAN PENGURUSAN PROJEK,15000.00,ONLINE,7124,MASTER,40-49,40.0
2024,HMPM22467,44,MELAYU,MALE,BEKERJA SEPENUH MASA,EPOMS SDN BHD,"PROFESSIONAL, SCIENTIFIC, AND TECHNICAL ACTIVITIES",TERENGGANU,348,MASTER EKSEKUTIF OPERASI DAN PENGURUSAN PROJEK,9000.00,ONLINE,8315,MASTER,40-49,44.0
2024,HMPM22471,49,IBAN/SEA DAYAK -SARAWAK,MALE,BEKERJA SEPENUH MASA,PETROLEUM SARAWAK BERHAD,"PROFESSIONAL, SCIENTIFIC, AND TECHNICAL ACTIVITIES",SARAWAK,348,MASTER EKSEKUTIF OPERASI DAN PENGURUSAN PROJEK,19000.00,ONLINE,7302,MASTER,40-49,49.0
2024,HMPM22472,54,CINA,MALE,BEKERJA SEPENUH MASA,"PANWELL MATERIAL & CONSTRUCTION CO.,LTD","PROFESSIONAL, SCIENTIFIC, AND TECHNICAL ACTIVITIES",KUALA LUMPUR,348,MASTER EKSEKUTIF OPERASI DAN PENGURUSAN PROJEK,10000.00,ONLINE,8950,MASTER,50-59,54.0
2024,HMPM22473,35,CINA,MALE,BEKERJA SEPENUH MASA,SAMSUNG C&T (M) SDN BHD,"PROFESSIONAL, SCIENTIFIC, AND TECHNICAL ACTIVITIES",SELANGOR,348,MASTER EKSEKUTIF OPERASI DAN PENGURUSAN PROJEK,7000.00,ONLINE,8391,MASTER,30-39,35.0
2024,HMPM22474,47,MELAYU,MALE,BEKERJA SEPENUH MASA,HONEYWELL ENGINEERING SDN BHD,"PROFESSIONAL, SCIENTIFIC, AND TECHNICAL ACTIVITIES",SARAWAK,348,MASTER EKSEKUTIF OPERASI DAN PENGURUSAN PROJEK,21000.00,ONLINE,7704,MASTER,40-49,47.0
2024,HMPM22475,60,MELAYU,MALE,BEKERJA SEPENUH MASA,INTERFLEET RAIL ENGINEERING & CONSULTING SDN.BHD.,"PROFESSIONAL, SCIENTIFIC, AND TECHNICAL ACTIVITIES",MELAKA,348,MASTER EKSEKUTIF OPERASI DAN PENGURUSAN PROJEK,13000.00,ONLINE,8317,MASTER,60+,60.0
2024,HMPM23105,40,MELAYU,MALE,BEKERJA SEPENUH MASA,DR YG TAN JURUTERA PERUNDING SDN BHD,"PROFESSIONAL, SCIENTIFIC, AND TECHNICAL ACTIVITIES",SELANGOR,348,MASTER EKSEKUTIF OPERASI DAN PENGURUSAN PROJEK,9000.00,ONLINE,7429,MASTER,40-49,40.0
2024,HMPM23106,57,INDIA,MALE,BEKERJA SEPENUH MASA,SOLARIS INFINITI SDN BHD,"PROFESSIONAL, SCIENTIFIC, AND TECHNICAL ACTIVITIES",NEGERI SEMBILAN,348,MASTER EKSEKUTIF OPERASI DAN PENGURUSAN PROJEK,11600.00,ONLINE,7185,MASTER,50-59,57.0
2024,HMPM23110,40,INDIA,MALE,BEKERJA SEPENUH MASA,VIVOCOM ENTERPRISE SDN BHD,"PROFESSIONAL, SCIENTIFIC, AND TECHNICAL ACTIVITIES",KUALA LUMPUR,348,MASTER EKSEKUTIF OPERASI DAN PENGURUSAN PROJEK,8500.00,ONLINE,7556,MASTER,40-49,40.0
2024,HMPM23111,41,MELAYU,MALE,BEKERJA SEPENUH MASA,MISC MARITIME SERVICES SDN BHD,"PROFESSIONAL, SCIENTIFIC, AND TECHNICAL ACTIVITIES",TERENGGANU,348,MASTER EKSEKUTIF OPERASI DAN PENGURUSAN PROJEK,3894.00,ONLINE,8449,MASTER,40-49,41.0
2024,HMPM23112,40,MELAYU,MALE,BELUM/TIDAK BEKERJA,NOT SPECIFIED,"PROFESSIONAL, SCIENTIFIC, AND TECHNICAL ACTIVITIES",SELANGOR,348,MASTER EKSEKUTIF OPERASI DAN PENGURUSAN PROJEK,2000.00,ONLINE,7556,MASTER,40-49,40.0
2024,HMPM23120,41,MELAYU,MALE,BEKERJA SEPENUH MASA,FGV PALM INDUSTRIES SDN BHD,"PROFESSIONAL, SCIENTIFIC, AND TECHNICAL ACTIVITIES",PAHANG,348,MASTER EKSEKUTIF OPERASI DAN PENGURUSAN PROJEK,6000.00,ONLINE,8414,MASTER,40-49,41.0
2024,HMPM23121,47,INDIA,MALE,BEKERJA SEPENUH MASA,GE VERNOVA,"PROFESSIONAL, SCIENTIFIC, AND TECHNICAL ACTIVITIES",NEGERI SEMBILAN,348,MASTER EKSEKUTIF OPERASI DAN PENGURUSAN PROJEK,29600.00,ONLINE,7481,MASTER,40-49,47.0
2024,HMPM23122,47,MELAYU,MALE,BEKERJA SEPENUH MASA,TECHNIP ENERGIES (M) SDN BHD,"PROFESSIONAL, SCIENTIFIC, AND TECHNICAL ACTIVITIES",JOHOR,348,MASTER EKSEKUTIF OPERASI DAN PENGURUSAN PROJEK,8000.00,ONLINE,7748,MASTER,40-49,47.0
2024,HMPM23123,41,MELAYU,MALE,BEKERJA SEPENUH MASA,PETRONAS TECHNICAL SERVICES SDN BHD,"PROFESSIONAL, SCIENTIFIC, AND TECHNICAL ACTIVITIES",PERAK,348,MASTER EKSEKUTIF OPERASI DAN PENGURUSAN PROJEK,19000.00,ONLINE,7975,MASTER,40-49,41.0
2024,HMPM23125,54,IBAN/SEA DAYAK -SARAWAK,MALE,BEKERJA SEPENUH MASA,OCEANCARE CORPORATION SDN.BHD,"PROFESSIONAL, SCIENTIFIC, AND TECHNICAL ACTIVITIES",SARAWAK,348,MASTER EKSEKUTIF OPERASI DAN PENGURUSAN PROJEK,20230.00,ONLINE,8182,MASTER,50-59,54.0
2024,HMPM23126,53,MELAYU,MALE,BEKERJA SEPENUH MASA,PRESTIGE PROTECT SDN BHD,"PROFESSIONAL, SCIENTIFIC, AND TECHNICAL ACTIVITIES",KELANTAN,348,MASTER EKSEKUTIF OPERASI DAN PENGURUSAN PROJEK,25000.00,ONLINE,7920,MASTER,50-59,53.0
2024,HMPM23129,51,CINA,MALE,BEKERJA SEPENUH MASA,KEYTO MY SDN BHD,"PROFESSIONAL, SCIENTIFIC, AND TECHNICAL ACTIVITIES",PULAU PINANG,348,MASTER EKSEKUTIF OPERASI DAN PENGURUSAN PROJEK,18000.00,ONLINE,8594,MASTER,50-59,51.0
2024,HMPM23130,51,MELAYU,MALE,BEKERJA SEPENUH MASA,VICM CONSULTANTS PTE LTD,"PROFESSIONAL, SCIENTIFIC, AND TECHNICAL ACTIVITIES",MELAKA,348,MASTER EKSEKUTIF OPERASI DAN PENGURUSAN PROJEK,29500.00,ONLINE,7700,MASTER,50-59,51.0
2024,HMPM23131,51,MELAYU,MALE,BEKERJA SEPENUH MASA,"GALFAR ENGINEERING & CONTRACTING SAOG, OMAN","PROFESSIONAL, SCIENTIFIC, AND TECHNICAL ACTIVITIES",SELANGOR,348,MASTER EKSEKUTIF OPERASI DAN PENGURUSAN PROJEK,20000.00,ONLINE,7875,MASTER,50-59,51.0
2024,HMPM23132,48,INDIA,MALE,BEKERJA SEPENUH MASA,PARAMOUNT PROPERTY DEVELOPMENT SDN BHD,"PROFESSIONAL, SCIENTIFIC, AND TECHNICAL ACTIVITIES",SELANGOR,348,MASTER EKSEKUTIF OPERASI DAN PENGURUSAN PROJEK,10000.00,ONLINE,8507,MASTER,40-49,48.0
2024,HMPM23133,44,MELAYU,FEMALE,BEKERJA SEPENUH MASA,CARIGALI HESS OPERATING COMPANY,"PROFESSIONAL, SCIENTIFIC, AND TECHNICAL ACTIVITIES",KUALA LUMPUR,348,MASTER EKSEKUTIF OPERASI DAN PENGURUSAN PROJEK,6000.00,ONLINE,7227,MASTER,40-49,44.0
2024,HMPM23137,42,INDIA,MALE,BEKERJA SEPENUH MASA,"JABIL, SINGAPORE","PROFESSIONAL, SCIENTIFIC, AND TECHNICAL ACTIVITIES",JOHOR,348,MASTER EKSEKUTIF OPERASI DAN PENGURUSAN PROJEK,3500.00,ONLINE,7452,MASTER,40-49,42.0
2024,HMPM23138,36,CINA,MALE,BEKERJA SEPENUH MASA,DAYANG ENTERPRISE SDN BHD,"PROFESSIONAL, SCIENTIFIC, AND TECHNICAL ACTIVITIES",SARAWAK,348,MASTER EKSEKUTIF OPERASI DAN PENGURUSAN PROJEK,9000.00,ONLINE,8337,MASTER,30-39,36.0
2024,HMPM23139,53,BIDAYUH/LAND DAYAK - SARAWAK,MALE,BEKERJA SEPENUH MASA,DAYANG ENTERPRISE SDN BHD,"PROFESSIONAL, SCIENTIFIC, AND TECHNICAL ACTIVITIES",SARAWAK,348,MASTER EKSEKUTIF OPERASI DAN PENGURUSAN PROJEK,7000.00,ONLINE,8616,MASTER,50-59,53.0
2024,HMPM23140,52,MELAYU,MALE,BEKERJA SEPENUH MASA,PREFCHEM SDN BHD,"PROFESSIONAL, SCIENTIFIC, AND TECHNICAL ACTIVITIES",JOHOR,348,MASTER EKSEKUTIF OPERASI DAN PENGURUSAN PROJEK,11000.00,ONLINE,7180,MASTER,50-59,52.0
2024,HMPM23145,50,MELAYU,MALE,BEKERJA SEPENUH MASA,SEATRIUM ENGINEERING KUALA LUMPUR SDN BHD,"PROFESSIONAL, SCIENTIFIC, AND TECHNICAL ACTIVITIES",PERAK,348,MASTER EKSEKUTIF OPERASI DAN PENGURUSAN PROJEK,16350.00,ONLINE,7943,MASTER,50-59,50.0
2024,HMPM23147,35,MELAYU,MALE,BEKERJA SEPENUH MASA,EMPADA SDN BHD,"PROFESSIONAL, SCIENTIFIC, AND TECHNICAL ACTIVITIES",LABUAN,348,MASTER EKSEKUTIF OPERASI DAN PENGURUSAN PROJEK,6000.00,ONLINE,7406,MASTER,30-39,35.0
2024,HMPM23149,40,MELAYU,MALE,BEKERJA SEPENUH MASA,SAPURA ENERGY SDN BHD,"PROFESSIONAL, SCIENTIFIC, AND TECHNICAL ACTIVITIES",SELANGOR,348,MASTER EKSEKUTIF OPERASI DAN PENGURUSAN PROJEK,8300.00,ONLINE,8737,MASTER,40-49,40.0
2024,HMPM23150,59,MELAYU,MALE,BEKERJA SEPENUH MASA,SARAWAK METRO SDN BHD,"PROFESSIONAL, SCIENTIFIC, AND TECHNICAL ACTIVITIES",SELANGOR,348,MASTER EKSEKUTIF OPERASI DAN PENGURUSAN PROJEK,10000.00,ONLINE,7029,MASTER,50-59,59.0
2024,HMPM23203,38,MELAYU,FEMALE,BEKERJA SEPENUH MASA,MERCEDES-BENZ MALAYSIA SDN BHD,"PROFESSIONAL, SCIENTIFIC, AND TECHNICAL ACTIVITIES",PAHANG,348,MASTER EKSEKUTIF OPERASI DAN PENGURUSAN PROJEK,6990.00,ONLINE,8336,MASTER,30-39,38.0
2024,HMPM23204,43,MELAYU,MALE,BEKERJA SEPENUH MASA,AEON BIG (M) SDN BHD,"PROFESSIONAL, SCIENTIFIC, AND TECHNICAL ACTIVITIES",SELANGOR,348,MASTER EKSEKUTIF OPERASI DAN PENGURUSAN PROJEK,11000.00,ONLINE,8856,MASTER,40-49,43.0
2024,HMPM23206,35,MELAYU,MALE,BEKERJA SEPENUH MASA,AG RESOURCES SDN BHD,"PROFESSIONAL, SCIENTIFIC, AND TECHNICAL ACTIVITIES",TERENGGANU,348,MASTER EKSEKUTIF OPERASI DAN PENGURUSAN PROJEK,4150.00,ONLINE,8211,MASTER,30-39,35.0
2024,HMPM23210,50,CINA,MALE,BEKERJA SEPENUH MASA,GE POWER SOLUTION (MALAYSIA) SDN. BHD,"PROFESSIONAL, SCIENTIFIC, AND TECHNICAL ACTIVITIES",NEGERI SEMBILAN,348,MASTER EKSEKUTIF OPERASI DAN PENGURUSAN PROJEK,16000.00,ONLINE,7601,MASTER,50-59,50.0
2024,HMPM23213,46,MELAYU,MALE,BEKERJA SEPENUH MASA,FLUOR DANIEL INTERNATIONAL,"PROFESSIONAL, SCIENTIFIC, AND TECHNICAL ACTIVITIES",MELAKA,348,MASTER EKSEKUTIF OPERASI DAN PENGURUSAN PROJEK,10000.00,ONLINE,8088,MASTER,40-49,46.0
2024,HMPM23214,38,MELAYU,FEMALE,BEKERJA SEPENUH MASA,LENOVO TECHNOLOGY SDN BHD,"PROFESSIONAL, SCIENTIFIC, AND TECHNICAL ACTIVITIES",SELANGOR,348,MASTER EKSEKUTIF OPERASI DAN PENGURUSAN PROJEK,5474.00,ONLINE,7822,MASTER,30-39,38.0
2024,HMPM23220,50,CINA,MALE,BEKERJA SEPENUH MASA,BANGSAR HILLPARK DEVELOPEMENT SDN. BHD.,"PROFESSIONAL, SCIENTIFIC, AND TECHNICAL ACTIVITIES",KUALA LUMPUR,348,MASTER EKSEKUTIF OPERASI DAN PENGURUSAN PROJEK,8000.00,ONLINE,7860,MASTER,50-59,50.0
2024,HMPM23224,38,MELANAU-SARAWAK,MALE,BEKERJA SEPENUH MASA,EMERSON PROCESS MANAGEMENT (MALAYSIA) SDN. BHD.,"PROFESSIONAL, SCIENTIFIC, AND TECHNICAL ACTIVITIES",SARAWAK,348,MASTER EKSEKUTIF OPERASI DAN PENGURUSAN PROJEK,7800.00,ONLINE,8412,MASTER,30-39,38.0
2024,HMPM23225,39,MELAYU,MALE,BEKERJA SEPENUH MASA,LNG,"PROFESSIONAL, SCIENTIFIC, AND TECHNICAL ACTIVITIES",JOHOR,348,MASTER EKSEKUTIF OPERASI DAN PENGURUSAN PROJEK,20000.00,ONLINE,8556,MASTER,30-39,39.0
2024,HMPM23301,38,PUNJABI,MALE,MELANJUTKAN PENGAJIAN,ESSILOR LUXOTTICA,"PROFESSIONAL, SCIENTIFIC, AND TECHNICAL ACTIVITIES",PAHANG,348,MASTER EKSEKUTIF OPERASI DAN PENGURUSAN PROJEK,15000.00,ONLINE,7122,MASTER,30-39,38.0
2024,HMPM23302,41,MELAYU,MALE,BEKERJA SEPENUH MASA,TENAGA NASIONAL BERHAD,"PROFESSIONAL, SCIENTIFIC, AND TECHNICAL ACTIVITIES",TERENGGANU,348,MASTER EKSEKUTIF OPERASI DAN PENGURUSAN PROJEK,5000.00,ONLINE,7930,MASTER,40-49,41.0
2024,HMPM23305,38,MELAYU,FEMALE,BEKERJA SEPENUH MASA,EDOTCO MALAYSIA SDN BHD,"PROFESSIONAL, SCIENTIFIC, AND TECHNICAL ACTIVITIES",SELANGOR,348,MASTER EKSEKUTIF OPERASI DAN PENGURUSAN PROJEK,5610.00,ONLINE,8425,MASTER,30-39,38.0
2024,HMPM23307,33,MELAYU,MALE,BEKERJA SEPENUH MASA,SAMSUNG C&T SDN BHD,"PROFESSIONAL, SCIENTIFIC, AND TECHNICAL ACTIVITIES",KUALA LUMPUR,348,MASTER EKSEKUTIF OPERASI DAN PENGURUSAN PROJEK,9500.00,ONLINE,7381,MASTER,30-39,33.0
2024,HMPM23310,43,MELAYU,MALE,BELUM/TIDAK BEKERJA,ENERGY WORKFORCE SDN.BHD,"PROFESSIONAL, SCIENTIFIC, AND TECHNICAL ACTIVITIES",TERENGGANU,348,MASTER EKSEKUTIF OPERASI DAN PENGURUSAN PROJEK,20000.00,ONLINE,7322,MASTER,40-49,43.0
2024,HMPM23311,43,MELAYU,FEMALE,BEKERJA SEPENUH MASA,PRO OFFICE SOLUTIONS (M) SDN BHD,"PROFESSIONAL, SCIENTIFIC, AND TECHNICAL ACTIVITIES",SELANGOR,348,MASTER EKSEKUTIF OPERASI DAN PENGURUSAN PROJEK,5000.00,ONLINE,8165,MASTER,40-49,43.0
2024,HMPM23312,44,MELAYU,MALE,BEKERJA SEPENUH MASA,CARIGALIHESS OPERATING COMPANY,"PROFESSIONAL, SCIENTIFIC, AND TECHNICAL ACTIVITIES",TERENGGANU,348,MASTER EKSEKUTIF OPERASI DAN PENGURUSAN PROJEK,20000.00,ONLINE,8529,MASTER,40-49,44.0
2024,HMPM23313,42,MELAYU,MALE,BEKERJA SEPENUH MASA,NFK GLOBAL SDN BHD,"PROFESSIONAL, SCIENTIFIC, AND TECHNICAL ACTIVITIES",TERENGGANU,348,MASTER EKSEKUTIF OPERASI DAN PENGURUSAN PROJEK,7000.00,ONLINE,8276,MASTER,40-49,42.0
2024,HMPM23315,42,MELAYU,MALE,BEKERJA SEPARA MASA,CARIGALI HESS OPERATING COMPANY SDN. BHD.,"PROFESSIONAL, SCIENTIFIC, AND TECHNICAL ACTIVITIES",TERENGGANU,348,MASTER EKSEKUTIF OPERASI DAN PENGURUSAN PROJEK,5500.00,ONLINE,8266,MASTER,40-49,42.0
2024,HMPM23318,49,MELAYU,MALE,BEKERJA SEPENUH MASA,HIBISCUS OIL & GAS MALAYSIA LIMITED,"PROFESSIONAL, SCIENTIFIC, AND TECHNICAL ACTIVITIES",SELANGOR,348,MASTER EKSEKUTIF OPERASI DAN PENGURUSAN PROJEK,10001.00,ONLINE,8743,MASTER,40-49,49.0
2024,HMPM23319,48,MELAYU,MALE,BEKERJA SEPENUH MASA,ATLAS ONE RESOURCES,"PROFESSIONAL, SCIENTIFIC, AND TECHNICAL ACTIVITIES",KEDAH,348,MASTER EKSEKUTIF OPERASI DAN PENGURUSAN PROJEK,9000.00,ONLINE,7279,MASTER,40-49,48.0
2024,HMPM23325,35,CINA,MALE,BEKERJA SEPENUH MASA,TATLIM MACHINERY SDN BHD,"PROFESSIONAL, SCIENTIFIC, AND TECHNICAL ACTIVITIES",SELANGOR,348,MASTER EKSEKUTIF OPERASI DAN PENGURUSAN PROJEK,5000.00,ONLINE,7294,MASTER,30-39,35.0
2024,HMPM23327,56,INDIA,MALE,BEKERJA SEPENUH MASA,MULIA PROPERTY SDN BHD,"PROFESSIONAL, SCIENTIFIC, AND TECHNICAL ACTIVITIES",SELANGOR,348,MASTER EKSEKUTIF OPERASI DAN PENGURUSAN PROJEK,2500.00,ONLINE,8448,MASTER,50-59,56.0
2024,HMPM23329,40,MELAYU,MALE,BEKERJA SEPENUH MASA,DAYANG ENTERPRISE HOLDING SDN BHD,"PROFESSIONAL, SCIENTIFIC, AND TECHNICAL ACTIVITIES",PERAK,348,MASTER EKSEKUTIF OPERASI DAN PENGURUSAN PROJEK,8000.00,ONLINE,8189,MASTER,40-49,40.0
2024,HMPM23330,40,MELAYU,MALE,BEKERJA SEPENUH MASA,HYPERWAVE SYSTEMS SDN BHD,"PROFESSIONAL, SCIENTIFIC, AND TECHNICAL ACTIVITIES",SELANGOR,348,MASTER EKSEKUTIF OPERASI DAN PENGURUSAN PROJEK,10000.00,ONLINE,8956,MASTER,40-49,40.0
2024,HMPM23332,48,INDIA,MALE,BEKERJA SEPENUH MASA,LAZADA EXPRESS (MALAYSIA) SDN BHD,"PROFESSIONAL, SCIENTIFIC, AND TECHNICAL ACTIVITIES",SELANGOR,348,MASTER EKSEKUTIF OPERASI DAN PENGURUSAN PROJEK,6702.00,ONLINE,7640,MASTER,40-49,48.0
2024,HMPM23403,44,MELAYU,MALE,BEKERJA SEPENUH MASA,EXXONMOBIL EXPLORATION & PRODUCTION MALAYSIA INC,"PROFESSIONAL, SCIENTIFIC, AND TECHNICAL ACTIVITIES",TERENGGANU,348,MASTER EKSEKUTIF OPERASI DAN PENGURUSAN PROJEK,20713.00,ONLINE,8719,MASTER,40-49,44.0
2024,HMPM23405,40,MELAYU,MALE,BEKERJA SEPENUH MASA,ASIAN SUPPLY BASE SDN BHD,"PROFESSIONAL, SCIENTIFIC, AND TECHNICAL ACTIVITIES",SARAWAK,348,MASTER EKSEKUTIF OPERASI DAN PENGURUSAN PROJEK,9500.00,ONLINE,8372,MASTER,40-49,40.0
2024,HMPM23407,49,MELAYU,MALE,BEKERJA SEPENUH MASA,TNB DISTRIBUTION DIVISION,"PROFESSIONAL, SCIENTIFIC, AND TECHNICAL ACTIVITIES",SELANGOR,348,MASTER EKSEKUTIF OPERASI DAN PENGURUSAN PROJEK,6000.00,ONLINE,7930,MASTER,40-49,49.0
2024,HMPM23409,39,MELAYU,MALE,BEKERJA SEPENUH MASA,TELEKOM MALAYSIA BERHAD,"PROFESSIONAL, SCIENTIFIC, AND TECHNICAL ACTIVITIES",TERENGGANU,348,MASTER EKSEKUTIF OPERASI DAN PENGURUSAN PROJEK,4500.00,ONLINE,7959,MASTER,30-39,39.0
2024,HMPM23412,51,INDIA,MALE,BEKERJA SEPENUH MASA,BESI APC SDN BHD,"PROFESSIONAL, SCIENTIFIC, AND TECHNICAL ACTIVITIES",SELANGOR,348,MASTER EKSEKUTIF OPERASI DAN PENGURUSAN PROJEK,7500.00,ONLINE,8906,MASTER,50-59,51.0
2024,HMPM23425,34,MELAYU,MALE,BEKERJA SEPENUH MASA,DYNAMIK PERUNDING SDN BHD,"PROFESSIONAL, SCIENTIFIC, AND TECHNICAL ACTIVITIES",SELANGOR,348,MASTER EKSEKUTIF OPERASI DAN PENGURUSAN PROJEK,5200.00,ONLINE,8888,MASTER,30-39,34.0
2024,HMPM23426,49,INDIA,FEMALE,BEKERJA SEPARA MASA,ANTTELA SDN BHD,"PROFESSIONAL, SCIENTIFIC, AND TECHNICAL ACTIVITIES",KEDAH,348,MASTER EKSEKUTIF OPERASI DAN PENGURUSAN PROJEK,2000.00,ONLINE,8405,MASTER,40-49,49.0
2024,HMSC22303,52,MELAYU,FEMALE,BEKERJA SEPENUH MASA,TMX GLOBAL SOLUTION SDN BHD,TRANSPORTATION AND STORAGE,SELANGOR,378,MASTER EKSEKUTIF TEKNOLOGI PINTAR RANTAIAN BEKALAN DAN LOGISTIK,20000.00,ONLINE,8654,MASTER,50-59,52.0
2024,HMSC22304,42,MELAYU,FEMALE,BEKERJA SEPENUH MASA,BASF PETRONAS CHEMICALS SDN BHD,TRANSPORTATION AND STORAGE,PAHANG,378,MASTER EKSEKUTIF TEKNOLOGI PINTAR RANTAIAN BEKALAN DAN LOGISTIK,17868.00,ONLINE,8628,MASTER,40-49,42.0
2024,HMSC22307,42,INDIA,FEMALE,BEKERJA SEPENUH MASA,AROONA SOLUTIONS SDN BHD,TRANSPORTATION AND STORAGE,SELANGOR,378,MASTER EKSEKUTIF TEKNOLOGI PINTAR RANTAIAN BEKALAN DAN LOGISTIK,4750.00,ONLINE,7175,MASTER,40-49,42.0
2024,HMSC22401,51,MELAYU,MALE,BEKERJA SEPENUH MASA,ASIA HONOUR PAPER INDUSTRIES (M) SDN BHD,TRANSPORTATION AND STORAGE,PAHANG,378,MASTER EKSEKUTIF TEKNOLOGI PINTAR RANTAIAN BEKALAN DAN LOGISTIK,8000.00,ONLINE,7092,MASTER,50-59,51.0
2024,HMSC22405,42,MELAYU,FEMALE,BEKERJA SEPENUH MASA,MCDERMOTT ASIA PACIFIC SDN BHD,TRANSPORTATION AND STORAGE,SELANGOR,378,MASTER EKSEKUTIF TEKNOLOGI PINTAR RANTAIAN BEKALAN DAN LOGISTIK,9855.00,ONLINE,7592,MASTER,40-49,42.0
2024,HMSC22406,44,MELAYU,FEMALE,BEKERJA SEPENUH MASA,MCDERMOTT ASIA PACIFIC SDN. BHD.,TRANSPORTATION AND STORAGE,JOHOR,378,MASTER EKSEKUTIF TEKNOLOGI PINTAR RANTAIAN BEKALAN DAN LOGISTIK,7000.00,ONLINE,8849,MASTER,40-49,44.0
2024,HMSC23104,44,CINA,FEMALE,BEKERJA SEPENUH MASA,CAVALIER CAPITAL HOLDINGS SDN BHD,TRANSPORTATION AND STORAGE,PULAU PINANG,378,MASTER EKSEKUTIF TEKNOLOGI PINTAR RANTAIAN BEKALAN DAN LOGISTIK,6000.00,ONLINE,7407,MASTER,40-49,44.0
2024,HMSC23106,48,MELAYU,FEMALE,BEKERJA SEPENUH MASA,FGV PALM INDUSTRIES SDN BHD,TRANSPORTATION AND STORAGE,PAHANG,378,MASTER EKSEKUTIF TEKNOLOGI PINTAR RANTAIAN BEKALAN DAN LOGISTIK,3200.00,ONLINE,7073,MASTER,40-49,48.0
2024,HMSC23201,48,MELAYU,MALE,BEKERJA SEPENUH MASA,PROTON,TRANSPORTATION AND STORAGE,KUALA LUMPUR,378,MASTER EKSEKUTIF TEKNOLOGI PINTAR RANTAIAN BEKALAN DAN LOGISTIK,15000.00,ONLINE,8929,MASTER,40-49,48.0
2024,HMSC23202,50,DUSUN-SABAH,MALE,BEKERJA SEPENUH MASA,KEBABANGAN PETROLEUM OPERATING COMPANY SDN. BHD.,TRANSPORTATION AND STORAGE,SABAH,378,MASTER EKSEKUTIF TEKNOLOGI PINTAR RANTAIAN BEKALAN DAN LOGISTIK,12310.00,ONLINE,8841,MASTER,50-59,50.0
2024,HMSC23203,43,MELAYU,MALE,BEKERJA SEPENUH MASA,FARMBYTE SDN BHD,TRANSPORTATION AND STORAGE,JOHOR,378,MASTER EKSEKUTIF TEKNOLOGI PINTAR RANTAIAN BEKALAN DAN LOGISTIK,16000.00,ONLINE,7782,MASTER,40-49,43.0
2024,HMSC23206,34,TAMIL,FEMALE,BEKERJA SEPENUH MASA,BDP GLOBAL SERVICES CENTRE SDN. BHD.,TRANSPORTATION AND STORAGE,KUALA LUMPUR,378,MASTER EKSEKUTIF TEKNOLOGI PINTAR RANTAIAN BEKALAN DAN LOGISTIK,3260.00,ONLINE,7445,MASTER,30-39,34.0
2024,HMSC23301,37,DUSUN-SABAH,MALE,BEKERJA SEPENUH MASA,OMEGA WELL INTERVENTION,TRANSPORTATION AND STORAGE,LABUAN,378,MASTER EKSEKUTIF TEKNOLOGI PINTAR RANTAIAN BEKALAN DAN LOGISTIK,14250.00,ONLINE,7897,MASTER,30-39,37.0
2024,HMSC23304,47,INDIA,MALE,BEKERJA SEPENUH MASA,PIL LOGISTICS,TRANSPORTATION AND STORAGE,JOHOR,378,MASTER EKSEKUTIF TEKNOLOGI PINTAR RANTAIAN BEKALAN DAN LOGISTIK,7000.00,ONLINE,7282,MASTER,40-49,47.0
2024,HMSC23306,40,BAJAU - SABAH,MALE,BEKERJA SEPENUH MASA,HIBISCUS OIL & GAS MALAYSIA LIMITED,TRANSPORTATION AND STORAGE,LABUAN,378,MASTER EKSEKUTIF TEKNOLOGI PINTAR RANTAIAN BEKALAN DAN LOGISTIK,13000.00,ONLINE,8821,MASTER,40-49,40.0
2024,HMSC23308,39,INDIA,MALE,BEKERJA SEPENUH MASA,BASF (MALAYSIA) SDN.BHD,TRANSPORTATION AND STORAGE,JOHOR,378,MASTER EKSEKUTIF TEKNOLOGI PINTAR RANTAIAN BEKALAN DAN LOGISTIK,8350.00,ONLINE,8372,MASTER,30-39,39.0
2024,HMSC23309,41,MELAYU,FEMALE,NOT SPECIFIED,NOT SPECIFIED,TRANSPORTATION AND STORAGE,TERENGGANU,378,MASTER EKSEKUTIF TEKNOLOGI PINTAR RANTAIAN BEKALAN DAN LOGISTIK,NOT SPECIFIED,ONLINE,8537,MASTER,40-49,41.0
2024,LMPB22397,50,MELAYU,MALE,BEKERJA SEPENUH MASA,MASJA PROPERTIES & SERVICES SDN BHD,"PROFESSIONAL, SCIENTIFIC, AND TECHNICAL ACTIVITIES",PAHANG,509,MASTER EKSEKUTIF PENGURUSAN PERNIAGAAN,20000.00,ONLINE,8728,MASTER,50-59,50.0
2024,MBPB20301,35,INDIA,MALE,BEKERJA SEPENUH MASA,AETOS HLDINGS,"PROFESSIONAL, SCIENTIFIC, AND TECHNICAL ACTIVITIES",PERAK,362,BACELOR EKSEKUTIF PENGURUSAN PERNIAGAAN,4500.00,ONLINE,5960,BACELOR,30-39,35.0
2024,MBPB20302,30,INDIA,FEMALE,BEKERJA SEPENUH MASA,RAFFLES ISKANDAR SDN BHD,"PROFESSIONAL, SCIENTIFIC, AND TECHNICAL ACTIVITIES",SELANGOR,362,BACELOR EKSEKUTIF PENGURUSAN PERNIAGAAN,6000.00,ONLINE,5855,BACELOR,30-39,30.0
2024,MBPB20303,35,INDIA,FEMALE,BEKERJA SEPARA MASA,PINNACLE FAMILY CLINIC,"PROFESSIONAL, SCIENTIFIC, AND TECHNICAL ACTIVITIES",PERAK,362,BACELOR EKSEKUTIF PENGURUSAN PERNIAGAAN,2500.00,ONLINE,4533,BACELOR,30-39,35.0
2024,MBPB21303,44,MELAYU,MALE,BEKERJA SEPENUH MASA,"PEJABAT TIMBALAN MENTERI INDUSTRI MAKANAN, KOMODITI DAN PEMBANGUNAN WILAYAH SARAWAK","PROFESSIONAL, SCIENTIFIC, AND TECHNICAL ACTIVITIES",SARAWAK,362,BACELOR EKSEKUTIF PENGURUSAN PERNIAGAAN,3000.00,ONLINE,5225,BACELOR,40-49,44.0
2024,MBPB22201,27,INDIA,MALE,BEKERJA SEPENUH MASA,ITAL AUTO SDN BHD,"PROFESSIONAL, SCIENTIFIC, AND TECHNICAL ACTIVITIES",SELANGOR,362,BACELOR EKSEKUTIF PENGURUSAN PERNIAGAAN,3500.00,ONLINE,4170,BACELOR,<29,27.0
2024,MBPB22301,39,MELAYU,FEMALE,BEKERJA SEPENUH MASA,ANGKATAN KOPERASI KEBANGSAAN MALAYSIA BERHAD,"PROFESSIONAL, SCIENTIFIC, AND TECHNICAL ACTIVITIES",SARAWAK,362,BACELOR EKSEKUTIF PENGURUSAN PERNIAGAAN,3895.00,ONLINE,5896,BACELOR,30-39,39.0
2024,MBPB22302,42,MELAYU,MALE,BEKERJA SEPENUH MASA,ANGKATAN KOPERSI KEBANGSAAN MALAYSIA BERHAD,"PROFESSIONAL, SCIENTIFIC, AND TECHNICAL ACTIVITIES",SARAWAK,362,BACELOR EKSEKUTIF PENGURUSAN PERNIAGAAN,3960.00,ONLINE,5780,BACELOR,40-49,42.0
2024,MBPB22303,42,MELAYU,FEMALE,BEKERJA SEPENUH MASA,ANGKATAN KOPERASI KEBANGSAAN MALAYSIA BERHAD,"PROFESSIONAL, SCIENTIFIC, AND TECHNICAL ACTIVITIES",SARAWAK,362,BACELOR EKSEKUTIF PENGURUSAN PERNIAGAAN,2462.00,ONLINE,4066,BACELOR,40-49,42.0
2024,MBPB23102,69,INDIA,MALE,BEKERJA SEPENUH MASA,DEPARTMENT POLICE,"PROFESSIONAL, SCIENTIFIC, AND TECHNICAL ACTIVITIES",MELAKA,362,BACELOR EKSEKUTIF PENGURUSAN PERNIAGAAN,3000.00,ONLINE,5140,BACELOR,60+,69.0
2024,MBPB23103,51,IBAN/SEA DAYAK -SARAWAK,MALE,BEKERJA SEPENUH MASA,POLIS DIRAJA MALAYSIA,"PROFESSIONAL, SCIENTIFIC, AND TECHNICAL ACTIVITIES",SABAH,362,BACELOR EKSEKUTIF PENGURUSAN PERNIAGAAN,9000.00,ONLINE,4892,BACELOR,50-59,51.0
2024,MBPB23104,26,IBAN/SEA DAYAK -SARAWAK,FEMALE,BEKERJA SEPENUH MASA,1WORLD REAL POWER SDN BHD,"PROFESSIONAL, SCIENTIFIC, AND TECHNICAL ACTIVITIES",SARAWAK,362,BACELOR EKSEKUTIF PENGURUSAN PERNIAGAAN,1800.00,ONLINE,5356,BACELOR,<29,26.0
2024,MBPB23105,46,INDIA,MALE,BEKERJA SEPENUH MASA,AMKOR TECHNOLOGY MALAYSIA SDN BHD,"PROFESSIONAL, SCIENTIFIC, AND TECHNICAL ACTIVITIES",NEGERI SEMBILAN,362,BACELOR EKSEKUTIF PENGURUSAN PERNIAGAAN,9000.00,ONLINE,4047,BACELOR,40-49,46.0
2024,MBPB23201,43,INDIA,FEMALE,BEKERJA SEPENUH MASA,JABIL CIRCUIT SDN. BHD,"PROFESSIONAL, SCIENTIFIC, AND TECHNICAL ACTIVITIES",PULAU PINANG,362,BACELOR EKSEKUTIF PENGURUSAN PERNIAGAAN,3900.00,ONLINE,5647,BACELOR,40-49,43.0
2024,MBPB23301,32,MELAYU,FEMALE,BEKERJA SEPENUH MASA,HERON SYSTEM,"PROFESSIONAL, SCIENTIFIC, AND TECHNICAL ACTIVITIES",JOHOR,362,BACELOR EKSEKUTIF PENGURUSAN PERNIAGAAN,1950.00,ONLINE,5780,BACELOR,30-39,32.0
2024,MBPB23302,48,MELAYU,FEMALE,BEKERJA SEPENUH MASA,INSTITUT KOPERASI MALAYSIA ZON SARAWAK,"PROFESSIONAL, SCIENTIFIC, AND TECHNICAL ACTIVITIES",SARAWAK,362,BACELOR EKSEKUTIF PENGURUSAN PERNIAGAAN,4697.00,ONLINE,4772,BACELOR,40-49,48.0
2024,MBTN19106,42,IBAN/SEA DAYAK -SARAWAK,MALE,BEKERJA SEPENUH MASA,MLNG SDN BHD,MANUFACTURING,SARAWAK,414,BACELOR EKSEKUTIF TEKNOLOGI KEJURUTERAAN INDUSTRI,9000.00,ONLINE,4224,BACELOR,40-49,42.0
2024,MBTN19304,35,INDIA,MALE,BEKERJA SEPENUH MASA,SMRT.LTD,MANUFACTURING,JOHOR,414,BACELOR EKSEKUTIF TEKNOLOGI KEJURUTERAAN INDUSTRI,8000.00,ONLINE,4464,BACELOR,30-39,35.0
2024,MBTN20319,29,MELAYU,MALE,BEKERJA SEPENUH MASA,SOPHIC AUTOMATION SDN BHD,MANUFACTURING,PULAU PINANG,414,BACELOR EKSEKUTIF TEKNOLOGI KEJURUTERAAN INDUSTRI,3150.00,ONLINE,5698,BACELOR,<29,29.0
2024,MBTN20408,30,INDIA,MALE,BEKERJA SEPENUH MASA,STRATUS AUTOMATIC,MANUFACTURING,PULAU PINANG,414,BACELOR EKSEKUTIF TEKNOLOGI KEJURUTERAAN INDUSTRI,3800.00,ONLINE,5715,BACELOR,30-39,30.0
2024,MBTN20410,47,INDIA,MALE,BEKERJA SEPENUH MASA,TF-AMD,MANUFACTURING,PULAU PINANG,414,BACELOR EKSEKUTIF TEKNOLOGI KEJURUTERAAN INDUSTRI,4747.00,ONLINE,4100,BACELOR,40-49,47.0
2024,MBTN21302,34,IBAN/SEA DAYAK -SARAWAK,FEMALE,BEKERJA SEPENUH MASA,TEGUH NIAGA ENGINEERING & SERVICES SDN BHD,MANUFACTURING,SARAWAK,414,BACELOR EKSEKUTIF TEKNOLOGI KEJURUTERAAN INDUSTRI,5700.00,ONLINE,4996,BACELOR,30-39,34.0
2024,MBTN21304,51,KADAZAN-SABAH,MALE,BEKERJA SEPENUH MASA,KEBABANGAN PETROLEUM OPERATING COMPANY,MANUFACTURING,SABAH,414,BACELOR EKSEKUTIF TEKNOLOGI KEJURUTERAAN INDUSTRI,23000.00,ONLINE,5824,BACELOR,50-59,51.0
2024,MBTN21317,31,MELAYU,MALE,BEKERJA SEPENUH MASA,SARAWAK SHELL BERHAD,MANUFACTURING,SARAWAK,414,BACELOR EKSEKUTIF TEKNOLOGI KEJURUTERAAN INDUSTRI,3300.00,ONLINE,4520,BACELOR,30-39,31.0
2024,MBTN21319,58,IBAN/SEA DAYAK -SARAWAK,MALE,BEKERJA SEPENUH MASA,DUTA JASA SDN BHD,MANUFACTURING,SARAWAK,414,BACELOR EKSEKUTIF TEKNOLOGI KEJURUTERAAN INDUSTRI,5000.00,ONLINE,4081,BACELOR,50-59,58.0
2024,MBTN21406,32,RUNGUS-SABAH,MALE,BEKERJA SEPENUH MASA,VANGUARD INTERNATION SEMICONDUCTOR PTE.LTD,MANUFACTURING,SABAH,414,BACELOR EKSEKUTIF TEKNOLOGI KEJURUTERAAN INDUSTRI,13000.00,ONLINE,4641,BACELOR,30-39,32.0
2024,MBTN21412,33,INDIA,MALE,BEKERJA SEPENUH MASA,LAM RESEARCH INTERNATIONAL SDN BHD,MANUFACTURING,KEDAH,414,BACELOR EKSEKUTIF TEKNOLOGI KEJURUTERAAN INDUSTRI,3800.00,ONLINE,5963,BACELOR,30-39,33.0
2024,MBTN22109,28,INDIA,MALE,BEKERJA SEPENUH MASA,INTEL TECHNOLOGY SDN BHD,MANUFACTURING,KEDAH,414,BACELOR EKSEKUTIF TEKNOLOGI KEJURUTERAAN INDUSTRI,2400.00,ONLINE,4699,BACELOR,<29,28.0
2024,MBTN22114,32,INDIA,FEMALE,BEKERJA SEPENUH MASA,INFINEON TECHNOLOGY PTE LTD,MANUFACTURING,JOHOR,414,BACELOR EKSEKUTIF TEKNOLOGI KEJURUTERAAN INDUSTRI,3000.00,ONLINE,4717,BACELOR,30-39,32.0
2024,MBTN22117,41,MELAYU,MALE,BEKERJA SEPENUH MASA,KEBABANGAN PETROLEUM OPERATING COMPANY,MANUFACTURING,SABAH,414,BACELOR EKSEKUTIF TEKNOLOGI KEJURUTERAAN INDUSTRI,20000.00,ONLINE,4787,BACELOR,40-49,41.0
2024,MBTN22205,28,MELAYU,FEMALE,BEKERJA SEPENUH MASA,GLOBALFOUNDRIES,MANUFACTURING,PERAK,414,BACELOR EKSEKUTIF TEKNOLOGI KEJURUTERAAN INDUSTRI,2400.00,ONLINE,5409,BACELOR,<29,28.0
2024,MBTN22215,36,INDIA,MALE,BEKERJA SEPENUH MASA,DEXCOM MALAYSIA SDN BHD,MANUFACTURING,PERAK,414,BACELOR EKSEKUTIF TEKNOLOGI KEJURUTERAAN INDUSTRI,4300.00,ONLINE,4687,BACELOR,30-39,36.0
2024,MBTN22226,37,INDIA,MALE,BEKERJA SEPENUH MASA,MICRON PENANG,MANUFACTURING,PERAK,414,BACELOR EKSEKUTIF TEKNOLOGI KEJURUTERAAN INDUSTRI,6100.00,ONLINE,5384,BACELOR,30-39,37.0
2024,MBTN22302,31,CINA,MALE,BEKERJA SEPENUH MASA,DDD ENTERPRISE,MANUFACTURING,SARAWAK,414,BACELOR EKSEKUTIF TEKNOLOGI KEJURUTERAAN INDUSTRI,5000.00,ONLINE,5641,BACELOR,30-39,31.0
2024,MBTN22303,40,INDIA,MALE,BEKERJA SEPENUH MASA,PERI FORMWORK MALAYSIA SDN BHD,MANUFACTURING,PERAK,414,BACELOR EKSEKUTIF TEKNOLOGI KEJURUTERAAN INDUSTRI,4500.00,ONLINE,4475,BACELOR,40-49,40.0
2024,MBTN22304,30,INDIA,MALE,BEKERJA SEPENUH MASA,ST MICROELECTRONICS PTE LTD,MANUFACTURING,KEDAH,414,BACELOR EKSEKUTIF TEKNOLOGI KEJURUTERAAN INDUSTRI,4500.00,ONLINE,4142,BACELOR,30-39,30.0
2024,MBTN22305,30,INDIA,MALE,BEKERJA SEPENUH MASA,FIRST SOLAR INC,MANUFACTURING,KEDAH,414,BACELOR EKSEKUTIF TEKNOLOGI KEJURUTERAAN INDUSTRI,3000.00,ONLINE,4385,BACELOR,30-39,30.0
2024,MBTN22306,38,INDIA,MALE,BEKERJA SEPENUH MASA,TEXAS INSTRUMENTS,MANUFACTURING,SELANGOR,414,BACELOR EKSEKUTIF TEKNOLOGI KEJURUTERAAN INDUSTRI,5000.00,ONLINE,4981,BACELOR,30-39,38.0
2024,MBTN22307,37,INDIA,MALE,BEKERJA SEPENUH MASA,NESTLE MANUFACTURING CHEMBONG SDN BHD,MANUFACTURING,NEGERI SEMBILAN,414,BACELOR EKSEKUTIF TEKNOLOGI KEJURUTERAAN INDUSTRI,5000.00,ONLINE,5005,BACELOR,30-39,37.0
2024,MBTN22308,35,INDIA,MALE,BEKERJA SEPENUH MASA,NITYO INFOTECH SERVICES SDN SHD,MANUFACTURING,KEDAH,414,BACELOR EKSEKUTIF TEKNOLOGI KEJURUTERAAN INDUSTRI,9300.00,ONLINE,5985,BACELOR,30-39,35.0
2024,MBTN22309,29,INDIA,MALE,BEKERJA SEPENUH MASA,JABIL CIRCUIT,MANUFACTURING,KEDAH,414,BACELOR EKSEKUTIF TEKNOLOGI KEJURUTERAAN INDUSTRI,4600.00,ONLINE,4487,BACELOR,<29,29.0
2024,MBTN22315,36,INDIA,MALE,BEKERJA SEPENUH MASA,MICRON MEMORY MALAYSIA SDN BHD PENANG,MANUFACTURING,PULAU PINANG,414,BACELOR EKSEKUTIF TEKNOLOGI KEJURUTERAAN INDUSTRI,4100.00,ONLINE,5760,BACELOR,30-39,36.0
2024,MBTN22402,41,INDIA,MALE,BEKERJA SEPENUH MASA,CARSEM,MANUFACTURING,PERAK,414,BACELOR EKSEKUTIF TEKNOLOGI KEJURUTERAAN INDUSTRI,3500.00,ONLINE,4696,BACELOR,40-49,41.0
2024,MBTN22403,29,INDIA,MALE,BEKERJA SEPENUH MASA,FUJI SMT,MANUFACTURING,KEDAH,414,BACELOR EKSEKUTIF TEKNOLOGI KEJURUTERAAN INDUSTRI,3000.00,ONLINE,5445,BACELOR,<29,29.0
2024,MBTN22404,26,MELAYU,MALE,BEKERJA SEPENUH MASA,PENTAMASTER TECHNOLOGY (M) SDN. BHD.,MANUFACTURING,TERENGGANU,414,BACELOR EKSEKUTIF TEKNOLOGI KEJURUTERAAN INDUSTRI,3344.00,ONLINE,4160,BACELOR,<29,26.0
2024,MBTN22405,35,INDIA,MALE,BEKERJA SEPENUH MASA,TOPAZJOY CORPORATION SDN BHD,MANUFACTURING,PULAU PINANG,414,BACELOR EKSEKUTIF TEKNOLOGI KEJURUTERAAN INDUSTRI,6000.00,ONLINE,4247,BACELOR,30-39,35.0
2024,MBTN23104,32,BAJAU - SABAH,MALE,BEKERJA SEPENUH MASA,BUREAU VERITAS SDN BHD,MANUFACTURING,SABAH,414,BACELOR EKSEKUTIF TEKNOLOGI KEJURUTERAAN INDUSTRI,4000.00,ONLINE,4058,BACELOR,30-39,32.0
2024,MBTN23105,27,INDIA,MALE,BEKERJA SEPENUH MASA,DOMINANT OPTO TECHNOLOGIES SDN BHD,MANUFACTURING,MELAKA,414,BACELOR EKSEKUTIF TEKNOLOGI KEJURUTERAAN INDUSTRI,2200.00,ONLINE,4837,BACELOR,<29,27.0
2024,MBTN23106,36,INDIA,MALE,BEKERJA SEPENUH MASA,SYNERGY STERILISATION KULIM (M) SDN BHD,MANUFACTURING,PULAU PINANG,414,BACELOR EKSEKUTIF TEKNOLOGI KEJURUTERAAN INDUSTRI,3300.00,ONLINE,4549,BACELOR,30-39,36.0
2024,MBTN23107,34,INDIA,MALE,BEKERJA SEPENUH MASA,TEXAS INSTRUMENTS,MANUFACTURING,SELANGOR,414,BACELOR EKSEKUTIF TEKNOLOGI KEJURUTERAAN INDUSTRI,4000.00,ONLINE,4138,BACELOR,30-39,34.0
2024,MBTN23108,34,INDIA,MALE,BEKERJA SEPENUH MASA,MICRON MEMORY MALAYSIA,MANUFACTURING,PERAK,414,BACELOR EKSEKUTIF TEKNOLOGI KEJURUTERAAN INDUSTRI,3500.00,ONLINE,5028,BACELOR,30-39,34.0
2024,MBTN23109,26,INDIA,MALE,BEKERJA SEPENUH MASA,MICRON SEMICONDUCTOR PENANG,MANUFACTURING,PERAK,414,BACELOR EKSEKUTIF TEKNOLOGI KEJURUTERAAN INDUSTRI,2800.00,ONLINE,5008,BACELOR,<29,26.0
2024,MBTN23111,33,INDIA,MALE,BEKERJA SEPENUH MASA,MOLEX (MALAYSIA) SDN. BHD.,MANUFACTURING,PULAU PINANG,414,BACELOR EKSEKUTIF TEKNOLOGI KEJURUTERAAN INDUSTRI,5885.00,ONLINE,5308,BACELOR,30-39,33.0
2024,MBTN23112,38,INDIA,MALE,BEKERJA SEPENUH MASA,AMS-OSRAM SDN.BHD,MANUFACTURING,KEDAH,414,BACELOR EKSEKUTIF TEKNOLOGI KEJURUTERAAN INDUSTRI,5000.00,ONLINE,5498,BACELOR,30-39,38.0
2024,MBTN23114,33,INDIA,FEMALE,BEKERJA SEPENUH MASA,MICRON MEMORY PENANG MALAYSIA SDN BHD,MANUFACTURING,PULAU PINANG,414,BACELOR EKSEKUTIF TEKNOLOGI KEJURUTERAAN INDUSTRI,2116.00,ONLINE,4945,BACELOR,30-39,33.0
2024,MBTN23116,32,INDIA,MALE,BEKERJA SEPENUH MASA,OSRAM BAYAN LEPAS PULAU PINANG,MANUFACTURING,PERAK,414,BACELOR EKSEKUTIF TEKNOLOGI KEJURUTERAAN INDUSTRI,3900.00,ONLINE,4700,BACELOR,30-39,32.0
2024,MBTN23117,30,MELAYU,MALE,BEKERJA SEPENUH MASA,MATTEL(M)SND.BHD,MANUFACTURING,PULAU PINANG,414,BACELOR EKSEKUTIF TEKNOLOGI KEJURUTERAAN INDUSTRI,3000.00,ONLINE,4934,BACELOR,30-39,30.0
2024,MBTN23118,28,INDIA,MALE,BEKERJA SEPENUH MASA,ROBERT BOSCH,MANUFACTURING,PERAK,414,BACELOR EKSEKUTIF TEKNOLOGI KEJURUTERAAN INDUSTRI,2900.00,ONLINE,5297,BACELOR,<29,28.0
2024,MBTN23119,40,TAMIL,MALE,BEKERJA SEPENUH MASA,AT&S AUSTRIA TECHNOLOGIE & SYSTEMTECHNIK (MALAYSIA) SDN BHD,MANUFACTURING,SELANGOR,414,BACELOR EKSEKUTIF TEKNOLOGI KEJURUTERAAN INDUSTRI,4900.00,ONLINE,4108,BACELOR,40-49,40.0
2024,MBTN23121,46,INDIA,MALE,BEKERJA SEPENUH MASA,FAVELLE FAVCO CRANES SDN BHD,MANUFACTURING,NEGERI SEMBILAN,414,BACELOR EKSEKUTIF TEKNOLOGI KEJURUTERAAN INDUSTRI,5476.00,ONLINE,5569,BACELOR,40-49,46.0
2024,MBTN23124,28,MELAYU,MALE,BEKERJA SEPENUH MASA,TF-AMD,MANUFACTURING,PULAU PINANG,414,BACELOR EKSEKUTIF TEKNOLOGI KEJURUTERAAN INDUSTRI,2200.00,ONLINE,4099,BACELOR,<29,28.0
2024,MBTN23126,45,INDIA,MALE,BEKERJA SEPENUH MASA,MOLNLYCKE HEALTH CARE SDN. BHD,MANUFACTURING,KEDAH,414,BACELOR EKSEKUTIF TEKNOLOGI KEJURUTERAAN INDUSTRI,3400.00,ONLINE,5354,BACELOR,40-49,45.0
2024,MBTN23127,43,INDIA,MALE,BEKERJA SEPENUH MASA,WESTERN DIGITAL SDN BHD,MANUFACTURING,PULAU PINANG,414,BACELOR EKSEKUTIF TEKNOLOGI KEJURUTERAAN INDUSTRI,4870.00,ONLINE,5802,BACELOR,40-49,43.0
2024,MBTN23128,44,INDIA,MALE,BEKERJA SEPENUH MASA,WESTERN DIGITAL SDN BHD,MANUFACTURING,PULAU PINANG,414,BACELOR EKSEKUTIF TEKNOLOGI KEJURUTERAAN INDUSTRI,3000.00,ONLINE,5628,BACELOR,40-49,44.0
2024,MBTN23129,34,INDIA,MALE,BEKERJA SEPENUH MASA,ELEAPS SDN BHD,MANUFACTURING,SELANGOR,414,BACELOR EKSEKUTIF TEKNOLOGI KEJURUTERAAN INDUSTRI,6000.00,ONLINE,4931,BACELOR,30-39,34.0
2024,MBTN23130,44,INDIA,MALE,BEKERJA SEPENUH MASA,FAVELLE FAVCO CRANES MALAYSIA SDN.BHD,MANUFACTURING,NEGERI SEMBILAN,414,BACELOR EKSEKUTIF TEKNOLOGI KEJURUTERAAN INDUSTRI,4000.00,ONLINE,5201,BACELOR,40-49,44.0
2024,MBTN23131,32,INDIA,MALE,BEKERJA SEPENUH MASA,AEM MICROTRONICS,MANUFACTURING,PULAU PINANG,414,BACELOR EKSEKUTIF TEKNOLOGI KEJURUTERAAN INDUSTRI,3350.00,ONLINE,5645,BACELOR,30-39,32.0
2024,MBTN23133,41,MELAYU,MALE,BEKERJA SEPENUH MASA,OCEANCARE CORPORATION SDN BHD (CO. REG. NO.: 200101026158),MANUFACTURING,SARAWAK,414,BACELOR EKSEKUTIF TEKNOLOGI KEJURUTERAAN INDUSTRI,14000.00,ONLINE,5366,BACELOR,40-49,41.0
2024,MBTN23136,45,INDIA,MALE,BEKERJA SEPENUH MASA,PEMBUATAN,MANUFACTURING,PULAU PINANG,414,BACELOR EKSEKUTIF TEKNOLOGI KEJURUTERAAN INDUSTRI,12400.00,ONLINE,5831,BACELOR,40-49,45.0
2024,MBTN23138,52,MELAYU,MALE,BEKERJA SEPENUH MASA,INTEL,MANUFACTURING,KEDAH,414,BACELOR EKSEKUTIF TEKNOLOGI KEJURUTERAAN INDUSTRI,5300.00,ONLINE,5442,BACELOR,50-59,52.0
2024,MBTN23201,31,MELAYU,MALE,BEKERJA SEPENUH MASA,SAMSUNG C&T SDN BHD,MANUFACTURING,SELANGOR,414,BACELOR EKSEKUTIF TEKNOLOGI KEJURUTERAAN INDUSTRI,9300.00,ONLINE,5409,BACELOR,30-39,31.0
2024,MBTN23202,26,INDIA,MALE,BEKERJA SEPENUH MASA,KINETICS SYSTEMS MALAYSIA,MANUFACTURING,KEDAH,414,BACELOR EKSEKUTIF TEKNOLOGI KEJURUTERAAN INDUSTRI,2400.00,ONLINE,4684,BACELOR,<29,26.0
2024,MBTN23203,51,INDIA,MALE,BEKERJA SEPENUH MASA,MATTEL SDN BHD,MANUFACTURING,PULAU PINANG,414,BACELOR EKSEKUTIF TEKNOLOGI KEJURUTERAAN INDUSTRI,4300.00,ONLINE,4556,BACELOR,50-59,51.0
2024,MBTN23204,36,INDIA,MALE,BEKERJA SEPENUH MASA,MICRON MEMORY MALAYSIA SDN BHD,MANUFACTURING,PERAK,414,BACELOR EKSEKUTIF TEKNOLOGI KEJURUTERAAN INDUSTRI,4500.00,ONLINE,4062,BACELOR,30-39,36.0
2024,MBTN23205,29,TAMIL,MALE,BEKERJA SEPENUH MASA,GLOBALFOUNDRIES SDN BHD,MANUFACTURING,KEDAH,414,BACELOR EKSEKUTIF TEKNOLOGI KEJURUTERAAN INDUSTRI,2600.00,ONLINE,5559,BACELOR,<29,29.0
2024,MBTN23206,41,MELAYU,MALE,BEKERJA SEPENUH MASA,MMHE SDN BHD,MANUFACTURING,JOHOR,414,BACELOR EKSEKUTIF TEKNOLOGI KEJURUTERAAN INDUSTRI,8000.00,ONLINE,5652,BACELOR,40-49,41.0
2024,MBTN23207,48,IBAN/SEA DAYAK -SARAWAK,MALE,BEKERJA SEPENUH MASA,"SHELL MDS SDN,BHD.",MANUFACTURING,SARAWAK,414,BACELOR EKSEKUTIF TEKNOLOGI KEJURUTERAAN INDUSTRI,5000.00,ONLINE,4824,BACELOR,40-49,48.0
2024,MBTN23210,29,INDIA,MALE,BEKERJA/USAHAWAN/FREELANCE,THERMO FISHER,MANUFACTURING,KEDAH,414,BACELOR EKSEKUTIF TEKNOLOGI KEJURUTERAAN INDUSTRI,4000.00,ONLINE,5897,BACELOR,<29,29.0
2024,MBTN23211,34,MELAYU,MALE,BEKERJA SEPENUH MASA,AMS OSRAM OPTO SEMICONDUCTOR SDN. BHD.,MANUFACTURING,KEDAH,414,BACELOR EKSEKUTIF TEKNOLOGI KEJURUTERAAN INDUSTRI,3700.00,ONLINE,5057,BACELOR,30-39,34.0
2024,MBTN23212,41,TAMIL,MALE,BEKERJA SEPENUH MASA,INFINEON TECHNOLOGIES KULIM,MANUFACTURING,KEDAH,414,BACELOR EKSEKUTIF TEKNOLOGI KEJURUTERAAN INDUSTRI,4000.00,ONLINE,4100,BACELOR,40-49,41.0
2024,MBTN23213,28,IBAN/SEA DAYAK -SARAWAK,MALE,BEKERJA SEPENUH MASA,AMSERVE ENGINEERING SDN BHD,MANUFACTURING,SARAWAK,414,BACELOR EKSEKUTIF TEKNOLOGI KEJURUTERAAN INDUSTRI,5000.00,ONLINE,5653,BACELOR,<29,28.0
2024,MBTN23215,28,INDIA,MALE,BEKERJA SEPENUH MASA,TESSOLVE SEMICONDUCTOR SDN BHD,MANUFACTURING,PERAK,414,BACELOR EKSEKUTIF TEKNOLOGI KEJURUTERAAN INDUSTRI,2500.00,ONLINE,5200,BACELOR,<29,28.0
2024,MBTN23216,39,INDIA,MALE,BEKERJA SEPENUH MASA,TESSOLVE SEMICONDUCTOR SDN BHD,MANUFACTURING,KUALA LUMPUR,414,BACELOR EKSEKUTIF TEKNOLOGI KEJURUTERAAN INDUSTRI,4320.00,ONLINE,4127,BACELOR,30-39,39.0
2024,MBTN23217,41,MELAYU,MALE,BEKERJA SEPENUH MASA,UOP MALAYSIA SDN. BHD,MANUFACTURING,PULAU PINANG,414,BACELOR EKSEKUTIF TEKNOLOGI KEJURUTERAAN INDUSTRI,7000.00,ONLINE,5170,BACELOR,40-49,41.0
2024,MBTN23218,29,SIAM,MALE,BEKERJA SEPENUH MASA,AT&S,MANUFACTURING,PERAK,414,BACELOR EKSEKUTIF TEKNOLOGI KEJURUTERAAN INDUSTRI,2500.00,ONLINE,5137,BACELOR,<29,29.0
2024,MBTN23219,35,INDIA,FEMALE,BEKERJA SEPENUH MASA,REINHAUSEN ASIA PACIFIC,MANUFACTURING,KUALA LUMPUR,414,BACELOR EKSEKUTIF TEKNOLOGI KEJURUTERAAN INDUSTRI,3500.00,ONLINE,4905,BACELOR,30-39,35.0
2024,MBTN23301,57,IBAN/SEA DAYAK -SARAWAK,MALE,BEKERJA SEPENUH MASA,PETRONAS PETROLEUM SDN BHD,MANUFACTURING,SARAWAK,414,BACELOR EKSEKUTIF TEKNOLOGI KEJURUTERAAN INDUSTRI,5000.00,ONLINE,5520,BACELOR,50-59,57.0
2024,MBTN23303,32,INDIA,MALE,BEKERJA SEPENUH MASA,HP MALAYSIA MANUFACTURING SDN BHD,MANUFACTURING,PAHANG,414,BACELOR EKSEKUTIF TEKNOLOGI KEJURUTERAAN INDUSTRI,3014.00,ONLINE,4994,BACELOR,30-39,32.0
2024,MBTN23304,27,TAMIL,MALE,BEKERJA SEPENUH MASA,TEXAS INSTRUMENTS SDN BHD,MANUFACTURING,PAHANG,414,BACELOR EKSEKUTIF TEKNOLOGI KEJURUTERAAN INDUSTRI,1900.00,ONLINE,4655,BACELOR,<29,27.0
2024,MBTN23305,31,INDIA,MALE,BEKERJA SEPENUH MASA,TEXAS INSTRUMENT MALAYSIA SDN BHD,MANUFACTURING,SELANGOR,414,BACELOR EKSEKUTIF TEKNOLOGI KEJURUTERAAN INDUSTRI,3000.00,ONLINE,4937,BACELOR,30-39,31.0
2024,MBTN23309,37,INDIA,MALE,BEKERJA SEPENUH MASA,HERSHEYS MALAYSIA SDN BHD,MANUFACTURING,JOHOR,414,BACELOR EKSEKUTIF TEKNOLOGI KEJURUTERAAN INDUSTRI,5300.00,ONLINE,5623,BACELOR,30-39,37.0
2024,MBTN23311,25,TAMIL,MALE,BEKERJA SEPENUH MASA,ASE ELECTRONICS SDN BHD,MANUFACTURING,PERAK,414,BACELOR EKSEKUTIF TEKNOLOGI KEJURUTERAAN INDUSTRI,2000.00,ONLINE,4118,BACELOR,<29,25.0
2024,MBTN23312,26,TAMIL,MALE,BEKERJA SEPENUH MASA,TEXAS INSTRUMENTS,MANUFACTURING,PULAU PINANG,414,BACELOR EKSEKUTIF TEKNOLOGI KEJURUTERAAN INDUSTRI,2300.00,ONLINE,5166,BACELOR,<29,26.0
2024,MBTN23313,25,INDIA,MALE,BEKERJA SEPENUH MASA,ROBRT BOSCH SEMICONDUCTOR MANUFACTURING PENANG SDN.BHD,MANUFACTURING,PULAU PINANG,414,BACELOR EKSEKUTIF TEKNOLOGI KEJURUTERAAN INDUSTRI,2800.00,ONLINE,5956,BACELOR,<29,25.0
2024,MBTN23315,26,INDIA,MALE,BEKERJA SEPENUH MASA,INTEL PG8,MANUFACTURING,PULAU PINANG,414,BACELOR EKSEKUTIF TEKNOLOGI KEJURUTERAAN INDUSTRI,2100.00,ONLINE,4883,BACELOR,<29,26.0
2024,MBTN23316,40,BUGIS,MALE,BEKERJA SEPENUH MASA,FGV PALM INDUSTRIES SDN BHD,MANUFACTURING,SABAH,414,BACELOR EKSEKUTIF TEKNOLOGI KEJURUTERAAN INDUSTRI,6700.00,ONLINE,4638,BACELOR,40-49,40.0
2024,MBTN23317,32,MELAYU,MALE,BEKERJA SEPENUH MASA,INTEL ELECTRONICS MALAYSIA SDN BHD,MANUFACTURING,KEDAH,414,BACELOR EKSEKUTIF TEKNOLOGI KEJURUTERAAN INDUSTRI,2900.00,ONLINE,4770,BACELOR,30-39,32.0
2024,MBTN23318,40,MELAYU,MALE,BEKERJA SEPENUH MASA,PLEXUS MANUFACTURING SDN. BHD.,MANUFACTURING,KEDAH,414,BACELOR EKSEKUTIF TEKNOLOGI KEJURUTERAAN INDUSTRI,5000.00,ONLINE,5450,BACELOR,40-49,40.0
2024,MBTN23323,40,INDIA,FEMALE,BEKERJA SEPENUH MASA,LAM RESEARCH,MANUFACTURING,PULAU PINANG,414,BACELOR EKSEKUTIF TEKNOLOGI KEJURUTERAAN INDUSTRI,3500.00,ONLINE,5196,BACELOR,40-49,40.0
2024,MDBK21405,27,MELAYU,MALE,BEKERJA/USAHAWAN/FREELANCE,MUSTAPA BROTHERS ENTERPRISE,MANUFACTURING,KUALA LUMPUR,456,DIPLOMA PROFESIONAL BLOK RANTAI DALAM KEJURUTERAAN,1500.00,ONLINE,2059,DIPLOMA,<29,27.0
2024,MMPB21105,39,INDIA,MALE,BEKERJA SEPENUH MASA,TECHNO MAC SDN BHD,"PROFESSIONAL, SCIENTIFIC, AND TECHNICAL ACTIVITIES",PULAU PINANG,509,MASTER EKSEKUTIF PENGURUSAN PERNIAGAAN,2500.00,ONLINE,7408,MASTER,30-39,39.0
2024,MMPB21306,37,INDIA,FEMALE,BEKERJA SEPENUH MASA,GLENEAGLES HOSPITAL,"PROFESSIONAL, SCIENTIFIC, AND TECHNICAL ACTIVITIES",SELANGOR,340,MASTER EKSEKUTIF PENGURUSAN PERNIAGAAN,2999.00,ONLINE,8250,MASTER,30-39,37.0
2024,MMPB22102,41,CINA,FEMALE,BEKERJA SEPENUH MASA,HEMISPHERES CORPORATION SDN BHD,"PROFESSIONAL, SCIENTIFIC, AND TECHNICAL ACTIVITIES",SARAWAK,509,MASTER EKSEKUTIF PENGURUSAN PERNIAGAAN,3200.00,ONLINE,7498,MASTER,40-49,41.0
2024,MMPB22207,50,INDIA,MALE,BEKERJA SEPENUH MASA,SGT METAL (M) SDN.BHD,"PROFESSIONAL, SCIENTIFIC, AND TECHNICAL ACTIVITIES",PULAU PINANG,509,MASTER EKSEKUTIF PENGURUSAN PERNIAGAAN,4001.00,ONLINE,7640,MASTER,50-59,50.0
2024,MMPB23101,48,INDIA,FEMALE,BEKERJA SEPENUH MASA,NORTHPORT (MALAYSIA) BHD,"PROFESSIONAL, SCIENTIFIC, AND TECHNICAL ACTIVITIES",SELANGOR,509,MASTER EKSEKUTIF PENGURUSAN PERNIAGAAN,4300.00,ONLINE,8857,MASTER,40-49,48.0
2024,MMPB23103,53,INDIA,FEMALE,BEKERJA SEPENUH MASA,ALLIANCE MEDINET SDN BHD,"PROFESSIONAL, SCIENTIFIC, AND TECHNICAL ACTIVITIES",JOHOR,509,MASTER EKSEKUTIF PENGURUSAN PERNIAGAAN,7450.00,ONLINE,7582,MASTER,50-59,53.0
2024,MMPB23201,39,BIDAYUH/LAND DAYAK - SARAWAK,MALE,BEKERJA/USAHAWAN/FREELANCE,F SMART MANAGEMENT,"PROFESSIONAL, SCIENTIFIC, AND TECHNICAL ACTIVITIES",SARAWAK,509,MASTER EKSEKUTIF PENGURUSAN PERNIAGAAN,10000.00,ONLINE,8887,MASTER,30-39,39.0
2024,MMPB23202,35,MELAYU,FEMALE,BEKERJA SEPENUH MASA,BANK SIMPANAN NASIONAL,"PROFESSIONAL, SCIENTIFIC, AND TECHNICAL ACTIVITIES",SARAWAK,509,MASTER EKSEKUTIF PENGURUSAN PERNIAGAAN,4500.00,ONLINE,8308,MASTER,30-39,35.0
2024,MMPB23301,32,INDIA,FEMALE,BEKERJA SEPENUH MASA,RYDE MALAYSIA SDN BHD,"PROFESSIONAL, SCIENTIFIC, AND TECHNICAL ACTIVITIES",SELANGOR,509,MASTER EKSEKUTIF PENGURUSAN PERNIAGAAN,3800.00,ONLINE,8980,MASTER,30-39,32.0
2024,MMPB23302,47,INDIA,MALE,BEKERJA SEPENUH MASA,DHL SUPPLY CHAIN SDN BHD,"PROFESSIONAL, SCIENTIFIC, AND TECHNICAL ACTIVITIES",KEDAH,509,MASTER EKSEKUTIF PENGURUSAN PERNIAGAAN,6500.00,ONLINE,8548,MASTER,40-49,47.0
2024,MMPB23303,34,MELAYU,MALE,BEKERJA SEPENUH MASA,DYMY RESOURCES,"PROFESSIONAL, SCIENTIFIC, AND TECHNICAL ACTIVITIES",KELANTAN,509,MASTER EKSEKUTIF PENGURUSAN PERNIAGAAN,5000.00,ONLINE,8991,MASTER,30-39,34.0
2024,MMPB23304,28,MELAYU,MALE,BEKERJA SEPENUH MASA,LAMAR BAKTI,"PROFESSIONAL, SCIENTIFIC, AND TECHNICAL ACTIVITIES",KELANTAN,509,MASTER EKSEKUTIF PENGURUSAN PERNIAGAAN,2500.00,ONLINE,7722,MASTER,<29,28.0
2024,MMPN20105,46,MELAYU,MALE,BEKERJA SEPENUH MASA,PIONEER PEGASUS,MANUFACTURING,SARAWAK,379,MASTER EKSEKUTIF TEKNOLOGI KEJURUTERAAN INDUSTRI,10000.00,ONLINE,8995,MASTER,40-49,46.0
2024,MMPN20208,49,INDIA,MALE,BEKERJA SEPENUH MASA,RICOH MALAYSIA,MANUFACTURING,PULAU PINANG,379,MASTER EKSEKUTIF TEKNOLOGI KEJURUTERAAN INDUSTRI,5000.00,ONLINE,8002,MASTER,40-49,49.0
2024,MMPN22204,42,IBAN/SEA DAYAK -SARAWAK,MALE,BEKERJA SEPENUH MASA,PETRONAS CARIGALI SDN BHD,MANUFACTURING,SARAWAK,379,MASTER EKSEKUTIF TEKNOLOGI KEJURUTERAAN INDUSTRI,5000.00,ONLINE,7434,MASTER,40-49,42.0
2024,MMPN22205,45,MELAYU,MALE,BEKERJA SEPENUH MASA,FLUOR DANIEL (M) SDN BHD,MANUFACTURING,SELANGOR,379,MASTER EKSEKUTIF TEKNOLOGI KEJURUTERAAN INDUSTRI,20000.00,ONLINE,7524,MASTER,40-49,45.0
2024,MMPN22206,48,MELAYU,MALE,BEKERJA/USAHAWAN/FREELANCE (SEPARA MASA),ZDAC CONTROL SDN BHD,MANUFACTURING,SELANGOR,379,MASTER EKSEKUTIF TEKNOLOGI KEJURUTERAAN INDUSTRI,5000.00,ONLINE,7600,MASTER,40-49,48.0
2024,MMPN22207,33,KAYAN-SARAWAK,MALE,BEKERJA/USAHAWAN/FREELANCE,CREST LAND HOLDINGS SDN BHD,MANUFACTURING,SARAWAK,379,MASTER EKSEKUTIF TEKNOLOGI KEJURUTERAAN INDUSTRI,4000.00,ONLINE,7556,MASTER,30-39,33.0
2024,MMPN23101,38,INDIA,MALE,BEKERJA SEPENUH MASA,LAM RESEARCH INTERNATIONAL,MANUFACTURING,PULAU PINANG,379,MASTER EKSEKUTIF TEKNOLOGI KEJURUTERAAN INDUSTRI,3900.00,ONLINE,7839,MASTER,30-39,38.0
2024,MMPN23102,46,INDIA,MALE,BEKERJA SEPENUH MASA,LATEX FORM SDN BHD,MANUFACTURING,SELANGOR,379,MASTER EKSEKUTIF TEKNOLOGI KEJURUTERAAN INDUSTRI,6500.00,ONLINE,8502,MASTER,40-49,46.0
2024,MMPN23103,47,INDIA,MALE,BEKERJA SEPENUH MASA,FIRST SOLAR MALAYSIA,MANUFACTURING,KEDAH,379,MASTER EKSEKUTIF TEKNOLOGI KEJURUTERAAN INDUSTRI,10000.00,ONLINE,8552,MASTER,40-49,47.0
2024,MMPN23104,28,KAYAN-SARAWAK,FEMALE,BEKERJA SEPENUH MASA,CREST LAND HOLDINGS SDN BHD,MANUFACTURING,SARAWAK,379,MASTER EKSEKUTIF TEKNOLOGI KEJURUTERAAN INDUSTRI,2500.00,ONLINE,7748,MASTER,<29,28.0
2024,MMPN23105,54,MELAYU,FEMALE,BEKERJA SEPARA MASA,JKR SARAWAK,MANUFACTURING,SARAWAK,379,MASTER EKSEKUTIF TEKNOLOGI KEJURUTERAAN INDUSTRI,5000.00,ONLINE,8639,MASTER,50-59,54.0
2024,MMPN23106,46,MELAYU,MALE,BEKERJA SEPENUH MASA,AWACON SDN BHD,MANUFACTURING,SARAWAK,379,MASTER EKSEKUTIF TEKNOLOGI KEJURUTERAAN INDUSTRI,7500.00,ONLINE,7428,MASTER,40-49,46.0
2024,MMPN23107,39,BIDAYUH/LAND DAYAK - SARAWAK,MALE,BEKERJA SEPENUH MASA,SHELL TIMUR SDN BHD,MANUFACTURING,SARAWAK,379,MASTER EKSEKUTIF TEKNOLOGI KEJURUTERAAN INDUSTRI,10000.00,ONLINE,7531,MASTER,30-39,39.0
2024,MMPN23201,38,INDIA,MALE,BEKERJA SEPENUH MASA,GLOBAL FOUNDRIES MALAYSIA,MANUFACTURING,PULAU PINANG,379,MASTER EKSEKUTIF TEKNOLOGI KEJURUTERAAN INDUSTRI,2800.00,ONLINE,7090,MASTER,30-39,38.0
2024,MMPN23202,28,MELAYU,MALE,BEKERJA SEPENUH MASA,AVID SPECTRUM SDN BHD,MANUFACTURING,SARAWAK,379,MASTER EKSEKUTIF TEKNOLOGI KEJURUTERAAN INDUSTRI,4500.00,ONLINE,7746,MASTER,<29,28.0
2024,MMPN23203,28,INDIA,MALE,BEKERJA SEPENUH MASA,ARMADA ENGINEERING SDN BHD,MANUFACTURING,NEGERI SEMBILAN,379,MASTER EKSEKUTIF TEKNOLOGI KEJURUTERAAN INDUSTRI,5500.00,ONLINE,8127,MASTER,<29,28.0
2024,MMPN23204,39,MELAYU,MALE,BEKERJA SEPENUH MASA,ATNESIS SDN.BHD,MANUFACTURING,PULAU PINANG,379,MASTER EKSEKUTIF TEKNOLOGI KEJURUTERAAN INDUSTRI,7600.00,ONLINE,7067,MASTER,30-39,39.0
2024,MMPN23205,36,INDIA,FEMALE,BEKERJA SEPENUH MASA,BIOCON SDN BHD,MANUFACTURING,PERAK,379,MASTER EKSEKUTIF TEKNOLOGI KEJURUTERAAN INDUSTRI,4600.00,ONLINE,7366,MASTER,30-39,36.0
2024,MMPN23301,45,TAMIL,FEMALE,BEKERJA SEPENUH MASA,FLEXTRONICS,MANUFACTURING,JOHOR,379,MASTER EKSEKUTIF TEKNOLOGI KEJURUTERAAN INDUSTRI,10700.00,ONLINE,8978,MASTER,40-49,45.0
2024,MMPN23303,47,MELAYU,MALE,BEKERJA SEPENUH MASA,COMPUTIME MALAYSIA SDN BHD,MANUFACTURING,KEDAH,379,MASTER EKSEKUTIF TEKNOLOGI KEJURUTERAAN INDUSTRI,18983.00,ONLINE,8634,MASTER,40-49,47.0
2024,MMPN23304,29,TELUGU,MALE,BEKERJA SEPENUH MASA,JEKS ENGINEERING SDN BHD,MANUFACTURING,NEGERI SEMBILAN,379,MASTER EKSEKUTIF TEKNOLOGI KEJURUTERAAN INDUSTRI,3000.00,ONLINE,7886,MASTER,<29,29.0
2024,MMPN23305,40,INDIA,MALE,BEKERJA SEPENUH MASA,ELNA PCB (M) SDN BHD,MANUFACTURING,KEDAH,379,MASTER EKSEKUTIF TEKNOLOGI KEJURUTERAAN INDUSTRI,5200.00,ONLINE,7798,MASTER,40-49,40.0
2024,MMPN23306,36,INDIA,MALE,BEKERJA SEPENUH MASA,WIN WIN M&E,MANUFACTURING,SELANGOR,379,MASTER EKSEKUTIF TEKNOLOGI KEJURUTERAAN INDUSTRI,3900.00,ONLINE,8661,MASTER,30-39,36.0
2024,MMPN23307,40,SIAM,MALE,BEKERJA SEPENUH MASA,INTEL TECHNOLOGY SDN. BHD.,MANUFACTURING,KELANTAN,379,MASTER EKSEKUTIF TEKNOLOGI KEJURUTERAAN INDUSTRI,4800.00,ONLINE,7184,MASTER,40-49,40.0
2024,MMPN23308,38,INDIA,MALE,BEKERJA SEPENUH MASA,BOSCH MALAYSIA,MANUFACTURING,PULAU PINANG,379,MASTER EKSEKUTIF TEKNOLOGI KEJURUTERAAN INDUSTRI,9200.00,ONLINE,8770,MASTER,30-39,38.0
2024,MMPN23310,32,INDIA,MALE,BEKERJA SEPENUH MASA,PEC LTD,MANUFACTURING,MELAKA,379,MASTER EKSEKUTIF TEKNOLOGI KEJURUTERAAN INDUSTRI,6000.00,ONLINE,7100,MASTER,30-39,32.0
2024,MMPN23311,51,MELANAU-SARAWAK,MALE,BEKERJA SEPENUH MASA,BAYAMEDIC SERVICES SDN BHD.,MANUFACTURING,SARAWAK,379,MASTER EKSEKUTIF TEKNOLOGI KEJURUTERAAN INDUSTRI,15000.00,ONLINE,8233,MASTER,50-59,51.0
2024,RDPB18106,29,INDIA,FEMALE,BEKERJA SEPENUH MASA,LAM WAH EE HOSPITAL,"PROFESSIONAL, SCIENTIFIC, AND TECHNICAL ACTIVITIES",PULAU PINANG,583,DIPLOMA PROFESIONAL PENTADBIRAN PERNIAGAAN,1850.00,ONLINE,2187,DIPLOMA,<29,29.0
2024,RMPB19203,46,INDIA,FEMALE,BEKERJA SEPENUH MASA,KINTETSU WORLD EXPRESS,"PROFESSIONAL, SCIENTIFIC, AND TECHNICAL ACTIVITIES",PULAU PINANG,488,MASTER EKSEKUTIF PENGURUSAN PERNIAGAAN,2800.00,ONLINE,7325,MASTER,40-49,46.0
2024,RMPB20104,43,INDIA,FEMALE,BEKERJA SEPENUH MASA,"THE LIGHT HOTEL, PENANG","PROFESSIONAL, SCIENTIFIC, AND TECHNICAL ACTIVITIES",PULAU PINANG,488,MASTER EKSEKUTIF PENGURUSAN PERNIAGAAN,6050.00,ONLINE,7173,MASTER,40-49,43.0
2024,RMPB20105,54,TAMIL,MALE,BEKERJA SEPENUH MASA,RENESAS SEMICONDUCTOR (MALAYSIA) SDN.BHD,"PROFESSIONAL, SCIENTIFIC, AND TECHNICAL ACTIVITIES",PULAU PINANG,488,MASTER EKSEKUTIF PENGURUSAN PERNIAGAAN,6900.00,ONLINE,8290,MASTER,50-59,54.0
2024,RMPB20107,33,CINA,MALE,BEKERJA SEPENUH MASA,MALAYAN BANKING BERHAD,"PROFESSIONAL, SCIENTIFIC, AND TECHNICAL ACTIVITIES",PULAU PINANG,488,MASTER EKSEKUTIF PENGURUSAN PERNIAGAAN,12000.00,ONLINE,7647,MASTER,30-39,33.0
2024,RMPB21103,33,MELAYU,FEMALE,BEKERJA SEPENUH MASA,FOUNDPAC TECHNOLOGIES SDN.BHD.,"PROFESSIONAL, SCIENTIFIC, AND TECHNICAL ACTIVITIES",PULAU PINANG,340,MASTER EKSEKUTIF PENGURUSAN PERNIAGAAN,4000.00,ONLINE,8127,MASTER,30-39,33.0
2024,RMPB21108,42,INDIA,FEMALE,BEKERJA SEPENUH MASA,RENESAS SEMICONDUCTOR M SDN BHD,"PROFESSIONAL, SCIENTIFIC, AND TECHNICAL ACTIVITIES",PULAU PINANG,340,MASTER EKSEKUTIF PENGURUSAN PERNIAGAAN,4900.00,ONLINE,7058,MASTER,40-49,42.0
2024,SMMG19202,44,MELAYU,MALE,BEKERJA SEPENUH MASA,ROC OIL PETROLEUM SDN BHD,MINING AND QUARRYING,KUALA LUMPUR,346,MASTER EKSEKUTIF PENGURUSAN INDUSTRI MINYAK & GAS,15000.00,ONLINE,8624,MASTER,40-49,44.0
2024,SMMG21203,41,MELAYU,MALE,BELUM/TIDAK BEKERJA,COMPANY MENAWARKAN MANDATORY SEPARATION SCHEME (MSS),MINING AND QUARRYING,SELANGOR,346,MASTER EKSEKUTIF PENGURUSAN INDUSTRI MINYAK & GAS,3500.00,ONLINE,7251,MASTER,40-49,41.0
2024,SMMG22301,50,INDIA,MALE,BEKERJA SEPENUH MASA,EA TECHNIQUE MALAYSIA BERHAD,MINING AND QUARRYING,PERAK,346,MASTER EKSEKUTIF PENGURUSAN INDUSTRI MINYAK & GAS,6700.00,ONLINE,7989,MASTER,50-59,50.0
2024,SMMG22402,37,MELAYU,MALE,BEKERJA SEPENUH MASA,WHESSOE SDN BHD,MINING AND QUARRYING,JOHOR,346,MASTER EKSEKUTIF PENGURUSAN INDUSTRI MINYAK & GAS,7370.00,ONLINE,8193,MASTER,30-39,37.0
2024,SMMG23102,38,KENYAH-SARAWAK,MALE,BEKERJA SEPENUH MASA,MS TERMINAL SDN BHD,MINING AND QUARRYING,SARAWAK,346,MASTER EKSEKUTIF PENGURUSAN INDUSTRI MINYAK & GAS,9000.00,ONLINE,7724,MASTER,30-39,38.0
2024,SMMG23103,47,CINA,MALE,BEKERJA SEPENUH MASA,CITAGLOBAL ENERGY SDN BHD,MINING AND QUARRYING,SELANGOR,346,MASTER EKSEKUTIF PENGURUSAN INDUSTRI MINYAK & GAS,9100.00,ONLINE,8869,MASTER,40-49,47.0
2024,SMMG23104,33,CINA,MALE,BEKERJA SEPENUH MASA,PST MECH ENGINEERING SDN BHD,MINING AND QUARRYING,SELANGOR,346,MASTER EKSEKUTIF PENGURUSAN INDUSTRI MINYAK & GAS,6000.00,ONLINE,7138,MASTER,30-39,33.0
2024,SMMG23105,33,TAMIL,MALE,BEKERJA SEPENUH MASA,AIR LIQUIDE ADVANCED MATERIAL,MINING AND QUARRYING,MELAKA,346,MASTER EKSEKUTIF PENGURUSAN INDUSTRI MINYAK & GAS,9000.00,ONLINE,7397,MASTER,30-39,33.0
2024,UBBM22204,41,MELAYU,MALE,BEKERJA SEPENUH MASA,ROYAL ETP LLC,"PROFESSIONAL, SCIENTIFIC, AND TECHNICAL ACTIVITIES",SELANGOR,362,BACELOR EKSEKUTIF PENGURUSAN PERNIAGAAN,5000.00,ONLINE,4499,BACELOR,40-49,41.0
2024,UBBM22208,27,MELAYU,MALE,BEKERJA SEPENUH MASA,SCHAEFFLER MALAYSIA,"PROFESSIONAL, SCIENTIFIC, AND TECHNICAL ACTIVITIES",PAHANG,362,BACELOR EKSEKUTIF PENGURUSAN PERNIAGAAN,4200.00,ONLINE,4412,BACELOR,<29,27.0
2024,UBBM22209,39,DUSUN-SABAH,FEMALE,BEKERJA SEPENUH MASA,NEXUS FINTRADE LIMITE,"PROFESSIONAL, SCIENTIFIC, AND TECHNICAL ACTIVITIES",LABUAN,362,BACELOR EKSEKUTIF PENGURUSAN PERNIAGAAN,6000.00,ONLINE,4523,BACELOR,30-39,39.0
2024,UBMG19205,38,MELAYU,MALE,BEKERJA SEPENUH MASA,AFFINBANK,MINING AND QUARRYING,JOHOR,410,BACELOR EKSEKUTIF TEKNOLOGI DAN PENGURUSAN MINYAK & GAS,3000.00,ONLINE,4207,BACELOR,30-39,38.0
2024,UBMPP21418,59,MELAYU,FEMALE,BEKERJA SEPENUH MASA,QSR BRAND (M) HOLDING BHD,"PROFESSIONAL, SCIENTIFIC, AND TECHNICAL ACTIVITIES",KUALA LUMPUR,490,MASTER EKSEKUTIF PENGURUSAN PROJEK,45000.00,ONLINE,7433,MASTER,50-59,59.0
2024,UBMT22205,36,INDIA,MALE,BEKERJA SEPENUH MASA,PEMBUATAN,MANUFACTURING,PULAU PINANG,415,BACELOR EKSEKUTIF TEKNOLOGI MEKATRONIK,4120.00,ONLINE,5766,BACELOR,30-39,36.0
2024,UBMT22401,29,MELAYU,MALE,BEKERJA SEPENUH MASA,UNIFLEX HYDRAULIK ASIA PACIFIC,MANUFACTURING,MELAKA,415,BACELOR EKSEKUTIF TEKNOLOGI MEKATRONIK,15000.00,ONLINE,4826,BACELOR,<29,29.0
2024,UBMT23101,29,MELAYU,FEMALE,BEKERJA SEPENUH MASA,INFINEON TECHNOLOGIES SDN BHD,MANUFACTURING,PAHANG,415,BACELOR EKSEKUTIF TEKNOLOGI MEKATRONIK,3000.00,ONLINE,5640,BACELOR,<29,29.0
2024,UBTE22201,32,MELAYU,MALE,BEKERJA SEPENUH MASA,MS TIME SDN BHD,MANUFACTURING,TERENGGANU,363,BACELOR EKSEKUTIF TEKNOLOGI ELEKTRIK & ELEKTRONIK,3500.00,ONLINE,4498,BACELOR,30-39,32.0
2024,UBTE22208,45,MELAYU,MALE,BEKERJA SEPENUH MASA,NOT SPECIFIED,MANUFACTURING,PULAU PINANG,363,BACELOR EKSEKUTIF TEKNOLOGI ELEKTRIK & ELEKTRONIK,4000.00,ONLINE,5921,BACELOR,40-49,45.0
2024,UBTM21301,38,MELAYU,MALE,BEKERJA SEPENUH MASA,TANAH TEMASIK SDN BHD,MINING AND QUARRYING,JOHOR,410,BACELOR EKSEKUTIF TEKNOLOGI DAN PENGURUSAN MINYAK & GAS,6500.00,ONLINE,5867,BACELOR,30-39,38.0
2024,UBTM21303,27,MELAYU,MALE,BEKERJA SEPENUH MASA,ZHH GLOBAL ENGINEERING SDN BHD,MINING AND QUARRYING,KUALA LUMPUR,410,BACELOR EKSEKUTIF TEKNOLOGI DAN PENGURUSAN MINYAK & GAS,3500.00,ONLINE,4627,BACELOR,<29,27.0
2024,UBTM21306,30,MELAYU,MALE,BEKERJA SEPENUH MASA,SAPURA OFFSHORE SDN BHD,MINING AND QUARRYING,PAHANG,410,BACELOR EKSEKUTIF TEKNOLOGI DAN PENGURUSAN MINYAK & GAS,4700.00,ONLINE,4212,BACELOR,30-39,30.0
2024,UCMPB21304,40,TAMIL,MALE,BEKERJA SEPENUH MASA,PAYCO MALAYSIA SDN BHD,"PROFESSIONAL, SCIENTIFIC, AND TECHNICAL ACTIVITIES",JOHOR,340,MASTER EKSEKUTIF PENGURUSAN PERNIAGAAN,10000.00,ONLINE,7074,MASTER,40-49,40.0
2024,UDTG19102,32,MELAYU,MALE,BEKERJA SEPENUH MASA,TALANG ENERGY SDN. BHD.,MINING AND QUARRYING,JOHOR,351,DIPLOMA PROFESIONAL TEKNOLOGI DAN PENGURUSAN MINYAK & GAS,2800.00,ONLINE,2865,DIPLOMA,30-39,32.0
2024,UFBSC23101,45,MELAYU,MALE,BEKERJA SEPENUH MASA,JADESTONE ENERGY (M) PTE. LTD.,TRANSPORTATION AND STORAGE,TERENGGANU,413,BACELOR EKSEKUTIF PENGURUSAN RANTAIAN BEKALAN,10000.00,ONLINE,5906,BACELOR,40-49,45.0
2024,UFBSC23103,37,MELAYU,FEMALE,BEKERJA SEPENUH MASA,GOLDEN VILLAGE MULTIPAX,TRANSPORTATION AND STORAGE,JOHOR,413,BACELOR EKSEKUTIF PENGURUSAN RANTAIAN BEKALAN,3000.00,ONLINE,4160,BACELOR,30-39,37.0
2024,UFBSC23104,33,MELANAU-SARAWAK,FEMALE,BEKERJA SEPENUH MASA,TANJUNG MANIS INTEGRATED PORT SDN BHD,TRANSPORTATION AND STORAGE,SARAWAK,413,BACELOR EKSEKUTIF PENGURUSAN RANTAIAN BEKALAN,2530.00,ONLINE,5118,BACELOR,30-39,33.0
2024,UFBSC23105,36,MELAYU,FEMALE,BEKERJA SEPENUH MASA,LOGISTEED MALAYSIA SDN BHD,TRANSPORTATION AND STORAGE,NEGERI SEMBILAN,413,BACELOR EKSEKUTIF PENGURUSAN RANTAIAN BEKALAN,2700.00,ONLINE,4217,BACELOR,30-39,36.0
2024,UFBSC23106,30,MELAYU,MALE,BEKERJA SEPENUH MASA,FEI SIONG MANAGEMENT PTE LTD,TRANSPORTATION AND STORAGE,TERENGGANU,413,BACELOR EKSEKUTIF PENGURUSAN RANTAIAN BEKALAN,6700.00,ONLINE,5082,BACELOR,30-39,30.0
2024,UFBTE20405,37,MELAYU,MALE,BEKERJA SEPARA MASA,EXS SYNERGY SDN BHD,MANUFACTURING,PAHANG,363,BACELOR EKSEKUTIF TEKNOLOGI ELEKTRIK & ELEKTRONIK,3500.00,ONLINE,4048,BACELOR,30-39,37.0
2024,UFBTE20411,52,MELAYU,MALE,BEKERJA SEPENUH MASA,PETRONAS REFINERY AND PETROCHEMICAL CORPORATION (PRPC),MANUFACTURING,TERENGGANU,363,BACELOR EKSEKUTIF TEKNOLOGI ELEKTRIK & ELEKTRONIK,9500.00,ONLINE,5357,BACELOR,50-59,52.0
2024,UFBTE21101,47,MELAYU,MALE,BEKERJA SEPENUH MASA,JALEX SDN. BHD.,MANUFACTURING,JOHOR,363,BACELOR EKSEKUTIF TEKNOLOGI ELEKTRIK & ELEKTRONIK,6600.00,ONLINE,5575,BACELOR,40-49,47.0
2024,UFBTE21102,51,MELAYU,MALE,BEKERJA SEPENUH MASA,PETRONAS DAGANGAN SDN. BHD.,MANUFACTURING,JOHOR,363,BACELOR EKSEKUTIF TEKNOLOGI ELEKTRIK & ELEKTRONIK,8000.00,ONLINE,4353,BACELOR,50-59,51.0
2024,UFBTE21402,36,MELAYU,MALE,BEKERJA SEPENUH MASA,YTL POWER SERVICES SDN BHD,MANUFACTURING,TERENGGANU,363,BACELOR EKSEKUTIF TEKNOLOGI ELEKTRIK & ELEKTRONIK,3200.00,ONLINE,4035,BACELOR,30-39,36.0
2024,UFBTE21403,31,MELAYU,MALE,BEKERJA SEPENUH MASA,ALPHA SOLAR WORKS SDN BHD,MANUFACTURING,PAHANG,363,BACELOR EKSEKUTIF TEKNOLOGI ELEKTRIK & ELEKTRONIK,3200.00,ONLINE,4513,BACELOR,30-39,31.0
2024,UFBTE21404,41,MELAYU,MALE,BEKERJA SEPENUH MASA,DUOPHARMA HAPI SDN.BHD.,MANUFACTURING,JOHOR,363,BACELOR EKSEKUTIF TEKNOLOGI ELEKTRIK & ELEKTRONIK,3000.00,ONLINE,5120,BACELOR,40-49,41.0
2024,UFBTE22202,31,MELAYU,MALE,BEKERJA/USAHAWAN/FREELANCE,VERTIV (MALAYSIA) SDN BHD,MANUFACTURING,KUALA LUMPUR,363,BACELOR EKSEKUTIF TEKNOLOGI ELEKTRIK & ELEKTRONIK,7500.00,ONLINE,4552,BACELOR,30-39,31.0
2024,UFBTE22205,48,MELAYU,MALE,BEKERJA SEPENUH MASA,ASIANPAC HOLDING BERHAD,MANUFACTURING,SELANGOR,363,BACELOR EKSEKUTIF TEKNOLOGI ELEKTRIK & ELEKTRONIK,7160.00,ONLINE,4406,BACELOR,40-49,48.0
2024,UFBTE22401,38,BRUNEI-SABAH,MALE,BEKERJA SEPENUH MASA,FIRST STAR CONSTRUCTION SDN BHD,MANUFACTURING,SABAH,363,BACELOR EKSEKUTIF TEKNOLOGI ELEKTRIK & ELEKTRONIK,4000.00,ONLINE,5081,BACELOR,30-39,38.0
2024,UFBTM21404,48,IBAN/SEA DAYAK -SARAWAK,MALE,BEKERJA SEPENUH MASA,SHELL MDS(MALAYSIA) SND BHD,MINING AND QUARRYING,SARAWAK,410,BACELOR EKSEKUTIF TEKNOLOGI DAN PENGURUSAN MINYAK & GAS,10000.00,ONLINE,4578,BACELOR,40-49,48.0
2024,UFBTM22103,40,INDIA,MALE,BEKERJA SEPENUH MASA,TRIPLE VALIANT ENGINEERING SDN BHD,MINING AND QUARRYING,PAHANG,410,BACELOR EKSEKUTIF TEKNOLOGI DAN PENGURUSAN MINYAK & GAS,2800.00,ONLINE,4778,BACELOR,40-49,40.0
2024,UFBTM22201,47,MELAYU,MALE,BEKERJA SEPENUH MASA,TURBOSERVICES SDN BHD,MINING AND QUARRYING,JOHOR,410,BACELOR EKSEKUTIF TEKNOLOGI DAN PENGURUSAN MINYAK & GAS,9000.00,ONLINE,4727,BACELOR,40-49,47.0
2024,UFDOL23101,27,MELAYU,MALE,BEKERJA SEPENUH MASA,SHENZHEN JINGCHENG TECHNOLOGY CO LTD,"PROFESSIONAL, SCIENTIFIC, AND TECHNICAL ACTIVITIES",JOHOR,568,DIPLOMA PROFESIONAL OPERASI DAN PENYELENGGARAAN LOJI PROSES (INDUSTRI PETROKIMIA),4000.00,ONLINE,2329,DIPLOMA,<29,27.0
2024,UFDOL23102,33,MELAYU,MALE,BEKERJA SEPENUH MASA,PENGERANG TERMINAL,MINING AND QUARRYING,JOHOR,569,DIPLOMA PROFESIONAL OPERASI DAN PENYELENGGARAAN LOJI PROSES (INDUSTRI PENAPISAN PETROLEUM),5000.00,ONLINE,2053,DIPLOMA,30-39,33.0
2024,UFDOL23103,35,KELABIT-SARAWAK,MALE,BEKERJA SEPENUH MASA,HALUAN CEKAP SDN BHD,MINING AND QUARRYING,SARAWAK,569,DIPLOMA PROFESIONAL OPERASI DAN PENYELENGGARAAN LOJI PROSES (INDUSTRI PENAPISAN PETROLEUM),3600.00,ONLINE,3118,DIPLOMA,30-39,35.0
2024,UFDOL23104,38,MELAYU,MALE,BEKERJA SEPENUH MASA,CARIGALI HESS OPERATING COMPANY SDN BHD,MINING AND QUARRYING,TERENGGANU,610,DIPLOMA PROFESIONAL OPERASI DAN PENYELENGGARAAN LOJI PROSES (INDUSTRI PEMPROSESAN GAS),6500.00,ONLINE,2183,DIPLOMA,30-39,38.0
2024,UFDOL23109,33,MELAYU,MALE,BEKERJA SEPENUH MASA,PENGERANG TERMINALS TWO SDN BHD,MINING AND QUARRYING,JOHOR,569,DIPLOMA PROFESIONAL OPERASI DAN PENYELENGGARAAN LOJI PROSES (INDUSTRI PENAPISAN PETROLEUM),5000.00,ONLINE,3621,DIPLOMA,30-39,33.0
2024,UFDOL23110,32,MELAYU,MALE,BEKERJA SEPENUH MASA,ENPROSERVE MALAYSIA SDN BHD,"PROFESSIONAL, SCIENTIFIC, AND TECHNICAL ACTIVITIES",JOHOR,568,DIPLOMA PROFESIONAL OPERASI DAN PENYELENGGARAAN LOJI PROSES (INDUSTRI PETROKIMIA),5300.00,ONLINE,2777,DIPLOMA,30-39,32.0
2024,UFDOL23201,25,MELAYU,MALE,BEKERJA SEPENUH MASA,PETRONAS CARIGALI SDN.BHD,MINING AND QUARRYING,TERENGGANU,610,DIPLOMA PROFESIONAL OPERASI DAN PENYELENGGARAAN LOJI PROSES (INDUSTRI PEMPROSESAN GAS),2400.00,ONLINE,3287,DIPLOMA,<29,25.0
2024,UFDOL23203,56,MELAYU,MALE,BEKERJA/USAHAWAN/FREELANCE,PETRONAS DAGANGAN BERHAD,MINING AND QUARRYING,JOHOR,610,DIPLOMA PROFESIONAL OPERASI DAN PENYELENGGARAAN LOJI PROSES (INDUSTRI PEMPROSESAN GAS),13000.00,ONLINE,2715,DIPLOMA,50-59,56.0
2024,UFDOL23301,28,MELAYU,MALE,BEKERJA SEPENUH MASA,CCD (SINGAPORE) PTE LTD,MINING AND QUARRYING,JOHOR,569,DIPLOMA PROFESIONAL OPERASI DAN PENYELENGGARAAN LOJI PROSES (INDUSTRI PENAPISAN PETROLEUM),4500.00,ONLINE,3647,DIPLOMA,<29,28.0
2024,UFDOL23302,26,MELAYU,MALE,BEKERJA SEPENUH MASA,ALLIANCE STEEL SDN BHD,MINING AND QUARRYING,PAHANG,569,DIPLOMA PROFESIONAL OPERASI DAN PENYELENGGARAAN LOJI PROSES (INDUSTRI PENAPISAN PETROLEUM),2900.00,ONLINE,2869,DIPLOMA,<29,26.0
2024,UFDOL23303,49,MELAYU,MALE,BEKERJA/USAHAWAN/FREELANCE,RANHILL WORLEY SDN BERHAD,MINING AND QUARRYING,SELANGOR,569,DIPLOMA PROFESIONAL OPERASI DAN PENYELENGGARAAN LOJI PROSES (INDUSTRI PENAPISAN PETROLEUM),7000.00,ONLINE,2086,DIPLOMA,40-49,49.0
2024,UFMTM21203,45,MELAYU,MALE,BEKERJA SEPENUH MASA,PETRONAS CHEMICAL ETHYLENE SDN BHD,MINING AND QUARRYING,TERENGGANU,377,MASTER EKSEKUTIF TEKNOLOGI DAN PENGURUSAN MINYAK & GAS,11080.00,ONLINE,8515,MASTER,40-49,45.0
2024,UFMTM21204,40,MELAYU,MALE,BEKERJA SEPENUH MASA,CKJ ENGINEERING & SERVICES SDN BHD,MINING AND QUARRYING,TERENGGANU,377,MASTER EKSEKUTIF TEKNOLOGI DAN PENGURUSAN MINYAK & GAS,7000.00,ONLINE,8067,MASTER,40-49,40.0
2024,UFMTM21206,50,MELAYU,MALE,BEKERJA SEPENUH MASA,PETRONAS DIGITAL SDN BHD,MINING AND QUARRYING,PERAK,377,MASTER EKSEKUTIF TEKNOLOGI DAN PENGURUSAN MINYAK & GAS,8000.00,ONLINE,8614,MASTER,50-59,50.0
2024,UGDPT21401,38,MELAYU,MALE,BEKERJA SEPENUH MASA,SUPER SIX MECHANICAL & ELECTRICAL SERVICING SDN BHD (S6ME),OTHER,KUALA LUMPUR,561,DIPLOMA PROFESIONAL PENYELIAAN TAPAK BINA,4900.00,ONLINE,2982,DIPLOMA,30-39,38.0
2024,UGDPT21402,43,MELAYU,MALE,BEKERJA SEPENUH MASA,VC TELECOMS,OTHER,JOHOR,561,DIPLOMA PROFESIONAL PENYELIAAN TAPAK BINA,3500.00,ONLINE,3813,DIPLOMA,40-49,43.0
2024,UGDPT21403,50,MELAYU,MALE,BEKERJA SEPENUH MASA,VERITAS ARCHITECTS SDN. BHD,OTHER,TERENGGANU,561,DIPLOMA PROFESIONAL PENYELIAAN TAPAK BINA,7500.00,ONLINE,2394,DIPLOMA,50-59,50.0
2024,UGDPT22204,55,MELAYU,MALE,BEKERJA SEPENUH MASA,DPI KONSULT SDN BHD,OTHER,SELANGOR,561,DIPLOMA PROFESIONAL PENYELIAAN TAPAK BINA,3750.00,ONLINE,3546,DIPLOMA,50-59,55.0
2024,UGDPT22205,44,MELAYU,MALE,BEKERJA/USAHAWAN/FREELANCE,SAMSUNG ENGINEERING SDN BHD,OTHER,SELANGOR,561,DIPLOMA PROFESIONAL PENYELIAAN TAPAK BINA,12000.00,ONLINE,2906,DIPLOMA,40-49,44.0
2024,UGMPK21401,30,MELAYU,MALE,BEKERJA SEPENUH MASA,ARNOZ CONSULTING ENGINEERING SDN.BHD,MANUFACTURING,KUALA LUMPUR,396,MASTER EKSEKUTIF PENGURUSAN KEJURUTERAAN PEMBINAAN,2500.00,ONLINE,7841,MASTER,30-39,30.0
2024,UGMPK21404,38,INDIA MUSLIM,MALE,BEKERJA SEPENUH MASA,INTERNATIONAL FACILITY ENGINEERING (M) SDN. BHD.,MANUFACTURING,JOHOR,396,MASTER EKSEKUTIF PENGURUSAN KEJURUTERAAN PEMBINAAN,10500.00,ONLINE,8362,MASTER,30-39,38.0
2024,UIBTM21103,33,MELAYU,MALE,BEKERJA SEPENUH MASA,OPW MALAYSIA SDN BHD,MINING AND QUARRYING,JOHOR,410,BACELOR EKSEKUTIF TEKNOLOGI DAN PENGURUSAN MINYAK & GAS,3900.00,ONLINE,4246,BACELOR,30-39,33.0
2024,UIBTM21104,44,MELAYU,MALE,BEKERJA SEPENUH MASA,SCHLUMBERGER,MINING AND QUARRYING,SELANGOR,410,BACELOR EKSEKUTIF TEKNOLOGI DAN PENGURUSAN MINYAK & GAS,30000.00,ONLINE,5890,BACELOR,40-49,44.0
2024,UIBTM21105,46,MELAYU,MALE,BEKERJA SEPENUH MASA,HRSB HOLDINGS SDN BHD,MINING AND QUARRYING,SELANGOR,410,BACELOR EKSEKUTIF TEKNOLOGI DAN PENGURUSAN MINYAK & GAS,12000.00,ONLINE,4440,BACELOR,40-49,46.0
2024,UIMPB20402,42,INDIA,MALE,BEKERJA/USAHAWAN/FREELANCE,JV PROCLEAN ENTERPRISE,"PROFESSIONAL, SCIENTIFIC, AND TECHNICAL ACTIVITIES",SELANGOR,340,MASTER EKSEKUTIF PENGURUSAN PERNIAGAAN,5000.00,ONLINE,7985,MASTER,40-49,42.0
2024,UIMPB20408,50,CINA,MALE,BEKERJA SEPENUH MASA,STEELJOINT RESOURCES SDN BHD,"PROFESSIONAL, SCIENTIFIC, AND TECHNICAL ACTIVITIES",PAHANG,340,MASTER EKSEKUTIF PENGURUSAN PERNIAGAAN,20000.00,ONLINE,7659,MASTER,50-59,50.0
2024,UIMPB20409,49,CINA,FEMALE,BEKERJA SEPENUH MASA,STEELJOINT RESOURCES SDN BHD,"PROFESSIONAL, SCIENTIFIC, AND TECHNICAL ACTIVITIES",PAHANG,340,MASTER EKSEKUTIF PENGURUSAN PERNIAGAAN,20000.00,ONLINE,8710,MASTER,40-49,49.0
2024,UIMPB21302,33,MELAYU,FEMALE,BEKERJA SEPENUH MASA,RHB BANK,"PROFESSIONAL, SCIENTIFIC, AND TECHNICAL ACTIVITIES",SELANGOR,340,MASTER EKSEKUTIF PENGURUSAN PERNIAGAAN,4000.00,ONLINE,7997,MASTER,30-39,33.0
2024,UIMPB21303,33,MELAYU,MALE,BEKERJA SEPENUH MASA,BEAT DISTRIBUTIONS SDN BHD,"PROFESSIONAL, SCIENTIFIC, AND TECHNICAL ACTIVITIES",SELANGOR,340,MASTER EKSEKUTIF PENGURUSAN PERNIAGAAN,2400.00,ONLINE,8833,MASTER,30-39,33.0
2024,UMCS22201,46,MELAYU,MALE,BEKERJA SEPENUH MASA,INFOMINA BERHAD,OTHER,SELANGOR,560,MASTER EKSEKUTIF TEKNOLOGI KESELAMATAN SIBER,12200.00,ONLINE,7184,MASTER,40-49,46.0
2024,UMCS22203,43,INDIA,MALE,BEKERJA SEPENUH MASA,AIA BERHAD,OTHER,SELANGOR,560,MASTER EKSEKUTIF TEKNOLOGI KESELAMATAN SIBER,13650.00,ONLINE,7340,MASTER,40-49,43.0
2024,UMCS22204,47,INDIA,MALE,BEKERJA SEPENUH MASA,ASTRO MEASAT BROADCAST NETWORK SYSTEMS SDN BHD,OTHER,SELANGOR,560,MASTER EKSEKUTIF TEKNOLOGI KESELAMATAN SIBER,5500.00,ONLINE,8466,MASTER,40-49,47.0
2024,UMCS22205,51,INDIA,MALE,BEKERJA/USAHAWAN/FREELANCE,RAMPC SYSTEM (M) SDN BHD,OTHER,SELANGOR,560,MASTER EKSEKUTIF TEKNOLOGI KESELAMATAN SIBER,5000.00,ONLINE,8987,MASTER,50-59,51.0
2024,UMCS22206,47,INDIA,MALE,BEKERJA SEPENUH MASA,YAKULT MALAYSIA,OTHER,SELANGOR,560,MASTER EKSEKUTIF TEKNOLOGI KESELAMATAN SIBER,12000.00,ONLINE,8450,MASTER,40-49,47.0
2024,UMCS22208,44,MELAYU,MALE,BEKERJA SEPENUH MASA,KOPERASI ANGKATAN TENTERA MALAYSIA BERHAD,OTHER,PUTRAJAYA,560,MASTER EKSEKUTIF TEKNOLOGI KESELAMATAN SIBER,10000.00,ONLINE,8229,MASTER,40-49,44.0
2024,UMCS22301,43,INDIA,MALE,BEKERJA SEPENUH MASA,ACCION LABS,OTHER,KUALA LUMPUR,560,MASTER EKSEKUTIF TEKNOLOGI KESELAMATAN SIBER,7000.00,ONLINE,8907,MASTER,40-49,43.0
2024,UMPB19311,37,TAMIL,MALE,BEKERJA SEPENUH MASA,MYDIN MOHAMED HOLDING BERHAD,"PROFESSIONAL, SCIENTIFIC, AND TECHNICAL ACTIVITIES",KUALA LUMPUR,340,MASTER EKSEKUTIF PENGURUSAN PERNIAGAAN,4770.00,ONLINE,8560,MASTER,30-39,37.0
2024,UMPB20127,31,MELAYU,FEMALE,BEKERJA SEPENUH MASA,BUJ TECHNOLOGY ENTEPRISE SDN BHD,"PROFESSIONAL, SCIENTIFIC, AND TECHNICAL ACTIVITIES",PAHANG,340,MASTER EKSEKUTIF PENGURUSAN PERNIAGAAN,1500.00,ONLINE,8884,MASTER,30-39,31.0
2024,UMPK19303,45,MELAYU,MALE,BEKERJA SEPENUH MASA,SBW SPECIALIST SDN BHD,MANUFACTURING,KUALA LUMPUR,396,MASTER EKSEKUTIF PENGURUSAN KEJURUTERAAN PEMBINAAN,5800.00,ONLINE,8507,MASTER,40-49,45.0
2024,UMPP20311,39,MELAYU,MALE,BEKERJA/USAHAWAN/FREELANCE,MK PLATITUDE SDN BHD,"PROFESSIONAL, SCIENTIFIC, AND TECHNICAL ACTIVITIES",KUALA LUMPUR,490,MASTER EKSEKUTIF PENGURUSAN PROJEK,15000.00,ONLINE,8512,MASTER,30-39,39.0
2024,WBPN17449,30,INDIA,FEMALE,BEKERJA SEPENUH MASA,HP MALAYSIA MANUFACTURING SDN BHD,"PROFESSIONAL, SCIENTIFIC, AND TECHNICAL ACTIVITIES",PERAK,431,BACELOR EKSEKUTIF PENGURUSAN PERNIAGAAN (PENGURUSAN OPERASI),2100.00,ONLINE,4007,BACELOR,30-39,30.0
2024,WBPN18108,36,IBAN/SEA DAYAK -SARAWAK,MALE,BEKERJA SEPENUH MASA,SALCRA SARAWAK,"PROFESSIONAL, SCIENTIFIC, AND TECHNICAL ACTIVITIES",SARAWAK,434,BACELOR EKSEKUTIF PENGURUSAN PERNIAGAAN (PENGURUSAN PERLADANGAN),3300.00,ONLINE,5234,BACELOR,30-39,36.0
2024,WBPN181116,35,INDIA,FEMALE,BEKERJA SEPENUH MASA,NR GROUP RESOURCES,"PROFESSIONAL, SCIENTIFIC, AND TECHNICAL ACTIVITIES",PERAK,432,BACELOR EKSEKUTIF PENGURUSAN PERNIAGAAN (PENGURUSAN SUMBER MANUSIA),1700.00,ONLINE,4842,BACELOR,30-39,35.0
2024,WBPN18202,41,MELAYU,MALE,BELUM/TIDAK BEKERJA,ASLI SCENT TRADING,"PROFESSIONAL, SCIENTIFIC, AND TECHNICAL ACTIVITIES",SELANGOR,431,BACELOR EKSEKUTIF PENGURUSAN PERNIAGAAN (PENGURUSAN OPERASI),1500.00,ONLINE,5639,BACELOR,40-49,41.0
2024,WBPN18235,31,IBAN/SEA DAYAK -SARAWAK,FEMALE,BEKERJA SEPENUH MASA,KONSORTIU BUMI CONSULTANTS AND SERVICES SDN BHD,"PROFESSIONAL, SCIENTIFIC, AND TECHNICAL ACTIVITIES",SARAWAK,432,BACELOR EKSEKUTIF PENGURUSAN PERNIAGAAN (PENGURUSAN SUMBER MANUSIA),2800.00,ONLINE,5330,BACELOR,30-39,31.0
2024,WBPN18291,46,MELAYU,FEMALE,BEKERJA SEPENUH MASA,MALAYAN BANKING BERHAD,"PROFESSIONAL, SCIENTIFIC, AND TECHNICAL ACTIVITIES",PERAK,432,BACELOR EKSEKUTIF PENGURUSAN PERNIAGAAN (PENGURUSAN SUMBER MANUSIA),6300.00,ONLINE,5059,BACELOR,40-49,46.0
2024,WBPN18317,57,MELAYU,MALE,BEKERJA SEPENUH MASA,BANK ISLAM MALAYSIA BERHAD,"PROFESSIONAL, SCIENTIFIC, AND TECHNICAL ACTIVITIES",SARAWAK,431,BACELOR EKSEKUTIF PENGURUSAN PERNIAGAAN (PENGURUSAN OPERASI),8555.00,ONLINE,4803,BACELOR,50-59,57.0
2024,WBPN18332,35,IBAN/SEA DAYAK -SARAWAK,MALE,BEKERJA SEPENUH MASA,RINWOOD PLANTATION KEMA,"PROFESSIONAL, SCIENTIFIC, AND TECHNICAL ACTIVITIES",SARAWAK,434,BACELOR EKSEKUTIF PENGURUSAN PERNIAGAAN (PENGURUSAN PERLADANGAN),3350.00,ONLINE,4956,BACELOR,30-39,35.0
2024,WBPN18357,27,INDIA,MALE,BEKERJA SEPENUH MASA,STEVEN TELE-WORLD CENTRE SDN BHD,"PROFESSIONAL, SCIENTIFIC, AND TECHNICAL ACTIVITIES",MELAKA,431,BACELOR EKSEKUTIF PENGURUSAN PERNIAGAAN (PENGURUSAN OPERASI),2000.00,ONLINE,4261,BACELOR,<29,27.0
2024,WBPN18363,43,MELAYU,MALE,BEKERJA SEPENUH MASA,SEALINK ENGINEERING & SLIPWAYS SDN. BHD.,"PROFESSIONAL, SCIENTIFIC, AND TECHNICAL ACTIVITIES",SARAWAK,433,BACELOR EKSEKUTIF PENGURUSAN PERNIAGAAN (OPERASI INDUSTRI),4000.00,ONLINE,5945,BACELOR,40-49,43.0
2024,WBPN18390,36,MELAYU,MALE,BEKERJA SEPENUH MASA,FEDERAL EXPRESS SERVICES (M) SDN BHD,"PROFESSIONAL, SCIENTIFIC, AND TECHNICAL ACTIVITIES",SELANGOR,433,BACELOR EKSEKUTIF PENGURUSAN PERNIAGAAN (OPERASI INDUSTRI),3363.00,ONLINE,5802,BACELOR,30-39,36.0
2024,WBPN18406,29,MELAYU,FEMALE,BEKERJA SEPENUH MASA,GIANT ACE SDN BHD,"PROFESSIONAL, SCIENTIFIC, AND TECHNICAL ACTIVITIES",SELANGOR,431,BACELOR EKSEKUTIF PENGURUSAN PERNIAGAAN (PENGURUSAN OPERASI),2125.00,ONLINE,5599,BACELOR,<29,29.0
2024,WBPN18434,40,IBAN/SEA DAYAK -SARAWAK,MALE,BEKERJA SEPENUH MASA,BINTULU LUMBER DEVELOPMENT SDN BHD,"PROFESSIONAL, SCIENTIFIC, AND TECHNICAL ACTIVITIES",SARAWAK,434,BACELOR EKSEKUTIF PENGURUSAN PERNIAGAAN (PENGURUSAN PERLADANGAN),3200.00,ONLINE,5849,BACELOR,40-49,40.0
2024,WBPN18448,38,TELEGU,MALE,BEKERJA SEPENUH MASA,BSL CONTAINER SDN BHD,"PROFESSIONAL, SCIENTIFIC, AND TECHNICAL ACTIVITIES",SELANGOR,431,BACELOR EKSEKUTIF PENGURUSAN PERNIAGAAN (PENGURUSAN OPERASI),4000.00,ONLINE,4796,BACELOR,30-39,38.0
2024,WBPN18454,40,BAJAU - SABAH,MALE,BEKERJA/USAHAWAN/FREELANCE,GEDAU SDN BHD,"PROFESSIONAL, SCIENTIFIC, AND TECHNICAL ACTIVITIES",SABAH,431,BACELOR EKSEKUTIF PENGURUSAN PERNIAGAAN (PENGURUSAN OPERASI),2860.00,ONLINE,4568,BACELOR,40-49,40.0
2024,WBPN191114,32,IBAN/SEA DAYAK -SARAWAK,FEMALE,BEKERJA SEPENUH MASA,EXPERT SECURITY SERVICES SDN BHD,"PROFESSIONAL, SCIENTIFIC, AND TECHNICAL ACTIVITIES",SARAWAK,432,BACELOR EKSEKUTIF PENGURUSAN PERNIAGAAN (PENGURUSAN SUMBER MANUSIA),1500.00,ONLINE,4739,BACELOR,30-39,32.0
2024,WBPN19225,32,INDIA,FEMALE,BEKERJA SEPENUH MASA,POLAR PUFFS PTE LTD,"PROFESSIONAL, SCIENTIFIC, AND TECHNICAL ACTIVITIES",JOHOR,431,BACELOR EKSEKUTIF PENGURUSAN PERNIAGAAN (PENGURUSAN OPERASI),3000.00,ONLINE,5808,BACELOR,30-39,32.0
2024,WBPN19256,30,TAMIL,FEMALE,BEKERJA/USAHAWAN/FREELANCE,NEW ERA AGENCY,"PROFESSIONAL, SCIENTIFIC, AND TECHNICAL ACTIVITIES",JOHOR,431,BACELOR EKSEKUTIF PENGURUSAN PERNIAGAAN (PENGURUSAN OPERASI),2880.00,ONLINE,5631,BACELOR,30-39,30.0
2024,WBPN19268,44,INDIA,MALE,BEKERJA SEPENUH MASA,SOUTHERN PERAK PLANTATION SDN BHD,"PROFESSIONAL, SCIENTIFIC, AND TECHNICAL ACTIVITIES",JOHOR,434,BACELOR EKSEKUTIF PENGURUSAN PERNIAGAAN (PENGURUSAN PERLADANGAN),3950.00,ONLINE,5507,BACELOR,40-49,44.0
2024,WBPN19308,38,INDIA,FEMALE,BEKERJA SEPENUH MASA,HANBAO BAO PTD.LTD,"PROFESSIONAL, SCIENTIFIC, AND TECHNICAL ACTIVITIES",JOHOR,432,BACELOR EKSEKUTIF PENGURUSAN PERNIAGAAN (PENGURUSAN SUMBER MANUSIA),7500.00,ONLINE,5677,BACELOR,30-39,38.0
2024,WBPN19314,43,MELAYU,MALE,BEKERJA/USAHAWAN/FREELANCE (SEPARA MASA),SENDIRI,"PROFESSIONAL, SCIENTIFIC, AND TECHNICAL ACTIVITIES",KEDAH,433,BACELOR EKSEKUTIF PENGURUSAN PERNIAGAAN (OPERASI INDUSTRI),3000.00,ONLINE,4168,BACELOR,40-49,43.0
2024,WBPN19326,42,MELAYU,MALE,BEKERJA SEPENUH MASA,I LEAD HOME TUTOR,"PROFESSIONAL, SCIENTIFIC, AND TECHNICAL ACTIVITIES",NEGERI SEMBILAN,431,BACELOR EKSEKUTIF PENGURUSAN PERNIAGAAN (PENGURUSAN OPERASI),3000.00,ONLINE,5316,BACELOR,40-49,42.0
2024,WBPN19329,40,INDIA,FEMALE,BEKERJA SEPENUH MASA,TANJONGMAS BOOKCENTRE,"PROFESSIONAL, SCIENTIFIC, AND TECHNICAL ACTIVITIES",SELANGOR,432,BACELOR EKSEKUTIF PENGURUSAN PERNIAGAAN (PENGURUSAN SUMBER MANUSIA),3400.00,ONLINE,4327,BACELOR,40-49,40.0
2024,WBPN19339,51,MELAYU,FEMALE,BEKERJA SEPENUH MASA,DHL SDN BHD,"PROFESSIONAL, SCIENTIFIC, AND TECHNICAL ACTIVITIES",PULAU PINANG,431,BACELOR EKSEKUTIF PENGURUSAN PERNIAGAAN (PENGURUSAN OPERASI),4200.00,ONLINE,4155,BACELOR,50-59,51.0
2024,WBPN19341,51,INDIA,MALE,BEKERJA/USAHAWAN/FREELANCE,MA&V ENTERPRISE,"PROFESSIONAL, SCIENTIFIC, AND TECHNICAL ACTIVITIES",NEGERI SEMBILAN,431,BACELOR EKSEKUTIF PENGURUSAN PERNIAGAAN (PENGURUSAN OPERASI),3000.00,ONLINE,5075,BACELOR,50-59,51.0
2024,WBPN19361,50,MELAYU,MALE,BEKERJA SEPENUH MASA,ASAGA CORPORATION SDN BHD,"PROFESSIONAL, SCIENTIFIC, AND TECHNICAL ACTIVITIES",NEGERI SEMBILAN,433,BACELOR EKSEKUTIF PENGURUSAN PERNIAGAAN (OPERASI INDUSTRI),12000.00,ONLINE,4216,BACELOR,50-59,50.0
2024,WBPN19403,40,INDIA,FEMALE,BEKERJA SEPENUH MASA,DANONE SPECIALIZED NUTRITION SDN BHD,"PROFESSIONAL, SCIENTIFIC, AND TECHNICAL ACTIVITIES",NEGERI SEMBILAN,431,BACELOR EKSEKUTIF PENGURUSAN PERNIAGAAN (PENGURUSAN OPERASI),3600.00,ONLINE,4523,BACELOR,40-49,40.0
2024,WBPN19439,33,NEGRITO-ORANG ASLI,MALE,BEKERJA SEPENUH MASA,SUSHI KING SDN BHD,"PROFESSIONAL, SCIENTIFIC, AND TECHNICAL ACTIVITIES",NEGERI SEMBILAN,432,BACELOR EKSEKUTIF PENGURUSAN PERNIAGAAN (PENGURUSAN SUMBER MANUSIA),1600.00,ONLINE,5192,BACELOR,30-39,33.0
2024,WBPN19453,40,MELAYU,FEMALE,BEKERJA SEPENUH MASA,JOHOR PLANTATIONS GROUP BERHAD - SINDORA PALM OIL MILL,"PROFESSIONAL, SCIENTIFIC, AND TECHNICAL ACTIVITIES",JOHOR,432,BACELOR EKSEKUTIF PENGURUSAN PERNIAGAAN (PENGURUSAN SUMBER MANUSIA),2260.00,ONLINE,5095,BACELOR,40-49,40.0
2024,WBPN20105,34,MELAYU,MALE,BEKERJA SEPENUH MASA,FARMBYTE SDN BHD,"PROFESSIONAL, SCIENTIFIC, AND TECHNICAL ACTIVITIES",SELANGOR,431,BACELOR EKSEKUTIF PENGURUSAN PERNIAGAAN (PENGURUSAN OPERASI),8000.00,ONLINE,5660,BACELOR,30-39,34.0
2024,WBPN201102,40,TAMIL,FEMALE,BEKERJA SEPENUH MASA,HARTALEGA,"PROFESSIONAL, SCIENTIFIC, AND TECHNICAL ACTIVITIES",SELANGOR,432,BACELOR EKSEKUTIF PENGURUSAN PERNIAGAAN (PENGURUSAN SUMBER MANUSIA),3414.00,ONLINE,4044,BACELOR,40-49,40.0
2024,WBPN20111,42,MELAYU,FEMALE,BEKERJA SEPENUH MASA,SWAN METALS PRODUCT SDN BHD,"PROFESSIONAL, SCIENTIFIC, AND TECHNICAL ACTIVITIES",JOHOR,432,BACELOR EKSEKUTIF PENGURUSAN PERNIAGAAN (PENGURUSAN SUMBER MANUSIA),4500.00,ONLINE,5762,BACELOR,40-49,42.0
2024,WBPN201114,33,MELAYU,FEMALE,BEKERJA SEPENUH MASA,RECRON (M) SDN BHD,"PROFESSIONAL, SCIENTIFIC, AND TECHNICAL ACTIVITIES",MELAKA,431,BACELOR EKSEKUTIF PENGURUSAN PERNIAGAAN (PENGURUSAN OPERASI),1600.00,ONLINE,4775,BACELOR,30-39,33.0
2024,WBPN20115,39,IBAN/SEA DAYAK -SARAWAK,MALE,BEKERJA SEPENUH MASA,KUMPULAN SAMA SDN BHD,"PROFESSIONAL, SCIENTIFIC, AND TECHNICAL ACTIVITIES",SARAWAK,434,BACELOR EKSEKUTIF PENGURUSAN PERNIAGAAN (PENGURUSAN PERLADANGAN),3500.00,ONLINE,4442,BACELOR,30-39,39.0
2024,WBPN20118,30,MURUT/LUN BAWANG - SARAWAK,FEMALE,BEKERJA SEPENUH MASA,KEMENA HOLDING,"PROFESSIONAL, SCIENTIFIC, AND TECHNICAL ACTIVITIES",SARAWAK,432,BACELOR EKSEKUTIF PENGURUSAN PERNIAGAAN (PENGURUSAN SUMBER MANUSIA),3300.00,ONLINE,5743,BACELOR,30-39,30.0
2024,WBPN20126,32,TAMIL,MALE,BELUM/TIDAK BEKERJA,VILLAGE HOTEL KATONG,"PROFESSIONAL, SCIENTIFIC, AND TECHNICAL ACTIVITIES",SELANGOR,431,BACELOR EKSEKUTIF PENGURUSAN PERNIAGAAN (PENGURUSAN OPERASI),2500.00,ONLINE,5232,BACELOR,30-39,32.0
2024,WBPN20162,51,KADAZAN-SABAH,MALE,BEKERJA SEPENUH MASA,SEDAFIAT SDN BHD,"PROFESSIONAL, SCIENTIFIC, AND TECHNICAL ACTIVITIES",SABAH,433,BACELOR EKSEKUTIF PENGURUSAN PERNIAGAAN (OPERASI INDUSTRI),4000.00,ONLINE,5186,BACELOR,50-59,51.0
2024,WBPN20168,31,MELAYU,MALE,BEKERJA SEPENUH MASA,TRADEWINDS PLANTATION BERHAD,"PROFESSIONAL, SCIENTIFIC, AND TECHNICAL ACTIVITIES",NEGERI SEMBILAN,434,BACELOR EKSEKUTIF PENGURUSAN PERNIAGAAN (PENGURUSAN PERLADANGAN),9162.00,ONLINE,4544,BACELOR,30-39,31.0
2024,WBPN20170,34,IBAN/SEA DAYAK -SARAWAK,FEMALE,BEKERJA SEPENUH MASA,PRIMASTEEL PRODUCTS (S) SDN BHD,"PROFESSIONAL, SCIENTIFIC, AND TECHNICAL ACTIVITIES",SARAWAK,431,BACELOR EKSEKUTIF PENGURUSAN PERNIAGAAN (PENGURUSAN OPERASI),2680.00,ONLINE,4887,BACELOR,30-39,34.0
2024,WBPN20180,34,MELAYU,MALE,BEKERJA SEPENUH MASA,TT DOTCOM SDN BHD,"PROFESSIONAL, SCIENTIFIC, AND TECHNICAL ACTIVITIES",SELANGOR,431,BACELOR EKSEKUTIF PENGURUSAN PERNIAGAAN (PENGURUSAN OPERASI),5300.00,ONLINE,5626,BACELOR,30-39,34.0
2024,WBPN20202,41,MELAYU,MALE,BEKERJA SEPENUH MASA,PERTUBUHAN PELADANG NEGERI JOHOR,"PROFESSIONAL, SCIENTIFIC, AND TECHNICAL ACTIVITIES",JOHOR,434,BACELOR EKSEKUTIF PENGURUSAN PERNIAGAAN (PENGURUSAN PERLADANGAN),2500.00,ONLINE,5270,BACELOR,40-49,41.0
2024,WBPN20204,47,MELAYU,FEMALE,BEKERJA SEPENUH MASA,PNE ELECTRIC SDN BHD,"PROFESSIONAL, SCIENTIFIC, AND TECHNICAL ACTIVITIES",JOHOR,432,BACELOR EKSEKUTIF PENGURUSAN PERNIAGAAN (PENGURUSAN SUMBER MANUSIA),5000.00,ONLINE,4397,BACELOR,40-49,47.0
2024,WBPN20226,40,MELAYU,FEMALE,BEKERJA SEPENUH MASA,PHARMASERV ALLIANCES SDN BHD,"PROFESSIONAL, SCIENTIFIC, AND TECHNICAL ACTIVITIES",SELANGOR,432,BACELOR EKSEKUTIF PENGURUSAN PERNIAGAAN (PENGURUSAN SUMBER MANUSIA),3500.00,ONLINE,5361,BACELOR,40-49,40.0
2024,WBPN20228,33,BINTULU-SARAWAK,FEMALE,BEKERJA SEPENUH MASA,BINTULU PORT,"PROFESSIONAL, SCIENTIFIC, AND TECHNICAL ACTIVITIES",SARAWAK,432,BACELOR EKSEKUTIF PENGURUSAN PERNIAGAAN (PENGURUSAN SUMBER MANUSIA),2200.00,ONLINE,4879,BACELOR,30-39,33.0
2024,WBPN20229,41,BIDAYUH/LAND DAYAK - SARAWAK,FEMALE,BEKERJA SEPENUH MASA,OMAR BIN EBRAHIM,"PROFESSIONAL, SCIENTIFIC, AND TECHNICAL ACTIVITIES",SARAWAK,431,BACELOR EKSEKUTIF PENGURUSAN PERNIAGAAN (PENGURUSAN OPERASI),2500.00,ONLINE,5632,BACELOR,40-49,41.0
2024,WBPN20236,30,INDONESIA,FEMALE,BEKERJA SEPENUH MASA,HONG LEONG BANK,"PROFESSIONAL, SCIENTIFIC, AND TECHNICAL ACTIVITIES",JOHOR,432,BACELOR EKSEKUTIF PENGURUSAN PERNIAGAAN (PENGURUSAN SUMBER MANUSIA),3300.00,ONLINE,5351,BACELOR,30-39,30.0
2024,WBPN20243,40,MURUT/LUN BAWANG - SARAWAK,FEMALE,BELUM/TIDAK BEKERJA,"KUMPULAN KRIS JATI SDN BHD, LADANG INTAN","PROFESSIONAL, SCIENTIFIC, AND TECHNICAL ACTIVITIES",SARAWAK,432,BACELOR EKSEKUTIF PENGURUSAN PERNIAGAAN (PENGURUSAN SUMBER MANUSIA),2082.00,ONLINE,4720,BACELOR,40-49,40.0
2024,WBPN20292,38,MELAYU,FEMALE,BEKERJA SEPENUH MASA,MEXAJATI SDN BHD,"PROFESSIONAL, SCIENTIFIC, AND TECHNICAL ACTIVITIES",SARAWAK,431,BACELOR EKSEKUTIF PENGURUSAN PERNIAGAAN (PENGURUSAN OPERASI),5000.00,ONLINE,5314,BACELOR,30-39,38.0
2024,WBPN20313,35,INDIA,MALE,BEKERJA SEPENUH MASA,HOSPITAL CVSKL,"PROFESSIONAL, SCIENTIFIC, AND TECHNICAL ACTIVITIES",SELANGOR,431,BACELOR EKSEKUTIF PENGURUSAN PERNIAGAAN (PENGURUSAN OPERASI),3100.00,ONLINE,4745,BACELOR,30-39,35.0
2024,WBPN20316,33,DUSUN-SABAH,MALE,BEKERJA SEPENUH MASA,GOLAR LNG,"PROFESSIONAL, SCIENTIFIC, AND TECHNICAL ACTIVITIES",SABAH,433,BACELOR EKSEKUTIF PENGURUSAN PERNIAGAAN (OPERASI INDUSTRI),15000.00,ONLINE,5422,BACELOR,30-39,33.0
2024,WBPN20331,54,SUNGAI-SABAH,FEMALE,BEKERJA/USAHAWAN/FREELANCE,SUNGEI WARISAN,"PROFESSIONAL, SCIENTIFIC, AND TECHNICAL ACTIVITIES",SABAH,434,BACELOR EKSEKUTIF PENGURUSAN PERNIAGAAN (PENGURUSAN PERLADANGAN),10000.00,ONLINE,5839,BACELOR,50-59,54.0
2024,WBPN20348,38,IBAN/SEA DAYAK -SARAWAK,MALE,BEKERJA SEPENUH MASA,CHUN YANG CONSTRUCTION SDN BHD,"PROFESSIONAL, SCIENTIFIC, AND TECHNICAL ACTIVITIES",SARAWAK,431,BACELOR EKSEKUTIF PENGURUSAN PERNIAGAAN (PENGURUSAN OPERASI),9000.00,ONLINE,5067,BACELOR,30-39,38.0
2024,WBPN20401,38,KENYAH-SARAWAK,FEMALE,BEKERJA SEPENUH MASA,THE MOTORSHIP SDN BHD,"PROFESSIONAL, SCIENTIFIC, AND TECHNICAL ACTIVITIES",SARAWAK,433,BACELOR EKSEKUTIF PENGURUSAN PERNIAGAAN (OPERASI INDUSTRI),3500.00,ONLINE,5261,BACELOR,30-39,38.0
2024,WBPN20408,38,INDIA,MALE,BEKERJA SEPENUH MASA,TOKU PTE LTD,"PROFESSIONAL, SCIENTIFIC, AND TECHNICAL ACTIVITIES",SELANGOR,433,BACELOR EKSEKUTIF PENGURUSAN PERNIAGAAN (OPERASI INDUSTRI),12500.00,ONLINE,4152,BACELOR,30-39,38.0
2024,WBPN20430,27,INDIA,MALE,BEKERJA/USAHAWAN/FREELANCE,DOMINAT OPT TECHNOLOGY,"PROFESSIONAL, SCIENTIFIC, AND TECHNICAL ACTIVITIES",NEGERI SEMBILAN,433,BACELOR EKSEKUTIF PENGURUSAN PERNIAGAAN (OPERASI INDUSTRI),1950.00,ONLINE,4209,BACELOR,<29,27.0
2024,WBPN20439,34,IBAN/SEA DAYAK -SARAWAK,FEMALE,BEKERJA SEPENUH MASA,JIMISAR AUTOMOTIVE SDN.BHD (BINTULU),"PROFESSIONAL, SCIENTIFIC, AND TECHNICAL ACTIVITIES",SARAWAK,432,BACELOR EKSEKUTIF PENGURUSAN PERNIAGAAN (PENGURUSAN SUMBER MANUSIA),1700.00,ONLINE,4628,BACELOR,30-39,34.0
2024,WBPN20456,43,KENYAH-SARAWAK,MALE,BEKERJA SEPENUH MASA,RESERVOIR LINK ENERGY SDN BHD,"PROFESSIONAL, SCIENTIFIC, AND TECHNICAL ACTIVITIES",SARAWAK,433,BACELOR EKSEKUTIF PENGURUSAN PERNIAGAAN (OPERASI INDUSTRI),5500.00,ONLINE,4885,BACELOR,40-49,43.0
2024,WBPN20463,45,MELAYU,MALE,BEKERJA SEPENUH MASA,OCBC BANK (MALAYSIA) BERHAD,"PROFESSIONAL, SCIENTIFIC, AND TECHNICAL ACTIVITIES",KUALA LUMPUR,431,BACELOR EKSEKUTIF PENGURUSAN PERNIAGAAN (PENGURUSAN OPERASI),7800.00,ONLINE,4216,BACELOR,40-49,45.0
2024,WBPN20464,39,BIDAYUH/LAND DAYAK - SARAWAK,MALE,BEKERJA SEPENUH MASA,SARAWAK SHELL BERHAD,"PROFESSIONAL, SCIENTIFIC, AND TECHNICAL ACTIVITIES",SARAWAK,433,BACELOR EKSEKUTIF PENGURUSAN PERNIAGAAN (OPERASI INDUSTRI),18000.00,ONLINE,4891,BACELOR,30-39,39.0
2024,WBPN20466,31,CANTONESE,FEMALE,BEKERJA SEPENUH MASA,LAKU MANAGEMENT SDN BHD,"PROFESSIONAL, SCIENTIFIC, AND TECHNICAL ACTIVITIES",SARAWAK,431,BACELOR EKSEKUTIF PENGURUSAN PERNIAGAAN (PENGURUSAN OPERASI),1700.00,ONLINE,5342,BACELOR,30-39,31.0
2024,WBPN20471,34,MELAYU,MALE,BEKERJA/USAHAWAN/FREELANCE,BEYOND HORIZON TECHNILOGIES SDN BHD,"PROFESSIONAL, SCIENTIFIC, AND TECHNICAL ACTIVITIES",SELANGOR,431,BACELOR EKSEKUTIF PENGURUSAN PERNIAGAAN (PENGURUSAN OPERASI),5500.00,ONLINE,4678,BACELOR,30-39,34.0
2024,WBPN20472,34,KADAZAN-SABAH,MALE,BEKERJA SEPENUH MASA,KEBABANGAN PETROLEUM OPERATING COMPANY,"PROFESSIONAL, SCIENTIFIC, AND TECHNICAL ACTIVITIES",SABAH,433,BACELOR EKSEKUTIF PENGURUSAN PERNIAGAAN (OPERASI INDUSTRI),9000.00,ONLINE,4853,BACELOR,30-39,34.0
2024,WBPN20475,50,DUSUN-SABAH,MALE,BEKERJA SEPENUH MASA,G-MART BORNEO RETAIL SDN BHD,"PROFESSIONAL, SCIENTIFIC, AND TECHNICAL ACTIVITIES",SABAH,431,BACELOR EKSEKUTIF PENGURUSAN PERNIAGAAN (PENGURUSAN OPERASI),4000.00,ONLINE,5135,BACELOR,50-59,50.0
2024,WBPN20494,38,INDIA,FEMALE,BEKERJA SEPENUH MASA,LIFTECH ENGINEERING (K.L) SDN.BHD.,"PROFESSIONAL, SCIENTIFIC, AND TECHNICAL ACTIVITIES",SELANGOR,432,BACELOR EKSEKUTIF PENGURUSAN PERNIAGAAN (PENGURUSAN SUMBER MANUSIA),7100.00,ONLINE,5149,BACELOR,30-39,38.0
2024,WBPN20496,55,MELAYU,MALE,BEKERJA SEPENUH MASA,PENGERANG REFINING COMPANY SDN BHD AND PENGERANG PETROCHEMICAL COMPANY SDN BHD (PREFCHEM),"PROFESSIONAL, SCIENTIFIC, AND TECHNICAL ACTIVITIES",JOHOR,431,BACELOR EKSEKUTIF PENGURUSAN PERNIAGAAN (PENGURUSAN OPERASI),15000.00,ONLINE,5675,BACELOR,50-59,55.0
2024,WBPN21103,35,INDIA,MALE,BEKERJA SEPENUH MASA,"SATAIR PTE LTD, SINGAPORE","PROFESSIONAL, SCIENTIFIC, AND TECHNICAL ACTIVITIES",SELANGOR,431,BACELOR EKSEKUTIF PENGURUSAN PERNIAGAAN (PENGURUSAN OPERASI),9000.00,ONLINE,4274,BACELOR,30-39,35.0
2024,WBPN21107,38,MELAYU,FEMALE,BEKERJA SEPENUH MASA,CIMB BANK BERHAD,"PROFESSIONAL, SCIENTIFIC, AND TECHNICAL ACTIVITIES",JOHOR,431,BACELOR EKSEKUTIF PENGURUSAN PERNIAGAAN (PENGURUSAN OPERASI),8000.00,ONLINE,4261,BACELOR,30-39,38.0
2024,WBPN21110,44,MELAYU,FEMALE,BEKERJA SEPENUH MASA,KUMIKREATIF SERVICES,"PROFESSIONAL, SCIENTIFIC, AND TECHNICAL ACTIVITIES",MELAKA,431,BACELOR EKSEKUTIF PENGURUSAN PERNIAGAAN (PENGURUSAN OPERASI),3000.00,ONLINE,5883,BACELOR,40-49,44.0
2024,WBPN211101,39,MELAYU,FEMALE,BEKERJA/USAHAWAN/FREELANCE,PEMBINAAN EMAS JAYA,"PROFESSIONAL, SCIENTIFIC, AND TECHNICAL ACTIVITIES",JOHOR,431,BACELOR EKSEKUTIF PENGURUSAN PERNIAGAAN (PENGURUSAN OPERASI),2000.00,ONLINE,5563,BACELOR,30-39,39.0
2024,WBPN211110,36,INDIA,MALE,BEKERJA SEPENUH MASA,SIMPAI COMPLEX,"PROFESSIONAL, SCIENTIFIC, AND TECHNICAL ACTIVITIES",JOHOR,434,BACELOR EKSEKUTIF PENGURUSAN PERNIAGAAN (PENGURUSAN PERLADANGAN),2500.00,ONLINE,5792,BACELOR,30-39,36.0
2024,WBPN211115,40,BUGIS,MALE,BEKERJA SEPENUH MASA,SAWIT KINABALU SDN BHD,"PROFESSIONAL, SCIENTIFIC, AND TECHNICAL ACTIVITIES",SABAH,434,BACELOR EKSEKUTIF PENGURUSAN PERNIAGAAN (PENGURUSAN PERLADANGAN),2500.00,ONLINE,5401,BACELOR,40-49,40.0
2024,WBPN211127,26,INDIA,FEMALE,BEKERJA SEPENUH MASA,DHL EXPRESS (M) SDN.BHD,"PROFESSIONAL, SCIENTIFIC, AND TECHNICAL ACTIVITIES",SELANGOR,432,BACELOR EKSEKUTIF PENGURUSAN PERNIAGAAN (PENGURUSAN SUMBER MANUSIA),3200.00,ONLINE,5184,BACELOR,<29,26.0
2024,WBPN211138,44,MELAYU,MALE,BEKERJA SEPENUH MASA,ARAMIJAYA AGRI & AGRO SDN BHD,"PROFESSIONAL, SCIENTIFIC, AND TECHNICAL ACTIVITIES",JOHOR,434,BACELOR EKSEKUTIF PENGURUSAN PERNIAGAAN (PENGURUSAN PERLADANGAN),6500.00,ONLINE,4951,BACELOR,40-49,44.0
2024,WBPN211139,27,INDIA,FEMALE,BEKERJA SEPENUH MASA,BYTEDANCE INC,"PROFESSIONAL, SCIENTIFIC, AND TECHNICAL ACTIVITIES",SELANGOR,431,BACELOR EKSEKUTIF PENGURUSAN PERNIAGAAN (PENGURUSAN OPERASI),3000.00,ONLINE,5254,BACELOR,<29,27.0
2024,WBPN21117,31,INDIA,MALE,BEKERJA SEPENUH MASA,WESTPORTS MALAYSIA,"PROFESSIONAL, SCIENTIFIC, AND TECHNICAL ACTIVITIES",SELANGOR,431,BACELOR EKSEKUTIF PENGURUSAN PERNIAGAAN (PENGURUSAN OPERASI),2000.00,ONLINE,5979,BACELOR,30-39,31.0
2024,WBPN21120,51,MELAYU,FEMALE,BEKERJA SEPENUH MASA,CONVENE MALAYSIA SDN BHD,"PROFESSIONAL, SCIENTIFIC, AND TECHNICAL ACTIVITIES",SELANGOR,432,BACELOR EKSEKUTIF PENGURUSAN PERNIAGAAN (PENGURUSAN SUMBER MANUSIA),6000.00,ONLINE,4662,BACELOR,50-59,51.0
2024,WBPN21121,41,INDIA,MALE,BEKERJA SEPENUH MASA,J.P MORGAN CHASE BANK BERHAD,"PROFESSIONAL, SCIENTIFIC, AND TECHNICAL ACTIVITIES",NEGERI SEMBILAN,432,BACELOR EKSEKUTIF PENGURUSAN PERNIAGAAN (PENGURUSAN SUMBER MANUSIA),6000.00,ONLINE,5426,BACELOR,40-49,41.0
2024,WBPN21136,30,INDIA,MALE,BEKERJA SEPENUH MASA,ACCESS GOC MALAYSIA SDN.BHD,"PROFESSIONAL, SCIENTIFIC, AND TECHNICAL ACTIVITIES",SELANGOR,431,BACELOR EKSEKUTIF PENGURUSAN PERNIAGAAN (PENGURUSAN OPERASI),11000.00,ONLINE,4908,BACELOR,30-39,30.0
2024,WBPN21140,35,MELAYU,FEMALE,BEKERJA SEPENUH MASA,TECK LEONG COFFEE & TEA MERCHANT (M) SDN BHD,"PROFESSIONAL, SCIENTIFIC, AND TECHNICAL ACTIVITIES",MELAKA,431,BACELOR EKSEKUTIF PENGURUSAN PERNIAGAAN (PENGURUSAN OPERASI),2700.00,ONLINE,4735,BACELOR,30-39,35.0
2024,WBPN21150,49,BIDAYUH/LAND DAYAK - SARAWAK,MALE,BEKERJA SEPENUH MASA,AGENSI PENGUATKUASAAN MARITIM MALAYSIA,"PROFESSIONAL, SCIENTIFIC, AND TECHNICAL ACTIVITIES",SARAWAK,434,BACELOR EKSEKUTIF PENGURUSAN PERNIAGAAN (PENGURUSAN PERLADANGAN),4684.00,ONLINE,5537,BACELOR,40-49,49.0
2024,WBPN21160,42,HOKKIEN,FEMALE,BEKERJA SEPENUH MASA,WTK SERVICE & WAREHOUSING SDN BHD,"PROFESSIONAL, SCIENTIFIC, AND TECHNICAL ACTIVITIES",SARAWAK,431,BACELOR EKSEKUTIF PENGURUSAN PERNIAGAAN (PENGURUSAN OPERASI),1971.00,ONLINE,5837,BACELOR,40-49,42.0
2024,WBPN21166,34,INDIA,MALE,BEKERJA SEPENUH MASA,GOODWOOD HOTEL SDN BHD,"PROFESSIONAL, SCIENTIFIC, AND TECHNICAL ACTIVITIES",PERAK,431,BACELOR EKSEKUTIF PENGURUSAN PERNIAGAAN (PENGURUSAN OPERASI),9200.00,ONLINE,5814,BACELOR,30-39,34.0
2024,WBPN21172,47,INDIA,FEMALE,BEKERJA SEPENUH MASA,AIG ASIA PACIFIC INSURANCE PTE LTD,"PROFESSIONAL, SCIENTIFIC, AND TECHNICAL ACTIVITIES",JOHOR,431,BACELOR EKSEKUTIF PENGURUSAN PERNIAGAAN (PENGURUSAN OPERASI),10000.00,ONLINE,5257,BACELOR,40-49,47.0
2024,WBPN21185,30,INDIA,MALE,BEKERJA SEPENUH MASA,TIPPSY ENTERPRISE,"PROFESSIONAL, SCIENTIFIC, AND TECHNICAL ACTIVITIES",SELANGOR,431,BACELOR EKSEKUTIF PENGURUSAN PERNIAGAAN (PENGURUSAN OPERASI),3700.00,ONLINE,4038,BACELOR,30-39,30.0
2024,WBPN21190,33,INDIA,MALE,BEKERJA SEPENUH MASA,RED CONTACT SDN BHD,"PROFESSIONAL, SCIENTIFIC, AND TECHNICAL ACTIVITIES",SELANGOR,432,BACELOR EKSEKUTIF PENGURUSAN PERNIAGAAN (PENGURUSAN SUMBER MANUSIA),4250.00,ONLINE,4287,BACELOR,30-39,33.0
2024,WBPN21199,47,MELAYU,MALE,BEKERJA SEPENUH MASA,UNITED FMO PTD LTD,"PROFESSIONAL, SCIENTIFIC, AND TECHNICAL ACTIVITIES",JOHOR,431,BACELOR EKSEKUTIF PENGURUSAN PERNIAGAAN (PENGURUSAN OPERASI),4000.00,ONLINE,4137,BACELOR,40-49,47.0
2024,WBPN21208,43,INDIA,MALE,BEKERJA SEPENUH MASA,CENTRAL MEDICARE SDN BHD,"PROFESSIONAL, SCIENTIFIC, AND TECHNICAL ACTIVITIES",PERAK,431,BACELOR EKSEKUTIF PENGURUSAN PERNIAGAAN (PENGURUSAN OPERASI),8000.00,ONLINE,5882,BACELOR,40-49,43.0
2024,WBPN21216,39,MELAYU,MALE,BEKERJA SEPENUH MASA,CARING PHARMACY RETAIL MANAGEMENT SDN BHD,"PROFESSIONAL, SCIENTIFIC, AND TECHNICAL ACTIVITIES",SELANGOR,431,BACELOR EKSEKUTIF PENGURUSAN PERNIAGAAN (PENGURUSAN OPERASI),5550.00,ONLINE,5710,BACELOR,30-39,39.0
2024,WBPN21218,25,INDIA,FEMALE,BEKERJA SEPENUH MASA,ON SEMICONDUCTOR,"PROFESSIONAL, SCIENTIFIC, AND TECHNICAL ACTIVITIES",NEGERI SEMBILAN,431,BACELOR EKSEKUTIF PENGURUSAN PERNIAGAAN (PENGURUSAN OPERASI),1500.00,ONLINE,5403,BACELOR,<29,25.0
2024,WBPN21227,55,HOKKIEN,MALE,BEKERJA SEPENUH MASA,WISMA MERDEKA MANAGEMENT CORPORATION,"PROFESSIONAL, SCIENTIFIC, AND TECHNICAL ACTIVITIES",SABAH,433,BACELOR EKSEKUTIF PENGURUSAN PERNIAGAAN (OPERASI INDUSTRI),7100.00,ONLINE,5191,BACELOR,50-59,55.0
2024,WBPN21239,32,MURUT/LUN BAWANG - SARAWAK,FEMALE,BEKERJA SEPENUH MASA,MAYBELL SDN BHD,"PROFESSIONAL, SCIENTIFIC, AND TECHNICAL ACTIVITIES",SARAWAK,432,BACELOR EKSEKUTIF PENGURUSAN PERNIAGAAN (PENGURUSAN SUMBER MANUSIA),2550.00,ONLINE,5564,BACELOR,30-39,32.0
2024,WBPN21250,30,MELAYU,FEMALE,BEKERJA SEPENUH MASA,MALAYSIA AUTOMOTIVE ROBOTICS & IOT INSTITUTE,"PROFESSIONAL, SCIENTIFIC, AND TECHNICAL ACTIVITIES",TERENGGANU,432,BACELOR EKSEKUTIF PENGURUSAN PERNIAGAAN (PENGURUSAN SUMBER MANUSIA),1590.00,ONLINE,4842,BACELOR,30-39,30.0
2024,WBPN21251,44,FOOCHOW,FEMALE,BEKERJA SEPENUH MASA,SHIN YANG SHIPPING SDN BHD,"PROFESSIONAL, SCIENTIFIC, AND TECHNICAL ACTIVITIES",SARAWAK,432,BACELOR EKSEKUTIF PENGURUSAN PERNIAGAAN (PENGURUSAN SUMBER MANUSIA),4500.00,ONLINE,4223,BACELOR,40-49,44.0
2024,WBPN21261,54,DUSUN-SABAH,MALE,BEKERJA SEPENUH MASA,YAYASAN USAHA MAJU,"PROFESSIONAL, SCIENTIFIC, AND TECHNICAL ACTIVITIES",SABAH,432,BACELOR EKSEKUTIF PENGURUSAN PERNIAGAAN (PENGURUSAN SUMBER MANUSIA),4500.00,ONLINE,5909,BACELOR,50-59,54.0
2024,WBPN21268,44,MELAYU,FEMALE,BEKERJA SEPENUH MASA,BOSTON SCIENTIFIC INTERNATIONAL SDN BHD,"PROFESSIONAL, SCIENTIFIC, AND TECHNICAL ACTIVITIES",PULAU PINANG,432,BACELOR EKSEKUTIF PENGURUSAN PERNIAGAAN (PENGURUSAN SUMBER MANUSIA),6100.00,ONLINE,5770,BACELOR,40-49,44.0
2024,WBPN21272,37,MELAYU,MALE,BEKERJA SEPENUH MASA,LAUNDRY CARE SDN BHD,"PROFESSIONAL, SCIENTIFIC, AND TECHNICAL ACTIVITIES",SELANGOR,432,BACELOR EKSEKUTIF PENGURUSAN PERNIAGAAN (PENGURUSAN SUMBER MANUSIA),5800.00,ONLINE,5949,BACELOR,30-39,37.0
2024,WBPN21281,28,INDIA,FEMALE,BEKERJA SEPENUH MASA,BDP INTERNATION SDN BHD,"PROFESSIONAL, SCIENTIFIC, AND TECHNICAL ACTIVITIES",PERAK,431,BACELOR EKSEKUTIF PENGURUSAN PERNIAGAAN (PENGURUSAN OPERASI),2300.00,ONLINE,5850,BACELOR,<29,28.0
2024,WBPN213101,45,MELAYU,MALE,BEKERJA SEPENUH MASA,DUBAIZ UNITED BERHAD,"PROFESSIONAL, SCIENTIFIC, AND TECHNICAL ACTIVITIES",KELANTAN,431,BACELOR EKSEKUTIF PENGURUSAN PERNIAGAAN (PENGURUSAN OPERASI),10000.00,ONLINE,5306,BACELOR,40-49,45.0
2024,WBPN213106,34,MELAYU,MALE,BEKERJA SEPENUH MASA,RISDA ESTATE SDN BHD,"PROFESSIONAL, SCIENTIFIC, AND TECHNICAL ACTIVITIES",JOHOR,434,BACELOR EKSEKUTIF PENGURUSAN PERNIAGAAN (PENGURUSAN PERLADANGAN),3856.00,ONLINE,4234,BACELOR,30-39,34.0
2024,WBPN21329,29,SINO-NATIVE-SABAH,MALE,BEKERJA SEPENUH MASA,CHEMSAIN KONSULTANT SDN BHD,"PROFESSIONAL, SCIENTIFIC, AND TECHNICAL ACTIVITIES",SABAH,433,BACELOR EKSEKUTIF PENGURUSAN PERNIAGAAN (OPERASI INDUSTRI),3000.00,ONLINE,5671,BACELOR,<29,29.0
2024,WBPN21331,34,KENYAH-SARAWAK,MALE,BEKERJA SEPENUH MASA,MUBADALA ENERGY,"PROFESSIONAL, SCIENTIFIC, AND TECHNICAL ACTIVITIES",SARAWAK,433,BACELOR EKSEKUTIF PENGURUSAN PERNIAGAAN (OPERASI INDUSTRI),9999.00,ONLINE,5261,BACELOR,30-39,34.0
2024,WBPN21336,37,IBAN/SEA DAYAK -SARAWAK,MALE,BEKERJA SEPENUH MASA,KONSORTIUM BUMI CONSULTANTS & SERVICES SDN. BHD.,"PROFESSIONAL, SCIENTIFIC, AND TECHNICAL ACTIVITIES",SARAWAK,433,BACELOR EKSEKUTIF PENGURUSAN PERNIAGAAN (OPERASI INDUSTRI),4800.00,ONLINE,5827,BACELOR,30-39,37.0
2024,WBPN21337,29,MELAYU,FEMALE,BEKERJA SEPENUH MASA,SARAWAK METRO SDN BHD,"PROFESSIONAL, SCIENTIFIC, AND TECHNICAL ACTIVITIES",SARAWAK,431,BACELOR EKSEKUTIF PENGURUSAN PERNIAGAAN (PENGURUSAN OPERASI),2500.00,ONLINE,4470,BACELOR,<29,29.0
2024,WBPN21341,41,INDIA,FEMALE,BEKERJA SEPENUH MASA,SOTECO INTERNATIONAL PTE LTD,"PROFESSIONAL, SCIENTIFIC, AND TECHNICAL ACTIVITIES",JOHOR,431,BACELOR EKSEKUTIF PENGURUSAN PERNIAGAAN (PENGURUSAN OPERASI),8000.00,ONLINE,4180,BACELOR,40-49,41.0
2024,WBPN21351,39,MELAYU,FEMALE,BEKERJA SEPENUH MASA,AUTO TRANCE SERVICES SDN BHD,"PROFESSIONAL, SCIENTIFIC, AND TECHNICAL ACTIVITIES",SELANGOR,431,BACELOR EKSEKUTIF PENGURUSAN PERNIAGAAN (PENGURUSAN OPERASI),4000.00,ONLINE,4887,BACELOR,30-39,39.0
2024,WBPN21358,34,MELAYU,MALE,BEKERJA SEPENUH MASA,CYCLE & CARRIAGE BINTANG BHD BATU CAVES,"PROFESSIONAL, SCIENTIFIC, AND TECHNICAL ACTIVITIES",TERENGGANU,431,BACELOR EKSEKUTIF PENGURUSAN PERNIAGAAN (PENGURUSAN OPERASI),4500.00,ONLINE,4664,BACELOR,30-39,34.0
2024,WBPN21362,42,MELAYU,FEMALE,BEKERJA SEPENUH MASA,SARAWAK ENERGY BERHAD,"PROFESSIONAL, SCIENTIFIC, AND TECHNICAL ACTIVITIES",SARAWAK,431,BACELOR EKSEKUTIF PENGURUSAN PERNIAGAAN (PENGURUSAN OPERASI),2767.00,ONLINE,4727,BACELOR,40-49,42.0
2024,WBPN21364,37,INDIA,MALE,BEKERJA SEPENUH MASA,HSBC,"PROFESSIONAL, SCIENTIFIC, AND TECHNICAL ACTIVITIES",SELANGOR,431,BACELOR EKSEKUTIF PENGURUSAN PERNIAGAAN (PENGURUSAN OPERASI),13000.00,ONLINE,5185,BACELOR,30-39,37.0
2024,WBPN21368,38,MELANAU-SARAWAK,MALE,BEKERJA SEPENUH MASA,SAMALAJU INDUSTRIAL PORT SDN. BHD,"PROFESSIONAL, SCIENTIFIC, AND TECHNICAL ACTIVITIES",SARAWAK,433,BACELOR EKSEKUTIF PENGURUSAN PERNIAGAAN (OPERASI INDUSTRI),3500.00,ONLINE,5899,BACELOR,30-39,38.0
2024,WBPN21388,40,INDIA,MALE,BEKERJA SEPENUH MASA,SANTA GRAND HOSPITALITY SDN . BHD,"PROFESSIONAL, SCIENTIFIC, AND TECHNICAL ACTIVITIES",SELANGOR,431,BACELOR EKSEKUTIF PENGURUSAN PERNIAGAAN (PENGURUSAN OPERASI),5550.00,ONLINE,4245,BACELOR,40-49,40.0
2024,WBPN21392,26,MELAYU,FEMALE,BEKERJA SEPENUH MASA,PERODUA,"PROFESSIONAL, SCIENTIFIC, AND TECHNICAL ACTIVITIES",JOHOR,431,BACELOR EKSEKUTIF PENGURUSAN PERNIAGAAN (PENGURUSAN OPERASI),3000.00,ONLINE,4435,BACELOR,<29,26.0
2024,WBPN21396,51,BRUNEI-SABAH,MALE,BEKERJA SEPENUH MASA,FRESH LINEN (S) SDN BHD,"PROFESSIONAL, SCIENTIFIC, AND TECHNICAL ACTIVITIES",SABAH,433,BACELOR EKSEKUTIF PENGURUSAN PERNIAGAAN (OPERASI INDUSTRI),3500.00,ONLINE,4084,BACELOR,50-59,51.0
2024,WBPN21403,49,MELAYU,MALE,BEKERJA SEPENUH MASA,PALM ARMADA RESOURCES,"PROFESSIONAL, SCIENTIFIC, AND TECHNICAL ACTIVITIES",JOHOR,431,BACELOR EKSEKUTIF PENGURUSAN PERNIAGAAN (PENGURUSAN OPERASI),5700.00,ONLINE,5049,BACELOR,40-49,49.0
2024,WBPN21408,31,PUNJABI,FEMALE,BEKERJA SEPENUH MASA,KALVINDERS CREATION,"PROFESSIONAL, SCIENTIFIC, AND TECHNICAL ACTIVITIES",KUALA LUMPUR,431,BACELOR EKSEKUTIF PENGURUSAN PERNIAGAAN (PENGURUSAN OPERASI),2500.00,ONLINE,4956,BACELOR,30-39,31.0
2024,WBPN21414,37,MELANAU-SARAWAK,MALE,BEKERJA SEPENUH MASA,EDUSAR RESOURCES SDN.BHD.,"PROFESSIONAL, SCIENTIFIC, AND TECHNICAL ACTIVITIES",SARAWAK,431,BACELOR EKSEKUTIF PENGURUSAN PERNIAGAAN (PENGURUSAN OPERASI),3000.00,ONLINE,4609,BACELOR,30-39,37.0
2024,WBPN21416,39,MELAYU,MALE,BEKERJA SEPENUH MASA,QATAR AIRWAYS,"PROFESSIONAL, SCIENTIFIC, AND TECHNICAL ACTIVITIES",SELANGOR,431,BACELOR EKSEKUTIF PENGURUSAN PERNIAGAAN (PENGURUSAN OPERASI),50000.00,ONLINE,4313,BACELOR,30-39,39.0
2024,WBPN21433,30,INDIA,MALE,BEKERJA SEPARA MASA,LALAMOVE,"PROFESSIONAL, SCIENTIFIC, AND TECHNICAL ACTIVITIES",SELANGOR,433,BACELOR EKSEKUTIF PENGURUSAN PERNIAGAAN (OPERASI INDUSTRI),1600.00,ONLINE,4437,BACELOR,30-39,30.0
2024,WBPN21434,29,DUSUN-SABAH,MALE,BEKERJA SEPENUH MASA,SABAH ELECTRICITY SDN BHD,"PROFESSIONAL, SCIENTIFIC, AND TECHNICAL ACTIVITIES",SABAH,432,BACELOR EKSEKUTIF PENGURUSAN PERNIAGAAN (PENGURUSAN SUMBER MANUSIA),2600.00,ONLINE,5808,BACELOR,<29,29.0
2024,WBPN21446,38,IBAN/SEA DAYAK -SARAWAK,MALE,BEKERJA SEPENUH MASA,LEMBAGA PENYATUAN DAN PEMULIHAN TANAH SARAWAK,"PROFESSIONAL, SCIENTIFIC, AND TECHNICAL ACTIVITIES",SARAWAK,431,BACELOR EKSEKUTIF PENGURUSAN PERNIAGAAN (PENGURUSAN OPERASI),2961.18,ONLINE,5907,BACELOR,30-39,38.0
2024,WBPN21450,26,INDIA,MALE,BEKERJA SEPENUH MASA,GMP MEDICARE F27,"PROFESSIONAL, SCIENTIFIC, AND TECHNICAL ACTIVITIES",NEGERI SEMBILAN,433,BACELOR EKSEKUTIF PENGURUSAN PERNIAGAAN (OPERASI INDUSTRI),2400.00,ONLINE,4531,BACELOR,<29,26.0
2024,WBPN21452,42,MELAYU,MALE,BEKERJA SEPENUH MASA,KEMENTERIAN KESIHATAN MALAYSIA,"PROFESSIONAL, SCIENTIFIC, AND TECHNICAL ACTIVITIES",SABAH,431,BACELOR EKSEKUTIF PENGURUSAN PERNIAGAAN (PENGURUSAN OPERASI),5930.00,ONLINE,4387,BACELOR,40-49,42.0
2024,WBPN21453,26,INDIA,FEMALE,BEKERJA SEPENUH MASA,KEDAI ZON MURAH,"PROFESSIONAL, SCIENTIFIC, AND TECHNICAL ACTIVITIES",PULAU PINANG,431,BACELOR EKSEKUTIF PENGURUSAN PERNIAGAAN (PENGURUSAN OPERASI),1250.00,ONLINE,4309,BACELOR,<29,26.0
2024,WBPN21456,49,HOKCHIA,FEMALE,BEKERJA SEPENUH MASA,CHUBB INSURANCE BERHAD,"PROFESSIONAL, SCIENTIFIC, AND TECHNICAL ACTIVITIES",SELANGOR,431,BACELOR EKSEKUTIF PENGURUSAN PERNIAGAAN (PENGURUSAN OPERASI),5500.00,ONLINE,4347,BACELOR,40-49,49.0
2024,WBPN21457,29,MELAYU,FEMALE,BEKERJA SEPARA MASA,RESTORAN AS BISTRO,"PROFESSIONAL, SCIENTIFIC, AND TECHNICAL ACTIVITIES",SELANGOR,432,BACELOR EKSEKUTIF PENGURUSAN PERNIAGAAN (PENGURUSAN SUMBER MANUSIA),1800.00,ONLINE,5180,BACELOR,<29,29.0
2024,WBPN21461,59,INDIA,MALE,BEKERJA SEPENUH MASA,BUMI HIJAU LANDSCAPE,"PROFESSIONAL, SCIENTIFIC, AND TECHNICAL ACTIVITIES",KUALA LUMPUR,434,BACELOR EKSEKUTIF PENGURUSAN PERNIAGAAN (PENGURUSAN PERLADANGAN),5500.00,ONLINE,4418,BACELOR,50-59,59.0
2024,WBPN21468,44,BRUNEI-SABAH,FEMALE,BEKERJA SEPENUH MASA,DEWAN BANDARAYA KOTA KINABALU (DBKK),"PROFESSIONAL, SCIENTIFIC, AND TECHNICAL ACTIVITIES",SABAH,432,BACELOR EKSEKUTIF PENGURUSAN PERNIAGAAN (PENGURUSAN SUMBER MANUSIA),2000.00,ONLINE,4093,BACELOR,40-49,44.0
2024,WBPN21469,38,INDIA,FEMALE,BEKERJA SEPENUH MASA,INTEL CORPORATION,"PROFESSIONAL, SCIENTIFIC, AND TECHNICAL ACTIVITIES",KEDAH,431,BACELOR EKSEKUTIF PENGURUSAN PERNIAGAAN (PENGURUSAN OPERASI),1500.00,ONLINE,4386,BACELOR,30-39,38.0
2024,WBPN21472,45,KADAZAN-SINO-SABAH,MALE,BEKERJA SEPENUH MASA,SEA HIBISCUS SDN BHD,"PROFESSIONAL, SCIENTIFIC, AND TECHNICAL ACTIVITIES",SABAH,433,BACELOR EKSEKUTIF PENGURUSAN PERNIAGAAN (OPERASI INDUSTRI),2500.00,ONLINE,5743,BACELOR,40-49,45.0
2024,WBPN22103,47,IBAN/SEA DAYAK -SARAWAK,MALE,BEKERJA SEPENUH MASA,PRIVATE,"PROFESSIONAL, SCIENTIFIC, AND TECHNICAL ACTIVITIES",SARAWAK,434,BACELOR EKSEKUTIF PENGURUSAN PERNIAGAAN (PENGURUSAN PERLADANGAN),2500.00,ONLINE,5553,BACELOR,40-49,47.0
2024,WBPN22104,31,INDIA,MALE,BEKERJA SEPENUH MASA,HARTALEGA NGC SDN BHD,MANUFACTURING,NEGERI SEMBILAN,435,BACELOR EKSEKUTIF PENGURUSAN PERNIAGAAN (PENGURUSAN KEJURUTERAAN),2704.00,ONLINE,5557,BACELOR,30-39,31.0
2024,WBPN22105,40,RUNGUS-SABAH,FEMALE,BEKERJA SEPENUH MASA,BORNEO SAMUDERA SDN BHD,"PROFESSIONAL, SCIENTIFIC, AND TECHNICAL ACTIVITIES",SABAH,431,BACELOR EKSEKUTIF PENGURUSAN PERNIAGAAN (PENGURUSAN OPERASI),2442.00,ONLINE,5768,BACELOR,40-49,40.0
2024,WBPN221104,49,MELAYU,FEMALE,BEKERJA SEPENUH MASA,BANK PEMBANGUNAN MALAYSIA BERHAD,"PROFESSIONAL, SCIENTIFIC, AND TECHNICAL ACTIVITIES",SELANGOR,431,BACELOR EKSEKUTIF PENGURUSAN PERNIAGAAN (PENGURUSAN OPERASI),9000.00,ONLINE,5380,BACELOR,40-49,49.0
2024,WBPN221105,28,INDIA,MALE,BEKERJA SEPENUH MASA,JENTAYU ANGGUN SDN BHD,"PROFESSIONAL, SCIENTIFIC, AND TECHNICAL ACTIVITIES",NEGERI SEMBILAN,434,BACELOR EKSEKUTIF PENGURUSAN PERNIAGAAN (PENGURUSAN PERLADANGAN),2800.00,ONLINE,5470,BACELOR,<29,28.0
2024,WBPN221106,26,MELAYU,FEMALE,BEKERJA SEPENUH MASA,RETUS PLANTATION SDN BHD,"PROFESSIONAL, SCIENTIFIC, AND TECHNICAL ACTIVITIES",SARAWAK,431,BACELOR EKSEKUTIF PENGURUSAN PERNIAGAAN (PENGURUSAN OPERASI),1500.00,ONLINE,5862,BACELOR,<29,26.0
2024,WBPN221111,37,INDIA,MALE,BEKERJA SEPENUH MASA,SWISS PROFILE (M) SDN BHD,MANUFACTURING,KEDAH,435,BACELOR EKSEKUTIF PENGURUSAN PERNIAGAAN (PENGURUSAN KEJURUTERAAN),6000.00,ONLINE,4287,BACELOR,30-39,37.0
2024,WBPN221114,27,MELANAU-SARAWAK,FEMALE,BEKERJA SEPENUH MASA,SYLMAX HCS SDN BHD,"PROFESSIONAL, SCIENTIFIC, AND TECHNICAL ACTIVITIES",SARAWAK,431,BACELOR EKSEKUTIF PENGURUSAN PERNIAGAAN (PENGURUSAN OPERASI),2384.00,ONLINE,5922,BACELOR,<29,27.0
2024,WBPN221115,35,CINA,FEMALE,BEKERJA SEPENUH MASA,WIPRO UNZA SDN BHD,"PROFESSIONAL, SCIENTIFIC, AND TECHNICAL ACTIVITIES",SARAWAK,431,BACELOR EKSEKUTIF PENGURUSAN PERNIAGAAN (PENGURUSAN OPERASI),3400.00,ONLINE,4608,BACELOR,30-39,35.0
2024,WBPN221117,44,MELANAU-SARAWAK,MALE,BEKERJA SEPENUH MASA,BIPORT BULKERS SDN BHD,MANUFACTURING,SARAWAK,435,BACELOR EKSEKUTIF PENGURUSAN PERNIAGAAN (PENGURUSAN KEJURUTERAAN),2500.00,ONLINE,5480,BACELOR,40-49,44.0
2024,WBPN221119,39,SUNGAI-SABAH,FEMALE,BEKERJA SEPENUH MASA,JABATAN TANAH DAN UKUR SABAH,"PROFESSIONAL, SCIENTIFIC, AND TECHNICAL ACTIVITIES",SABAH,431,BACELOR EKSEKUTIF PENGURUSAN PERNIAGAAN (PENGURUSAN OPERASI),1400.00,ONLINE,4372,BACELOR,30-39,39.0
2024,WBPN221122,45,CINA,FEMALE,BEKERJA SEPENUH MASA,VIO STAR INTERNATIONAL (M) SDN BHD,TRANSPORTATION AND STORAGE,NEGERI SEMBILAN,436,BACELOR EKSEKUTIF PENGURUSAN PERNIAGAAN (PENGURUSAN LOGISTIK & RANTAIAN BEKALAN),5150.00,ONLINE,5250,BACELOR,40-49,45.0
2024,WBPN221124,40,INDIA,FEMALE,BEKERJA SEPENUH MASA,RESMED,TRANSPORTATION AND STORAGE,JOHOR,436,BACELOR EKSEKUTIF PENGURUSAN PERNIAGAAN (PENGURUSAN LOGISTIK & RANTAIAN BEKALAN),7200.00,ONLINE,5291,BACELOR,40-49,40.0
2024,WBPN221125,28,BIDAYUH/LAND DAYAK - SARAWAK,MALE,BEKERJA SEPENUH MASA,K&L FARMING,"PROFESSIONAL, SCIENTIFIC, AND TECHNICAL ACTIVITIES",SARAWAK,433,BACELOR EKSEKUTIF PENGURUSAN PERNIAGAAN (OPERASI INDUSTRI),2000.00,ONLINE,5790,BACELOR,<29,28.0
2024,WBPN221126,28,INDIA,MALE,BEKERJA SEPENUH MASA,CSE AUTOMATIVE TECHNOLOGICS SDN BHD,"PROFESSIONAL, SCIENTIFIC, AND TECHNICAL ACTIVITIES",KUALA LUMPUR,431,BACELOR EKSEKUTIF PENGURUSAN PERNIAGAAN (PENGURUSAN OPERASI),2500.00,ONLINE,4466,BACELOR,<29,28.0
2024,WBPN221134,43,INDIA,MALE,BEKERJA SEPENUH MASA,OCEAN NETWORK EXPRESS (MALAYSIA) SDN. BHD,TRANSPORTATION AND STORAGE,SELANGOR,436,BACELOR EKSEKUTIF PENGURUSAN PERNIAGAAN (PENGURUSAN LOGISTIK & RANTAIAN BEKALAN),7000.00,ONLINE,5462,BACELOR,40-49,43.0
2024,WBPN221135,44,MELAYU,MALE,BEKERJA SEPENUH MASA,ALLOY ADVERTISING SDN BHD,"PROFESSIONAL, SCIENTIFIC, AND TECHNICAL ACTIVITIES",SELANGOR,431,BACELOR EKSEKUTIF PENGURUSAN PERNIAGAAN (PENGURUSAN OPERASI),6200.00,ONLINE,4229,BACELOR,40-49,44.0
2024,WBPN22115,46,DUSUN-SABAH,MALE,BEKERJA SEPENUH MASA,CHEMPRO TECHNOLOGY (M) BERHAD,"PROFESSIONAL, SCIENTIFIC, AND TECHNICAL ACTIVITIES",SABAH,431,BACELOR EKSEKUTIF PENGURUSAN PERNIAGAAN (PENGURUSAN OPERASI),0.00,ONLINE,4185,BACELOR,40-49,46.0
2024,WBPN22119,52,SULUK-SABAH,MALE,BEKERJA SEPENUH MASA,SABAH SOFTWOODS BERHAD,"PROFESSIONAL, SCIENTIFIC, AND TECHNICAL ACTIVITIES",SABAH,434,BACELOR EKSEKUTIF PENGURUSAN PERNIAGAAN (PENGURUSAN PERLADANGAN),4000.00,ONLINE,4856,BACELOR,50-59,52.0
2024,WBPN22130,49,FILIPINO,MALE,BEKERJA SEPENUH MASA,MASHIBA ELEVATOR ENG SDN BHD,"PROFESSIONAL, SCIENTIFIC, AND TECHNICAL ACTIVITIES",SABAH,433,BACELOR EKSEKUTIF PENGURUSAN PERNIAGAAN (OPERASI INDUSTRI),10000.00,ONLINE,5213,BACELOR,40-49,49.0
2024,WBPN22135,41,CANTONESE,MALE,BEKERJA SEPENUH MASA,SGS (M) SDN. BHD.,"PROFESSIONAL, SCIENTIFIC, AND TECHNICAL ACTIVITIES",LABUAN,433,BACELOR EKSEKUTIF PENGURUSAN PERNIAGAAN (OPERASI INDUSTRI),4400.00,ONLINE,4020,BACELOR,40-49,41.0
2024,WBPN22139,36,MELAYU,FEMALE,BEKERJA SEPENUH MASA,TWENTY THIRD SKY SDN BHD,"PROFESSIONAL, SCIENTIFIC, AND TECHNICAL ACTIVITIES",KUALA LUMPUR,431,BACELOR EKSEKUTIF PENGURUSAN PERNIAGAAN (PENGURUSAN OPERASI),11500.00,ONLINE,5046,BACELOR,30-39,36.0
2024,WBPN22142,40,MELAYU,FEMALE,BEKERJA SEPENUH MASA,UDA ANGSANA SDN. BHD.,"PROFESSIONAL, SCIENTIFIC, AND TECHNICAL ACTIVITIES",JOHOR,431,BACELOR EKSEKUTIF PENGURUSAN PERNIAGAAN (PENGURUSAN OPERASI),3200.00,ONLINE,4820,BACELOR,40-49,40.0
2024,WBPN22146,29,INDIA,FEMALE,BEKERJA SEPENUH MASA,SCHOTT GLASS MALAYSIA,"PROFESSIONAL, SCIENTIFIC, AND TECHNICAL ACTIVITIES",PULAU PINANG,433,BACELOR EKSEKUTIF PENGURUSAN PERNIAGAAN (OPERASI INDUSTRI),2300.00,ONLINE,5727,BACELOR,<29,29.0
2024,WBPN22151,41,INDIA,FEMALE,BEKERJA SEPENUH MASA,PERSOLKELLY SINGAPORE PTE LTD,"PROFESSIONAL, SCIENTIFIC, AND TECHNICAL ACTIVITIES",SELANGOR,431,BACELOR EKSEKUTIF PENGURUSAN PERNIAGAAN (PENGURUSAN OPERASI),6000.00,ONLINE,5019,BACELOR,40-49,41.0
2024,WBPN22161,43,MELAYU,FEMALE,BEKERJA SEPENUH MASA,LEMBAGA TABUNG ANGKATAN TENTERA,"PROFESSIONAL, SCIENTIFIC, AND TECHNICAL ACTIVITIES",KUALA LUMPUR,432,BACELOR EKSEKUTIF PENGURUSAN PERNIAGAAN (PENGURUSAN SUMBER MANUSIA),6800.00,ONLINE,5425,BACELOR,40-49,43.0
2024,WBPN22164,35,INDIA,FEMALE,BEKERJA/USAHAWAN/FREELANCE,KULAI HOME TUITION,"PROFESSIONAL, SCIENTIFIC, AND TECHNICAL ACTIVITIES",JOHOR,431,BACELOR EKSEKUTIF PENGURUSAN PERNIAGAAN (PENGURUSAN OPERASI),3000.00,ONLINE,4289,BACELOR,30-39,35.0
2024,WBPN22165,33,MELAYU,MALE,BEKERJA/USAHAWAN/FREELANCE,MM GLOBAL SETIA HOLDING SDN BHD,MANUFACTURING,KUALA LUMPUR,435,BACELOR EKSEKUTIF PENGURUSAN PERNIAGAAN (PENGURUSAN KEJURUTERAAN),5000.00,ONLINE,5094,BACELOR,30-39,33.0
2024,WBPN22167,48,MELAYU,FEMALE,BEKERJA SEPENUH MASA,LEMBAGA TABUNG ANGKATAN TENTERA,"PROFESSIONAL, SCIENTIFIC, AND TECHNICAL ACTIVITIES",KUALA LUMPUR,432,BACELOR EKSEKUTIF PENGURUSAN PERNIAGAAN (PENGURUSAN SUMBER MANUSIA),5700.00,ONLINE,5678,BACELOR,40-49,48.0
2024,WBPN22168,28,INDIA,MALE,BEKERJA SEPENUH MASA,UPC CHEMICALS MALAYSIA,"PROFESSIONAL, SCIENTIFIC, AND TECHNICAL ACTIVITIES",PAHANG,433,BACELOR EKSEKUTIF PENGURUSAN PERNIAGAAN (OPERASI INDUSTRI),3000.00,ONLINE,5620,BACELOR,<29,28.0
2024,WBPN22170,26,MELAYU,FEMALE,BEKERJA SEPENUH MASA,VEOLIA WATER TECHNOLOGIES SDN BHD,"PROFESSIONAL, SCIENTIFIC, AND TECHNICAL ACTIVITIES",NEGERI SEMBILAN,432,BACELOR EKSEKUTIF PENGURUSAN PERNIAGAAN (PENGURUSAN SUMBER MANUSIA),2200.00,ONLINE,5079,BACELOR,<29,26.0
2024,WBPN22175,50,MELAYU,FEMALE,BEKERJA SEPENUH MASA,ALLIANCE BANK MALAYSIA BERHAD,"PROFESSIONAL, SCIENTIFIC, AND TECHNICAL ACTIVITIES",KUALA LUMPUR,431,BACELOR EKSEKUTIF PENGURUSAN PERNIAGAAN (PENGURUSAN OPERASI),7000.00,ONLINE,5155,BACELOR,50-59,50.0
2024,WBPN22176,48,CINA,FEMALE,BEKERJA SEPENUH MASA,OSI OPTOELECTRONICS,"PROFESSIONAL, SCIENTIFIC, AND TECHNICAL ACTIVITIES",JOHOR,431,BACELOR EKSEKUTIF PENGURUSAN PERNIAGAAN (PENGURUSAN OPERASI),15000.00,ONLINE,5496,BACELOR,40-49,48.0
2024,WBPN22177,30,MELAYU,MALE,BEKERJA SEPENUH MASA,SEAGATE INTERNATIONAL SINGAPORE,MANUFACTURING,JOHOR,435,BACELOR EKSEKUTIF PENGURUSAN PERNIAGAAN (PENGURUSAN KEJURUTERAAN),3500.00,ONLINE,4206,BACELOR,30-39,30.0
2024,WBPN22179,51,INDIA,FEMALE,BEKERJA SEPENUH MASA,STONE EMPIRE MANUFACTURING SDN BHD,"PROFESSIONAL, SCIENTIFIC, AND TECHNICAL ACTIVITIES",SELANGOR,432,BACELOR EKSEKUTIF PENGURUSAN PERNIAGAAN (PENGURUSAN SUMBER MANUSIA),4010.00,ONLINE,5041,BACELOR,50-59,51.0
2024,WBPN22180,53,KADAZAN-SINO-SABAH,MALE,BEKERJA/USAHAWAN/FREELANCE,PERKHIDMATAN BUMITERANG,"PROFESSIONAL, SCIENTIFIC, AND TECHNICAL ACTIVITIES",SABAH,434,BACELOR EKSEKUTIF PENGURUSAN PERNIAGAAN (PENGURUSAN PERLADANGAN),2500.00,ONLINE,4354,BACELOR,50-59,53.0
2024,WBPN22182,53,BAJAU - SABAH,MALE,BEKERJA/USAHAWAN/FREELANCE,DARWISY ENTERPRISE,"PROFESSIONAL, SCIENTIFIC, AND TECHNICAL ACTIVITIES",SABAH,431,BACELOR EKSEKUTIF PENGURUSAN PERNIAGAAN (PENGURUSAN OPERASI),2000.00,ONLINE,4939,BACELOR,50-59,53.0
2024,WBPN22186,42,INDIA,MALE,BEKERJA SEPENUH MASA,MONTFORT YOUTH CENTRE,MANUFACTURING,MELAKA,435,BACELOR EKSEKUTIF PENGURUSAN PERNIAGAAN (PENGURUSAN KEJURUTERAAN),2500.00,ONLINE,4239,BACELOR,40-49,42.0
2024,WBPN22192,31,MELAYU,MALE,BEKERJA SEPENUH MASA,PINEAPPLE CANNERY OF MALAYSIA SDN BHD,"PROFESSIONAL, SCIENTIFIC, AND TECHNICAL ACTIVITIES",JOHOR,434,BACELOR EKSEKUTIF PENGURUSAN PERNIAGAAN (PENGURUSAN PERLADANGAN),5000.00,ONLINE,4895,BACELOR,30-39,31.0
2024,WBPN22198,46,MELAYU,FEMALE,BELUM/TIDAK BEKERJA,NOT APPLICABLE,"PROFESSIONAL, SCIENTIFIC, AND TECHNICAL ACTIVITIES",SELANGOR,431,BACELOR EKSEKUTIF PENGURUSAN PERNIAGAAN (PENGURUSAN OPERASI),500.00,ONLINE,5559,BACELOR,40-49,46.0
2024,WBPN22199,47,MELAYU,FEMALE,BEKERJA SEPENUH MASA,UOB BANK MALAYSIA BERHAD,"PROFESSIONAL, SCIENTIFIC, AND TECHNICAL ACTIVITIES",KUALA LUMPUR,431,BACELOR EKSEKUTIF PENGURUSAN PERNIAGAAN (PENGURUSAN OPERASI),4500.00,ONLINE,4468,BACELOR,40-49,47.0
2024,WBPN22202,31,INDIA,FEMALE,BEKERJA SEPENUH MASA,FAIRVIEW INTERNATIONAL SCHOOL IPOH,"PROFESSIONAL, SCIENTIFIC, AND TECHNICAL ACTIVITIES",PERAK,433,BACELOR EKSEKUTIF PENGURUSAN PERNIAGAAN (OPERASI INDUSTRI),2200.00,ONLINE,5378,BACELOR,30-39,31.0
2024,WBPN22205,37,MELAYU,MALE,BEKERJA/USAHAWAN/FREELANCE (SEPARA MASA),PERUSAHAAN RROD,"PROFESSIONAL, SCIENTIFIC, AND TECHNICAL ACTIVITIES",SABAH,431,BACELOR EKSEKUTIF PENGURUSAN PERNIAGAAN (PENGURUSAN OPERASI),20000.00,ONLINE,5435,BACELOR,30-39,37.0
2024,WBPN222100,42,MELAYU,MALE,BEKERJA SEPENUH MASA,UNISEM MALAYSIA BERHAD,MANUFACTURING,PERAK,435,BACELOR EKSEKUTIF PENGURUSAN PERNIAGAAN (PENGURUSAN KEJURUTERAAN),2500.00,ONLINE,4117,BACELOR,40-49,42.0
2024,WBPN222104,30,INDIA,MALE,BEKERJA SEPENUH MASA,TRAJAN SCIENTIFIC MALAYSIA,"PROFESSIONAL, SCIENTIFIC, AND TECHNICAL ACTIVITIES",PULAU PINANG,433,BACELOR EKSEKUTIF PENGURUSAN PERNIAGAAN (OPERASI INDUSTRI),2945.00,ONLINE,5955,BACELOR,30-39,30.0
2024,WBPN222105,38,INDIA,MALE,BEKERJA SEPENUH MASA,EDISIJUTA PARKING SDN BHD,"PROFESSIONAL, SCIENTIFIC, AND TECHNICAL ACTIVITIES",KEDAH,431,BACELOR EKSEKUTIF PENGURUSAN PERNIAGAAN (PENGURUSAN OPERASI),5200.00,ONLINE,5109,BACELOR,30-39,38.0
2024,WBPN222107,47,CINA,FEMALE,BEKERJA SEPENUH MASA,SHIPCO TRANSPORT SDN BHD,TRANSPORTATION AND STORAGE,PERAK,436,BACELOR EKSEKUTIF PENGURUSAN PERNIAGAAN (PENGURUSAN LOGISTIK & RANTAIAN BEKALAN),4350.00,ONLINE,4993,BACELOR,40-49,47.0
2024,WBPN22211,26,INDIA,FEMALE,BEKERJA SEPENUH MASA,AGENSI PEKERJAAN ALAMEEN SHD BHD,"PROFESSIONAL, SCIENTIFIC, AND TECHNICAL ACTIVITIES",PERAK,432,BACELOR EKSEKUTIF PENGURUSAN PERNIAGAAN (PENGURUSAN SUMBER MANUSIA),2500.00,ONLINE,5114,BACELOR,<29,26.0
2024,WBPN222111,27,BUGIS,MALE,BEKERJA SEPENUH MASA,IOI PLANTATION SERVICES SDN BHD,"PROFESSIONAL, SCIENTIFIC, AND TECHNICAL ACTIVITIES",SABAH,434,BACELOR EKSEKUTIF PENGURUSAN PERNIAGAAN (PENGURUSAN PERLADANGAN),2800.00,ONLINE,4239,BACELOR,<29,27.0
2024,WBPN222114,41,INDIA,MALE,BEKERJA SEPENUH MASA,OSADI COMMERCIAL SUPPLIES SDN BHD,"PROFESSIONAL, SCIENTIFIC, AND TECHNICAL ACTIVITIES",PULAU PINANG,432,BACELOR EKSEKUTIF PENGURUSAN PERNIAGAAN (PENGURUSAN SUMBER MANUSIA),5000.00,ONLINE,5873,BACELOR,40-49,41.0
2024,WBPN222121,55,KADAZAN-SABAH,MALE,BEKERJA SEPENUH MASA,DYKIN ENGINEERING SDN BHD,MANUFACTURING,SABAH,435,BACELOR EKSEKUTIF PENGURUSAN PERNIAGAAN (PENGURUSAN KEJURUTERAAN),3200.00,ONLINE,4246,BACELOR,50-59,55.0
2024,WBPN222125,34,MURUT/LUN BAWANG - SARAWAK,MALE,BEKERJA SEPENUH MASA,PRESS METAL SDN BHD,TRANSPORTATION AND STORAGE,SARAWAK,436,BACELOR EKSEKUTIF PENGURUSAN PERNIAGAAN (PENGURUSAN LOGISTIK & RANTAIAN BEKALAN),3219.00,ONLINE,5859,BACELOR,30-39,34.0
2024,WBPN222127,28,SUNGAI-SABAH,FEMALE,BEKERJA SEPENUH MASA,JABATAN AIR NEGERI SABAH,MANUFACTURING,SABAH,435,BACELOR EKSEKUTIF PENGURUSAN PERNIAGAAN (PENGURUSAN KEJURUTERAAN),2800.00,ONLINE,4112,BACELOR,<29,28.0
2024,WBPN222128,41,MELAYU,MALE,BEKERJA SEPENUH MASA,KL-KEPONG (S) SDN BHD,"PROFESSIONAL, SCIENTIFIC, AND TECHNICAL ACTIVITIES",SABAH,434,BACELOR EKSEKUTIF PENGURUSAN PERNIAGAAN (PENGURUSAN PERLADANGAN),2300.00,ONLINE,5150,BACELOR,40-49,41.0
2024,WBPN222129,30,MELAYU,FEMALE,BEKERJA SEPENUH MASA,SARAWAK METRO SDN BHD,MANUFACTURING,SARAWAK,435,BACELOR EKSEKUTIF PENGURUSAN PERNIAGAAN (PENGURUSAN KEJURUTERAAN),2690.00,ONLINE,4386,BACELOR,30-39,30.0
2024,WBPN22216,51,CINA,FEMALE,BEKERJA SEPENUH MASA,ALTUM PRECISION SDN BHD,TRANSPORTATION AND STORAGE,JOHOR,436,BACELOR EKSEKUTIF PENGURUSAN PERNIAGAAN (PENGURUSAN LOGISTIK & RANTAIAN BEKALAN),7020.00,ONLINE,5926,BACELOR,50-59,51.0
2024,WBPN22217,38,MELAYU,MALE,BEKERJA SEPENUH MASA,MOZAMI TRADING AND SERVICES,"PROFESSIONAL, SCIENTIFIC, AND TECHNICAL ACTIVITIES",PAHANG,434,BACELOR EKSEKUTIF PENGURUSAN PERNIAGAAN (PENGURUSAN PERLADANGAN),6000.00,ONLINE,4494,BACELOR,30-39,38.0
2024,WBPN22220,29,IBAN/SEA DAYAK -SARAWAK,FEMALE,BEKERJA SEPENUH MASA,THUNDERWORKS AUTOMATION SDN BHD,MANUFACTURING,SARAWAK,435,BACELOR EKSEKUTIF PENGURUSAN PERNIAGAAN (PENGURUSAN KEJURUTERAAN),3500.00,ONLINE,5293,BACELOR,<29,29.0
2024,WBPN22222,41,MELAYU,MALE,BEKERJA SEPENUH MASA,SABAH SOFTWOODS BERHAD,"PROFESSIONAL, SCIENTIFIC, AND TECHNICAL ACTIVITIES",SABAH,434,BACELOR EKSEKUTIF PENGURUSAN PERNIAGAAN (PENGURUSAN PERLADANGAN),2300.00,ONLINE,5240,BACELOR,40-49,41.0
2024,WBPN22223,41,BUGIS,MALE,BEKERJA/USAHAWAN/FREELANCE,RESTORAN COMMUNITY CAFE,"PROFESSIONAL, SCIENTIFIC, AND TECHNICAL ACTIVITIES",SABAH,431,BACELOR EKSEKUTIF PENGURUSAN PERNIAGAAN (PENGURUSAN OPERASI),10000.00,ONLINE,4993,BACELOR,40-49,41.0
2024,WBPN22226,31,INDIA,FEMALE,MELANJUTKAN PENGAJIAN,VIN ASSOCIATES,TRANSPORTATION AND STORAGE,SELANGOR,436,BACELOR EKSEKUTIF PENGURUSAN PERNIAGAAN (PENGURUSAN LOGISTIK & RANTAIAN BEKALAN),3000.00,ONLINE,5234,BACELOR,30-39,31.0
2024,WBPN22227,27,MELAYU,FEMALE,BEKERJA SEPENUH MASA,CSC INTERNATIONAL SDN BHD,MANUFACTURING,SABAH,435,BACELOR EKSEKUTIF PENGURUSAN PERNIAGAAN (PENGURUSAN KEJURUTERAAN),3150.00,ONLINE,5261,BACELOR,<29,27.0
2024,WBPN22231,37,MELAYU,FEMALE,BEKERJA SEPENUH MASA,AIMSTRAL SDN BHD,"PROFESSIONAL, SCIENTIFIC, AND TECHNICAL ACTIVITIES",SARAWAK,431,BACELOR EKSEKUTIF PENGURUSAN PERNIAGAAN (PENGURUSAN OPERASI),1960.00,ONLINE,4850,BACELOR,30-39,37.0
2024,WBPN22234,40,INDIA,MALE,BEKERJA SEPENUH MASA,MAYBANK,"PROFESSIONAL, SCIENTIFIC, AND TECHNICAL ACTIVITIES",KUALA LUMPUR,431,BACELOR EKSEKUTIF PENGURUSAN PERNIAGAAN (PENGURUSAN OPERASI),11000.00,ONLINE,4013,BACELOR,40-49,40.0
2024,WBPN22237,41,KADAZAN-SABAH,MALE,BEKERJA SEPENUH MASA,BOUSTEAD PLANTATION,"PROFESSIONAL, SCIENTIFIC, AND TECHNICAL ACTIVITIES",SABAH,434,BACELOR EKSEKUTIF PENGURUSAN PERNIAGAAN (PENGURUSAN PERLADANGAN),3200.00,ONLINE,5249,BACELOR,40-49,41.0
2024,WBPN22239,41,IDAHAN-SABAH,FEMALE,BEKERJA SEPENUH MASA,FGV PLANTATIONS (M) SDN BHD,"PROFESSIONAL, SCIENTIFIC, AND TECHNICAL ACTIVITIES",SABAH,431,BACELOR EKSEKUTIF PENGURUSAN PERNIAGAAN (PENGURUSAN OPERASI),2000.00,ONLINE,4063,BACELOR,40-49,41.0
2024,WBPN22241,26,INDIA,MALE,BEKERJA SEPENUH MASA,SAG ULTIMATE SDN.BHD,"PROFESSIONAL, SCIENTIFIC, AND TECHNICAL ACTIVITIES",SELANGOR,431,BACELOR EKSEKUTIF PENGURUSAN PERNIAGAAN (PENGURUSAN OPERASI),2400.00,ONLINE,5000,BACELOR,<29,26.0
2024,WBPN22248,42,MELAYU,MALE,BEKERJA SEPENUH MASA,ORIENTAL CARS SDN BHD,"PROFESSIONAL, SCIENTIFIC, AND TECHNICAL ACTIVITIES",TERENGGANU,431,BACELOR EKSEKUTIF PENGURUSAN PERNIAGAAN (PENGURUSAN OPERASI),4000.00,ONLINE,4343,BACELOR,40-49,42.0
2024,WBPN22249,47,INDIA,FEMALE,BEKERJA SEPENUH MASA,MESIA (M) SDN BHD,"PROFESSIONAL, SCIENTIFIC, AND TECHNICAL ACTIVITIES",SELANGOR,432,BACELOR EKSEKUTIF PENGURUSAN PERNIAGAAN (PENGURUSAN SUMBER MANUSIA),2900.00,ONLINE,4443,BACELOR,40-49,47.0
2024,WBPN22252,32,BIDAYUH/LAND DAYAK - SARAWAK,FEMALE,BEKERJA SEPENUH MASA,"PERTANIAN, PERHUTANAN DAN PERIKANAN","PROFESSIONAL, SCIENTIFIC, AND TECHNICAL ACTIVITIES",SARAWAK,432,BACELOR EKSEKUTIF PENGURUSAN PERNIAGAAN (PENGURUSAN SUMBER MANUSIA),2200.00,ONLINE,5015,BACELOR,30-39,32.0
2024,WBPN22254,32,MELAYU,MALE,BEKERJA SEPENUH MASA,TRADEWINDS PLANTATION BERHAD,"PROFESSIONAL, SCIENTIFIC, AND TECHNICAL ACTIVITIES",PERAK,434,BACELOR EKSEKUTIF PENGURUSAN PERNIAGAAN (PENGURUSAN PERLADANGAN),4728.00,ONLINE,4358,BACELOR,30-39,32.0
2024,WBPN22255,33,INDIA,MALE,BEKERJA SEPENUH MASA,YEE LEE TRADING,"PROFESSIONAL, SCIENTIFIC, AND TECHNICAL ACTIVITIES",NEGERI SEMBILAN,431,BACELOR EKSEKUTIF PENGURUSAN PERNIAGAAN (PENGURUSAN OPERASI),3000.00,ONLINE,5126,BACELOR,30-39,33.0
2024,WBPN22256,25,INDIA,FEMALE,BEKERJA SEPENUH MASA,CARING PHARMACY TAMAN GAYA,TRANSPORTATION AND STORAGE,JOHOR,436,BACELOR EKSEKUTIF PENGURUSAN PERNIAGAAN (PENGURUSAN LOGISTIK & RANTAIAN BEKALAN),1800.00,ONLINE,5779,BACELOR,<29,25.0
2024,WBPN22260,39,INDIA,MALE,BEKERJA SEPENUH MASA,OSRAM OPTO SDN.BHD,"PROFESSIONAL, SCIENTIFIC, AND TECHNICAL ACTIVITIES",PULAU PINANG,431,BACELOR EKSEKUTIF PENGURUSAN PERNIAGAAN (PENGURUSAN OPERASI),4500.00,ONLINE,4792,BACELOR,30-39,39.0
2024,WBPN22261,35,MELAYU,MALE,BEKERJA SEPENUH MASA,ZEBRA SHIPPING SDN BHD,"PROFESSIONAL, SCIENTIFIC, AND TECHNICAL ACTIVITIES",SARAWAK,431,BACELOR EKSEKUTIF PENGURUSAN PERNIAGAAN (PENGURUSAN OPERASI),7000.00,ONLINE,5868,BACELOR,30-39,35.0
2024,WBPN22265,34,INDIA,MALE,BEKERJA SEPENUH MASA,AL RAJHI BANKING & INVESTMENT CORPORATION (MALAYSIA) BERHAD,"PROFESSIONAL, SCIENTIFIC, AND TECHNICAL ACTIVITIES",SELANGOR,432,BACELOR EKSEKUTIF PENGURUSAN PERNIAGAAN (PENGURUSAN SUMBER MANUSIA),9000.00,ONLINE,4273,BACELOR,30-39,34.0
2024,WBPN22266,33,MELAYU,MALE,BEKERJA SEPENUH MASA,SAMSUNG SDI ENERGY MALAYSIA SDN. BHD.,MANUFACTURING,NEGERI SEMBILAN,435,BACELOR EKSEKUTIF PENGURUSAN PERNIAGAAN (PENGURUSAN KEJURUTERAAN),4000.00,ONLINE,4048,BACELOR,30-39,33.0
2024,WBPN22269,26,MELAYU,MALE,BEKERJA SEPENUH MASA,EL-FARUEFI HQ,"PROFESSIONAL, SCIENTIFIC, AND TECHNICAL ACTIVITIES",PERAK,432,BACELOR EKSEKUTIF PENGURUSAN PERNIAGAAN (PENGURUSAN SUMBER MANUSIA),2000.00,ONLINE,4215,BACELOR,<29,26.0
2024,WBPN22271,37,BINTULU-SARAWAK,MALE,BEKERJA SEPENUH MASA,PETRONAS MALAYSIA LNG SDN. BHD.,MANUFACTURING,SARAWAK,435,BACELOR EKSEKUTIF PENGURUSAN PERNIAGAAN (PENGURUSAN KEJURUTERAAN),5000.00,ONLINE,5132,BACELOR,30-39,37.0
2024,WBPN22272,29,IBAN/SEA DAYAK -SARAWAK,FEMALE,BEKERJA SEPENUH MASA,BINTULU PORT HOLDINGS BERHAD,"PROFESSIONAL, SCIENTIFIC, AND TECHNICAL ACTIVITIES",SARAWAK,433,BACELOR EKSEKUTIF PENGURUSAN PERNIAGAAN (OPERASI INDUSTRI),1700.00,ONLINE,4185,BACELOR,<29,29.0
2024,WBPN22275,39,INDIA,MALE,BEKERJA SEPENUH MASA,TIMES CERAMICA SDN BHD,"PROFESSIONAL, SCIENTIFIC, AND TECHNICAL ACTIVITIES",JOHOR,431,BACELOR EKSEKUTIF PENGURUSAN PERNIAGAAN (PENGURUSAN OPERASI),4400.00,ONLINE,5096,BACELOR,30-39,39.0
2024,WBPN22276,25,INDIA,FEMALE,BEKERJA SEPENUH MASA,AGENSI PEKERJAAN PEOPLELAKE SDN BHD,"PROFESSIONAL, SCIENTIFIC, AND TECHNICAL ACTIVITIES",NEGERI SEMBILAN,432,BACELOR EKSEKUTIF PENGURUSAN PERNIAGAAN (PENGURUSAN SUMBER MANUSIA),2800.00,ONLINE,5731,BACELOR,<29,25.0
2024,WBPN22278,27,MELANAU-SARAWAK,FEMALE,BEKERJA/USAHAWAN/FREELANCE,MSD DIGITAL INTELLIGENCE SDN BHD,"PROFESSIONAL, SCIENTIFIC, AND TECHNICAL ACTIVITIES",SARAWAK,431,BACELOR EKSEKUTIF PENGURUSAN PERNIAGAAN (PENGURUSAN OPERASI),2000.00,ONLINE,5010,BACELOR,<29,27.0
2024,WBPN22281,36,INDIA,MALE,BEKERJA SEPENUH MASA,RM LEOPAD SDN BHD,"PROFESSIONAL, SCIENTIFIC, AND TECHNICAL ACTIVITIES",PAHANG,433,BACELOR EKSEKUTIF PENGURUSAN PERNIAGAAN (OPERASI INDUSTRI),2500.00,ONLINE,5776,BACELOR,30-39,36.0
2024,WBPN22283,28,INDIA,MALE,BEKERJA SEPENUH MASA,AVERY DENNISON,MANUFACTURING,SELANGOR,435,BACELOR EKSEKUTIF PENGURUSAN PERNIAGAAN (PENGURUSAN KEJURUTERAAN),3500.00,ONLINE,5032,BACELOR,<29,28.0
2024,WBPN22284,32,MELAYU,FEMALE,BEKERJA SEPENUH MASA,MALAYA GLASS PRODUCTS SDN BHD,TRANSPORTATION AND STORAGE,JOHOR,436,BACELOR EKSEKUTIF PENGURUSAN PERNIAGAAN (PENGURUSAN LOGISTIK & RANTAIAN BEKALAN),3800.00,ONLINE,5495,BACELOR,30-39,32.0
2024,WBPN22287,25,INDIA,FEMALE,BEKERJA SEPENUH MASA,AGODA INTERNATIONAL SDN BHD,"PROFESSIONAL, SCIENTIFIC, AND TECHNICAL ACTIVITIES",SELANGOR,432,BACELOR EKSEKUTIF PENGURUSAN PERNIAGAAN (PENGURUSAN SUMBER MANUSIA),3400.00,ONLINE,5106,BACELOR,<29,25.0
2024,WBPN22288,69,MELAYU,MALE,BEKERJA/USAHAWAN/FREELANCE,ERGOSAGA CONSULTANT,"PROFESSIONAL, SCIENTIFIC, AND TECHNICAL ACTIVITIES",PERAK,434,BACELOR EKSEKUTIF PENGURUSAN PERNIAGAAN (PENGURUSAN PERLADANGAN),3000.00,ONLINE,5272,BACELOR,60+,69.0
2024,WBPN22292,36,MELAYU,FEMALE,BEKERJA SEPENUH MASA,HONEYWELL INTERNATIONAL SDN BHD,TRANSPORTATION AND STORAGE,SELANGOR,436,BACELOR EKSEKUTIF PENGURUSAN PERNIAGAAN (PENGURUSAN LOGISTIK & RANTAIAN BEKALAN),6250.00,ONLINE,4420,BACELOR,30-39,36.0
2024,WBPN22295,43,CINA,FEMALE,BEKERJA SEPENUH MASA,PAMIR DEVELOPMENT SDN BHD,"PROFESSIONAL, SCIENTIFIC, AND TECHNICAL ACTIVITIES",JOHOR,432,BACELOR EKSEKUTIF PENGURUSAN PERNIAGAAN (PENGURUSAN SUMBER MANUSIA),8300.00,ONLINE,4126,BACELOR,40-49,43.0
2024,WBPN22296,41,MELAYU,FEMALE,BEKERJA SEPENUH MASA,SP MAJUJAYA SDN BHD,"PROFESSIONAL, SCIENTIFIC, AND TECHNICAL ACTIVITIES",PULAU PINANG,431,BACELOR EKSEKUTIF PENGURUSAN PERNIAGAAN (PENGURUSAN OPERASI),3050.00,ONLINE,4903,BACELOR,40-49,41.0
2024,WBPN22298,28,MELAYU,MALE,BEKERJA SEPENUH MASA,BINTULU PORT SDN BHD,TRANSPORTATION AND STORAGE,SARAWAK,436,BACELOR EKSEKUTIF PENGURUSAN PERNIAGAAN (PENGURUSAN LOGISTIK & RANTAIAN BEKALAN),2500.00,ONLINE,4755,BACELOR,<29,28.0
2024,WBPN22301,31,INDIA,FEMALE,BEKERJA SEPENUH MASA,THE MEAT EXPERTS SDN BHD,"PROFESSIONAL, SCIENTIFIC, AND TECHNICAL ACTIVITIES",SELANGOR,432,BACELOR EKSEKUTIF PENGURUSAN PERNIAGAAN (PENGURUSAN SUMBER MANUSIA),2500.00,ONLINE,4822,BACELOR,30-39,31.0
2024,WBPN22308,48,INDIA,FEMALE,BEKERJA SEPENUH MASA,BUILDCON CONCRETE SDN BHD,"PROFESSIONAL, SCIENTIFIC, AND TECHNICAL ACTIVITIES",SELANGOR,432,BACELOR EKSEKUTIF PENGURUSAN PERNIAGAAN (PENGURUSAN SUMBER MANUSIA),6150.00,ONLINE,5102,BACELOR,40-49,48.0
2024,WBPN22310,35,DUSUN-SABAH,MALE,BEKERJA SEPENUH MASA,PUP-FGV,"PROFESSIONAL, SCIENTIFIC, AND TECHNICAL ACTIVITIES",SABAH,434,BACELOR EKSEKUTIF PENGURUSAN PERNIAGAAN (PENGURUSAN PERLADANGAN),3900.00,ONLINE,5292,BACELOR,30-39,35.0
2024,WBPN22312,31,IBAN/SEA DAYAK -SARAWAK,MALE,BEKERJA SEPENUH MASA,RIA SOLUTIONS (M) SDN BHD,MANUFACTURING,SARAWAK,435,BACELOR EKSEKUTIF PENGURUSAN PERNIAGAAN (PENGURUSAN KEJURUTERAAN),8500.00,ONLINE,5321,BACELOR,30-39,31.0
2024,WBPN22313,41,CINA,FEMALE,BEKERJA SEPENUH MASA,CRYSTAL PRECISION (MALAYSIA) SDN BHD,"PROFESSIONAL, SCIENTIFIC, AND TECHNICAL ACTIVITIES",PULAU PINANG,433,BACELOR EKSEKUTIF PENGURUSAN PERNIAGAAN (OPERASI INDUSTRI),6000.00,ONLINE,5346,BACELOR,40-49,41.0
2024,WBPN22316,41,CINA,MALE,BEKERJA SEPENUH MASA,TAN CHONG EKSPRES AUTO SERVIS SDN BHD,"PROFESSIONAL, SCIENTIFIC, AND TECHNICAL ACTIVITIES",JOHOR,431,BACELOR EKSEKUTIF PENGURUSAN PERNIAGAAN (PENGURUSAN OPERASI),7000.00,ONLINE,4052,BACELOR,40-49,41.0
2024,WBPN22317,34,MELAYU,MALE,BEKERJA SEPENUH MASA,HENRY BUTCHER (M) MONT KIARA,"PROFESSIONAL, SCIENTIFIC, AND TECHNICAL ACTIVITIES",KUALA LUMPUR,431,BACELOR EKSEKUTIF PENGURUSAN PERNIAGAAN (PENGURUSAN OPERASI),3700.00,ONLINE,5967,BACELOR,30-39,34.0
2024,WBPN22319,33,INDIA,FEMALE,BEKERJA SEPENUH MASA,CERTIS CISCO SECURITY PTE LTD,"PROFESSIONAL, SCIENTIFIC, AND TECHNICAL ACTIVITIES",JOHOR,431,BACELOR EKSEKUTIF PENGURUSAN PERNIAGAAN (PENGURUSAN OPERASI),3500.00,ONLINE,5109,BACELOR,30-39,33.0
2024,WBPN22322,65,KADAZAN-SABAH,MALE,BEKERJA SEPARA MASA,NIL,"PROFESSIONAL, SCIENTIFIC, AND TECHNICAL ACTIVITIES",SABAH,431,BACELOR EKSEKUTIF PENGURUSAN PERNIAGAAN (PENGURUSAN OPERASI),3000.00,ONLINE,5786,BACELOR,60+,65.0
2024,WBPN22323,49,IBAN/SEA DAYAK -SARAWAK,MALE,BEKERJA SEPENUH MASA,BINTULU PORT HOLDINGS BERHAD,TRANSPORTATION AND STORAGE,SARAWAK,436,BACELOR EKSEKUTIF PENGURUSAN PERNIAGAAN (PENGURUSAN LOGISTIK & RANTAIAN BEKALAN),3267.00,ONLINE,4149,BACELOR,40-49,49.0
2024,WBPN22325,54,KADAZAN-SABAH,MALE,BEKERJA/USAHAWAN/FREELANCE,RESTORAN PANDAN,"PROFESSIONAL, SCIENTIFIC, AND TECHNICAL ACTIVITIES",SABAH,431,BACELOR EKSEKUTIF PENGURUSAN PERNIAGAAN (PENGURUSAN OPERASI),5000.00,ONLINE,4602,BACELOR,50-59,54.0
2024,WBPN22327,32,MELAYU,FEMALE,BEKERJA SEPENUH MASA,MICRON MEMORY MALAYSIA,"PROFESSIONAL, SCIENTIFIC, AND TECHNICAL ACTIVITIES",PULAU PINANG,431,BACELOR EKSEKUTIF PENGURUSAN PERNIAGAAN (PENGURUSAN OPERASI),3200.00,ONLINE,5634,BACELOR,30-39,32.0
2024,WBPN22328,50,MELAYU,MALE,BEKERJA SEPENUH MASA,SOPHIC AUTOMATION SDN BHD,"PROFESSIONAL, SCIENTIFIC, AND TECHNICAL ACTIVITIES",PULAU PINANG,433,BACELOR EKSEKUTIF PENGURUSAN PERNIAGAAN (OPERASI INDUSTRI),8400.00,ONLINE,4749,BACELOR,50-59,50.0
2024,WBPN22329,46,SINO-NATIVE-SABAH,MALE,BEKERJA SEPENUH MASA,SURIA EXOTIKA SDN BHD,MANUFACTURING,SABAH,435,BACELOR EKSEKUTIF PENGURUSAN PERNIAGAAN (PENGURUSAN KEJURUTERAAN),4750.00,ONLINE,5760,BACELOR,40-49,46.0
2024,WBPN22330,41,MELAYU,FEMALE,BEKERJA SEPENUH MASA,JABIL PENANG,TRANSPORTATION AND STORAGE,KEDAH,436,BACELOR EKSEKUTIF PENGURUSAN PERNIAGAAN (PENGURUSAN LOGISTIK & RANTAIAN BEKALAN),5305.00,ONLINE,5792,BACELOR,40-49,41.0
2024,WBPN22331,28,INDIA,MALE,BEKERJA SEPENUH MASA,SARANAM (M) SDN BHD,"PROFESSIONAL, SCIENTIFIC, AND TECHNICAL ACTIVITIES",SELANGOR,431,BACELOR EKSEKUTIF PENGURUSAN PERNIAGAAN (PENGURUSAN OPERASI),10000.00,ONLINE,4555,BACELOR,<29,28.0
2024,WBPN22332,40,MELAYU,MALE,BEKERJA SEPENUH MASA,TOUCH GROUP HOLDING SDN BHD,"PROFESSIONAL, SCIENTIFIC, AND TECHNICAL ACTIVITIES",SELANGOR,434,BACELOR EKSEKUTIF PENGURUSAN PERNIAGAAN (PENGURUSAN PERLADANGAN),12000.00,ONLINE,4262,BACELOR,40-49,40.0
2024,WBPN22334,38,MELAYU,FEMALE,BEKERJA SEPENUH MASA,LEICA CAMERA MALAYSIA SDN BHD,TRANSPORTATION AND STORAGE,KUALA LUMPUR,436,BACELOR EKSEKUTIF PENGURUSAN PERNIAGAAN (PENGURUSAN LOGISTIK & RANTAIAN BEKALAN),4550.00,ONLINE,4735,BACELOR,30-39,38.0
2024,WBPN22336,34,INDIA,FEMALE,BEKERJA SEPENUH MASA,RAMASUNDRAM SILVER CENTRE,"PROFESSIONAL, SCIENTIFIC, AND TECHNICAL ACTIVITIES",SELANGOR,431,BACELOR EKSEKUTIF PENGURUSAN PERNIAGAAN (PENGURUSAN OPERASI),2500.00,ONLINE,4849,BACELOR,30-39,34.0
2024,WBPN22337,47,INDIA,FEMALE,BEKERJA SEPENUH MASA,GREEN ISLAND FEED MILLS SDN BHD,"PROFESSIONAL, SCIENTIFIC, AND TECHNICAL ACTIVITIES",PULAU PINANG,432,BACELOR EKSEKUTIF PENGURUSAN PERNIAGAAN (PENGURUSAN SUMBER MANUSIA),2700.00,ONLINE,5443,BACELOR,40-49,47.0
2024,WBPN22342,57,KHEK (HAKKA),MALE,BEKERJA SEPENUH MASA,MEWAH DAIRIES SDN BHD,MANUFACTURING,SELANGOR,435,BACELOR EKSEKUTIF PENGURUSAN PERNIAGAAN (PENGURUSAN KEJURUTERAAN),15500.00,ONLINE,5177,BACELOR,50-59,57.0
2024,WBPN22344,46,MELAYU,FEMALE,BEKERJA SEPENUH MASA,MFS TECHNOLOGY (M) SDN BHD,"PROFESSIONAL, SCIENTIFIC, AND TECHNICAL ACTIVITIES",MELAKA,432,BACELOR EKSEKUTIF PENGURUSAN PERNIAGAAN (PENGURUSAN SUMBER MANUSIA),4700.00,ONLINE,4088,BACELOR,40-49,46.0
2024,WBPN22346,25,MELAYU,FEMALE,BEKERJA SEPENUH MASA,PREFCHEM,"PROFESSIONAL, SCIENTIFIC, AND TECHNICAL ACTIVITIES",JOHOR,431,BACELOR EKSEKUTIF PENGURUSAN PERNIAGAAN (PENGURUSAN OPERASI),3150.00,ONLINE,4840,BACELOR,<29,25.0
2024,WBPN22348,25,INDIA,FEMALE,BEKERJA SEPENUH MASA,KR TRAVEL & TOURS,TRANSPORTATION AND STORAGE,NEGERI SEMBILAN,436,BACELOR EKSEKUTIF PENGURUSAN PERNIAGAAN (PENGURUSAN LOGISTIK & RANTAIAN BEKALAN),2000.00,ONLINE,5639,BACELOR,<29,25.0
2024,WBPN22352,48,INDIA,MALE,BEKERJA SEPENUH MASA,KIBING GROUP (M) SDN BHD,"PROFESSIONAL, SCIENTIFIC, AND TECHNICAL ACTIVITIES",NEGERI SEMBILAN,433,BACELOR EKSEKUTIF PENGURUSAN PERNIAGAAN (OPERASI INDUSTRI),2300.00,ONLINE,5896,BACELOR,40-49,48.0
2024,WBPN22353,25,INDIA,FEMALE,BEKERJA SEPENUH MASA,BANGARA ENTERPRISE,"PROFESSIONAL, SCIENTIFIC, AND TECHNICAL ACTIVITIES",PERAK,431,BACELOR EKSEKUTIF PENGURUSAN PERNIAGAAN (PENGURUSAN OPERASI),2300.00,ONLINE,4397,BACELOR,<29,25.0
2024,WBPN22354,33,IBAN/SEA DAYAK -SARAWAK,MALE,MELANJUTKAN PENGAJIAN,OCIM SDN BHD,"PROFESSIONAL, SCIENTIFIC, AND TECHNICAL ACTIVITIES",SARAWAK,434,BACELOR EKSEKUTIF PENGURUSAN PERNIAGAAN (PENGURUSAN PERLADANGAN),2300.00,ONLINE,5780,BACELOR,30-39,33.0
2024,WBPN22359,38,MELAYU,MALE,BEKERJA SEPENUH MASA,PADIBERAS NASIONAL BERHAD ( BERNAS),"PROFESSIONAL, SCIENTIFIC, AND TECHNICAL ACTIVITIES",SARAWAK,431,BACELOR EKSEKUTIF PENGURUSAN PERNIAGAAN (PENGURUSAN OPERASI),2229.00,ONLINE,5910,BACELOR,30-39,38.0
2024,WBPN22362,32,INDIA,MALE,BEKERJA SEPENUH MASA,SD GUTHRIE BERHAD,"PROFESSIONAL, SCIENTIFIC, AND TECHNICAL ACTIVITIES",PERAK,434,BACELOR EKSEKUTIF PENGURUSAN PERNIAGAAN (PENGURUSAN PERLADANGAN),8000.00,ONLINE,4660,BACELOR,30-39,32.0
2024,WBPN22368,33,INDIA,MALE,BEKERJA SEPENUH MASA,SIME DARBY PLANTATION BERHAD,"PROFESSIONAL, SCIENTIFIC, AND TECHNICAL ACTIVITIES",PERAK,434,BACELOR EKSEKUTIF PENGURUSAN PERNIAGAAN (PENGURUSAN PERLADANGAN),1500.00,ONLINE,5042,BACELOR,30-39,33.0
2024,WBPN22370,43,MELAYU,MALE,BEKERJA SEPENUH MASA,FGV AGRI SERVICES SDN BHD,"PROFESSIONAL, SCIENTIFIC, AND TECHNICAL ACTIVITIES",KUALA LUMPUR,433,BACELOR EKSEKUTIF PENGURUSAN PERNIAGAAN (OPERASI INDUSTRI),3780.00,ONLINE,5190,BACELOR,40-49,43.0
2024,WBPN22371,46,BUGIS,MALE,BEKERJA SEPENUH MASA,TRADEWINDS PLANTATION SDN BHD,"PROFESSIONAL, SCIENTIFIC, AND TECHNICAL ACTIVITIES",SABAH,434,BACELOR EKSEKUTIF PENGURUSAN PERNIAGAAN (PENGURUSAN PERLADANGAN),8500.00,ONLINE,4954,BACELOR,40-49,46.0
2024,WBPN22378,34,MELAYU,FEMALE,BEKERJA SEPENUH MASA,UNIVERSITI MALAYSIA PAHANG AL-SULTAN ABDULLAH,"PROFESSIONAL, SCIENTIFIC, AND TECHNICAL ACTIVITIES",PAHANG,432,BACELOR EKSEKUTIF PENGURUSAN PERNIAGAAN (PENGURUSAN SUMBER MANUSIA),1967.00,ONLINE,4092,BACELOR,30-39,34.0
2024,WBPN22379,26,INDIA,MALE,BEKERJA SEPARA MASA,BRIGHT STAR TUITION,TRANSPORTATION AND STORAGE,JOHOR,436,BACELOR EKSEKUTIF PENGURUSAN PERNIAGAAN (PENGURUSAN LOGISTIK & RANTAIAN BEKALAN),1500.00,ONLINE,4876,BACELOR,<29,26.0
2024,WBPN22403,27,INDIA,FEMALE,BEKERJA SEPENUH MASA,TECHNOMECH (M) SDN BHD,"PROFESSIONAL, SCIENTIFIC, AND TECHNICAL ACTIVITIES",NEGERI SEMBILAN,431,BACELOR EKSEKUTIF PENGURUSAN PERNIAGAAN (PENGURUSAN OPERASI),2300.00,ONLINE,5165,BACELOR,<29,27.0
2024,WBPN22405,54,BUGIS,MALE,BEKERJA SEPENUH MASA,TAMACO GROUP,"PROFESSIONAL, SCIENTIFIC, AND TECHNICAL ACTIVITIES",SABAH,433,BACELOR EKSEKUTIF PENGURUSAN PERNIAGAAN (OPERASI INDUSTRI),18000.00,ONLINE,4182,BACELOR,50-59,54.0
2024,WBPN22407,41,BOYAN,FEMALE,BEKERJA SEPENUH MASA,GOLDEN FRONTIER PACKAGING (JOHOR) SDN BHD,"PROFESSIONAL, SCIENTIFIC, AND TECHNICAL ACTIVITIES",JOHOR,431,BACELOR EKSEKUTIF PENGURUSAN PERNIAGAAN (PENGURUSAN OPERASI),2850.00,ONLINE,4139,BACELOR,40-49,41.0
2024,WBPN22408,27,BOYAN,FEMALE,BEKERJA SEPENUH MASA,CMS LOGISTICS SDN BHD,"PROFESSIONAL, SCIENTIFIC, AND TECHNICAL ACTIVITIES",JOHOR,431,BACELOR EKSEKUTIF PENGURUSAN PERNIAGAAN (PENGURUSAN OPERASI),2000.00,ONLINE,4719,BACELOR,<29,27.0
2024,WBPN22409,37,MELAYU,MALE,BEKERJA SEPENUH MASA,MICRON MEMORY MALAYSIA SDN HD,MANUFACTURING,PULAU PINANG,435,BACELOR EKSEKUTIF PENGURUSAN PERNIAGAAN (PENGURUSAN KEJURUTERAAN),3800.00,ONLINE,5212,BACELOR,30-39,37.0
2024,WBPN22411,40,BUGIS,MALE,BEKERJA SEPENUH MASA,TECK GUAN INDUSTRIES SDN BHD,MANUFACTURING,SABAH,435,BACELOR EKSEKUTIF PENGURUSAN PERNIAGAAN (PENGURUSAN KEJURUTERAAN),2400.00,ONLINE,5070,BACELOR,40-49,40.0
2024,WBPN22413,33,CINA,MALE,BEKERJA SEPENUH MASA,MKRS GROUP OF COMPANIES SDN BHD,MANUFACTURING,SELANGOR,435,BACELOR EKSEKUTIF PENGURUSAN PERNIAGAAN (PENGURUSAN KEJURUTERAAN),5200.00,ONLINE,5636,BACELOR,30-39,33.0
2024,WBPN22414,34,INDIA,FEMALE,BEKERJA SEPENUH MASA,ANT INTERNATIONAL,"PROFESSIONAL, SCIENTIFIC, AND TECHNICAL ACTIVITIES",KUALA LUMPUR,431,BACELOR EKSEKUTIF PENGURUSAN PERNIAGAAN (PENGURUSAN OPERASI),2500.00,ONLINE,4128,BACELOR,30-39,34.0
2024,WBPN22415,49,INDIA,FEMALE,BEKERJA SEPENUH MASA,SUJATA SOKALINGAM,"PROFESSIONAL, SCIENTIFIC, AND TECHNICAL ACTIVITIES",KUALA LUMPUR,431,BACELOR EKSEKUTIF PENGURUSAN PERNIAGAAN (PENGURUSAN OPERASI),15000.00,ONLINE,5472,BACELOR,40-49,49.0
2024,WBPN22416,41,CINA,MALE,BEKERJA SEPENUH MASA,AICA SINGAPORE PTE LTD,TRANSPORTATION AND STORAGE,JOHOR,436,BACELOR EKSEKUTIF PENGURUSAN PERNIAGAAN (PENGURUSAN LOGISTIK & RANTAIAN BEKALAN),17000.00,ONLINE,5193,BACELOR,40-49,41.0
2024,WBPN22420,59,KADAZAN-SABAH,MALE,BEKERJA SEPENUH MASA,LEMBAGA PEMBANGUNAN PERUMAHAN DAN BANDAR,MANUFACTURING,SABAH,435,BACELOR EKSEKUTIF PENGURUSAN PERNIAGAAN (PENGURUSAN KEJURUTERAAN),7016.00,ONLINE,5477,BACELOR,50-59,59.0
2024,WBPN22423,42,MELAYU,FEMALE,BEKERJA SEPENUH MASA,SD GUTHRIE BERHAD,"PROFESSIONAL, SCIENTIFIC, AND TECHNICAL ACTIVITIES",NEGERI SEMBILAN,431,BACELOR EKSEKUTIF PENGURUSAN PERNIAGAAN (PENGURUSAN OPERASI),5465.00,ONLINE,5579,BACELOR,40-49,42.0
2024,WBPN22425,27,INDIA,FEMALE,BEKERJA SEPENUH MASA,MOI INTERNATIONAL SINGAPORE PTE LTD,TRANSPORTATION AND STORAGE,SELANGOR,436,BACELOR EKSEKUTIF PENGURUSAN PERNIAGAAN (PENGURUSAN LOGISTIK & RANTAIAN BEKALAN),7000.00,ONLINE,4019,BACELOR,<29,27.0
2024,WBPN22427,45,MELAYU,MALE,BEKERJA SEPENUH MASA,MMC JOHORPORT BERHAD,TRANSPORTATION AND STORAGE,JOHOR,436,BACELOR EKSEKUTIF PENGURUSAN PERNIAGAAN (PENGURUSAN LOGISTIK & RANTAIAN BEKALAN),8000.00,ONLINE,4661,BACELOR,40-49,45.0
2024,WBPN22435,41,MELAYU,MALE,BEKERJA SEPENUH MASA,SYSTEC FORMS MARKETING SDN BHD,MANUFACTURING,JOHOR,435,BACELOR EKSEKUTIF PENGURUSAN PERNIAGAAN (PENGURUSAN KEJURUTERAAN),3650.00,ONLINE,4070,BACELOR,40-49,41.0
2024,WBPN22436,37,MELAYU,MALE,BEKERJA SEPENUH MASA,OSTENREICH RESOURCES (M) SDN BHD,"PROFESSIONAL, SCIENTIFIC, AND TECHNICAL ACTIVITIES",TERENGGANU,431,BACELOR EKSEKUTIF PENGURUSAN PERNIAGAAN (PENGURUSAN OPERASI),3000.00,ONLINE,5404,BACELOR,30-39,37.0
2024,WBPN22441,27,INDIA,MALE,BEKERJA SEPENUH MASA,ACHI JAYA PLANTATIONS SDN.BHD.,"PROFESSIONAL, SCIENTIFIC, AND TECHNICAL ACTIVITIES",JOHOR,434,BACELOR EKSEKUTIF PENGURUSAN PERNIAGAAN (PENGURUSAN PERLADANGAN),1810.00,ONLINE,5947,BACELOR,<29,27.0
2024,WBPN22442,49,INDIA,FEMALE,BEKERJA SEPENUH MASA,MEGALIFT SDN BHD,"PROFESSIONAL, SCIENTIFIC, AND TECHNICAL ACTIVITIES",SELANGOR,431,BACELOR EKSEKUTIF PENGURUSAN PERNIAGAAN (PENGURUSAN OPERASI),3300.00,ONLINE,5198,BACELOR,40-49,49.0
2024,WBPN22444,44,CINA,MALE,BEKERJA SEPENUH MASA,LONGI MALAYSIA SDN BHD,MANUFACTURING,PULAU PINANG,435,BACELOR EKSEKUTIF PENGURUSAN PERNIAGAAN (PENGURUSAN KEJURUTERAAN),5500.00,ONLINE,5961,BACELOR,40-49,44.0
2024,WBPN22447,51,CANTONESE,MALE,BEKERJA SEPENUH MASA,GIP CAPITAL SDN BHD,"PROFESSIONAL, SCIENTIFIC, AND TECHNICAL ACTIVITIES",KUALA LUMPUR,431,BACELOR EKSEKUTIF PENGURUSAN PERNIAGAAN (PENGURUSAN OPERASI),18000.00,ONLINE,4808,BACELOR,50-59,51.0
2024,WBPN22451,44,DUSUN-SABAH,FEMALE,BEKERJA SEPENUH MASA,YAYASAN SABAH,"PROFESSIONAL, SCIENTIFIC, AND TECHNICAL ACTIVITIES",SABAH,431,BACELOR EKSEKUTIF PENGURUSAN PERNIAGAAN (PENGURUSAN OPERASI),2500.00,ONLINE,4182,BACELOR,40-49,44.0
2024,WBPN22453,50,INDIA,FEMALE,BEKERJA SEPENUH MASA,GOODYEAR MALAYSIA BERHAD,"PROFESSIONAL, SCIENTIFIC, AND TECHNICAL ACTIVITIES",SELANGOR,432,BACELOR EKSEKUTIF PENGURUSAN PERNIAGAAN (PENGURUSAN SUMBER MANUSIA),5500.00,ONLINE,4369,BACELOR,50-59,50.0
2024,WBPN22456,26,CINA,FEMALE,BEKERJA SEPENUH MASA,JINJING TECHNOLOGY MALAYSIA SDN BHD,TRANSPORTATION AND STORAGE,KEDAH,436,BACELOR EKSEKUTIF PENGURUSAN PERNIAGAAN (PENGURUSAN LOGISTIK & RANTAIAN BEKALAN),3000.00,ONLINE,5188,BACELOR,<29,26.0
2024,WBPN22461,28,BAJAU - SABAH,FEMALE,BEKERJA SEPENUH MASA,SRI NURASHYIKIN ENTERPRISE,"PROFESSIONAL, SCIENTIFIC, AND TECHNICAL ACTIVITIES",SABAH,432,BACELOR EKSEKUTIF PENGURUSAN PERNIAGAAN (PENGURUSAN SUMBER MANUSIA),15000.00,ONLINE,5537,BACELOR,<29,28.0
2024,WBPN22464,39,CINA,FEMALE,BEKERJA SEPENUH MASA,NIDEC ADVANCE TECHNOLOGY MALAYSIA SDN.BHD.,"PROFESSIONAL, SCIENTIFIC, AND TECHNICAL ACTIVITIES",PULAU PINANG,431,BACELOR EKSEKUTIF PENGURUSAN PERNIAGAAN (PENGURUSAN OPERASI),4498.00,ONLINE,4423,BACELOR,30-39,39.0
2024,WBPN22470,26,MELAYU,FEMALE,BEKERJA SEPENUH MASA,EKO METAL INDUSTRIES SDN. BHD,"PROFESSIONAL, SCIENTIFIC, AND TECHNICAL ACTIVITIES",KEDAH,432,BACELOR EKSEKUTIF PENGURUSAN PERNIAGAAN (PENGURUSAN SUMBER MANUSIA),2363.00,ONLINE,4913,BACELOR,<29,26.0
2024,WBPN22471,29,MELAYU,MALE,BEKERJA SEPENUH MASA,ASSAB STEEL MALAYSIA SDN BHD,"PROFESSIONAL, SCIENTIFIC, AND TECHNICAL ACTIVITIES",SELANGOR,433,BACELOR EKSEKUTIF PENGURUSAN PERNIAGAAN (OPERASI INDUSTRI),2800.00,ONLINE,4207,BACELOR,<29,29.0
2024,WBPN22479,25,INDIA,MALE,BEKERJA SEPENUH MASA,RESORTS WORLD GENTING,TRANSPORTATION AND STORAGE,PAHANG,436,BACELOR EKSEKUTIF PENGURUSAN PERNIAGAAN (PENGURUSAN LOGISTIK & RANTAIAN BEKALAN),3180.00,ONLINE,5929,BACELOR,<29,25.0
2024,WBPN22482,29,IBAN/SEA DAYAK -SARAWAK,FEMALE,BEKERJA SEPENUH MASA,SCHLUMBERGER,MANUFACTURING,SARAWAK,435,BACELOR EKSEKUTIF PENGURUSAN PERNIAGAAN (PENGURUSAN KEJURUTERAAN),9000.00,ONLINE,5136,BACELOR,<29,29.0
2024,WBPN22485,46,KADAZAN-SABAH,MALE,BEKERJA SEPENUH MASA,IOI PLANTATION SERVICES SDN BHD,"PROFESSIONAL, SCIENTIFIC, AND TECHNICAL ACTIVITIES",SABAH,434,BACELOR EKSEKUTIF PENGURUSAN PERNIAGAAN (PENGURUSAN PERLADANGAN),2070.00,ONLINE,5716,BACELOR,40-49,46.0
2024,WBPN22487,29,MELAYU,MALE,BEKERJA/USAHAWAN/FREELANCE,PUBLIC MUTUAL BERHAD,"PROFESSIONAL, SCIENTIFIC, AND TECHNICAL ACTIVITIES",SELANGOR,431,BACELOR EKSEKUTIF PENGURUSAN PERNIAGAAN (PENGURUSAN OPERASI),5000.00,ONLINE,5253,BACELOR,<29,29.0
2024,WBPN23106,41,MELAYU,MALE,BEKERJA SEPENUH MASA,MAYBANK,"PROFESSIONAL, SCIENTIFIC, AND TECHNICAL ACTIVITIES",KUALA LUMPUR,431,BACELOR EKSEKUTIF PENGURUSAN PERNIAGAAN (PENGURUSAN OPERASI),6317.00,ONLINE,4005,BACELOR,40-49,41.0
2024,WBPN23107,40,MELAYU,MALE,BEKERJA SEPENUH MASA,MY PRIVATE EYE CONSULTING SDN BHD,"PROFESSIONAL, SCIENTIFIC, AND TECHNICAL ACTIVITIES",NEGERI SEMBILAN,431,BACELOR EKSEKUTIF PENGURUSAN PERNIAGAAN (PENGURUSAN OPERASI),3000.00,ONLINE,4375,BACELOR,40-49,40.0
2024,WBPN23110,25,MELAYU,FEMALE,BEKERJA SEPENUH MASA,AGROBANK SARIKEI,"PROFESSIONAL, SCIENTIFIC, AND TECHNICAL ACTIVITIES",SARAWAK,431,BACELOR EKSEKUTIF PENGURUSAN PERNIAGAAN (PENGURUSAN OPERASI),1649.00,ONLINE,4179,BACELOR,<29,25.0
2024,WBPN231103,46,MELAYU,MALE,BEKERJA SEPENUH MASA,SIME DARBY MOTOR,TRANSPORTATION AND STORAGE,KEDAH,436,BACELOR EKSEKUTIF PENGURUSAN PERNIAGAAN (PENGURUSAN LOGISTIK & RANTAIAN BEKALAN),4000.00,ONLINE,5766,BACELOR,40-49,46.0
2024,WBPN231108,46,IBAN/SEA DAYAK -SARAWAK,MALE,BEKERJA SEPENUH MASA,PETROFAC ENGINEERING(M) SDN BHD,MANUFACTURING,SARAWAK,435,BACELOR EKSEKUTIF PENGURUSAN PERNIAGAAN (PENGURUSAN KEJURUTERAAN),9000.00,ONLINE,4592,BACELOR,40-49,46.0
2024,WBPN231117,37,INDIA,FEMALE,BEKERJA SEPENUH MASA,NEEDLE & THREAD ENTERPRISE,"PROFESSIONAL, SCIENTIFIC, AND TECHNICAL ACTIVITIES",KUALA LUMPUR,431,BACELOR EKSEKUTIF PENGURUSAN PERNIAGAAN (PENGURUSAN OPERASI),3000.00,ONLINE,5379,BACELOR,30-39,37.0
2024,WBPN231130,34,MELAYU,MALE,BEKERJA SEPENUH MASA,ADAZA PLANTATION MANAGEMENT SDN BHD,"PROFESSIONAL, SCIENTIFIC, AND TECHNICAL ACTIVITIES",SELANGOR,434,BACELOR EKSEKUTIF PENGURUSAN PERNIAGAAN (PENGURUSAN PERLADANGAN),8500.00,ONLINE,5022,BACELOR,30-39,34.0
2024,WBPN231132,26,MELAYU,MALE,BEKERJA SEPENUH MASA,BINTULU PORT SDN. BHD.,"PROFESSIONAL, SCIENTIFIC, AND TECHNICAL ACTIVITIES",SARAWAK,431,BACELOR EKSEKUTIF PENGURUSAN PERNIAGAAN (PENGURUSAN OPERASI),2700.00,ONLINE,4482,BACELOR,<29,26.0
2024,WBPN231134,30,INDIA,MALE,BEKERJA SEPENUH MASA,PEPPERL+FUCHS ASIA PTE. LTD.,MANUFACTURING,JOHOR,435,BACELOR EKSEKUTIF PENGURUSAN PERNIAGAAN (PENGURUSAN KEJURUTERAAN),6000.00,ONLINE,5915,BACELOR,30-39,30.0
2024,WBPN231135,42,BRUNEI-SABAH,MALE,BEKERJA SEPENUH MASA,GAYA CENTRE HOTEL,"PROFESSIONAL, SCIENTIFIC, AND TECHNICAL ACTIVITIES",SABAH,431,BACELOR EKSEKUTIF PENGURUSAN PERNIAGAAN (PENGURUSAN OPERASI),3000.00,ONLINE,4602,BACELOR,40-49,42.0
2024,WBPN231138,48,MELAYU,FEMALE,BEKERJA SEPENUH MASA,NATURAL WELLNESS HOLDINGS (M) SDN BHD,"PROFESSIONAL, SCIENTIFIC, AND TECHNICAL ACTIVITIES",NEGERI SEMBILAN,432,BACELOR EKSEKUTIF PENGURUSAN PERNIAGAAN (PENGURUSAN SUMBER MANUSIA),10800.00,ONLINE,5270,BACELOR,40-49,48.0
2024,WBPN231142,42,FOOCHOW,MALE,BEKERJA SEPENUH MASA,SARAWAL PLANTATION BERHAD,MANUFACTURING,SARAWAK,435,BACELOR EKSEKUTIF PENGURUSAN PERNIAGAAN (PENGURUSAN KEJURUTERAAN),9000.00,ONLINE,4612,BACELOR,40-49,42.0
2024,WBPN23115,33,MELAYU,FEMALE,BEKERJA SEPENUH MASA,HP MALAYSIA MANUFACTURING,"PROFESSIONAL, SCIENTIFIC, AND TECHNICAL ACTIVITIES",KEDAH,433,BACELOR EKSEKUTIF PENGURUSAN PERNIAGAAN (OPERASI INDUSTRI),3000.00,ONLINE,4390,BACELOR,30-39,33.0
2024,WBPN231152,29,CINA,MALE,BEKERJA/USAHAWAN/FREELANCE,KUCHING CUSTOMISE GIFT,"PROFESSIONAL, SCIENTIFIC, AND TECHNICAL ACTIVITIES",SARAWAK,431,BACELOR EKSEKUTIF PENGURUSAN PERNIAGAAN (PENGURUSAN OPERASI),2500.00,ONLINE,5135,BACELOR,<29,29.0
2024,WBPN231154,31,IBAN/SEA DAYAK -SARAWAK,MALE,BEKERJA SEPENUH MASA,GAP OIL MILL SDN. BHD.,"PROFESSIONAL, SCIENTIFIC, AND TECHNICAL ACTIVITIES",SARAWAK,433,BACELOR EKSEKUTIF PENGURUSAN PERNIAGAAN (OPERASI INDUSTRI),1900.00,ONLINE,5908,BACELOR,30-39,31.0
2024,WBPN23116,39,MELAYU,FEMALE,BEKERJA SEPENUH MASA,SHELL BUSINESS OPERATION,TRANSPORTATION AND STORAGE,SELANGOR,436,BACELOR EKSEKUTIF PENGURUSAN PERNIAGAAN (PENGURUSAN LOGISTIK & RANTAIAN BEKALAN),4600.00,ONLINE,4318,BACELOR,30-39,39.0
2024,WBPN23117,34,CINA,MALE,BEKERJA SEPENUH MASA,TIONG NAM LOGISTICS SOLUTIONS SDN BHD,TRANSPORTATION AND STORAGE,SELANGOR,436,BACELOR EKSEKUTIF PENGURUSAN PERNIAGAAN (PENGURUSAN LOGISTIK & RANTAIAN BEKALAN),11500.00,ONLINE,4654,BACELOR,30-39,34.0
2024,WBPN23120,27,INDIA,FEMALE,BEKERJA SEPENUH MASA,FLEXTRONICS SHAH ALAM SDN BHD,"PROFESSIONAL, SCIENTIFIC, AND TECHNICAL ACTIVITIES",JOHOR,431,BACELOR EKSEKUTIF PENGURUSAN PERNIAGAAN (PENGURUSAN OPERASI),3200.00,ONLINE,4407,BACELOR,<29,27.0
2024,WBPN23123,54,MELAYU,MALE,BEKERJA/USAHAWAN/FREELANCE,CANGGIH SUTERA SDN. BHD.,"PROFESSIONAL, SCIENTIFIC, AND TECHNICAL ACTIVITIES",PERAK,431,BACELOR EKSEKUTIF PENGURUSAN PERNIAGAAN (PENGURUSAN OPERASI),15000.00,ONLINE,5392,BACELOR,50-59,54.0
2024,WBPN23129,37,INDIA,MALE,BEKERJA SEPENUH MASA,ATOTECH MALAYSIA SDN.BHD,MANUFACTURING,KEDAH,435,BACELOR EKSEKUTIF PENGURUSAN PERNIAGAAN (PENGURUSAN KEJURUTERAAN),5000.00,ONLINE,4659,BACELOR,30-39,37.0
2024,WBPN23131,52,BRUNEI-SABAH,FEMALE,BEKERJA SEPENUH MASA,YAYASAN SABAH,"PROFESSIONAL, SCIENTIFIC, AND TECHNICAL ACTIVITIES",SABAH,431,BACELOR EKSEKUTIF PENGURUSAN PERNIAGAAN (PENGURUSAN OPERASI),6500.00,ONLINE,5874,BACELOR,50-59,52.0
2024,WBPN23132,47,MELAYU,MALE,BEKERJA SEPENUH MASA,BOUSTEAD HOTELS AND RESORTS,"PROFESSIONAL, SCIENTIFIC, AND TECHNICAL ACTIVITIES",SELANGOR,431,BACELOR EKSEKUTIF PENGURUSAN PERNIAGAAN (PENGURUSAN OPERASI),5500.00,ONLINE,4350,BACELOR,40-49,47.0
2024,WBPN23133,43,HOKKIEN,FEMALE,BEKERJA SEPENUH MASA,SCUDAI DEVELOPMENT SDN BHD,"PROFESSIONAL, SCIENTIFIC, AND TECHNICAL ACTIVITIES",JOHOR,431,BACELOR EKSEKUTIF PENGURUSAN PERNIAGAAN (PENGURUSAN OPERASI),7200.00,ONLINE,4754,BACELOR,40-49,43.0
2024,WBPN23134,41,MELAYU,FEMALE,BEKERJA SEPENUH MASA,URC SNACK FOODS MALAYSIA SDN BHD,"PROFESSIONAL, SCIENTIFIC, AND TECHNICAL ACTIVITIES",JOHOR,431,BACELOR EKSEKUTIF PENGURUSAN PERNIAGAAN (PENGURUSAN OPERASI),2500.00,ONLINE,5346,BACELOR,40-49,41.0
2024,WBPN23136,35,MELAYU,FEMALE,BEKERJA SEPENUH MASA,MAYBANK,"PROFESSIONAL, SCIENTIFIC, AND TECHNICAL ACTIVITIES",SELANGOR,431,BACELOR EKSEKUTIF PENGURUSAN PERNIAGAAN (PENGURUSAN OPERASI),5900.00,ONLINE,4629,BACELOR,30-39,35.0
2024,WBPN23145,33,INDIA,FEMALE,BEKERJA SEPENUH MASA,SPUTNIK CONSULTING SDN BHD,"PROFESSIONAL, SCIENTIFIC, AND TECHNICAL ACTIVITIES",SELANGOR,432,BACELOR EKSEKUTIF PENGURUSAN PERNIAGAAN (PENGURUSAN SUMBER MANUSIA),4000.00,ONLINE,5517,BACELOR,30-39,33.0
2024,WBPN23150,44,IBAN/SEA DAYAK -SARAWAK,MALE,BEKERJA SEPENUH MASA,KEMENTERIAN PERTAHANAN ( TUDM),MANUFACTURING,SARAWAK,435,BACELOR EKSEKUTIF PENGURUSAN PERNIAGAAN (PENGURUSAN KEJURUTERAAN),6000.00,ONLINE,5103,BACELOR,40-49,44.0
2024,WBPN23152,35,IBAN/SEA DAYAK -SARAWAK,MALE,BEKERJA SEPENUH MASA,PETRONAS MLNG SDN BHD,MANUFACTURING,SARAWAK,435,BACELOR EKSEKUTIF PENGURUSAN PERNIAGAAN (PENGURUSAN KEJURUTERAAN),9000.00,ONLINE,4756,BACELOR,30-39,35.0
2024,WBPN23153,31,IBAN/SEA DAYAK -SARAWAK,MALE,BEKERJA SEPENUH MASA,BINTULU PORT HOLDINGS BERHAD,"PROFESSIONAL, SCIENTIFIC, AND TECHNICAL ACTIVITIES",SARAWAK,431,BACELOR EKSEKUTIF PENGURUSAN PERNIAGAAN (PENGURUSAN OPERASI),3060.00,ONLINE,5843,BACELOR,30-39,31.0
2024,WBPN23158,40,MELAYU,MALE,BEKERJA SEPENUH MASA,TM TECHNOLOGY SERVICES SDN BHD,MANUFACTURING,SABAH,435,BACELOR EKSEKUTIF PENGURUSAN PERNIAGAAN (PENGURUSAN KEJURUTERAAN),4000.00,ONLINE,4050,BACELOR,40-49,40.0
2024,WBPN23160,28,MELAYU,FEMALE,BEKERJA SEPENUH MASA,MR DIY,"PROFESSIONAL, SCIENTIFIC, AND TECHNICAL ACTIVITIES",PERAK,431,BACELOR EKSEKUTIF PENGURUSAN PERNIAGAAN (PENGURUSAN OPERASI),1700.00,ONLINE,4315,BACELOR,<29,28.0
2024,WBPN23165,44,MELAYU,MALE,BEKERJA SEPENUH MASA,ASSEMBLY SERVICES SDN BHD,TRANSPORTATION AND STORAGE,SELANGOR,436,BACELOR EKSEKUTIF PENGURUSAN PERNIAGAAN (PENGURUSAN LOGISTIK & RANTAIAN BEKALAN),8460.00,ONLINE,5711,BACELOR,40-49,44.0
2024,WBPN23172,26,MELAYU,MALE,BEKERJA SEPENUH MASA,CLARION (M) SDN BHD,TRANSPORTATION AND STORAGE,KEDAH,436,BACELOR EKSEKUTIF PENGURUSAN PERNIAGAAN (PENGURUSAN LOGISTIK & RANTAIAN BEKALAN),2750.00,ONLINE,4521,BACELOR,<29,26.0
2024,WBPN23174,33,MELAYU,MALE,BEKERJA SEPENUH MASA,MORISEM SDN BHD (IOI GROUP),"PROFESSIONAL, SCIENTIFIC, AND TECHNICAL ACTIVITIES",SABAH,434,BACELOR EKSEKUTIF PENGURUSAN PERNIAGAAN (PENGURUSAN PERLADANGAN),2700.00,ONLINE,4450,BACELOR,30-39,33.0
2024,WBPN23179,40,MELAYU,FEMALE,BELUM/TIDAK BEKERJA,MEASAT BROADCAST NETWORK SDN BHD,"PROFESSIONAL, SCIENTIFIC, AND TECHNICAL ACTIVITIES",MELAKA,431,BACELOR EKSEKUTIF PENGURUSAN PERNIAGAAN (PENGURUSAN OPERASI),6000.00,ONLINE,5244,BACELOR,40-49,40.0
2024,WBPN23182,35,MELAYU,MALE,BEKERJA SEPENUH MASA,CONCENTRIX MALAYSIA,"PROFESSIONAL, SCIENTIFIC, AND TECHNICAL ACTIVITIES",SELANGOR,432,BACELOR EKSEKUTIF PENGURUSAN PERNIAGAAN (PENGURUSAN SUMBER MANUSIA),7000.00,ONLINE,4933,BACELOR,30-39,35.0
2024,WBPN23183,65,MELAYU,MALE,BELUM/TIDAK BEKERJA,PESARA,TRANSPORTATION AND STORAGE,TERENGGANU,436,BACELOR EKSEKUTIF PENGURUSAN PERNIAGAAN (PENGURUSAN LOGISTIK & RANTAIAN BEKALAN),7000.00,ONLINE,4989,BACELOR,60+,65.0
2024,WBPN23184,46,MELAYU,FEMALE,BEKERJA SEPENUH MASA,MALAYSIA AVIATION GROUP (MAG),"PROFESSIONAL, SCIENTIFIC, AND TECHNICAL ACTIVITIES",PERLIS,431,BACELOR EKSEKUTIF PENGURUSAN PERNIAGAAN (PENGURUSAN OPERASI),5500.00,ONLINE,5743,BACELOR,40-49,46.0
2024,WBPN23188,44,INDIA,FEMALE,BEKERJA SEPENUH MASA,SUBANG JAYA MEDICAL CENTRE,"PROFESSIONAL, SCIENTIFIC, AND TECHNICAL ACTIVITIES",SELANGOR,431,BACELOR EKSEKUTIF PENGURUSAN PERNIAGAAN (PENGURUSAN OPERASI),3600.00,ONLINE,4914,BACELOR,40-49,44.0
2024,WBPN23198,43,SUNGAI-SABAH,FEMALE,BEKERJA SEPENUH MASA,SEDAFIAT SDN. BHD. (HOSPITAL KOTA MARUDU),"PROFESSIONAL, SCIENTIFIC, AND TECHNICAL ACTIVITIES",SABAH,431,BACELOR EKSEKUTIF PENGURUSAN PERNIAGAAN (PENGURUSAN OPERASI),2557.00,ONLINE,4100,BACELOR,40-49,43.0
2024,WBPN23242,29,MELAYU,MALE,BEKERJA SEPENUH MASA,DUTCHLADY MALAYSIA,MANUFACTURING,SELANGOR,435,BACELOR EKSEKUTIF PENGURUSAN PERNIAGAAN (PENGURUSAN KEJURUTERAAN),3000.00,ONLINE,5674,BACELOR,<29,29.0
2024,WBPN23255,44,INDIA,FEMALE,BEKERJA SEPENUH MASA,GD EXPRESS SDN BHD,"PROFESSIONAL, SCIENTIFIC, AND TECHNICAL ACTIVITIES",SELANGOR,432,BACELOR EKSEKUTIF PENGURUSAN PERNIAGAAN (PENGURUSAN SUMBER MANUSIA),2900.00,ONLINE,4319,BACELOR,40-49,44.0
2024,WBPN23268,37,MELAYU,MALE,BEKERJA SEPENUH MASA,UPECA AEROTECH SDN. BHD.,MANUFACTURING,SELANGOR,435,BACELOR EKSEKUTIF PENGURUSAN PERNIAGAAN (PENGURUSAN KEJURUTERAAN),1849.00,ONLINE,5468,BACELOR,30-39,37.0
2024,WBPN23269,28,KADAZAN-SABAH,FEMALE,BEKERJA SEPENUH MASA,INNA PERMAI SDN BHD,"PROFESSIONAL, SCIENTIFIC, AND TECHNICAL ACTIVITIES",SABAH,432,BACELOR EKSEKUTIF PENGURUSAN PERNIAGAAN (PENGURUSAN SUMBER MANUSIA),3000.00,ONLINE,5096,BACELOR,<29,28.0
2024,WBPN23275,42,MELAYU,MALE,BEKERJA SEPENUH MASA,BUREAU VERITAS M SDN BHD,MANUFACTURING,JOHOR,435,BACELOR EKSEKUTIF PENGURUSAN PERNIAGAAN (PENGURUSAN KEJURUTERAAN),10000.00,ONLINE,5034,BACELOR,40-49,42.0
2024,WBPN23308,30,INDIA,MALE,BEKERJA SEPENUH MASA,HEINEKEN MALAYSIA BERHAD,TRANSPORTATION AND STORAGE,SELANGOR,436,BACELOR EKSEKUTIF PENGURUSAN PERNIAGAAN (PENGURUSAN LOGISTIK & RANTAIAN BEKALAN),5080.00,ONLINE,5286,BACELOR,30-39,30.0
2024,WBPN23309,40,INDIA,MALE,BEKERJA SEPENUH MASA,HEINEKEN MALAYSIA BERHAD,TRANSPORTATION AND STORAGE,PERAK,436,BACELOR EKSEKUTIF PENGURUSAN PERNIAGAAN (PENGURUSAN LOGISTIK & RANTAIAN BEKALAN),10800.00,ONLINE,5742,BACELOR,40-49,40.0
2024,WBPN233136,38,KAYAN-SARAWAK,FEMALE,BELUM/TIDAK BEKERJA,TIDAK BEKERJA,"PROFESSIONAL, SCIENTIFIC, AND TECHNICAL ACTIVITIES",SARAWAK,431,BACELOR EKSEKUTIF PENGURUSAN PERNIAGAAN (PENGURUSAN OPERASI),0.00,ONLINE,5685,BACELOR,30-39,38.0
2024,WBPN23321,38,MELAYU,MALE,BEKERJA SEPENUH MASA,FUJI MASTER ENGINEERING SDN BHD,MANUFACTURING,JOHOR,435,BACELOR EKSEKUTIF PENGURUSAN PERNIAGAAN (PENGURUSAN KEJURUTERAAN),7200.00,ONLINE,5058,BACELOR,30-39,38.0
2024,WBPN23374,44,MELAYU,FEMALE,BEKERJA SEPENUH MASA,DIGISTAR HOLDINGS SDN BHD,"PROFESSIONAL, SCIENTIFIC, AND TECHNICAL ACTIVITIES",SELANGOR,431,BACELOR EKSEKUTIF PENGURUSAN PERNIAGAAN (PENGURUSAN OPERASI),4500.00,ONLINE,5511,BACELOR,40-49,44.0
2024,WBPN23398,55,MELAYU,MALE,BEKERJA SEPENUH MASA,PERUSAHAAN OTOMOBIL NASIONAL SDN. BHD.,TRANSPORTATION AND STORAGE,SELANGOR,436,BACELOR EKSEKUTIF PENGURUSAN PERNIAGAAN (PENGURUSAN LOGISTIK & RANTAIAN BEKALAN),5000.00,ONLINE,4546,BACELOR,50-59,55.0
2024,WBPN23449,39,MELAYU,MALE,BEKERJA SEPENUH MASA,PTTEP SARAWAK OIL LIMITED,"PROFESSIONAL, SCIENTIFIC, AND TECHNICAL ACTIVITIES",SARAWAK,433,BACELOR EKSEKUTIF PENGURUSAN PERNIAGAAN (OPERASI INDUSTRI),15000.00,ONLINE,4481,BACELOR,30-39,39.0
2024,WDPB16117,35,INDIA,FEMALE,BEKERJA SEPENUH MASA,TOPGLOVE,"PROFESSIONAL, SCIENTIFIC, AND TECHNICAL ACTIVITIES",NEGERI SEMBILAN,382,DIPLOMA PROFESIONAL PENGURUSAN PERNIAGAAN & KEUSAHAWANAN,2000.00,ONLINE,2661,DIPLOMA,30-39,35.0
2024,WDPB20107,52,MELAYU,MALE,BEKERJA SEPENUH MASA,NH NUSABINA EMPIRE,"PROFESSIONAL, SCIENTIFIC, AND TECHNICAL ACTIVITIES",PAHANG,382,DIPLOMA PROFESIONAL PENGURUSAN PERNIAGAAN & KEUSAHAWANAN,5000.00,ONLINE,3394,DIPLOMA,50-59,52.0
2024,WDPB21203,32,INDIA,MALE,BEKERJA SEPENUH MASA,PERAK MOTOR INDUSTRIAL SUPPLIES SDN BHD,"PROFESSIONAL, SCIENTIFIC, AND TECHNICAL ACTIVITIES",PERAK,382,DIPLOMA PROFESIONAL PENGURUSAN PERNIAGAAN & KEUSAHAWANAN,1800.00,ONLINE,3632,DIPLOMA,30-39,32.0
2024,WDPB21327,26,INDIA,MALE,BEKERJA SEPENUH MASA,SHANPOORNAM METALS SDN BHD,"PROFESSIONAL, SCIENTIFIC, AND TECHNICAL ACTIVITIES",PULAU PINANG,382,DIPLOMA PROFESIONAL PENGURUSAN PERNIAGAAN & KEUSAHAWANAN,2800.00,ONLINE,3497,DIPLOMA,<29,26.0
2024,WDPB21328,25,INDIA,FEMALE,BEKERJA SEPARA MASA,TADIKA DESA PELANGI CERGAS,"PROFESSIONAL, SCIENTIFIC, AND TECHNICAL ACTIVITIES",NEGERI SEMBILAN,382,DIPLOMA PROFESIONAL PENGURUSAN PERNIAGAAN & KEUSAHAWANAN,1500.00,ONLINE,2057,DIPLOMA,<29,25.0
2024,WDPB21337,40,INDIA,FEMALE,BEKERJA/USAHAWAN/FREELANCE (SEPARA MASA),SGV GROUP RESOURSES,"PROFESSIONAL, SCIENTIFIC, AND TECHNICAL ACTIVITIES",SELANGOR,382,DIPLOMA PROFESIONAL PENGURUSAN PERNIAGAAN & KEUSAHAWANAN,1500.00,ONLINE,2514,DIPLOMA,40-49,40.0
2024,WDPB21401,39,MELAYU,FEMALE,BEKERJA SEPENUH MASA,PETRONAS CARIGALI SDN BHD,"PROFESSIONAL, SCIENTIFIC, AND TECHNICAL ACTIVITIES",SARAWAK,382,DIPLOMA PROFESIONAL PENGURUSAN PERNIAGAAN & KEUSAHAWANAN,6000.00,ONLINE,2820,DIPLOMA,30-39,39.0
2024,WDPB21406,24,MELAYU,FEMALE,BEKERJA SEPENUH MASA,DELEGROW WORX SDN BHD,"PROFESSIONAL, SCIENTIFIC, AND TECHNICAL ACTIVITIES",SABAH,382,DIPLOMA PROFESIONAL PENGURUSAN PERNIAGAAN & KEUSAHAWANAN,2000.00,ONLINE,2911,DIPLOMA,<29,24.0
2024,WDPB21407,38,INDIA,FEMALE,BEKERJA SEPENUH MASA,ALLIANZ MALAYSIA SDN BHD,"PROFESSIONAL, SCIENTIFIC, AND TECHNICAL ACTIVITIES",SELANGOR,382,DIPLOMA PROFESIONAL PENGURUSAN PERNIAGAAN & KEUSAHAWANAN,3400.00,ONLINE,3634,DIPLOMA,30-39,38.0
2024,WDPB21415,33,MELAYU,MALE,BELUM/TIDAK BEKERJA,TIADA,"PROFESSIONAL, SCIENTIFIC, AND TECHNICAL ACTIVITIES",KEDAH,382,DIPLOMA PROFESIONAL PENGURUSAN PERNIAGAAN & KEUSAHAWANAN,0.00,ONLINE,3038,DIPLOMA,30-39,33.0
2024,WDPB21421,26,INDIA,FEMALE,BEKERJA SEPENUH MASA,BESTBUY ONE STOP STATION,"PROFESSIONAL, SCIENTIFIC, AND TECHNICAL ACTIVITIES",MELAKA,382,DIPLOMA PROFESIONAL PENGURUSAN PERNIAGAAN & KEUSAHAWANAN,1500.00,ONLINE,3972,DIPLOMA,<29,26.0
2024,WDPB21429,35,INDIA,MALE,BEKERJA SEPENUH MASA,PANASONIC SYSTEM NETWORK SDN BHD MALAYSIA,"PROFESSIONAL, SCIENTIFIC, AND TECHNICAL ACTIVITIES",JOHOR,382,DIPLOMA PROFESIONAL PENGURUSAN PERNIAGAAN & KEUSAHAWANAN,1500.00,ONLINE,2069,DIPLOMA,30-39,35.0
2024,WDPB21432,30,IBAN/SEA DAYAK -SARAWAK,FEMALE,BEKERJA/USAHAWAN/FREELANCE,PAMELOVIAZ EMPIRE,"PROFESSIONAL, SCIENTIFIC, AND TECHNICAL ACTIVITIES",SARAWAK,382,DIPLOMA PROFESIONAL PENGURUSAN PERNIAGAAN & KEUSAHAWANAN,500.00,ONLINE,2624,DIPLOMA,30-39,30.0
2024,WDPB22103,30,MELAYU,FEMALE,BEKERJA/USAHAWAN/FREELANCE,NZAZ ENTERPRISE,"PROFESSIONAL, SCIENTIFIC, AND TECHNICAL ACTIVITIES",NEGERI SEMBILAN,382,DIPLOMA PROFESIONAL PENGURUSAN PERNIAGAAN & KEUSAHAWANAN,1300.00,ONLINE,3953,DIPLOMA,30-39,30.0
2024,WDPB22106,43,BIDAYUH/LAND DAYAK - SARAWAK,FEMALE,BEKERJA SEPENUH MASA,SUPERWIDE LOGISTICS SDN BHD,"PROFESSIONAL, SCIENTIFIC, AND TECHNICAL ACTIVITIES",SARAWAK,382,DIPLOMA PROFESIONAL PENGURUSAN PERNIAGAAN & KEUSAHAWANAN,1900.00,ONLINE,3744,DIPLOMA,40-49,43.0
2024,WDPB22108,50,DUSUN-SABAH,MALE,BEKERJA/USAHAWAN/FREELANCE,HARRY ENTERPRISES,"PROFESSIONAL, SCIENTIFIC, AND TECHNICAL ACTIVITIES",SABAH,382,DIPLOMA PROFESIONAL PENGURUSAN PERNIAGAAN & KEUSAHAWANAN,3000.00,ONLINE,3212,DIPLOMA,50-59,50.0
2024,WDPB22123,24,DUSUN-SABAH,FEMALE,BEKERJA SEPENUH MASA,MULTI BLINDS INDUSTRIES SDN.BHD,"PROFESSIONAL, SCIENTIFIC, AND TECHNICAL ACTIVITIES",KUALA LUMPUR,382,DIPLOMA PROFESIONAL PENGURUSAN PERNIAGAAN & KEUSAHAWANAN,2700.00,ONLINE,2303,DIPLOMA,<29,24.0
2024,WDPB22220,30,MELAYU,FEMALE,BEKERJA SEPENUH MASA,M.S. ALLY PHARMA SDN. BHD.,"PROFESSIONAL, SCIENTIFIC, AND TECHNICAL ACTIVITIES",KUALA LUMPUR,382,DIPLOMA PROFESIONAL PENGURUSAN PERNIAGAAN & KEUSAHAWANAN,3000.00,ONLINE,2951,DIPLOMA,30-39,30.0
2024,WDPB22308,37,DUSUN-SABAH,FEMALE,BEKERJA SEPENUH MASA,KEMENTERIAN PENDIDIKAN MALAYSIA,"PROFESSIONAL, SCIENTIFIC, AND TECHNICAL ACTIVITIES",SABAH,382,DIPLOMA PROFESIONAL PENGURUSAN PERNIAGAAN & KEUSAHAWANAN,1556.00,ONLINE,3782,DIPLOMA,30-39,37.0
2024,WDPB22309,37,MELAYU,MALE,BEKERJA SEPENUH MASA,"TUNG SHIN HOSPITAL, KUALA LUMPUR","PROFESSIONAL, SCIENTIFIC, AND TECHNICAL ACTIVITIES",MELAKA,382,DIPLOMA PROFESIONAL PENGURUSAN PERNIAGAAN & KEUSAHAWANAN,2600.00,ONLINE,2193,DIPLOMA,30-39,37.0
2024,WDPB22311,40,MELAYU,FEMALE,BEKERJA SEPENUH MASA,HSBC BANK MALAYSIA BERHAD,"PROFESSIONAL, SCIENTIFIC, AND TECHNICAL ACTIVITIES",SELANGOR,382,DIPLOMA PROFESIONAL PENGURUSAN PERNIAGAAN & KEUSAHAWANAN,7742.00,ONLINE,2824,DIPLOMA,40-49,40.0
2024,WDPB22314,39,MELAYU,FEMALE,BEKERJA SEPENUH MASA,PKPP PLANTATION SDN BHD,"PROFESSIONAL, SCIENTIFIC, AND TECHNICAL ACTIVITIES",PAHANG,382,DIPLOMA PROFESIONAL PENGURUSAN PERNIAGAAN & KEUSAHAWANAN,3220.00,ONLINE,3236,DIPLOMA,30-39,39.0
2024,WDPB22318,46,MELAYU,FEMALE,BEKERJA SEPENUH MASA,PKPP PLANTATION SDN. BHD.,"PROFESSIONAL, SCIENTIFIC, AND TECHNICAL ACTIVITIES",NEGERI SEMBILAN,382,DIPLOMA PROFESIONAL PENGURUSAN PERNIAGAAN & KEUSAHAWANAN,4420.00,ONLINE,3956,DIPLOMA,40-49,46.0
2024,WDPB22319,29,BIDAYUH/LAND DAYAK - SARAWAK,FEMALE,BEKERJA SEPENUH MASA,A&J HAUS STATION,"PROFESSIONAL, SCIENTIFIC, AND TECHNICAL ACTIVITIES",SABAH,382,DIPLOMA PROFESIONAL PENGURUSAN PERNIAGAAN & KEUSAHAWANAN,2500.00,ONLINE,3800,DIPLOMA,<29,29.0
2024,WDPB22320,32,INDIA,FEMALE,BEKERJA SEPARA MASA,PERNIAGAAN BATU TUJUH PSH SDN BHD,"PROFESSIONAL, SCIENTIFIC, AND TECHNICAL ACTIVITIES",NEGERI SEMBILAN,382,DIPLOMA PROFESIONAL PENGURUSAN PERNIAGAAN & KEUSAHAWANAN,2000.00,ONLINE,3622,DIPLOMA,30-39,32.0
2024,WDPB22406,43,IBAN/SEA DAYAK -SARAWAK,MALE,BEKERJA SEPENUH MASA,WRS SOLUTIONS LTD,"PROFESSIONAL, SCIENTIFIC, AND TECHNICAL ACTIVITIES",SARAWAK,382,DIPLOMA PROFESIONAL PENGURUSAN PERNIAGAAN & KEUSAHAWANAN,5000.00,ONLINE,2002,DIPLOMA,40-49,43.0
2024,WDPB22407,33,IBAN/SEA DAYAK -SARAWAK,FEMALE,BEKERJA/USAHAWAN/FREELANCE (SEPARA MASA),ALICE SALON,"PROFESSIONAL, SCIENTIFIC, AND TECHNICAL ACTIVITIES",SARAWAK,382,DIPLOMA PROFESIONAL PENGURUSAN PERNIAGAAN & KEUSAHAWANAN,1600.00,ONLINE,3084,DIPLOMA,30-39,33.0
2024,WDPB22412,40,CINA,FEMALE,BEKERJA SEPENUH MASA,HSBC BANK MALAYSIA BERHAD,"PROFESSIONAL, SCIENTIFIC, AND TECHNICAL ACTIVITIES",SELANGOR,382,DIPLOMA PROFESIONAL PENGURUSAN PERNIAGAAN & KEUSAHAWANAN,7000.00,ONLINE,3771,DIPLOMA,40-49,40.0
2024,WDPB22418,39,MELAYU,FEMALE,BEKERJA SEPENUH MASA,PKPP PLANTATION SDN BHD,"PROFESSIONAL, SCIENTIFIC, AND TECHNICAL ACTIVITIES",PAHANG,382,DIPLOMA PROFESIONAL PENGURUSAN PERNIAGAAN & KEUSAHAWANAN,1940.00,ONLINE,3647,DIPLOMA,30-39,39.0
2024,WDPB22419,39,MELAYU,FEMALE,BEKERJA SEPENUH MASA,SGCS MALAYSIA,"PROFESSIONAL, SCIENTIFIC, AND TECHNICAL ACTIVITIES",SELANGOR,382,DIPLOMA PROFESIONAL PENGURUSAN PERNIAGAAN & KEUSAHAWANAN,5000.00,ONLINE,3136,DIPLOMA,30-39,39.0
2024,WDPB23102,43,INDIA,FEMALE,BEKERJA SEPENUH MASA,KEISHA MARINE EAST MALAYSIA SDN BHD,"PROFESSIONAL, SCIENTIFIC, AND TECHNICAL ACTIVITIES",LABUAN,382,DIPLOMA PROFESIONAL PENGURUSAN PERNIAGAAN & KEUSAHAWANAN,4000.00,ONLINE,2107,DIPLOMA,40-49,43.0
2024,WDPB23103,33,BAJAU - SABAH,FEMALE,BEKERJA SEPENUH MASA,PEJABAT PERHUBUNGAN NEGERI SABAH KUALA LUMPUR,"PROFESSIONAL, SCIENTIFIC, AND TECHNICAL ACTIVITIES",SELANGOR,382,DIPLOMA PROFESIONAL PENGURUSAN PERNIAGAAN & KEUSAHAWANAN,1500.00,ONLINE,3110,DIPLOMA,30-39,33.0
2024,WDPB23104,42,DUSUN-SABAH,MALE,BEKERJA SEPENUH MASA,KEMENTERIAN KESIHATAN MALAYSIA,"PROFESSIONAL, SCIENTIFIC, AND TECHNICAL ACTIVITIES",SABAH,382,DIPLOMA PROFESIONAL PENGURUSAN PERNIAGAAN & KEUSAHAWANAN,2524.00,ONLINE,2823,DIPLOMA,40-49,42.0
2024,WDPB23106,40,CINA,MALE,BEKERJA SEPENUH MASA,FOSSILTIME (M) SDN BHD,"PROFESSIONAL, SCIENTIFIC, AND TECHNICAL ACTIVITIES",SELANGOR,382,DIPLOMA PROFESIONAL PENGURUSAN PERNIAGAAN & KEUSAHAWANAN,4200.00,ONLINE,2235,DIPLOMA,40-49,40.0
2024,WDPB23109,39,MELAYU,MALE,BEKERJA SEPENUH MASA,SYARIKAT RADEN RAAZIA,"PROFESSIONAL, SCIENTIFIC, AND TECHNICAL ACTIVITIES",SARAWAK,382,DIPLOMA PROFESIONAL PENGURUSAN PERNIAGAAN & KEUSAHAWANAN,5000.00,ONLINE,2881,DIPLOMA,30-39,39.0
2024,WDPB23111,30,INDIA,FEMALE,BEKERJA SEPENUH MASA,CERTIS CISCO,"PROFESSIONAL, SCIENTIFIC, AND TECHNICAL ACTIVITIES",KEDAH,382,DIPLOMA PROFESIONAL PENGURUSAN PERNIAGAAN & KEUSAHAWANAN,4000.00,ONLINE,2774,DIPLOMA,30-39,30.0
2024,WDPB23113,35,MELAYU,FEMALE,BEKERJA SEPENUH MASA,RADIUM DEVELOPMENT BERHAD,"PROFESSIONAL, SCIENTIFIC, AND TECHNICAL ACTIVITIES",KUALA LUMPUR,382,DIPLOMA PROFESIONAL PENGURUSAN PERNIAGAAN & KEUSAHAWANAN,2600.00,ONLINE,2759,DIPLOMA,30-39,35.0
2024,WDPB23116,35,MELAYU,MALE,BEKERJA SEPENUH MASA,NEO + PENANG HOTEL,"PROFESSIONAL, SCIENTIFIC, AND TECHNICAL ACTIVITIES",PULAU PINANG,382,DIPLOMA PROFESIONAL PENGURUSAN PERNIAGAAN & KEUSAHAWANAN,4600.00,ONLINE,2238,DIPLOMA,30-39,35.0
2024,WDPB23118,28,MELAYU,MALE,BEKERJA/USAHAWAN/FREELANCE,GRITTY ISTIQOMAH GLOBAL,"PROFESSIONAL, SCIENTIFIC, AND TECHNICAL ACTIVITIES",TERENGGANU,382,DIPLOMA PROFESIONAL PENGURUSAN PERNIAGAAN & KEUSAHAWANAN,2500.00,ONLINE,2835,DIPLOMA,<29,28.0
2024,WDPB23124,25,MELAYU,FEMALE,BEKERJA SEPENUH MASA,GOLDEN MAYA INDUSTRIES SDN BHD,"PROFESSIONAL, SCIENTIFIC, AND TECHNICAL ACTIVITIES",JOHOR,382,DIPLOMA PROFESIONAL PENGURUSAN PERNIAGAAN & KEUSAHAWANAN,2500.00,ONLINE,3845,DIPLOMA,<29,25.0
2024,WDPB23127,28,MELAYU,FEMALE,BEKERJA SEPENUH MASA,THOMSON HOSPITAL KOTA DAMANSARA,"PROFESSIONAL, SCIENTIFIC, AND TECHNICAL ACTIVITIES",SELANGOR,382,DIPLOMA PROFESIONAL PENGURUSAN PERNIAGAAN & KEUSAHAWANAN,2500.00,ONLINE,3211,DIPLOMA,<29,28.0
2024,WDPB23132,40,MELAYU,MALE,BEKERJA SEPENUH MASA,AIRANI INTEGRATED SDN BHD,"PROFESSIONAL, SCIENTIFIC, AND TECHNICAL ACTIVITIES",TERENGGANU,382,DIPLOMA PROFESIONAL PENGURUSAN PERNIAGAAN & KEUSAHAWANAN,12000.00,ONLINE,2414,DIPLOMA,40-49,40.0
2024,WDPB23133,34,INDIA,MALE,BEKERJA SEPENUH MASA,INDUSTRIAL CONCRETE PRODUCTS,"PROFESSIONAL, SCIENTIFIC, AND TECHNICAL ACTIVITIES",SELANGOR,382,DIPLOMA PROFESIONAL PENGURUSAN PERNIAGAAN & KEUSAHAWANAN,3000.00,ONLINE,2577,DIPLOMA,30-39,34.0
2024,WDPB23135,33,MELAYU,FEMALE,BEKERJA SEPENUH MASA,NURRAYSA GLOBAL SDN BHD,"PROFESSIONAL, SCIENTIFIC, AND TECHNICAL ACTIVITIES",PAHANG,382,DIPLOMA PROFESIONAL PENGURUSAN PERNIAGAAN & KEUSAHAWANAN,2350.00,ONLINE,3197,DIPLOMA,30-39,33.0
2024,WDPB23201,36,MELAYU,FEMALE,BEKERJA SEPENUH MASA,SKYNET WORLDWIDE (M) SDN BHD,"PROFESSIONAL, SCIENTIFIC, AND TECHNICAL ACTIVITIES",PULAU PINANG,382,DIPLOMA PROFESIONAL PENGURUSAN PERNIAGAAN & KEUSAHAWANAN,4400.00,ONLINE,2630,DIPLOMA,30-39,36.0
2024,WDPB23203,48,MELAYU,FEMALE,BEKERJA SEPENUH MASA,ROYAL EMBASSY OF SAUDI ARABIA,"PROFESSIONAL, SCIENTIFIC, AND TECHNICAL ACTIVITIES",KUALA LUMPUR,382,DIPLOMA PROFESIONAL PENGURUSAN PERNIAGAAN & KEUSAHAWANAN,6000.00,ONLINE,2174,DIPLOMA,40-49,48.0
2024,WDPB23204,35,TAMIL,MALE,BELUM/TIDAK BEKERJA,CONCERTRIX,"PROFESSIONAL, SCIENTIFIC, AND TECHNICAL ACTIVITIES",PERAK,382,DIPLOMA PROFESIONAL PENGURUSAN PERNIAGAAN & KEUSAHAWANAN,3800.00,ONLINE,3276,DIPLOMA,30-39,35.0
2024,WDPB23212,33,CINA,FEMALE,BEKERJA SEPENUH MASA,GRAND VENTURE TECHNOLOGY (PENANG) SDN BHD,"PROFESSIONAL, SCIENTIFIC, AND TECHNICAL ACTIVITIES",PULAU PINANG,382,DIPLOMA PROFESIONAL PENGURUSAN PERNIAGAAN & KEUSAHAWANAN,6500.00,ONLINE,2036,DIPLOMA,30-39,33.0
2024,WDPB23216,43,BAJAU - SABAH,FEMALE,BEKERJA SEPENUH MASA,DOMINON DIRECTIONS SDN BHD,"PROFESSIONAL, SCIENTIFIC, AND TECHNICAL ACTIVITIES",SABAH,382,DIPLOMA PROFESIONAL PENGURUSAN PERNIAGAAN & KEUSAHAWANAN,1800.00,ONLINE,2067,DIPLOMA,40-49,43.0
2024,WDPB23218,32,CINA,FEMALE,BEKERJA SEPENUH MASA,SHARP ELECTRONICS (M) SDN BHD,"PROFESSIONAL, SCIENTIFIC, AND TECHNICAL ACTIVITIES",JOHOR,382,DIPLOMA PROFESIONAL PENGURUSAN PERNIAGAAN & KEUSAHAWANAN,3069.00,ONLINE,2877,DIPLOMA,30-39,32.0
2024,WDPB23219,62,MELAYU,MALE,BEKERJA SEPENUH MASA,RESTORAN SAUJANA PUTRA,"PROFESSIONAL, SCIENTIFIC, AND TECHNICAL ACTIVITIES",SABAH,382,DIPLOMA PROFESIONAL PENGURUSAN PERNIAGAAN & KEUSAHAWANAN,10000.00,ONLINE,2537,DIPLOMA,60+,62.0
2024,WDPB23305,30,INDIA,MALE,BEKERJA SEPENUH MASA,A FAMOSA RESORT,"PROFESSIONAL, SCIENTIFIC, AND TECHNICAL ACTIVITIES",NEGERI SEMBILAN,382,DIPLOMA PROFESIONAL PENGURUSAN PERNIAGAAN & KEUSAHAWANAN,2300.00,ONLINE,2769,DIPLOMA,30-39,30.0
2024,WDPB23309,35,MELAYU,MALE,BEKERJA/USAHAWAN/FREELANCE (SEPARA MASA),NASMIE GROUP SDN BHD,"PROFESSIONAL, SCIENTIFIC, AND TECHNICAL ACTIVITIES",KELANTAN,382,DIPLOMA PROFESIONAL PENGURUSAN PERNIAGAAN & KEUSAHAWANAN,10000.00,ONLINE,2906,DIPLOMA,30-39,35.0
2024,WDPB23311,42,KADAZAN-SABAH,MALE,BEKERJA SEPENUH MASA,CLARIANT,"PROFESSIONAL, SCIENTIFIC, AND TECHNICAL ACTIVITIES",SABAH,382,DIPLOMA PROFESIONAL PENGURUSAN PERNIAGAAN & KEUSAHAWANAN,3500.00,ONLINE,3273,DIPLOMA,40-49,42.0
2024,WDPB23313,31,INDIA,MALE,BEKERJA/USAHAWAN/FREELANCE,SHIRDI SAI BABA SANSTAN ENTERPRISE,"PROFESSIONAL, SCIENTIFIC, AND TECHNICAL ACTIVITIES",JOHOR,382,DIPLOMA PROFESIONAL PENGURUSAN PERNIAGAAN & KEUSAHAWANAN,3500.00,ONLINE,2863,DIPLOMA,30-39,31.0
2024,WDPB23321,51,MELAYU,MALE,BEKERJA SEPENUH MASA,BANK RAKYAT,"PROFESSIONAL, SCIENTIFIC, AND TECHNICAL ACTIVITIES",SARAWAK,382,DIPLOMA PROFESIONAL PENGURUSAN PERNIAGAAN & KEUSAHAWANAN,3000.00,ONLINE,2008,DIPLOMA,50-59,51.0
2024,WDPB23329,38,CINA,MALE,BEKERJA SEPENUH MASA,CHOON ENG (SARAWAK) SDN. BHD.,"PROFESSIONAL, SCIENTIFIC, AND TECHNICAL ACTIVITIES",SARAWAK,382,DIPLOMA PROFESIONAL PENGURUSAN PERNIAGAAN & KEUSAHAWANAN,4000.00,ONLINE,2925,DIPLOMA,30-39,38.0
2024,WDPB23333,25,IBAN/SEA DAYAK -SARAWAK,MALE,BEKERJA SEPENUH MASA,MY FIMEDIA NETWORK TECHNOLOGY SDN BHD,"PROFESSIONAL, SCIENTIFIC, AND TECHNICAL ACTIVITIES",SARAWAK,382,DIPLOMA PROFESIONAL PENGURUSAN PERNIAGAAN & KEUSAHAWANAN,2150.00,ONLINE,2334,DIPLOMA,<29,25.0
2024,WDPB23336,40,CINA,MALE,BEKERJA/USAHAWAN/FREELANCE,DES RESOURCES,"PROFESSIONAL, SCIENTIFIC, AND TECHNICAL ACTIVITIES",KUALA LUMPUR,382,DIPLOMA PROFESIONAL PENGURUSAN PERNIAGAAN & KEUSAHAWANAN,6000.00,ONLINE,3857,DIPLOMA,40-49,40.0
2024,WDPK18139,44,MELAYU,MALE,BEKERJA/USAHAWAN/FREELANCE,ZULHAILA GLOBAL SERVICES,"PROFESSIONAL, SCIENTIFIC, AND TECHNICAL ACTIVITIES",SELANGOR,344,DIPLOMA PROFESIONAL PENGURUSAN OPERASI INDUSTRI,15000.00,ONLINE,2072,DIPLOMA,40-49,44.0
2024,WDPK21314,37,MELAYU,MALE,BEKERJA SEPENUH MASA,BENTA WAWASAN SDN BHD,"PROFESSIONAL, SCIENTIFIC, AND TECHNICAL ACTIVITIES",SABAH,344,DIPLOMA PROFESIONAL PENGURUSAN OPERASI INDUSTRI,2500.00,ONLINE,2951,DIPLOMA,30-39,37.0
2024,WDPK21412,38,INDIA,FEMALE,BEKERJA SEPENUH MASA,BOSTON SCIENTIFIC MEDICAL DEVICE,"PROFESSIONAL, SCIENTIFIC, AND TECHNICAL ACTIVITIES",PULAU PINANG,344,DIPLOMA PROFESIONAL PENGURUSAN OPERASI INDUSTRI,2250.00,ONLINE,3527,DIPLOMA,30-39,38.0
2024,WDPK22202,34,MELAYU,FEMALE,BEKERJA/USAHAWAN/FREELANCE,G2 ENERGY VENTURES SDN BHD,"PROFESSIONAL, SCIENTIFIC, AND TECHNICAL ACTIVITIES",JOHOR,344,DIPLOMA PROFESIONAL PENGURUSAN OPERASI INDUSTRI,3000.00,ONLINE,3106,DIPLOMA,30-39,34.0
2024,WDPK22203,31,KENYAH-SARAWAK,MALE,BEKERJA SEPENUH MASA,PERTAMA FERROALLOY SDN BHD,"PROFESSIONAL, SCIENTIFIC, AND TECHNICAL ACTIVITIES",SARAWAK,344,DIPLOMA PROFESIONAL PENGURUSAN OPERASI INDUSTRI,2700.00,ONLINE,3607,DIPLOMA,30-39,31.0
2024,WDPK22205,27,INDIA,FEMALE,BEKERJA SEPENUH MASA,ONSEMI SDN BHD,"PROFESSIONAL, SCIENTIFIC, AND TECHNICAL ACTIVITIES",NEGERI SEMBILAN,344,DIPLOMA PROFESIONAL PENGURUSAN OPERASI INDUSTRI,1654.00,ONLINE,3341,DIPLOMA,<29,27.0
2024,WDPK22206,25,INDIA,FEMALE,BEKERJA SEPENUH MASA,ONSEMI SDN BHD,"PROFESSIONAL, SCIENTIFIC, AND TECHNICAL ACTIVITIES",NEGERI SEMBILAN,344,DIPLOMA PROFESIONAL PENGURUSAN OPERASI INDUSTRI,1863.00,ONLINE,3688,DIPLOMA,<29,25.0
2024,WDPK22207,28,MELAYU,MALE,BEKERJA SEPENUH MASA,CARSEM S SITE,"PROFESSIONAL, SCIENTIFIC, AND TECHNICAL ACTIVITIES",PERAK,344,DIPLOMA PROFESIONAL PENGURUSAN OPERASI INDUSTRI,15300.00,ONLINE,2050,DIPLOMA,<29,28.0
2024,WDPK22208,29,MELAYU,FEMALE,BEKERJA SEPENUH MASA,AA BUILDERS SDN BHD,"PROFESSIONAL, SCIENTIFIC, AND TECHNICAL ACTIVITIES",SELANGOR,344,DIPLOMA PROFESIONAL PENGURUSAN OPERASI INDUSTRI,4500.00,ONLINE,2696,DIPLOMA,<29,29.0
2024,WDPK22303,35,INDIA,MALE,BEKERJA SEPENUH MASA,ECO SPECIAL WASTE MANAGEMENT,"PROFESSIONAL, SCIENTIFIC, AND TECHNICAL ACTIVITIES",PAHANG,344,DIPLOMA PROFESIONAL PENGURUSAN OPERASI INDUSTRI,10000.00,ONLINE,3364,DIPLOMA,30-39,35.0
2024,WDPK22305,28,INDIA,FEMALE,BEKERJA SEPENUH MASA,FLEXTRONICS SHAH ALAM SDN BHD,"PROFESSIONAL, SCIENTIFIC, AND TECHNICAL ACTIVITIES",JOHOR,344,DIPLOMA PROFESIONAL PENGURUSAN OPERASI INDUSTRI,1590.00,ONLINE,3060,DIPLOMA,<29,28.0
2024,WDPK22401,24,INDIA,MALE,BEKERJA SEPENUH MASA,GLOBALFOUNDRIES,"PROFESSIONAL, SCIENTIFIC, AND TECHNICAL ACTIVITIES",JOHOR,344,DIPLOMA PROFESIONAL PENGURUSAN OPERASI INDUSTRI,10500.00,ONLINE,2275,DIPLOMA,<29,24.0
2024,WDPK22404,36,MELAYU,MALE,BEKERJA SEPENUH MASA,AMS-OSRAM.SDN.BHD,"PROFESSIONAL, SCIENTIFIC, AND TECHNICAL ACTIVITIES",KEDAH,344,DIPLOMA PROFESIONAL PENGURUSAN OPERASI INDUSTRI,3650.00,ONLINE,3228,DIPLOMA,30-39,36.0
2024,WDPK22407,40,INDIA,MALE,BEKERJA SEPENUH MASA,PPG COATING (M) SDN BHD,"PROFESSIONAL, SCIENTIFIC, AND TECHNICAL ACTIVITIES",SELANGOR,344,DIPLOMA PROFESIONAL PENGURUSAN OPERASI INDUSTRI,3500.00,ONLINE,2043,DIPLOMA,40-49,40.0
2024,WDPK22410,34,MELAYU,MALE,BEKERJA SEPENUH MASA,PENGURUSAN AIR PAHANG BERHAD,"PROFESSIONAL, SCIENTIFIC, AND TECHNICAL ACTIVITIES",PAHANG,344,DIPLOMA PROFESIONAL PENGURUSAN OPERASI INDUSTRI,2691.00,ONLINE,2577,DIPLOMA,30-39,34.0
2024,WDPK22411,33,INDIA,MALE,BEKERJA SEPENUH MASA,PRESTIGE MANAGEMENT SERVICES CONSULTANT SDN BHD,"PROFESSIONAL, SCIENTIFIC, AND TECHNICAL ACTIVITIES",KEDAH,344,DIPLOMA PROFESIONAL PENGURUSAN OPERASI INDUSTRI,4000.00,ONLINE,3353,DIPLOMA,30-39,33.0
2024,WDPK22412,33,MELAYU,MALE,BEKERJA SEPENUH MASA,EVERGREEN FIBREBOARD BERHAD,"PROFESSIONAL, SCIENTIFIC, AND TECHNICAL ACTIVITIES",JOHOR,344,DIPLOMA PROFESIONAL PENGURUSAN OPERASI INDUSTRI,3300.00,ONLINE,2352,DIPLOMA,30-39,33.0
2024,WDPK23103,43,BAJAU - SABAH,MALE,BEKERJA SEPENUH MASA,COBAY FUN FALLEY SDN BHD,"PROFESSIONAL, SCIENTIFIC, AND TECHNICAL ACTIVITIES",SABAH,344,DIPLOMA PROFESIONAL PENGURUSAN OPERASI INDUSTRI,2900.00,ONLINE,3545,DIPLOMA,40-49,43.0
2024,WDPK23104,26,MELAYU,MALE,BEKERJA SEPENUH MASA,BINTULU PORT HOLDINGS,"PROFESSIONAL, SCIENTIFIC, AND TECHNICAL ACTIVITIES",SARAWAK,344,DIPLOMA PROFESIONAL PENGURUSAN OPERASI INDUSTRI,2130.00,ONLINE,2035,DIPLOMA,<29,26.0
2024,WDPK23106,49,MELAYU,MALE,BEKERJA SEPENUH MASA,DELLOYD INDUSTRIES SDN BHD,"PROFESSIONAL, SCIENTIFIC, AND TECHNICAL ACTIVITIES",PERAK,344,DIPLOMA PROFESIONAL PENGURUSAN OPERASI INDUSTRI,4400.00,ONLINE,3501,DIPLOMA,40-49,49.0
2024,WDPK23107,31,INDIA,FEMALE,BEKERJA SEPENUH MASA,SATS LTD.,"PROFESSIONAL, SCIENTIFIC, AND TECHNICAL ACTIVITIES",PERAK,344,DIPLOMA PROFESIONAL PENGURUSAN OPERASI INDUSTRI,3500.00,ONLINE,3297,DIPLOMA,30-39,31.0
2024,WDPK23114,60,MELAYU,FEMALE,BEKERJA SEPENUH MASA,"AVILLION PORT DICKSON, NEGERI SEMBILAN","PROFESSIONAL, SCIENTIFIC, AND TECHNICAL ACTIVITIES",SELANGOR,344,DIPLOMA PROFESIONAL PENGURUSAN OPERASI INDUSTRI,5800.00,ONLINE,2280,DIPLOMA,60+,60.0
2024,WDPK23116,40,DUSUN-SABAH,MALE,BEKERJA SEPENUH MASA,HALUAN CEKAP SDN BHD,"PROFESSIONAL, SCIENTIFIC, AND TECHNICAL ACTIVITIES",SABAH,344,DIPLOMA PROFESIONAL PENGURUSAN OPERASI INDUSTRI,5250.00,ONLINE,2082,DIPLOMA,40-49,40.0
2024,WDPK23117,26,INDIA,FEMALE,BEKERJA SEPENUH MASA,MICRON,"PROFESSIONAL, SCIENTIFIC, AND TECHNICAL ACTIVITIES",PULAU PINANG,344,DIPLOMA PROFESIONAL PENGURUSAN OPERASI INDUSTRI,2000.00,ONLINE,3802,DIPLOMA,<29,26.0
2024,WDPK23201,38,INDIA,MALE,BEKERJA SEPARA MASA,GJ SIGNATURES ENTERPRISE,"PROFESSIONAL, SCIENTIFIC, AND TECHNICAL ACTIVITIES",SELANGOR,344,DIPLOMA PROFESIONAL PENGURUSAN OPERASI INDUSTRI,4200.00,ONLINE,2933,DIPLOMA,30-39,38.0
2024,WDPK23306,45,TAMIL,MALE,BEKERJA SEPENUH MASA,GRAB,"PROFESSIONAL, SCIENTIFIC, AND TECHNICAL ACTIVITIES",PAHANG,344,DIPLOMA PROFESIONAL PENGURUSAN OPERASI INDUSTRI,3500.00,ONLINE,2471,DIPLOMA,40-49,45.0
2024,WDPK23404,40,MELAYU,MALE,BEKERJA SEPENUH MASA,COSL (M) SDN BHD,"PROFESSIONAL, SCIENTIFIC, AND TECHNICAL ACTIVITIES",TERENGGANU,344,DIPLOMA PROFESIONAL PENGURUSAN OPERASI INDUSTRI,5000.00,ONLINE,3484,DIPLOMA,40-49,40.0
2024,WDPP16421,34,MELAYU,MALE,BEKERJA SEPENUH MASA,LADANG PKPP SRI JELUTONG,"PROFESSIONAL, SCIENTIFIC, AND TECHNICAL ACTIVITIES",TERENGGANU,357,DIPLOMA PROFESIONAL PENGURUSAN PERLADANGAN & TEKNOLOGI,2300.00,ONLINE,2096,DIPLOMA,30-39,34.0
2024,WDPP18134,45,MELAYU,MALE,BEKERJA SEPENUH MASA,PROSPER CAPITAL SDN BHD,"PROFESSIONAL, SCIENTIFIC, AND TECHNICAL ACTIVITIES",PAHANG,357,DIPLOMA PROFESIONAL PENGURUSAN PERLADANGAN & TEKNOLOGI,4500.00,ONLINE,2438,DIPLOMA,40-49,45.0
2024,WDPP18207,42,MELAYU,MALE,BEKERJA SEPENUH MASA,PROSPER CAPITAL TRADING SDN BHD,"PROFESSIONAL, SCIENTIFIC, AND TECHNICAL ACTIVITIES",PAHANG,357,DIPLOMA PROFESIONAL PENGURUSAN PERLADANGAN & TEKNOLOGI,2500.00,ONLINE,3861,DIPLOMA,40-49,42.0
2024,WDPP18222,45,MELAYU,MALE,BEKERJA SEPENUH MASA,GBM PROPERTY SDN BHD,"PROFESSIONAL, SCIENTIFIC, AND TECHNICAL ACTIVITIES",PERAK,357,DIPLOMA PROFESIONAL PENGURUSAN PERLADANGAN & TEKNOLOGI,3000.00,ONLINE,2602,DIPLOMA,40-49,45.0
2024,WDPP18315,33,MELAYU,MALE,BEKERJA SEPENUH MASA,SIME DARBY PLANTATION BHD,"PROFESSIONAL, SCIENTIFIC, AND TECHNICAL ACTIVITIES",JOHOR,357,DIPLOMA PROFESIONAL PENGURUSAN PERLADANGAN & TEKNOLOGI,5674.00,ONLINE,2227,DIPLOMA,30-39,33.0
2024,WDPP19110,30,INDIA,MALE,BEKERJA SEPENUH MASA,CLARITY CREST SDN BHD,"PROFESSIONAL, SCIENTIFIC, AND TECHNICAL ACTIVITIES",SELANGOR,357,DIPLOMA PROFESIONAL PENGURUSAN PERLADANGAN & TEKNOLOGI,2150.00,ONLINE,3405,DIPLOMA,30-39,30.0
2024,WDPP19419,31,IBAN/SEA DAYAK -SARAWAK,MALE,BEKERJA SEPENUH MASA,METRAJASA SDN BHD,"PROFESSIONAL, SCIENTIFIC, AND TECHNICAL ACTIVITIES",SARAWAK,357,DIPLOMA PROFESIONAL PENGURUSAN PERLADANGAN & TEKNOLOGI,2400.00,ONLINE,3136,DIPLOMA,30-39,31.0
2024,WDPP20112,29,MELAYU,MALE,BEKERJA SEPENUH MASA,JENG HUAT SDN.BHD,"PROFESSIONAL, SCIENTIFIC, AND TECHNICAL ACTIVITIES",JOHOR,357,DIPLOMA PROFESIONAL PENGURUSAN PERLADANGAN & TEKNOLOGI,2950.00,ONLINE,3195,DIPLOMA,<29,29.0
2024,WDPP20124,37,INDIA,MALE,BEKERJA SEPENUH MASA,AIA BERHAD,"PROFESSIONAL, SCIENTIFIC, AND TECHNICAL ACTIVITIES",NEGERI SEMBILAN,357,DIPLOMA PROFESIONAL PENGURUSAN PERLADANGAN & TEKNOLOGI,5000.00,ONLINE,2334,DIPLOMA,30-39,37.0
2024,WDPP21106,31,MELAYU,MALE,BEKERJA SEPENUH MASA,MADOS'S HOLDING SDN.BHD,"PROFESSIONAL, SCIENTIFIC, AND TECHNICAL ACTIVITIES",JOHOR,357,DIPLOMA PROFESIONAL PENGURUSAN PERLADANGAN & TEKNOLOGI,1500.00,ONLINE,3188,DIPLOMA,30-39,31.0
2024,WDPP21309,28,INDIA,FEMALE,BEKERJA SEPENUH MASA,CZAINI TRADING,"PROFESSIONAL, SCIENTIFIC, AND TECHNICAL ACTIVITIES",JOHOR,357,DIPLOMA PROFESIONAL PENGURUSAN PERLADANGAN & TEKNOLOGI,1800.00,ONLINE,3006,DIPLOMA,<29,28.0
2024,WDPP21310,38,INDIA,MALE,BEKERJA SEPENUH MASA,KUALA LUMPUR KEPONG BERHAD,"PROFESSIONAL, SCIENTIFIC, AND TECHNICAL ACTIVITIES",PERAK,357,DIPLOMA PROFESIONAL PENGURUSAN PERLADANGAN & TEKNOLOGI,2440.00,ONLINE,2227,DIPLOMA,30-39,38.0
2024,WDPP21312,43,CINA,MALE,BEKERJA SEPENUH MASA,TETANGGA AKRAB SDN BHD,"PROFESSIONAL, SCIENTIFIC, AND TECHNICAL ACTIVITIES",SARAWAK,357,DIPLOMA PROFESIONAL PENGURUSAN PERLADANGAN & TEKNOLOGI,5000.00,ONLINE,3623,DIPLOMA,40-49,43.0
2024,WDPP21435,39,IBAN/SEA DAYAK -SARAWAK,MALE,BEKERJA SEPENUH MASA,TIMOR ENTERPRISES SDN BHD,"PROFESSIONAL, SCIENTIFIC, AND TECHNICAL ACTIVITIES",SARAWAK,357,DIPLOMA PROFESIONAL PENGURUSAN PERLADANGAN & TEKNOLOGI,4500.00,ONLINE,3684,DIPLOMA,30-39,39.0
2024,WDPP21437,24,MELAYU,MALE,BEKERJA SEPENUH MASA,HALF HOUR ENTERPRISE,"PROFESSIONAL, SCIENTIFIC, AND TECHNICAL ACTIVITIES",PERAK,357,DIPLOMA PROFESIONAL PENGURUSAN PERLADANGAN & TEKNOLOGI,6000.00,ONLINE,3164,DIPLOMA,<29,24.0
2024,WDPP22114,31,MELAYU,MALE,BEKERJA SEPENUH MASA,YP PLANTATION HOLDING,"PROFESSIONAL, SCIENTIFIC, AND TECHNICAL ACTIVITIES",PAHANG,357,DIPLOMA PROFESIONAL PENGURUSAN PERLADANGAN & TEKNOLOGI,1500.00,ONLINE,2947,DIPLOMA,30-39,31.0
2024,WDPP22118,40,MELAYU,MALE,BEKERJA SEPENUH MASA,SIME DARBY PLANTATION,"PROFESSIONAL, SCIENTIFIC, AND TECHNICAL ACTIVITIES",PERAK,357,DIPLOMA PROFESIONAL PENGURUSAN PERLADANGAN & TEKNOLOGI,2050.00,ONLINE,3857,DIPLOMA,40-49,40.0
2024,WDPP22209,45,MELAYU,MALE,BEKERJA SEPENUH MASA,GOLDEN PLANTATION SDN BHD,"PROFESSIONAL, SCIENTIFIC, AND TECHNICAL ACTIVITIES",SARAWAK,357,DIPLOMA PROFESIONAL PENGURUSAN PERLADANGAN & TEKNOLOGI,4300.00,ONLINE,2437,DIPLOMA,40-49,45.0
2024,WDPP22213,37,BUGIS,MALE,BEKERJA SEPENUH MASA,TECKGUAN GROUP OF COMPANIES,"PROFESSIONAL, SCIENTIFIC, AND TECHNICAL ACTIVITIES",SABAH,357,DIPLOMA PROFESIONAL PENGURUSAN PERLADANGAN & TEKNOLOGI,3800.00,ONLINE,3568,DIPLOMA,30-39,37.0
2024,WDPP22215,51,IBAN/SEA DAYAK -SARAWAK,MALE,BEKERJA/USAHAWAN/FREELANCE,CLYDE ASIA,"PROFESSIONAL, SCIENTIFIC, AND TECHNICAL ACTIVITIES",SARAWAK,357,DIPLOMA PROFESIONAL PENGURUSAN PERLADANGAN & TEKNOLOGI,3000.00,ONLINE,3778,DIPLOMA,50-59,51.0
2024,WDPP22218,33,MELANAU-SARAWAK,MALE,BEKERJA SEPENUH MASA,URUN PLANTATION SDN BHD,"PROFESSIONAL, SCIENTIFIC, AND TECHNICAL ACTIVITIES",SARAWAK,357,DIPLOMA PROFESIONAL PENGURUSAN PERLADANGAN & TEKNOLOGI,3400.00,ONLINE,3228,DIPLOMA,30-39,33.0
2024,WDPP22221,30,MELAYU,MALE,BEKERJA SEPENUH MASA,KWANTAS PLANTATION SDN BHD,"PROFESSIONAL, SCIENTIFIC, AND TECHNICAL ACTIVITIES",SABAH,357,DIPLOMA PROFESIONAL PENGURUSAN PERLADANGAN & TEKNOLOGI,2500.00,ONLINE,2503,DIPLOMA,30-39,30.0
2024,WDPP22222,35,MELAYU,MALE,BEKERJA SEPENUH MASA,SABAH SOFTWOODS BERHAD,"PROFESSIONAL, SCIENTIFIC, AND TECHNICAL ACTIVITIES",SABAH,357,DIPLOMA PROFESIONAL PENGURUSAN PERLADANGAN & TEKNOLOGI,1500.00,ONLINE,3999,DIPLOMA,30-39,35.0
2024,WDPP22223,35,DUSUN-SABAH,MALE,BEKERJA SEPENUH MASA,RICHMOND VIRGINIA PLANTATIONS SDN BHD,"PROFESSIONAL, SCIENTIFIC, AND TECHNICAL ACTIVITIES",SABAH,357,DIPLOMA PROFESIONAL PENGURUSAN PERLADANGAN & TEKNOLOGI,3750.00,ONLINE,3701,DIPLOMA,30-39,35.0
2024,WDPP22302,35,INDIA,MALE,BEKERJA SEPENUH MASA,PROSPELL SDN BHD,"PROFESSIONAL, SCIENTIFIC, AND TECHNICAL ACTIVITIES",PERAK,357,DIPLOMA PROFESIONAL PENGURUSAN PERLADANGAN & TEKNOLOGI,3800.00,ONLINE,3412,DIPLOMA,30-39,35.0
2024,WDPP22303,33,INDIA,MALE,BEKERJA SEPENUH MASA,ACHIJAYA PLANTATION SDN BHD,"PROFESSIONAL, SCIENTIFIC, AND TECHNICAL ACTIVITIES",JOHOR,357,DIPLOMA PROFESIONAL PENGURUSAN PERLADANGAN & TEKNOLOGI,2500.00,ONLINE,2082,DIPLOMA,30-39,33.0
2024,WDPP22305,23,IBAN/SEA DAYAK -SARAWAK,MALE,BEKERJA SEPENUH MASA,RINWOOD PLANTATION SDN BHD,"PROFESSIONAL, SCIENTIFIC, AND TECHNICAL ACTIVITIES",SARAWAK,357,DIPLOMA PROFESIONAL PENGURUSAN PERLADANGAN & TEKNOLOGI,1500.00,ONLINE,3752,DIPLOMA,<29,23.0
2024,WDPP22306,35,MELAYU,MALE,BEKERJA SEPENUH MASA,DARABIF SDN BHD (PROSPER BERHAD),"PROFESSIONAL, SCIENTIFIC, AND TECHNICAL ACTIVITIES",PAHANG,357,DIPLOMA PROFESIONAL PENGURUSAN PERLADANGAN & TEKNOLOGI,2850.00,ONLINE,3345,DIPLOMA,30-39,35.0
2024,WDPP22308,44,BUGIS,FEMALE,BEKERJA SEPENUH MASA,REKA HALUS PALM OIL MILL,"PROFESSIONAL, SCIENTIFIC, AND TECHNICAL ACTIVITIES",SABAH,357,DIPLOMA PROFESIONAL PENGURUSAN PERLADANGAN & TEKNOLOGI,3500.00,ONLINE,2195,DIPLOMA,40-49,44.0
2024,WDPP22310,40,MELAYU,MALE,BEKERJA SEPENUH MASA,LADANG RAKYAT TRENGGANU SDN BHD,"PROFESSIONAL, SCIENTIFIC, AND TECHNICAL ACTIVITIES",TERENGGANU,357,DIPLOMA PROFESIONAL PENGURUSAN PERLADANGAN & TEKNOLOGI,5500.00,ONLINE,3778,DIPLOMA,40-49,40.0
2024,WDPP22311,40,INDIA,MALE,BEKERJA SEPENUH MASA,THE NARBOROUGH PLANTATION LIMITED,"PROFESSIONAL, SCIENTIFIC, AND TECHNICAL ACTIVITIES",PERAK,357,DIPLOMA PROFESIONAL PENGURUSAN PERLADANGAN & TEKNOLOGI,4000.00,ONLINE,3915,DIPLOMA,40-49,40.0
2024,WDPP22402,38,BUGIS,MALE,BEKERJA SEPENUH MASA,SABAH SOFTWOODS BERHAD,"PROFESSIONAL, SCIENTIFIC, AND TECHNICAL ACTIVITIES",SABAH,357,DIPLOMA PROFESIONAL PENGURUSAN PERLADANGAN & TEKNOLOGI,1500.00,ONLINE,3839,DIPLOMA,30-39,38.0
2024,WDPP22403,36,MELAYU,MALE,BEKERJA SEPENUH MASA,PEJABAT MARDI KOTA KINABALU,"PROFESSIONAL, SCIENTIFIC, AND TECHNICAL ACTIVITIES",SABAH,357,DIPLOMA PROFESIONAL PENGURUSAN PERLADANGAN & TEKNOLOGI,2700.00,ONLINE,2055,DIPLOMA,30-39,36.0
2024,WDPP22406,42,MELAYU,MALE,BEKERJA/USAHAWAN/FREELANCE,LEGASI SETIAKAWAN,"PROFESSIONAL, SCIENTIFIC, AND TECHNICAL ACTIVITIES",PERAK,357,DIPLOMA PROFESIONAL PENGURUSAN PERLADANGAN & TEKNOLOGI,5000.00,ONLINE,3407,DIPLOMA,40-49,42.0
2024,WDPP22407,40,MELAYU,MALE,BEKERJA SEPENUH MASA,BANK ISLAM MALAYSIA BERHAD,"PROFESSIONAL, SCIENTIFIC, AND TECHNICAL ACTIVITIES",PERAK,357,DIPLOMA PROFESIONAL PENGURUSAN PERLADANGAN & TEKNOLOGI,8220.00,ONLINE,2553,DIPLOMA,40-49,40.0
2024,WDPP22408,33,DUSUN-SABAH,MALE,BEKERJA SEPENUH MASA,SATRIA ERAMAJU 1 SDN BHD,"PROFESSIONAL, SCIENTIFIC, AND TECHNICAL ACTIVITIES",SABAH,357,DIPLOMA PROFESIONAL PENGURUSAN PERLADANGAN & TEKNOLOGI,2520.00,ONLINE,3019,DIPLOMA,30-39,33.0
2024,WDPP22409,32,MELAYU,MALE,BEKERJA SEPENUH MASA,CHIN TECK PLANTATIONS BERHAD,"PROFESSIONAL, SCIENTIFIC, AND TECHNICAL ACTIVITIES",PAHANG,357,DIPLOMA PROFESIONAL PENGURUSAN PERLADANGAN & TEKNOLOGI,3620.00,ONLINE,3438,DIPLOMA,30-39,32.0
2024,WDPP22411,44,IBAN/SEA DAYAK -SARAWAK,MALE,BEKERJA SEPENUH MASA,JENDELA PADU SDN BHD,"PROFESSIONAL, SCIENTIFIC, AND TECHNICAL ACTIVITIES",SARAWAK,357,DIPLOMA PROFESIONAL PENGURUSAN PERLADANGAN & TEKNOLOGI,3700.00,ONLINE,2155,DIPLOMA,40-49,44.0
2024,WDPP23103,43,DUSUN-SABAH,MALE,BEKERJA SEPENUH MASA,GENTING TENEGANG ESTATE,"PROFESSIONAL, SCIENTIFIC, AND TECHNICAL ACTIVITIES",SABAH,357,DIPLOMA PROFESIONAL PENGURUSAN PERLADANGAN & TEKNOLOGI,2525.00,ONLINE,3575,DIPLOMA,40-49,43.0
2024,WDPP23104,24,INDIA,MALE,BEKERJA SEPENUH MASA,PROSPELL ENTERPRISE SDN.BHD,"PROFESSIONAL, SCIENTIFIC, AND TECHNICAL ACTIVITIES",NEGERI SEMBILAN,357,DIPLOMA PROFESIONAL PENGURUSAN PERLADANGAN & TEKNOLOGI,1500.00,ONLINE,2366,DIPLOMA,<29,24.0
2024,WDPP23107,34,INDIA,MALE,BEKERJA SEPENUH MASA,KPF PLANTATION SDN BHD,"PROFESSIONAL, SCIENTIFIC, AND TECHNICAL ACTIVITIES",KELANTAN,357,DIPLOMA PROFESIONAL PENGURUSAN PERLADANGAN & TEKNOLOGI,3000.00,ONLINE,3316,DIPLOMA,30-39,34.0
2024,WDPP23108,27,TAMIL,FEMALE,BEKERJA SEPENUH MASA,CHONG MOTOR SERVICING,"PROFESSIONAL, SCIENTIFIC, AND TECHNICAL ACTIVITIES",NEGERI SEMBILAN,357,DIPLOMA PROFESIONAL PENGURUSAN PERLADANGAN & TEKNOLOGI,1800.00,ONLINE,3034,DIPLOMA,<29,27.0
2024,WDPP23109,38,MELAYU,MALE,BEKERJA SEPENUH MASA,LIQUID PALM GROWER SDN BHD,"PROFESSIONAL, SCIENTIFIC, AND TECHNICAL ACTIVITIES",KELANTAN,357,DIPLOMA PROFESIONAL PENGURUSAN PERLADANGAN & TEKNOLOGI,5000.00,ONLINE,3291,DIPLOMA,30-39,38.0
2024,WDPP23111,51,CINA,MALE,BEKERJA SEPENUH MASA,PT. GRAND MANDIRI UTAMA,"PROFESSIONAL, SCIENTIFIC, AND TECHNICAL ACTIVITIES",SABAH,357,DIPLOMA PROFESIONAL PENGURUSAN PERLADANGAN & TEKNOLOGI,3000.00,ONLINE,3071,DIPLOMA,50-59,51.0
2024,WDPP23112,35,IBAN/SEA DAYAK -SARAWAK,MALE,BEKERJA SEPENUH MASA,SARAWAK OIL PALM BERHAD,"PROFESSIONAL, SCIENTIFIC, AND TECHNICAL ACTIVITIES",SARAWAK,357,DIPLOMA PROFESIONAL PENGURUSAN PERLADANGAN & TEKNOLOGI,2500.00,ONLINE,3581,DIPLOMA,30-39,35.0
2024,WDPP23113,35,BIDAYUH/LAND DAYAK - SARAWAK,MALE,BEKERJA SEPENUH MASA,SARAWAK LAND CONSOLIDATION AND REHABILITATION AUTHORITY (SALCRA),"PROFESSIONAL, SCIENTIFIC, AND TECHNICAL ACTIVITIES",SARAWAK,357,DIPLOMA PROFESIONAL PENGURUSAN PERLADANGAN & TEKNOLOGI,2500.00,ONLINE,3281,DIPLOMA,30-39,35.0
2024,WDPP23117,42,IBAN/SEA DAYAK -SARAWAK,FEMALE,BEKERJA SEPENUH MASA,RIMBUNAN SAWIT SDN BHD,"PROFESSIONAL, SCIENTIFIC, AND TECHNICAL ACTIVITIES",SARAWAK,357,DIPLOMA PROFESIONAL PENGURUSAN PERLADANGAN & TEKNOLOGI,4100.00,ONLINE,2852,DIPLOMA,40-49,42.0
2024,WDPP23119,38,MELAYU,MALE,BEKERJA SEPENUH MASA,JOHOR PLANTATION GROUP,"PROFESSIONAL, SCIENTIFIC, AND TECHNICAL ACTIVITIES",JOHOR,357,DIPLOMA PROFESIONAL PENGURUSAN PERLADANGAN & TEKNOLOGI,2650.00,ONLINE,2497,DIPLOMA,30-39,38.0
2024,WDPP23205,35,MELAYU,MALE,BEKERJA SEPENUH MASA,FELDA PLANTATION MANAGEMENT SDN BHD,"PROFESSIONAL, SCIENTIFIC, AND TECHNICAL ACTIVITIES",KELANTAN,357,DIPLOMA PROFESIONAL PENGURUSAN PERLADANGAN & TEKNOLOGI,2400.00,ONLINE,2735,DIPLOMA,30-39,35.0
2024,WDPP23206,43,MELAYU,MALE,BEKERJA SEPENUH MASA,POS MALAYSIA BERHAD,"PROFESSIONAL, SCIENTIFIC, AND TECHNICAL ACTIVITIES",JOHOR,357,DIPLOMA PROFESIONAL PENGURUSAN PERLADANGAN & TEKNOLOGI,2700.00,ONLINE,2753,DIPLOMA,40-49,43.0
2024,WDPP23210,39,MELAYU,MALE,BEKERJA SEPENUH MASA,RANGKAIAN DELIMA PLANTATION,"PROFESSIONAL, SCIENTIFIC, AND TECHNICAL ACTIVITIES",PAHANG,357,DIPLOMA PROFESIONAL PENGURUSAN PERLADANGAN & TEKNOLOGI,3000.00,ONLINE,2631,DIPLOMA,30-39,39.0
2024,WDPP23301,36,DUSUN-SABAH,MALE,BEKERJA SEPENUH MASA,UNITED MALACCA BERHAD,"PROFESSIONAL, SCIENTIFIC, AND TECHNICAL ACTIVITIES",SABAH,357,DIPLOMA PROFESIONAL PENGURUSAN PERLADANGAN & TEKNOLOGI,2853.00,ONLINE,3415,DIPLOMA,30-39,36.0
2024,WDPP23302,35,IBAN/SEA DAYAK -SARAWAK,MALE,BEKERJA SEPENUH MASA,THP SARIBAS SDN BHD,"PROFESSIONAL, SCIENTIFIC, AND TECHNICAL ACTIVITIES",SARAWAK,357,DIPLOMA PROFESIONAL PENGURUSAN PERLADANGAN & TEKNOLOGI,2500.00,ONLINE,2415,DIPLOMA,30-39,35.0
2024,WDPP23303,43,MELAYU,MALE,BEKERJA SEPENUH MASA,FRANKY LAND SDN BHD,"PROFESSIONAL, SCIENTIFIC, AND TECHNICAL ACTIVITIES",PAHANG,357,DIPLOMA PROFESIONAL PENGURUSAN PERLADANGAN & TEKNOLOGI,3600.00,ONLINE,2409,DIPLOMA,40-49,43.0
2024,WDPP23309,41,MELAYU,MALE,BEKERJA SEPENUH MASA,FELDA PLANTATION MANAGEMENT SDN BHD,"PROFESSIONAL, SCIENTIFIC, AND TECHNICAL ACTIVITIES",PAHANG,357,DIPLOMA PROFESIONAL PENGURUSAN PERLADANGAN & TEKNOLOGI,3100.00,ONLINE,3450,DIPLOMA,40-49,41.0
2024,WDPP23311,34,IBAN/SEA DAYAK -SARAWAK,MALE,BEKERJA SEPENUH MASA,PALMCOL SDN BHD,"PROFESSIONAL, SCIENTIFIC, AND TECHNICAL ACTIVITIES",SARAWAK,357,DIPLOMA PROFESIONAL PENGURUSAN PERLADANGAN & TEKNOLOGI,2350.00,ONLINE,3274,DIPLOMA,30-39,34.0
2024,WDPP23314,38,BUGIS,MALE,BEKERJA SEPENUH MASA,GREENER GREEN SDN BHD,"PROFESSIONAL, SCIENTIFIC, AND TECHNICAL ACTIVITIES",SABAH,357,DIPLOMA PROFESIONAL PENGURUSAN PERLADANGAN & TEKNOLOGI,2592.00,ONLINE,2997,DIPLOMA,30-39,38.0
2024,WDPP23315,38,CINA,MALE,BEKERJA SEPENUH MASA,PALMHEAD,"PROFESSIONAL, SCIENTIFIC, AND TECHNICAL ACTIVITIES",SARAWAK,357,DIPLOMA PROFESIONAL PENGURUSAN PERLADANGAN & TEKNOLOGI,12000.00,ONLINE,2596,DIPLOMA,30-39,38.0
2024,WDPP23406,36,BAJAU - SABAH,MALE,BEKERJA SEPARA MASA,FGVP (M),"PROFESSIONAL, SCIENTIFIC, AND TECHNICAL ACTIVITIES",SABAH,357,DIPLOMA PROFESIONAL PENGURUSAN PERLADANGAN & TEKNOLOGI,1920.00,ONLINE,3323,DIPLOMA,30-39,36.0
2024,WDPS19303,50,MELAYU,MALE,BEKERJA SEPENUH MASA,FGV PALM INDUSTRIES SDN BHD,"PROFESSIONAL, SCIENTIFIC, AND TECHNICAL ACTIVITIES",JOHOR,370,DIPLOMA PROFESIONAL PENGURUSAN SUMBER MANUSIA,2900.00,ONLINE,3494,DIPLOMA,50-59,50.0
2024,WDPS21312,42,MELAYU,FEMALE,BEKERJA SEPENUH MASA,UDA SERVICE CENTRE,"PROFESSIONAL, SCIENTIFIC, AND TECHNICAL ACTIVITIES",JOHOR,370,DIPLOMA PROFESIONAL PENGURUSAN SUMBER MANUSIA,4000.00,ONLINE,2973,DIPLOMA,40-49,42.0
2024,WDPS21313,31,INDIA,FEMALE,BEKERJA SEPENUH MASA,PEJABAT DAERAH DAN TANAH LENGGONG,"PROFESSIONAL, SCIENTIFIC, AND TECHNICAL ACTIVITIES",PERAK,370,DIPLOMA PROFESIONAL PENGURUSAN SUMBER MANUSIA,2500.00,ONLINE,2187,DIPLOMA,30-39,31.0
2024,WDPS21406,31,DUSUN-SABAH,FEMALE,BEKERJA SEPENUH MASA,SAMLING PLANTATION SDN BHD,"PROFESSIONAL, SCIENTIFIC, AND TECHNICAL ACTIVITIES",SARAWAK,370,DIPLOMA PROFESIONAL PENGURUSAN SUMBER MANUSIA,2300.00,ONLINE,2963,DIPLOMA,30-39,31.0
2024,WDPS21408,40,MELAYU,FEMALE,BEKERJA SEPENUH MASA,FGV PLANTATIONS (MALAYSIA) SDN BHD,"PROFESSIONAL, SCIENTIFIC, AND TECHNICAL ACTIVITIES",PAHANG,370,DIPLOMA PROFESIONAL PENGURUSAN SUMBER MANUSIA,2335.00,ONLINE,2412,DIPLOMA,40-49,40.0
2024,WDPS21409,49,MELAYU,FEMALE,BEKERJA SEPENUH MASA,WIPRO UNZA (MALAYSIA) SDN BHD,"PROFESSIONAL, SCIENTIFIC, AND TECHNICAL ACTIVITIES",KUALA LUMPUR,370,DIPLOMA PROFESIONAL PENGURUSAN SUMBER MANUSIA,3500.00,ONLINE,3899,DIPLOMA,40-49,49.0
2024,WDPS21413,36,MELAYU,FEMALE,BEKERJA SEPENUH MASA,TASCO BERHAD,"PROFESSIONAL, SCIENTIFIC, AND TECHNICAL ACTIVITIES",SELANGOR,370,DIPLOMA PROFESIONAL PENGURUSAN SUMBER MANUSIA,2310.00,ONLINE,2568,DIPLOMA,30-39,36.0
2024,WDPS21422,35,INDIA,FEMALE,BEKERJA SEPENUH MASA,SAIVISION MANAGEMENT SERVICES SDN BHD,"PROFESSIONAL, SCIENTIFIC, AND TECHNICAL ACTIVITIES",SELANGOR,370,DIPLOMA PROFESIONAL PENGURUSAN SUMBER MANUSIA,7000.00,ONLINE,3917,DIPLOMA,30-39,35.0
2024,WDPS21424,28,INDIA,FEMALE,BEKERJA SEPARA MASA,CBT FIRE SERVICE,"PROFESSIONAL, SCIENTIFIC, AND TECHNICAL ACTIVITIES",PULAU PINANG,370,DIPLOMA PROFESIONAL PENGURUSAN SUMBER MANUSIA,500.00,ONLINE,3953,DIPLOMA,<29,28.0
2024,WDPS22106,30,INDIA,FEMALE,BEKERJA SEPENUH MASA,METRO SPECIALIST HOSPITAL,"PROFESSIONAL, SCIENTIFIC, AND TECHNICAL ACTIVITIES",KEDAH,370,DIPLOMA PROFESIONAL PENGURUSAN SUMBER MANUSIA,1800.00,ONLINE,2643,DIPLOMA,30-39,30.0
2024,WDPS22113,25,IBAN/SEA DAYAK -SARAWAK,FEMALE,MELANJUTKAN PENGAJIAN,NOT SPECIFIED,"PROFESSIONAL, SCIENTIFIC, AND TECHNICAL ACTIVITIES",SARAWAK,370,DIPLOMA PROFESIONAL PENGURUSAN SUMBER MANUSIA,0.00,ONLINE,2675,DIPLOMA,<29,25.0
2024,WDPS22117,39,INDIA,FEMALE,BEKERJA/USAHAWAN/FREELANCE,PICA MANUFACTURING SOLUTIONS,"PROFESSIONAL, SCIENTIFIC, AND TECHNICAL ACTIVITIES",SELANGOR,370,DIPLOMA PROFESIONAL PENGURUSAN SUMBER MANUSIA,2950.00,ONLINE,3522,DIPLOMA,30-39,39.0
2024,WDPS22121,40,MELAYU,MALE,BEKERJA SEPENUH MASA,BINTULU PORT HOLDING BERHAD,"PROFESSIONAL, SCIENTIFIC, AND TECHNICAL ACTIVITIES",SARAWAK,370,DIPLOMA PROFESIONAL PENGURUSAN SUMBER MANUSIA,2500.00,ONLINE,2238,DIPLOMA,40-49,40.0
2024,WDPS22124,38,MELAYU,FEMALE,BEKERJA SEPENUH MASA,ORICON SDN BHD,"PROFESSIONAL, SCIENTIFIC, AND TECHNICAL ACTIVITIES",SARAWAK,370,DIPLOMA PROFESIONAL PENGURUSAN SUMBER MANUSIA,3500.00,ONLINE,2422,DIPLOMA,30-39,38.0
2024,WDPS22202,52,INDIA,FEMALE,BEKERJA SEPENUH MASA,CIMB BANK BERHAD,"PROFESSIONAL, SCIENTIFIC, AND TECHNICAL ACTIVITIES",MELAKA,370,DIPLOMA PROFESIONAL PENGURUSAN SUMBER MANUSIA,5000.00,ONLINE,3636,DIPLOMA,50-59,52.0
2024,WDPS22208,31,IBAN/SEA DAYAK -SARAWAK,FEMALE,BEKERJA SEPENUH MASA,BINTULU LUMBER DEVELOPMENT SAWAI,"PROFESSIONAL, SCIENTIFIC, AND TECHNICAL ACTIVITIES",SARAWAK,370,DIPLOMA PROFESIONAL PENGURUSAN SUMBER MANUSIA,1900.00,ONLINE,3721,DIPLOMA,30-39,31.0
2024,WDPS22211,27,INDIA,FEMALE,BEKERJA SEPENUH MASA,UK PRAVINA ENTERPRISE,"PROFESSIONAL, SCIENTIFIC, AND TECHNICAL ACTIVITIES",NEGERI SEMBILAN,370,DIPLOMA PROFESIONAL PENGURUSAN SUMBER MANUSIA,1800.00,ONLINE,2778,DIPLOMA,<29,27.0
2024,WDPS22218,47,KADAZAN-SABAH,FEMALE,BEKERJA SEPENUH MASA,WILMAR PLANTATIONS SDN BHD,"PROFESSIONAL, SCIENTIFIC, AND TECHNICAL ACTIVITIES",SABAH,370,DIPLOMA PROFESIONAL PENGURUSAN SUMBER MANUSIA,3200.00,ONLINE,2359,DIPLOMA,40-49,47.0
2024,WDPS22221,43,MELANAU-SARAWAK,FEMALE,BEKERJA SEPENUH MASA,E-CONCERN (M) SDN BHD,"PROFESSIONAL, SCIENTIFIC, AND TECHNICAL ACTIVITIES",SARAWAK,370,DIPLOMA PROFESIONAL PENGURUSAN SUMBER MANUSIA,1500.00,ONLINE,3805,DIPLOMA,40-49,43.0
2024,WDPS22301,27,MELAYU,MALE,BEKERJA SEPENUH MASA,"CONSTRUCTION (ECRL) SECTION 2. LOT4384 & LOT4631 MUKIM KG. RAJA BESUT, 22200 TERENGGANU","PROFESSIONAL, SCIENTIFIC, AND TECHNICAL ACTIVITIES",TERENGGANU,370,DIPLOMA PROFESIONAL PENGURUSAN SUMBER MANUSIA,2000.00,ONLINE,3594,DIPLOMA,<29,27.0
2024,WDPS22304,53,DUSUN-SABAH,MALE,BEKERJA SEPENUH MASA,JABATAN PERKHIDMATAN KEBAJIKAN AM SABAH,"PROFESSIONAL, SCIENTIFIC, AND TECHNICAL ACTIVITIES",SABAH,370,DIPLOMA PROFESIONAL PENGURUSAN SUMBER MANUSIA,2973.00,ONLINE,2588,DIPLOMA,50-59,53.0
2024,WDPS22306,34,KADAZAN-SABAH,FEMALE,BEKERJA SEPENUH MASA,LABUAN SHIPYARD & ENGINEERING,"PROFESSIONAL, SCIENTIFIC, AND TECHNICAL ACTIVITIES",LABUAN,370,DIPLOMA PROFESIONAL PENGURUSAN SUMBER MANUSIA,1800.00,ONLINE,3905,DIPLOMA,30-39,34.0
2024,WDPS22310,46,MELAYU,FEMALE,BEKERJA SEPENUH MASA,PKPP PLANTATION SDN. BHD.,"PROFESSIONAL, SCIENTIFIC, AND TECHNICAL ACTIVITIES",PAHANG,370,DIPLOMA PROFESIONAL PENGURUSAN SUMBER MANUSIA,4205.00,ONLINE,2674,DIPLOMA,40-49,46.0
2024,WDPS22401,42,MELAYU,MALE,BEKERJA SEPENUH MASA,LEMBAGA HASIL DALAM NEGERI MALAYSIA,"PROFESSIONAL, SCIENTIFIC, AND TECHNICAL ACTIVITIES",PAHANG,370,DIPLOMA PROFESIONAL PENGURUSAN SUMBER MANUSIA,5000.00,ONLINE,3416,DIPLOMA,40-49,42.0
2024,WDPS22402,27,MELAYU,FEMALE,BEKERJA SEPENUH MASA,KMI KUANTAN MEDICAL CENTRE SDN BHD,"PROFESSIONAL, SCIENTIFIC, AND TECHNICAL ACTIVITIES",PAHANG,370,DIPLOMA PROFESIONAL PENGURUSAN SUMBER MANUSIA,2020.00,ONLINE,3677,DIPLOMA,<29,27.0
2024,WDPS22405,52,MELAYU,MALE,BEKERJA SEPENUH MASA,RAPID RAIL SDN BHD,"PROFESSIONAL, SCIENTIFIC, AND TECHNICAL ACTIVITIES",PERAK,370,DIPLOMA PROFESIONAL PENGURUSAN SUMBER MANUSIA,3800.00,ONLINE,3203,DIPLOMA,50-59,52.0
2024,WDPS22407,23,INDIA,FEMALE,BEKERJA SEPENUH MASA,ILLUMINA,"PROFESSIONAL, SCIENTIFIC, AND TECHNICAL ACTIVITIES",JOHOR,370,DIPLOMA PROFESIONAL PENGURUSAN SUMBER MANUSIA,2000.00,ONLINE,2537,DIPLOMA,<29,23.0
2024,WDPS22408,37,IBAN/SEA DAYAK -SARAWAK,FEMALE,BEKERJA SEPENUH MASA,JABATAN KESIHATAN NEGERI SARAWAK,"PROFESSIONAL, SCIENTIFIC, AND TECHNICAL ACTIVITIES",SARAWAK,370,DIPLOMA PROFESIONAL PENGURUSAN SUMBER MANUSIA,1300.00,ONLINE,2141,DIPLOMA,30-39,37.0
2024,WDPS23103,37,MELAYU,FEMALE,BEKERJA SEPENUH MASA,XCS MANAGEMENT SERVICES SDN BHD,"PROFESSIONAL, SCIENTIFIC, AND TECHNICAL ACTIVITIES",SELANGOR,370,DIPLOMA PROFESIONAL PENGURUSAN SUMBER MANUSIA,3850.00,ONLINE,3511,DIPLOMA,30-39,37.0
2024,WDPS23104,47,MELAYU,FEMALE,BEKERJA SEPENUH MASA,TOUCH MILK SDN BHD,"PROFESSIONAL, SCIENTIFIC, AND TECHNICAL ACTIVITIES",PAHANG,370,DIPLOMA PROFESIONAL PENGURUSAN SUMBER MANUSIA,2200.00,ONLINE,3735,DIPLOMA,40-49,47.0
2024,WDPS23107,38,MELAYU,FEMALE,BEKERJA SEPENUH MASA,MICRON MEMORY MALAYSIA SDN BHD,"PROFESSIONAL, SCIENTIFIC, AND TECHNICAL ACTIVITIES",PULAU PINANG,370,DIPLOMA PROFESIONAL PENGURUSAN SUMBER MANUSIA,2070.00,ONLINE,2231,DIPLOMA,30-39,38.0
2024,WDPS23109,30,CINA,MALE,BEKERJA SEPENUH MASA,XINGLIAN TECHNOLOGY SDN BHD,"PROFESSIONAL, SCIENTIFIC, AND TECHNICAL ACTIVITIES",PULAU PINANG,370,DIPLOMA PROFESIONAL PENGURUSAN SUMBER MANUSIA,4600.00,ONLINE,2083,DIPLOMA,30-39,30.0
2024,WDPS23111,39,MELAYU,FEMALE,BEKERJA SEPENUH MASA,BRILLIANT AESTHETIC SDN.BHD,"PROFESSIONAL, SCIENTIFIC, AND TECHNICAL ACTIVITIES",SELANGOR,370,DIPLOMA PROFESIONAL PENGURUSAN SUMBER MANUSIA,2200.00,ONLINE,2274,DIPLOMA,30-39,39.0
2024,WDPS23112,24,INDIA,FEMALE,BEKERJA SEPENUH MASA,GVW,"PROFESSIONAL, SCIENTIFIC, AND TECHNICAL ACTIVITIES",PULAU PINANG,370,DIPLOMA PROFESIONAL PENGURUSAN SUMBER MANUSIA,1500.00,ONLINE,3863,DIPLOMA,<29,24.0
2024,WDPS23114,36,INDIA,FEMALE,BEKERJA SEPENUH MASA,TRIPLE S PROTECTION SINGAPORE,"PROFESSIONAL, SCIENTIFIC, AND TECHNICAL ACTIVITIES",PULAU PINANG,370,DIPLOMA PROFESIONAL PENGURUSAN SUMBER MANUSIA,5000.00,ONLINE,3007,DIPLOMA,30-39,36.0
2024,WDPS23116,47,MELAYU,MALE,BEKERJA SEPENUH MASA,PKPP PLANTATION SDN. BHD.,"PROFESSIONAL, SCIENTIFIC, AND TECHNICAL ACTIVITIES",PAHANG,370,DIPLOMA PROFESIONAL PENGURUSAN SUMBER MANUSIA,40000.00,ONLINE,2793,DIPLOMA,40-49,47.0
2024,WDPS23117,35,MELANAU-SARAWAK,FEMALE,BEKERJA SEPENUH MASA,TANJUNG MANIS INTEGRATED PORT SDN BHD,"PROFESSIONAL, SCIENTIFIC, AND TECHNICAL ACTIVITIES",SARAWAK,370,DIPLOMA PROFESIONAL PENGURUSAN SUMBER MANUSIA,1650.00,ONLINE,3264,DIPLOMA,30-39,35.0
2024,WDPS23121,34,MELAYU,MALE,BEKERJA SEPENUH MASA,TRIPLE A GLORY SDN BHD,"PROFESSIONAL, SCIENTIFIC, AND TECHNICAL ACTIVITIES",TERENGGANU,370,DIPLOMA PROFESIONAL PENGURUSAN SUMBER MANUSIA,3500.00,ONLINE,2453,DIPLOMA,30-39,34.0
2024,WDPS23124,27,INDIA,MALE,BEKERJA SEPENUH MASA,UNITED PLANTATION BERHAD,"PROFESSIONAL, SCIENTIFIC, AND TECHNICAL ACTIVITIES",PERAK,370,DIPLOMA PROFESIONAL PENGURUSAN SUMBER MANUSIA,2000.00,ONLINE,2503,DIPLOMA,<29,27.0
2024,WDPS23125,40,KADAZAN-SABAH,FEMALE,BEKERJA SEPENUH MASA,PRINT PLANET,"PROFESSIONAL, SCIENTIFIC, AND TECHNICAL ACTIVITIES",SABAH,370,DIPLOMA PROFESIONAL PENGURUSAN SUMBER MANUSIA,2000.00,ONLINE,3547,DIPLOMA,40-49,40.0
2024,WDPS23127,22,SEKAPAN-SARAWAK,FEMALE,BEKERJA SEPENUH MASA,AEON CO (M) BHD,"PROFESSIONAL, SCIENTIFIC, AND TECHNICAL ACTIVITIES",SARAWAK,370,DIPLOMA PROFESIONAL PENGURUSAN SUMBER MANUSIA,2200.00,ONLINE,3342,DIPLOMA,<29,22.0
2024,WDPS23129,35,MELAYU,FEMALE,BEKERJA SEPENUH MASA,PEMBERSIHAN SERIMAS MULIA SDN BHD,"PROFESSIONAL, SCIENTIFIC, AND TECHNICAL ACTIVITIES",PAHANG,370,DIPLOMA PROFESIONAL PENGURUSAN SUMBER MANUSIA,3000.00,ONLINE,3195,DIPLOMA,30-39,35.0
2024,WDPS23139,24,INDIA,FEMALE,BEKERJA SEPENUH MASA,BINTANG-BINTANG SDN BHD,"PROFESSIONAL, SCIENTIFIC, AND TECHNICAL ACTIVITIES",JOHOR,370,DIPLOMA PROFESIONAL PENGURUSAN SUMBER MANUSIA,1550.00,ONLINE,2033,DIPLOMA,<29,24.0
2024,WDPS23140,25,INDIA,FEMALE,BEKERJA SEPENUH MASA,YDS MAJU ENTERPRISE,"PROFESSIONAL, SCIENTIFIC, AND TECHNICAL ACTIVITIES",JOHOR,370,DIPLOMA PROFESIONAL PENGURUSAN SUMBER MANUSIA,1500.00,ONLINE,2719,DIPLOMA,<29,25.0
2024,WDPS23202,25,TAMIL,FEMALE,BEKERJA SEPENUH MASA,UTAC,"PROFESSIONAL, SCIENTIFIC, AND TECHNICAL ACTIVITIES",PERAK,370,DIPLOMA PROFESIONAL PENGURUSAN SUMBER MANUSIA,3000.00,ONLINE,3177,DIPLOMA,<29,25.0
2024,WDPS23206,38,TAMIL,FEMALE,BEKERJA SEPENUH MASA,HES INDUSTRIES SDN BHD,"PROFESSIONAL, SCIENTIFIC, AND TECHNICAL ACTIVITIES",JOHOR,370,DIPLOMA PROFESIONAL PENGURUSAN SUMBER MANUSIA,3250.00,ONLINE,3149,DIPLOMA,30-39,38.0
2024,WDPS23208,49,MELAYU,MALE,BEKERJA SEPENUH MASA,BANK MUAMALAT MALAYSIA BERHAD,"PROFESSIONAL, SCIENTIFIC, AND TECHNICAL ACTIVITIES",SARAWAK,370,DIPLOMA PROFESIONAL PENGURUSAN SUMBER MANUSIA,8900.00,ONLINE,3225,DIPLOMA,40-49,49.0
2024,WDPS23211,39,TAMIL,FEMALE,BEKERJA SEPENUH MASA,INCOME INSURANCE SINGAPORE,"PROFESSIONAL, SCIENTIFIC, AND TECHNICAL ACTIVITIES",JOHOR,370,DIPLOMA PROFESIONAL PENGURUSAN SUMBER MANUSIA,10000.00,ONLINE,3726,DIPLOMA,30-39,39.0
2024,WDPS23212,31,MELAYU,FEMALE,BEKERJA SEPENUH MASA,DERIV SUPPORT SERVICES SDN. BHD.,"PROFESSIONAL, SCIENTIFIC, AND TECHNICAL ACTIVITIES",SELANGOR,370,DIPLOMA PROFESIONAL PENGURUSAN SUMBER MANUSIA,5200.00,ONLINE,2776,DIPLOMA,30-39,31.0
2024,WDPS23214,30,IBAN/SEA DAYAK -SARAWAK,FEMALE,BEKERJA SEPENUH MASA,FLEXTRONICS SHAH ALAM,"PROFESSIONAL, SCIENTIFIC, AND TECHNICAL ACTIVITIES",JOHOR,370,DIPLOMA PROFESIONAL PENGURUSAN SUMBER MANUSIA,1650.00,ONLINE,3119,DIPLOMA,30-39,30.0
2024,WDPS23308,32,INDIA,FEMALE,BEKERJA SEPENUH MASA,LUCKYJOINT CONSTRUCTION,"PROFESSIONAL, SCIENTIFIC, AND TECHNICAL ACTIVITIES",JOHOR,370,DIPLOMA PROFESIONAL PENGURUSAN SUMBER MANUSIA,5000.00,ONLINE,3865,DIPLOMA,30-39,32.0
2024,WDPS23311,41,INDIA,FEMALE,BEKERJA SEPENUH MASA,PROMICOM SDN BHD,"PROFESSIONAL, SCIENTIFIC, AND TECHNICAL ACTIVITIES",NEGERI SEMBILAN,370,DIPLOMA PROFESIONAL PENGURUSAN SUMBER MANUSIA,1500.00,ONLINE,2843,DIPLOMA,40-49,41.0
2024,WDPS23321,35,MELAYU,FEMALE,BEKERJA SEPENUH MASA,CELESTICA HPS (PENANG) SDN BHD,"PROFESSIONAL, SCIENTIFIC, AND TECHNICAL ACTIVITIES",PULAU PINANG,370,DIPLOMA PROFESIONAL PENGURUSAN SUMBER MANUSIA,3225.00,ONLINE,2938,DIPLOMA,30-39,35.0
2024,WDPS23322,37,INDIA,FEMALE,BEKERJA SEPENUH MASA,ERA ALAM RESOURCES,"PROFESSIONAL, SCIENTIFIC, AND TECHNICAL ACTIVITIES",KUALA LUMPUR,370,DIPLOMA PROFESIONAL PENGURUSAN SUMBER MANUSIA,2500.00,ONLINE,3895,DIPLOMA,30-39,37.0
2024,WMPB20201,51,MELAYU,MALE,BEKERJA SEPENUH MASA,KOPERASI LADANG BERHAD,"PROFESSIONAL, SCIENTIFIC, AND TECHNICAL ACTIVITIES",KELANTAN,488,MASTER EKSEKUTIF PENGURUSAN PERNIAGAAN,6380.00,ONLINE,7644,MASTER,50-59,51.0
2024,WMPB21104,35,INDIA,MALE,BEKERJA SEPENUH MASA,YEWLEE PACIFIC SDN BHD,"PROFESSIONAL, SCIENTIFIC, AND TECHNICAL ACTIVITIES",PERAK,488,MASTER EKSEKUTIF PENGURUSAN PERNIAGAAN,3800.00,ONLINE,8392,MASTER,30-39,35.0
2024,WMPB22109,48,INDIA,MALE,BEKERJA SEPENUH MASA,PAHANG CEMENT SDN BHD,"PROFESSIONAL, SCIENTIFIC, AND TECHNICAL ACTIVITIES",PAHANG,488,MASTER EKSEKUTIF PENGURUSAN PERNIAGAAN,7900.00,ONLINE,8779,MASTER,40-49,48.0
2024,WMPB22201,39,MELAYU,FEMALE,BEKERJA SEPENUH MASA,KMI KUANTAN MEDICAL CENTRE SDN BHD,"PROFESSIONAL, SCIENTIFIC, AND TECHNICAL ACTIVITIES",PAHANG,488,MASTER EKSEKUTIF PENGURUSAN PERNIAGAAN,5700.00,ONLINE,8674,MASTER,30-39,39.0
2024,WMPB22301,45,PUNJABI,FEMALE,BEKERJA SEPENUH MASA,SHIN ASSOCIATES,"PROFESSIONAL, SCIENTIFIC, AND TECHNICAL ACTIVITIES",KUALA LUMPUR,488,MASTER EKSEKUTIF PENGURUSAN PERNIAGAAN,3500.00,ONLINE,7410,MASTER,40-49,45.0
2024,WMPB22302,35,MELAYU,FEMALE,BEKERJA SEPENUH MASA,PKPP PLANTATION SDN BHD,"PROFESSIONAL, SCIENTIFIC, AND TECHNICAL ACTIVITIES",PAHANG,488,MASTER EKSEKUTIF PENGURUSAN PERNIAGAAN,4205.00,ONLINE,8725,MASTER,30-39,35.0
2024,WMPB22403,40,MELAYU,MALE,BEKERJA SEPENUH MASA,KMI KUANTAN MEDICAL CENTER,"PROFESSIONAL, SCIENTIFIC, AND TECHNICAL ACTIVITIES",PERAK,488,MASTER EKSEKUTIF PENGURUSAN PERNIAGAAN,8003.00,ONLINE,7994,MASTER,40-49,40.0
2024,WMPB22405,50,MELAYU,FEMALE,BEKERJA SEPENUH MASA,MUIP HOTEL SDN BHD,"PROFESSIONAL, SCIENTIFIC, AND TECHNICAL ACTIVITIES",MELAKA,488,MASTER EKSEKUTIF PENGURUSAN PERNIAGAAN,5800.00,ONLINE,8928,MASTER,50-59,50.0
2024,WMPB23101,41,INDIA,FEMALE,BEKERJA SEPENUH MASA,GARDENIA BAKERIES KL SDN BHD,"PROFESSIONAL, SCIENTIFIC, AND TECHNICAL ACTIVITIES",SELANGOR,488,MASTER EKSEKUTIF PENGURUSAN PERNIAGAAN,13000.00,ONLINE,8960,MASTER,40-49,41.0
2024,WMPB23102,46,CINA,FEMALE,BEKERJA SEPENUH MASA,PENAGA DRESSER SDN BHD,"PROFESSIONAL, SCIENTIFIC, AND TECHNICAL ACTIVITIES",PAHANG,488,MASTER EKSEKUTIF PENGURUSAN PERNIAGAAN,5000.00,ONLINE,7296,MASTER,40-49,46.0
2024,WMPB23103,47,CINA,FEMALE,BEKERJA SEPENUH MASA,SOUTHERN INDUSTRIAL GAS SDN BHD,"PROFESSIONAL, SCIENTIFIC, AND TECHNICAL ACTIVITIES",PAHANG,488,MASTER EKSEKUTIF PENGURUSAN PERNIAGAAN,5600.00,ONLINE,7354,MASTER,40-49,47.0
2024,WMPB23105,52,MELAYU,FEMALE,BEKERJA SEPENUH MASA,NURRAYSA GLOBAL SDN BHD,"PROFESSIONAL, SCIENTIFIC, AND TECHNICAL ACTIVITIES",PAHANG,488,MASTER EKSEKUTIF PENGURUSAN PERNIAGAAN,4550.00,ONLINE,8691,MASTER,50-59,52.0
2024,WMPB23106,36,MELAYU,FEMALE,BEKERJA SEPENUH MASA,NURRAYSA GLOBAL SDN BHD,"PROFESSIONAL, SCIENTIFIC, AND TECHNICAL ACTIVITIES",PAHANG,488,MASTER EKSEKUTIF PENGURUSAN PERNIAGAAN,3000.00,ONLINE,7669,MASTER,30-39,36.0
2024,WMPB23202,50,PUNJABI,FEMALE,BEKERJA SEPENUH MASA,AFFIN BANK BERHAD,"PROFESSIONAL, SCIENTIFIC, AND TECHNICAL ACTIVITIES",SELANGOR,488,MASTER EKSEKUTIF PENGURUSAN PERNIAGAAN,9000.00,ONLINE,7850,MASTER,50-59,50.0
2024,WMPB23301,42,CINA,FEMALE,BEKERJA SEPENUH MASA,AMBANK BERHAD,"PROFESSIONAL, SCIENTIFIC, AND TECHNICAL ACTIVITIES",JOHOR,488,MASTER EKSEKUTIF PENGURUSAN PERNIAGAAN,15000.00,ONLINE,7919,MASTER,40-49,42.0
2024,WMPB23303,49,MELAYU,FEMALE,BEKERJA SEPENUH MASA,SP SETIA BERHAD,"PROFESSIONAL, SCIENTIFIC, AND TECHNICAL ACTIVITIES",SELANGOR,488,MASTER EKSEKUTIF PENGURUSAN PERNIAGAAN,6000.00,ONLINE,7312,MASTER,40-49,49.0
2024,WMPB23304,41,MELAYU,MALE,BEKERJA SEPENUH MASA,SD GUTHRIE BERHAD,"PROFESSIONAL, SCIENTIFIC, AND TECHNICAL ACTIVITIES",SELANGOR,488,MASTER EKSEKUTIF PENGURUSAN PERNIAGAAN,15000.00,ONLINE,7635,MASTER,40-49,41.0
2024,WMPB23305,42,MELAYU,MALE,BEKERJA SEPENUH MASA,PUSAKA FOOD INDUSTRY SDN BHD,"PROFESSIONAL, SCIENTIFIC, AND TECHNICAL ACTIVITIES",PAHANG,488,MASTER EKSEKUTIF PENGURUSAN PERNIAGAAN,10000.00,ONLINE,7925,MASTER,40-49,42.0
2024,WMPB23306,42,SINO-NATIVE-SABAH,FEMALE,BEKERJA SEPENUH MASA,FAH DING CONSTRUCTION SDN BHD,"PROFESSIONAL, SCIENTIFIC, AND TECHNICAL ACTIVITIES",SABAH,488,MASTER EKSEKUTIF PENGURUSAN PERNIAGAAN,3000.00,ONLINE,7299,MASTER,40-49,42.0
2024,WMPB23308,44,MELAYU,FEMALE,BEKERJA SEPENUH MASA,SYARIKAT TAKAFUL MALAYSIA BERHAD,"PROFESSIONAL, SCIENTIFIC, AND TECHNICAL ACTIVITIES",PAHANG,488,MASTER EKSEKUTIF PENGURUSAN PERNIAGAAN,5070.00,ONLINE,7249,MASTER,40-49,44.0
2024,WMPB23309,41,MELAYU,MALE,BEKERJA SEPENUH MASA,JOHOR PLANTATIONS GROUP BERHAD,"PROFESSIONAL, SCIENTIFIC, AND TECHNICAL ACTIVITIES",JOHOR,488,MASTER EKSEKUTIF PENGURUSAN PERNIAGAAN,11773.00,ONLINE,7914,MASTER,40-49,41.0
2024,WMPB23310,38,MELAYU,MALE,BEKERJA SEPENUH MASA,KMI KUANTAN MEDICAL CENTRE,"PROFESSIONAL, SCIENTIFIC, AND TECHNICAL ACTIVITIES",PAHANG,488,MASTER EKSEKUTIF PENGURUSAN PERNIAGAAN,5000.00,ONLINE,7403,MASTER,30-39,38.0
2024,WMPK18307,59,MELAYU,MALE,BEKERJA SEPENUH MASA,PUSAT KHIDMAT RAKYAT PARLIMEN KOTA RAJA,"PROFESSIONAL, SCIENTIFIC, AND TECHNICAL ACTIVITIES",SELANGOR,341,MASTER EKSEKUTIF PENGURUSAN KORPORAT,4500.00,ONLINE,8238,MASTER,50-59,59.0
2024,WMPK18309,49,IBAN/SEA DAYAK -SARAWAK,MALE,BEKERJA SEPENUH MASA,BINTULU LUMBER,"PROFESSIONAL, SCIENTIFIC, AND TECHNICAL ACTIVITIES",SARAWAK,341,MASTER EKSEKUTIF PENGURUSAN KORPORAT,5600.00,ONLINE,7063,MASTER,40-49,49.0
2024,WMPK19101,47,IBAN/SEA DAYAK -SARAWAK,FEMALE,BEKERJA SEPENUH MASA,SRI MENAGA SDN BHD,"PROFESSIONAL, SCIENTIFIC, AND TECHNICAL ACTIVITIES",SARAWAK,437,MASTER EKSEKUTIF PENGURUSAN KORPORAT (PENGURUSAN PERLADANGAN),1700.00,ONLINE,7825,MASTER,40-49,47.0
2024,WMPK19111,55,BIDAYUH/LAND DAYAK - SARAWAK,MALE,BEKERJA SEPENUH MASA,VISTA JET LIMITED,"PROFESSIONAL, SCIENTIFIC, AND TECHNICAL ACTIVITIES",SARAWAK,341,MASTER EKSEKUTIF PENGURUSAN KORPORAT,6000.00,ONLINE,7499,MASTER,50-59,55.0
2024,WMPK19113,40,KENYAH-SARAWAK,MALE,BEKERJA SEPENUH MASA,MERCHANTRADE ASIA SDN BHD,"PROFESSIONAL, SCIENTIFIC, AND TECHNICAL ACTIVITIES",SARAWAK,341,MASTER EKSEKUTIF PENGURUSAN KORPORAT,5360.00,ONLINE,8764,MASTER,40-49,40.0
2024,WMPK19211,40,DUSUN-SABAH,MALE,BEKERJA SEPENUH MASA,CONTROL UNION (M) SDN BHD,"PROFESSIONAL, SCIENTIFIC, AND TECHNICAL ACTIVITIES",SABAH,437,MASTER EKSEKUTIF PENGURUSAN KORPORAT (PENGURUSAN PERLADANGAN),7437.00,ONLINE,7434,MASTER,40-49,40.0
2024,WMPK19212,43,INDIA MUSLIM,FEMALE,BEKERJA SEPENUH MASA,CQ-TEC COLLEGE,"PROFESSIONAL, SCIENTIFIC, AND TECHNICAL ACTIVITIES",KUALA LUMPUR,341,MASTER EKSEKUTIF PENGURUSAN KORPORAT,3500.00,ONLINE,8919,MASTER,40-49,43.0
2024,WMPK19248,44,IBAN/SEA DAYAK -SARAWAK,FEMALE,BEKERJA SEPENUH MASA,BIG PHARMACY SDN BHD,"PROFESSIONAL, SCIENTIFIC, AND TECHNICAL ACTIVITIES",SARAWAK,341,MASTER EKSEKUTIF PENGURUSAN KORPORAT,2900.00,ONLINE,8577,MASTER,40-49,44.0
2024,WMPK19257,54,IBAN/SEA DAYAK -SARAWAK,MALE,BEKERJA SEPENUH MASA,FGV PLANTATIONS (MALAYSIA) SDN.BHD,"PROFESSIONAL, SCIENTIFIC, AND TECHNICAL ACTIVITIES",SARAWAK,341,MASTER EKSEKUTIF PENGURUSAN KORPORAT,3780.00,ONLINE,7330,MASTER,50-59,54.0
2024,WMPK19317,54,MELAYU,MALE,BEKERJA SEPENUH MASA,DUOPHARMA CONSUMER HEALTHCARE SDN BHD,"PROFESSIONAL, SCIENTIFIC, AND TECHNICAL ACTIVITIES",SELANGOR,341,MASTER EKSEKUTIF PENGURUSAN KORPORAT,13000.00,ONLINE,7990,MASTER,50-59,54.0
2024,WMPK19320,37,MELAYU,FEMALE,BEKERJA SEPENUH MASA,LAUGHING TREE SDN BHD,"PROFESSIONAL, SCIENTIFIC, AND TECHNICAL ACTIVITIES",SELANGOR,341,MASTER EKSEKUTIF PENGURUSAN KORPORAT,4300.00,ONLINE,7203,MASTER,30-39,37.0
2024,WMPK19340,47,BIDAYUH/LAND DAYAK - SARAWAK,MALE,BEKERJA SEPENUH MASA,PJP PELITA LUNDU PLANTATION SDN.BHD.,"PROFESSIONAL, SCIENTIFIC, AND TECHNICAL ACTIVITIES",SARAWAK,437,MASTER EKSEKUTIF PENGURUSAN KORPORAT (PENGURUSAN PERLADANGAN),3400.00,ONLINE,7790,MASTER,40-49,47.0
2024,WMPK19419,40,INDIA,FEMALE,BEKERJA SEPENUH MASA,ZURICH LIFE INSURANCE MALAYSIA BERHAD ( SEREMBAN BRANCH),"PROFESSIONAL, SCIENTIFIC, AND TECHNICAL ACTIVITIES",NEGERI SEMBILAN,341,MASTER EKSEKUTIF PENGURUSAN KORPORAT,5500.00,ONLINE,8720,MASTER,40-49,40.0
2024,WMPK20119,40,BRUNEI-SABAH,FEMALE,BEKERJA SEPENUH MASA,BTC MAJU HOLDING SDN BHD,"PROFESSIONAL, SCIENTIFIC, AND TECHNICAL ACTIVITIES",SABAH,341,MASTER EKSEKUTIF PENGURUSAN KORPORAT,5000.00,ONLINE,8759,MASTER,40-49,40.0
2024,WMPK20131,39,MELAYU,MALE,BEKERJA SEPENUH MASA,MEDIA PRIMA OMNIA SDN BHD,"PROFESSIONAL, SCIENTIFIC, AND TECHNICAL ACTIVITIES",KUALA LUMPUR,341,MASTER EKSEKUTIF PENGURUSAN KORPORAT,5500.00,ONLINE,7050,MASTER,30-39,39.0
2024,WMPK20203,38,IBAN/SEA DAYAK -SARAWAK,FEMALE,BEKERJA SEPENUH MASA,HORMAT PASIFIK SDN BHD,"PROFESSIONAL, SCIENTIFIC, AND TECHNICAL ACTIVITIES",SARAWAK,341,MASTER EKSEKUTIF PENGURUSAN KORPORAT,3000.00,ONLINE,8137,MASTER,30-39,38.0
2024,WMPK20302,45,MELAYU,MALE,BEKERJA SEPENUH MASA,I-CATS UNIVERSITY COLLEGE,"PROFESSIONAL, SCIENTIFIC, AND TECHNICAL ACTIVITIES",SARAWAK,341,MASTER EKSEKUTIF PENGURUSAN KORPORAT,3000.00,ONLINE,8980,MASTER,40-49,45.0
2024,WMPK20308,52,RUNGUS-SABAH,MALE,BEKERJA/USAHAWAN/FREELANCE,PARLIMEN MALAYSIA,"PROFESSIONAL, SCIENTIFIC, AND TECHNICAL ACTIVITIES",SABAH,341,MASTER EKSEKUTIF PENGURUSAN KORPORAT,25000.00,ONLINE,8776,MASTER,50-59,52.0
2024,WMPK20423,51,IBAN/SEA DAYAK -SARAWAK,MALE,BEKERJA SEPENUH MASA,KERESA PLANTATIONS SDN. BHD..,"PROFESSIONAL, SCIENTIFIC, AND TECHNICAL ACTIVITIES",SARAWAK,437,MASTER EKSEKUTIF PENGURUSAN KORPORAT (PENGURUSAN PERLADANGAN),5700.00,ONLINE,8716,MASTER,50-59,51.0
2024,WMPK20425,42,CINA,MALE,BEKERJA SEPENUH MASA,FIRST BINARY PLANTATION SDN BHD,"PROFESSIONAL, SCIENTIFIC, AND TECHNICAL ACTIVITIES",SARAWAK,437,MASTER EKSEKUTIF PENGURUSAN KORPORAT (PENGURUSAN PERLADANGAN),8000.00,ONLINE,7830,MASTER,40-49,42.0
2024,WMPK20436,51,KAYAN-SARAWAK,MALE,BEKERJA SEPENUH MASA,PTAS AKER SOLUTIONS SDN BHD,"PROFESSIONAL, SCIENTIFIC, AND TECHNICAL ACTIVITIES",SARAWAK,341,MASTER EKSEKUTIF PENGURUSAN KORPORAT,6860.00,ONLINE,8972,MASTER,50-59,51.0
2024,WMPK20444,49,MELAYU,MALE,BEKERJA/USAHAWAN/FREELANCE,EMPAYAR FARIZANIYAH ENTERPRISE,"PROFESSIONAL, SCIENTIFIC, AND TECHNICAL ACTIVITIES",KEDAH,341,MASTER EKSEKUTIF PENGURUSAN KORPORAT,1000.00,ONLINE,7894,MASTER,40-49,49.0
2024,WMPK21103,45,KADAZAN-SABAH,MALE,BELUM/TIDAK BEKERJA,DANUM SINAR SDN BDH,"PROFESSIONAL, SCIENTIFIC, AND TECHNICAL ACTIVITIES",SABAH,437,MASTER EKSEKUTIF PENGURUSAN KORPORAT (PENGURUSAN PERLADANGAN),5800.00,ONLINE,8421,MASTER,40-49,45.0
2024,WMPK21112,49,KADAZAN-SABAH,FEMALE,BEKERJA SEPENUH MASA,TRANSWATER SDN BHD,"PROFESSIONAL, SCIENTIFIC, AND TECHNICAL ACTIVITIES",SELANGOR,341,MASTER EKSEKUTIF PENGURUSAN KORPORAT,3320.00,ONLINE,7960,MASTER,40-49,49.0
2024,WMPK21115,39,INDIA,MALE,BEKERJA SEPENUH MASA,MILLENNIUM HOTEL AND REORTS SINGAPORE,"PROFESSIONAL, SCIENTIFIC, AND TECHNICAL ACTIVITIES",KEDAH,341,MASTER EKSEKUTIF PENGURUSAN KORPORAT,4000.00,ONLINE,8146,MASTER,30-39,39.0
2024,WMPK21116,49,INDIA,MALE,BEKERJA SEPENUH MASA,MEIWAPAX (M) SDN BHD,"PROFESSIONAL, SCIENTIFIC, AND TECHNICAL ACTIVITIES",NEGERI SEMBILAN,341,MASTER EKSEKUTIF PENGURUSAN KORPORAT,5500.00,ONLINE,7646,MASTER,40-49,49.0
2024,WMPK21118,39,MELAYU,MALE,BEKERJA SEPENUH MASA,AYER HOLDINGS BERHAD,"PROFESSIONAL, SCIENTIFIC, AND TECHNICAL ACTIVITIES",PAHANG,437,MASTER EKSEKUTIF PENGURUSAN KORPORAT (PENGURUSAN PERLADANGAN),6300.00,ONLINE,7205,MASTER,30-39,39.0
2024,WMPK21131,46,MELAYU,MALE,BEKERJA SEPENUH MASA,INTERSEAS SDN BERHAD,"PROFESSIONAL, SCIENTIFIC, AND TECHNICAL ACTIVITIES",PERAK,341,MASTER EKSEKUTIF PENGURUSAN KORPORAT,35000.00,ONLINE,7113,MASTER,40-49,46.0
2024,WMPK21142,48,KELABIT-SARAWAK,FEMALE,BEKERJA SEPENUH MASA,K FRONTIER S/B,"PROFESSIONAL, SCIENTIFIC, AND TECHNICAL ACTIVITIES",SARAWAK,341,MASTER EKSEKUTIF PENGURUSAN KORPORAT,2500.00,ONLINE,7482,MASTER,40-49,48.0
2024,WMPK21147,39,INDIA,FEMALE,BEKERJA SEPENUH MASA,ELITE ADVANCED SOLUTION,"PROFESSIONAL, SCIENTIFIC, AND TECHNICAL ACTIVITIES",JOHOR,341,MASTER EKSEKUTIF PENGURUSAN KORPORAT,4000.00,ONLINE,8356,MASTER,30-39,39.0
2024,WMPK21150,48,SINO-NATIVE-SABAH,FEMALE,BEKERJA SEPENUH MASA,PERUSAHAAN PUSAKA TIMUR SDN BHD,"PROFESSIONAL, SCIENTIFIC, AND TECHNICAL ACTIVITIES",SABAH,341,MASTER EKSEKUTIF PENGURUSAN KORPORAT,5650.00,ONLINE,7544,MASTER,40-49,48.0
2024,WMPK21213,44,INDIA,FEMALE,BELUM/TIDAK BEKERJA,NIL,"PROFESSIONAL, SCIENTIFIC, AND TECHNICAL ACTIVITIES",NEGERI SEMBILAN,341,MASTER EKSEKUTIF PENGURUSAN KORPORAT,0.00,ONLINE,7307,MASTER,40-49,44.0
2024,WMPK21219,45,CINA,MALE,BEKERJA SEPENUH MASA,SRI PELANCONGAN SABAH,"PROFESSIONAL, SCIENTIFIC, AND TECHNICAL ACTIVITIES",SABAH,341,MASTER EKSEKUTIF PENGURUSAN KORPORAT,12000.00,ONLINE,7367,MASTER,40-49,45.0
2024,WMPK21302,45,DUSUN-SABAH,MALE,BEKERJA SEPENUH MASA,GOVERNMENT SABAH,"PROFESSIONAL, SCIENTIFIC, AND TECHNICAL ACTIVITIES",SABAH,341,MASTER EKSEKUTIF PENGURUSAN KORPORAT,1208.00,ONLINE,7490,MASTER,40-49,45.0
2024,WMPK21303,34,INDIA,MALE,BEKERJA SEPENUH MASA,ROGUE ASIA SDN BHD,"PROFESSIONAL, SCIENTIFIC, AND TECHNICAL ACTIVITIES",PULAU PINANG,341,MASTER EKSEKUTIF PENGURUSAN KORPORAT,11300.00,ONLINE,7289,MASTER,30-39,34.0
2024,WMPK21313,35,INDIA,MALE,BEKERJA/USAHAWAN/FREELANCE,SHASI TRANSPORT & ELECTRIC SERVICES,"PROFESSIONAL, SCIENTIFIC, AND TECHNICAL ACTIVITIES",PERAK,341,MASTER EKSEKUTIF PENGURUSAN KORPORAT,32000.00,ONLINE,7633,MASTER,30-39,35.0
2024,WMPK21322,46,MELAYU,FEMALE,BEKERJA SEPENUH MASA,"HOTEL GRAND PARAGON, JOHOR BAHRU","PROFESSIONAL, SCIENTIFIC, AND TECHNICAL ACTIVITIES",JOHOR,341,MASTER EKSEKUTIF PENGURUSAN KORPORAT,4500.00,ONLINE,7582,MASTER,40-49,46.0
2024,WMPK21325,50,KEDAYAN-SABAH,MALE,BEKERJA/USAHAWAN/FREELANCE (SEPARA MASA),HUNAI JAYA RESOURCES SDN BHD,"PROFESSIONAL, SCIENTIFIC, AND TECHNICAL ACTIVITIES",SABAH,341,MASTER EKSEKUTIF PENGURUSAN KORPORAT,10000.00,ONLINE,7780,MASTER,50-59,50.0
2024,WMPK21329,35,TAMIL,MALE,BEKERJA SEPENUH MASA,SEATRIUM,"PROFESSIONAL, SCIENTIFIC, AND TECHNICAL ACTIVITIES",JOHOR,341,MASTER EKSEKUTIF PENGURUSAN KORPORAT,9000.00,ONLINE,7992,MASTER,30-39,35.0
2024,WMPK21332,51,MELAYU,FEMALE,BEKERJA SEPENUH MASA,MALAYSIA AIRLINE GROUP,"PROFESSIONAL, SCIENTIFIC, AND TECHNICAL ACTIVITIES",SELANGOR,341,MASTER EKSEKUTIF PENGURUSAN KORPORAT,6700.00,ONLINE,7000,MASTER,50-59,51.0
2024,WMPK21335,33,INDIA,FEMALE,BEKERJA SEPENUH MASA,ADASTRA IP SDN BHD,"PROFESSIONAL, SCIENTIFIC, AND TECHNICAL ACTIVITIES",SELANGOR,341,MASTER EKSEKUTIF PENGURUSAN KORPORAT,4000.00,ONLINE,8424,MASTER,30-39,33.0
2024,WMPK21411,56,IBAN/SEA DAYAK -SARAWAK,MALE,BEKERJA SEPENUH MASA,BINTULU PORT SDN BHD,"PROFESSIONAL, SCIENTIFIC, AND TECHNICAL ACTIVITIES",SARAWAK,341,MASTER EKSEKUTIF PENGURUSAN KORPORAT,5836.00,ONLINE,7667,MASTER,50-59,56.0
2024,WMPK21412,52,IBAN/SEA DAYAK -SARAWAK,MALE,BEKERJA SEPENUH MASA,BINTULU PORT SDN.BHD,"PROFESSIONAL, SCIENTIFIC, AND TECHNICAL ACTIVITIES",SARAWAK,341,MASTER EKSEKUTIF PENGURUSAN KORPORAT,6000.00,ONLINE,7091,MASTER,50-59,52.0
2024,WMPK21413,32,INDIA,FEMALE,BEKERJA SEPENUH MASA,V'SHIELD SECURITY SERVICE SDN BHD,"PROFESSIONAL, SCIENTIFIC, AND TECHNICAL ACTIVITIES",NEGERI SEMBILAN,341,MASTER EKSEKUTIF PENGURUSAN KORPORAT,4000.00,ONLINE,8106,MASTER,30-39,32.0
2024,WMPK21416,38,CANTONESE,MALE,BEKERJA SEPENUH MASA,YEE LEE TRADING COM S/B,"PROFESSIONAL, SCIENTIFIC, AND TECHNICAL ACTIVITIES",SARAWAK,341,MASTER EKSEKUTIF PENGURUSAN KORPORAT,5500.00,ONLINE,8581,MASTER,30-39,38.0
2024,WMPK21420,62,INDIA,MALE,BEKERJA SEPENUH MASA,SABRINATECH AGR SDN BHD,"PROFESSIONAL, SCIENTIFIC, AND TECHNICAL ACTIVITIES",JOHOR,341,MASTER EKSEKUTIF PENGURUSAN KORPORAT,5000.00,ONLINE,7495,MASTER,60+,62.0
2024,WMPK21423,46,DUSUN-SABAH,FEMALE,BEKERJA SEPENUH MASA,JESSELTON DUTY FREE SDN BHD,"PROFESSIONAL, SCIENTIFIC, AND TECHNICAL ACTIVITIES",SABAH,341,MASTER EKSEKUTIF PENGURUSAN KORPORAT,8000.00,ONLINE,8994,MASTER,40-49,46.0
2024,WMPK21425,50,MELAYU,FEMALE,BEKERJA SEPENUH MASA,GERBANG ALAF RESTAURANTS SDN BHD,"PROFESSIONAL, SCIENTIFIC, AND TECHNICAL ACTIVITIES",SELANGOR,341,MASTER EKSEKUTIF PENGURUSAN KORPORAT,8585.00,ONLINE,8173,MASTER,50-59,50.0
2024,WMPK21434,45,INDIA,MALE,BEKERJA SEPENUH MASA,IKANO HANDEL SDN BHD,"PROFESSIONAL, SCIENTIFIC, AND TECHNICAL ACTIVITIES",SELANGOR,341,MASTER EKSEKUTIF PENGURUSAN KORPORAT,26000.00,ONLINE,8211,MASTER,40-49,45.0
2024,WMPK21435,40,MELAYU,FEMALE,BEKERJA SEPENUH MASA,HACH MALAYSIA SDN BHD,"PROFESSIONAL, SCIENTIFIC, AND TECHNICAL ACTIVITIES",SELANGOR,341,MASTER EKSEKUTIF PENGURUSAN KORPORAT,8575.00,ONLINE,7750,MASTER,40-49,40.0
2024,WMPK22102,40,BIDAYUH/LAND DAYAK - SARAWAK,FEMALE,BEKERJA SEPENUH MASA,SOON SENG CONSTRUCTION,"PROFESSIONAL, SCIENTIFIC, AND TECHNICAL ACTIVITIES",SELANGOR,341,MASTER EKSEKUTIF PENGURUSAN KORPORAT,4500.00,ONLINE,7026,MASTER,40-49,40.0
2024,WMPK22103,40,MELAYU,FEMALE,BEKERJA SEPENUH MASA,FANUC MECHATRONICS (M) SDN BHD,"PROFESSIONAL, SCIENTIFIC, AND TECHNICAL ACTIVITIES",SELANGOR,341,MASTER EKSEKUTIF PENGURUSAN KORPORAT,5000.00,ONLINE,7731,MASTER,40-49,40.0
2024,WMPK22134,43,SINO-NATIVE-SABAH,MALE,BEKERJA SEPENUH MASA,LOTT INSPECTION SDN.BHD,"PROFESSIONAL, SCIENTIFIC, AND TECHNICAL ACTIVITIES",SABAH,341,MASTER EKSEKUTIF PENGURUSAN KORPORAT,8650.00,ONLINE,8622,MASTER,40-49,43.0
2024,WMPK22141,44,RUNGUS-SABAH,MALE,BEKERJA SEPENUH MASA,SAWIT KINABALU,"PROFESSIONAL, SCIENTIFIC, AND TECHNICAL ACTIVITIES",SABAH,437,MASTER EKSEKUTIF PENGURUSAN KORPORAT (PENGURUSAN PERLADANGAN),4000.00,ONLINE,8264,MASTER,40-49,44.0
2024,WMPK22143,40,INDIA,MALE,BEKERJA SEPENUH MASA,CELCOMDIGI BERHAD,"PROFESSIONAL, SCIENTIFIC, AND TECHNICAL ACTIVITIES",SELANGOR,341,MASTER EKSEKUTIF PENGURUSAN KORPORAT,3787.00,ONLINE,7797,MASTER,40-49,40.0
2024,WMPK22145,36,INDIA,FEMALE,BEKERJA/USAHAWAN/FREELANCE (SEPARA MASA),ZURICH LIFE INSURANCE MALAYSIA BERHAD,"PROFESSIONAL, SCIENTIFIC, AND TECHNICAL ACTIVITIES",JOHOR,341,MASTER EKSEKUTIF PENGURUSAN KORPORAT,1800.00,ONLINE,7516,MASTER,30-39,36.0
2024,WMPK22148,48,MELAYU,FEMALE,BEKERJA SEPENUH MASA,FGV HOLDINGS BERHAD,"PROFESSIONAL, SCIENTIFIC, AND TECHNICAL ACTIVITIES",NEGERI SEMBILAN,341,MASTER EKSEKUTIF PENGURUSAN KORPORAT,12830.00,ONLINE,7603,MASTER,40-49,48.0
2024,WMPK22153,32,MELAYU,MALE,BEKERJA SEPENUH MASA,SAWIT KINABALU SDN BHD,"PROFESSIONAL, SCIENTIFIC, AND TECHNICAL ACTIVITIES",SABAH,437,MASTER EKSEKUTIF PENGURUSAN KORPORAT (PENGURUSAN PERLADANGAN),5000.00,ONLINE,7389,MASTER,30-39,32.0
2024,WMPK22156,56,INDIA,MALE,BEKERJA SEPENUH MASA,PENDIDIKAN SARJANA PELANGI,"PROFESSIONAL, SCIENTIFIC, AND TECHNICAL ACTIVITIES",SELANGOR,341,MASTER EKSEKUTIF PENGURUSAN KORPORAT,3500.00,ONLINE,8679,MASTER,50-59,56.0
2024,WMPK22162,44,IBAN/SEA DAYAK -SARAWAK,MALE,BEKERJA SEPENUH MASA,SARAWAK OIL PALM,"PROFESSIONAL, SCIENTIFIC, AND TECHNICAL ACTIVITIES",SARAWAK,437,MASTER EKSEKUTIF PENGURUSAN KORPORAT (PENGURUSAN PERLADANGAN),5990.00,ONLINE,8596,MASTER,40-49,44.0
2024,WMPK22210,45,INDIA,FEMALE,BEKERJA SEPENUH MASA,XOX MOBILE SDN BHD,"PROFESSIONAL, SCIENTIFIC, AND TECHNICAL ACTIVITIES",SELANGOR,341,MASTER EKSEKUTIF PENGURUSAN KORPORAT,10850.00,ONLINE,7487,MASTER,40-49,45.0
2024,WMPK22211,42,INDIA,MALE,BEKERJA SEPENUH MASA,XPRSGO LOGISTICS M SDN BHD,"PROFESSIONAL, SCIENTIFIC, AND TECHNICAL ACTIVITIES",KEDAH,341,MASTER EKSEKUTIF PENGURUSAN KORPORAT,7000.00,ONLINE,7753,MASTER,40-49,42.0
2024,WMPK22212,38,INDIA,MALE,BEKERJA SEPENUH MASA,DH SSC M SDN BHD,"PROFESSIONAL, SCIENTIFIC, AND TECHNICAL ACTIVITIES",SELANGOR,341,MASTER EKSEKUTIF PENGURUSAN KORPORAT,8000.00,ONLINE,7440,MASTER,30-39,38.0
2024,WMPK22214,49,TAMIL,MALE,BEKERJA/USAHAWAN/FREELANCE,GLOBAL GREEN MARKETING (M) SDN BHD,"PROFESSIONAL, SCIENTIFIC, AND TECHNICAL ACTIVITIES",PERAK,341,MASTER EKSEKUTIF PENGURUSAN KORPORAT,10000.00,ONLINE,7431,MASTER,40-49,49.0
2024,WMPK22219,43,MELAYU,MALE,BEKERJA SEPENUH MASA,ANGKATAN KOPERASI KEBANGSAAN MALAYSIA BERHAD,"PROFESSIONAL, SCIENTIFIC, AND TECHNICAL ACTIVITIES",SELANGOR,341,MASTER EKSEKUTIF PENGURUSAN KORPORAT,5000.00,ONLINE,7724,MASTER,40-49,43.0
2024,WMPK22221,50,MELAYU,MALE,BEKERJA SEPENUH MASA,LKPP CORPORATION SENDIRIAN BERHAD,"PROFESSIONAL, SCIENTIFIC, AND TECHNICAL ACTIVITIES",PAHANG,437,MASTER EKSEKUTIF PENGURUSAN KORPORAT (PENGURUSAN PERLADANGAN),8700.00,ONLINE,7988,MASTER,50-59,50.0
2024,WMPK22222,52,BAJAU - SABAH,MALE,BEKERJA SEPENUH MASA,GAMALUX OILS SDN BHD,"PROFESSIONAL, SCIENTIFIC, AND TECHNICAL ACTIVITIES",SABAH,341,MASTER EKSEKUTIF PENGURUSAN KORPORAT,7850.00,ONLINE,7301,MASTER,50-59,52.0
2024,WMPK22226,42,MELAYU,MALE,BEKERJA/USAHAWAN/FREELANCE,INTERSEAS PTD LTD,"PROFESSIONAL, SCIENTIFIC, AND TECHNICAL ACTIVITIES",PAHANG,341,MASTER EKSEKUTIF PENGURUSAN KORPORAT,30000.00,ONLINE,8856,MASTER,40-49,42.0
2024,WMPK22227,48,MURUT-SABAH,MALE,BEKERJA SEPENUH MASA,SPURWIN HOUSING SDN BHD,"PROFESSIONAL, SCIENTIFIC, AND TECHNICAL ACTIVITIES",SABAH,341,MASTER EKSEKUTIF PENGURUSAN KORPORAT,4500.00,ONLINE,8091,MASTER,40-49,48.0
2024,WMPK22228,48,INDIA,MALE,BEKERJA SEPENUH MASA,BABA PRODUCTS (M) SDN.BHD,"PROFESSIONAL, SCIENTIFIC, AND TECHNICAL ACTIVITIES",SELANGOR,341,MASTER EKSEKUTIF PENGURUSAN KORPORAT,8000.00,ONLINE,8620,MASTER,40-49,48.0
2024,WMPK22302,48,INDIA,MALE,BEKERJA SEPENUH MASA,MALAYAN BANKING BERHAD,"PROFESSIONAL, SCIENTIFIC, AND TECHNICAL ACTIVITIES",PULAU PINANG,341,MASTER EKSEKUTIF PENGURUSAN KORPORAT,2000.00,ONLINE,7906,MASTER,40-49,48.0
2024,WMPK22303,44,MELAYU,FEMALE,BELUM/TIDAK BEKERJA,GERAK UTUSAN CORPORATION SDN BHD,"PROFESSIONAL, SCIENTIFIC, AND TECHNICAL ACTIVITIES",SELANGOR,341,MASTER EKSEKUTIF PENGURUSAN KORPORAT,7500.00,ONLINE,8130,MASTER,40-49,44.0
2024,WMPK22304,39,MELAYU,FEMALE,BEKERJA SEPENUH MASA,OPTIMO INTERNATIONAL SDN BHD,"PROFESSIONAL, SCIENTIFIC, AND TECHNICAL ACTIVITIES",KUALA LUMPUR,341,MASTER EKSEKUTIF PENGURUSAN KORPORAT,15000.00,ONLINE,7039,MASTER,30-39,39.0
2024,WMPK22306,46,IBAN/SEA DAYAK -SARAWAK,MALE,BEKERJA SEPENUH MASA,GRAND MUTUAL SDN BHD,"PROFESSIONAL, SCIENTIFIC, AND TECHNICAL ACTIVITIES",SARAWAK,437,MASTER EKSEKUTIF PENGURUSAN KORPORAT (PENGURUSAN PERLADANGAN),5417.00,ONLINE,7157,MASTER,40-49,46.0
2024,WMPK22308,46,MELAYU,FEMALE,BEKERJA SEPENUH MASA,IO SETIA VENTURES SDN BHD,"PROFESSIONAL, SCIENTIFIC, AND TECHNICAL ACTIVITIES",NEGERI SEMBILAN,341,MASTER EKSEKUTIF PENGURUSAN KORPORAT,7000.00,ONLINE,7510,MASTER,40-49,46.0
2024,WMPK22312,41,CINA,FEMALE,BEKERJA SEPENUH MASA,LACTALIS TRADING MALAYSIA SDN BHD,"PROFESSIONAL, SCIENTIFIC, AND TECHNICAL ACTIVITIES",SABAH,341,MASTER EKSEKUTIF PENGURUSAN KORPORAT,4500.00,ONLINE,7546,MASTER,40-49,41.0
2024,WMPK22313,41,MELAYU,MALE,BEKERJA SEPENUH MASA,AMANAHRAYA TRUSTEES BERHAD,"PROFESSIONAL, SCIENTIFIC, AND TECHNICAL ACTIVITIES",KUALA LUMPUR,341,MASTER EKSEKUTIF PENGURUSAN KORPORAT,8800.00,ONLINE,7625,MASTER,40-49,41.0
2024,WMPK22316,38,FOOCHOW,MALE,BEKERJA SEPENUH MASA,PALMRAYA PELITA MERUAN PLANTATION SDN BHD,"PROFESSIONAL, SCIENTIFIC, AND TECHNICAL ACTIVITIES",SARAWAK,437,MASTER EKSEKUTIF PENGURUSAN KORPORAT (PENGURUSAN PERLADANGAN),3500.00,ONLINE,8499,MASTER,30-39,38.0
2024,WMPK22405,44,INDIA,MALE,BEKERJA SEPENUH MASA,CAE KUALA LUMPUR,"PROFESSIONAL, SCIENTIFIC, AND TECHNICAL ACTIVITIES",NEGERI SEMBILAN,341,MASTER EKSEKUTIF PENGURUSAN KORPORAT,7990.00,ONLINE,8350,MASTER,40-49,44.0
2024,WMPK22406,40,CINA,MALE,BEKERJA SEPENUH MASA,AIRASIA BERHAD,"PROFESSIONAL, SCIENTIFIC, AND TECHNICAL ACTIVITIES",SELANGOR,341,MASTER EKSEKUTIF PENGURUSAN KORPORAT,12000.00,ONLINE,7449,MASTER,40-49,40.0
2024,WMPK22408,48,INDIA,MALE,BEKERJA SEPENUH MASA,PT SAWIT LAMANDAU RAYA KALIMANTAN TENGAH INDONESIA,"PROFESSIONAL, SCIENTIFIC, AND TECHNICAL ACTIVITIES",JOHOR,437,MASTER EKSEKUTIF PENGURUSAN KORPORAT (PENGURUSAN PERLADANGAN),18000.00,ONLINE,7385,MASTER,40-49,48.0
2024,WMPK22410,38,INDIA,FEMALE,BEKERJA SEPENUH MASA,PGV ENTERPRISE,"PROFESSIONAL, SCIENTIFIC, AND TECHNICAL ACTIVITIES",PERAK,341,MASTER EKSEKUTIF PENGURUSAN KORPORAT,1500.00,ONLINE,8962,MASTER,30-39,38.0
2024,WMPK22412,49,CINA,MALE,BEKERJA/USAHAWAN/FREELANCE,WIRA BINTANG FARMING & FEEDS,"PROFESSIONAL, SCIENTIFIC, AND TECHNICAL ACTIVITIES",SABAH,437,MASTER EKSEKUTIF PENGURUSAN KORPORAT (PENGURUSAN PERLADANGAN),5000.00,ONLINE,8795,MASTER,40-49,49.0
2024,WMPK22416,50,MELAYU,MALE,BEKERJA SEPENUH MASA,KOBELCO PRECISION TECHNOLOGY SDN BHD,"PROFESSIONAL, SCIENTIFIC, AND TECHNICAL ACTIVITIES",KEDAH,341,MASTER EKSEKUTIF PENGURUSAN KORPORAT,7288.00,ONLINE,7838,MASTER,50-59,50.0
2024,WMPK22417,49,CINA,FEMALE,BEKERJA SEPENUH MASA,MALAYAN BANKING BERHAD,"PROFESSIONAL, SCIENTIFIC, AND TECHNICAL ACTIVITIES",SARAWAK,341,MASTER EKSEKUTIF PENGURUSAN KORPORAT,8000.00,ONLINE,7022,MASTER,40-49,49.0
2024,WMPK22419,58,KADAZAN-SABAH,FEMALE,BEKERJA SEPENUH MASA,SRI PELANCONGAN SABAH SDN BHD,"PROFESSIONAL, SCIENTIFIC, AND TECHNICAL ACTIVITIES",SABAH,437,MASTER EKSEKUTIF PENGURUSAN KORPORAT (PENGURUSAN PERLADANGAN),4000.00,ONLINE,8290,MASTER,50-59,58.0
2024,WMPK22420,53,MELAYU,MALE,BEKERJA SEPENUH MASA,INOKOM CORPORATION SDN BHD,"PROFESSIONAL, SCIENTIFIC, AND TECHNICAL ACTIVITIES",NEGERI SEMBILAN,341,MASTER EKSEKUTIF PENGURUSAN KORPORAT,15000.00,ONLINE,8965,MASTER,50-59,53.0
2024,WMPK22424,43,MELAYU,MALE,BEKERJA/USAHAWAN/FREELANCE,A&A ENTREPRISE,"PROFESSIONAL, SCIENTIFIC, AND TECHNICAL ACTIVITIES",SABAH,437,MASTER EKSEKUTIF PENGURUSAN KORPORAT (PENGURUSAN PERLADANGAN),50000.00,ONLINE,7392,MASTER,40-49,43.0
2024,WMPK23104,50,INDIA,FEMALE,BEKERJA SEPENUH MASA,NOVE METAL RECYCLING SDN. BHD,"PROFESSIONAL, SCIENTIFIC, AND TECHNICAL ACTIVITIES",KUALA LUMPUR,341,MASTER EKSEKUTIF PENGURUSAN KORPORAT,5500.00,ONLINE,7407,MASTER,50-59,50.0
2024,WMPK23105,34,INDIA,MALE,BEKERJA SEPENUH MASA,COGNIZANT TECHNOLOGY SERVICES SOLUTIONS SDN BHD,"PROFESSIONAL, SCIENTIFIC, AND TECHNICAL ACTIVITIES",KUALA LUMPUR,341,MASTER EKSEKUTIF PENGURUSAN KORPORAT,16500.00,ONLINE,7679,MASTER,30-39,34.0
2024,WMPK23107,49,INDIA,FEMALE,BEKERJA SEPENUH MASA,WAN CHENG PLASTIC INDUSTRIES SDN BHD,"PROFESSIONAL, SCIENTIFIC, AND TECHNICAL ACTIVITIES",PULAU PINANG,341,MASTER EKSEKUTIF PENGURUSAN KORPORAT,7500.00,ONLINE,8852,MASTER,40-49,49.0
2024,WMPK23108,53,TAMIL,MALE,BEKERJA SEPENUH MASA,SIME DARBY SDN BHD,"PROFESSIONAL, SCIENTIFIC, AND TECHNICAL ACTIVITIES",NEGERI SEMBILAN,437,MASTER EKSEKUTIF PENGURUSAN KORPORAT (PENGURUSAN PERLADANGAN),5000.00,ONLINE,7481,MASTER,50-59,53.0
2024,WMPK23109,52,MELAYU,MALE,BEKERJA/USAHAWAN/FREELANCE (SEPARA MASA),FAHMI & RAI ENTERPRISE,"PROFESSIONAL, SCIENTIFIC, AND TECHNICAL ACTIVITIES",JOHOR,341,MASTER EKSEKUTIF PENGURUSAN KORPORAT,1500.00,ONLINE,8299,MASTER,50-59,52.0
2024,WMPK23111,42,INDIA,MALE,BEKERJA SEPENUH MASA,RIVERVIEW RUBBER ESTATES BEHAD,"PROFESSIONAL, SCIENTIFIC, AND TECHNICAL ACTIVITIES",PERAK,437,MASTER EKSEKUTIF PENGURUSAN KORPORAT (PENGURUSAN PERLADANGAN),10500.00,ONLINE,8685,MASTER,40-49,42.0
2024,WMPK23112,51,MELAYU,MALE,BEKERJA SEPENUH MASA,AIN AQUACULTURE SDN BHD,"PROFESSIONAL, SCIENTIFIC, AND TECHNICAL ACTIVITIES",KEDAH,437,MASTER EKSEKUTIF PENGURUSAN KORPORAT (PENGURUSAN PERLADANGAN),14000.00,ONLINE,7310,MASTER,50-59,51.0
2024,WMPK23115,51,MELAYU,MALE,BEKERJA SEPENUH MASA,MBSBBANK BERHAD,"PROFESSIONAL, SCIENTIFIC, AND TECHNICAL ACTIVITIES",SABAH,341,MASTER EKSEKUTIF PENGURUSAN KORPORAT,9100.00,ONLINE,7324,MASTER,50-59,51.0
2024,WMPK23117,38,INDIA,FEMALE,BEKERJA SEPENUH MASA,REC PTE LTD,"PROFESSIONAL, SCIENTIFIC, AND TECHNICAL ACTIVITIES",JOHOR,341,MASTER EKSEKUTIF PENGURUSAN KORPORAT,5000.00,ONLINE,8541,MASTER,30-39,38.0
2024,WMPK23118,47,CINA,FEMALE,BEKERJA SEPENUH MASA,EXYTE MALAYSIA SDN. BHD.,"PROFESSIONAL, SCIENTIFIC, AND TECHNICAL ACTIVITIES",SELANGOR,341,MASTER EKSEKUTIF PENGURUSAN KORPORAT,11050.00,ONLINE,7040,MASTER,40-49,47.0
2024,WMPK23119,51,BUGIS,MALE,BEKERJA SEPENUH MASA,MBSB BANK BERHAD,"PROFESSIONAL, SCIENTIFIC, AND TECHNICAL ACTIVITIES",SABAH,341,MASTER EKSEKUTIF PENGURUSAN KORPORAT,18000.00,ONLINE,8430,MASTER,50-59,51.0
2024,WMPK23121,50,PAITAN-SABAH,MALE,BEKERJA SEPENUH MASA,SATRIA ERAMAJU SDN BHD,"PROFESSIONAL, SCIENTIFIC, AND TECHNICAL ACTIVITIES",SABAH,437,MASTER EKSEKUTIF PENGURUSAN KORPORAT (PENGURUSAN PERLADANGAN),11000.00,ONLINE,7113,MASTER,50-59,50.0
2024,WMPK23124,49,PUNJABI,MALE,BEKERJA SEPENUH MASA,CARSEM SEMICONDUCTOR SDN BHD,"PROFESSIONAL, SCIENTIFIC, AND TECHNICAL ACTIVITIES",PERAK,341,MASTER EKSEKUTIF PENGURUSAN KORPORAT,3080.00,ONLINE,7265,MASTER,40-49,49.0
2024,WMPK23127,45,INDIA,MALE,BEKERJA SEPENUH MASA,ONESUBSEA MALAYSIA SYSTEM SDN BHD,"PROFESSIONAL, SCIENTIFIC, AND TECHNICAL ACTIVITIES",JOHOR,341,MASTER EKSEKUTIF PENGURUSAN KORPORAT,5628.00,ONLINE,7065,MASTER,40-49,45.0
2024,WMPK23137,52,KHEK (HAKKA),MALE,BELUM/TIDAK BEKERJA,KMT GROUP,"PROFESSIONAL, SCIENTIFIC, AND TECHNICAL ACTIVITIES",JOHOR,437,MASTER EKSEKUTIF PENGURUSAN KORPORAT (PENGURUSAN PERLADANGAN),13000.00,ONLINE,8115,MASTER,50-59,52.0
2024,WMPK23138,51,INDIA,MALE,BEKERJA SEPENUH MASA,MICRODIUM DISTRIBUTOR SDN BHD,"PROFESSIONAL, SCIENTIFIC, AND TECHNICAL ACTIVITIES",SELANGOR,341,MASTER EKSEKUTIF PENGURUSAN KORPORAT,8000.00,ONLINE,7955,MASTER,50-59,51.0
2024,WMPK23140,60,INDIA,FEMALE,BEKERJA SEPARA MASA,SHINE BRAHMAN SDN BHD,"PROFESSIONAL, SCIENTIFIC, AND TECHNICAL ACTIVITIES",PAHANG,437,MASTER EKSEKUTIF PENGURUSAN KORPORAT (PENGURUSAN PERLADANGAN),1500.00,ONLINE,8745,MASTER,60+,60.0
2024,WMPK23143,46,CINA,MALE,BEKERJA SEPENUH MASA,SAWIT KINABALU SDN BHD,"PROFESSIONAL, SCIENTIFIC, AND TECHNICAL ACTIVITIES",SABAH,341,MASTER EKSEKUTIF PENGURUSAN KORPORAT,10000.00,ONLINE,7416,MASTER,40-49,46.0
2024,WMPK23144,57,MELAYU,MALE,BEKERJA/USAHAWAN/FREELANCE,BRO MAX SERVICES,"PROFESSIONAL, SCIENTIFIC, AND TECHNICAL ACTIVITIES",SELANGOR,437,MASTER EKSEKUTIF PENGURUSAN KORPORAT (PENGURUSAN PERLADANGAN),2500.00,ONLINE,7293,MASTER,50-59,57.0
2024,WMPK23146,45,MELAYU,MALE,BEKERJA SEPENUH MASA,EEW (M) SDN BHD,"PROFESSIONAL, SCIENTIFIC, AND TECHNICAL ACTIVITIES",SELANGOR,341,MASTER EKSEKUTIF PENGURUSAN KORPORAT,16000.00,ONLINE,8662,MASTER,40-49,45.0
2024,WMPK23148,41,CINA,FEMALE,BEKERJA SEPENUH MASA,AIR LIQUIDE SINGAPORE PRIVATE LIMITED,"PROFESSIONAL, SCIENTIFIC, AND TECHNICAL ACTIVITIES",JOHOR,341,MASTER EKSEKUTIF PENGURUSAN KORPORAT,30000.00,ONLINE,7547,MASTER,40-49,41.0
2024,WMPK23151,43,TELEGU,MALE,BEKERJA SEPENUH MASA,ECO-AVECPALMS SDN BHD,"PROFESSIONAL, SCIENTIFIC, AND TECHNICAL ACTIVITIES",SELANGOR,437,MASTER EKSEKUTIF PENGURUSAN KORPORAT (PENGURUSAN PERLADANGAN),20000.00,ONLINE,7550,MASTER,40-49,43.0
2024,WMPK23152,46,INDIA,FEMALE,BEKERJA SEPENUH MASA,MINISTRY OF HEALTH SAUDI ARABIA,"PROFESSIONAL, SCIENTIFIC, AND TECHNICAL ACTIVITIES",NEGERI SEMBILAN,341,MASTER EKSEKUTIF PENGURUSAN KORPORAT,9500.00,ONLINE,7530,MASTER,40-49,46.0
2024,WMPK23155,41,TAMIL,MALE,BEKERJA SEPENUH MASA,GOLDEN SPRING DEVELOPMENT SDN.BHD,"PROFESSIONAL, SCIENTIFIC, AND TECHNICAL ACTIVITIES",PERAK,437,MASTER EKSEKUTIF PENGURUSAN KORPORAT (PENGURUSAN PERLADANGAN),6500.00,ONLINE,8082,MASTER,40-49,41.0
2024,WMPK23204,55,MELAYU,MALE,BEKERJA SEPENUH MASA,AKADEMI BINAAN MALAYSIA SDN BHD WILAYAH SELATAN,"PROFESSIONAL, SCIENTIFIC, AND TECHNICAL ACTIVITIES",JOHOR,341,MASTER EKSEKUTIF PENGURUSAN KORPORAT,6723.00,ONLINE,7778,MASTER,50-59,55.0
2024,WMPK23205,52,CINA,FEMALE,BEKERJA SEPENUH MASA,ALLIANCE BANK BERHAD,"PROFESSIONAL, SCIENTIFIC, AND TECHNICAL ACTIVITIES",JOHOR,341,MASTER EKSEKUTIF PENGURUSAN KORPORAT,21800.00,ONLINE,7248,MASTER,50-59,52.0
2024,WMPK23210,36,CINA,MALE,BEKERJA SEPENUH MASA,ALLIANCE BANK,"PROFESSIONAL, SCIENTIFIC, AND TECHNICAL ACTIVITIES",JOHOR,341,MASTER EKSEKUTIF PENGURUSAN KORPORAT,13000.00,ONLINE,7455,MASTER,30-39,36.0
2024,WMPK23213,44,INDIA,FEMALE,BEKERJA SEPENUH MASA,MHC ASIA GROUP PTE LTD,"PROFESSIONAL, SCIENTIFIC, AND TECHNICAL ACTIVITIES",JOHOR,341,MASTER EKSEKUTIF PENGURUSAN KORPORAT,2263.00,ONLINE,8335,MASTER,40-49,44.0
2024,WMPK23216,51,INDIA,FEMALE,BEKERJA SEPENUH MASA,AIA HEALTH SERVICES SDN BHD,"PROFESSIONAL, SCIENTIFIC, AND TECHNICAL ACTIVITIES",KUALA LUMPUR,341,MASTER EKSEKUTIF PENGURUSAN KORPORAT,11760.00,ONLINE,8945,MASTER,50-59,51.0
2024,WMPK23220,47,NOT SPECIFIED,NOT SPECIFIED,BEKERJA SEPENUH MASA,GREEN SUMMIT DEVELOPMENT SDN BHD,"PROFESSIONAL, SCIENTIFIC, AND TECHNICAL ACTIVITIES",NOT SPECIFIED,341,MASTER EKSEKUTIF PENGURUSAN KORPORAT,9000.00,ONLINE,7657,MASTER,40-49,47.0
2024,WMPK23222,50,MELAYU,FEMALE,BEKERJA SEPENUH MASA,CONTINENTAL TYPE PJ MALAYSIA SDN BHD,"PROFESSIONAL, SCIENTIFIC, AND TECHNICAL ACTIVITIES",SELANGOR,341,MASTER EKSEKUTIF PENGURUSAN KORPORAT,8500.00,ONLINE,8102,MASTER,50-59,50.0
2024,WMPK23223,33,MELAYU,FEMALE,BEKERJA SEPENUH MASA,NURRAYSA GLOBAL SDN BHD,"PROFESSIONAL, SCIENTIFIC, AND TECHNICAL ACTIVITIES",PAHANG,341,MASTER EKSEKUTIF PENGURUSAN KORPORAT,4000.00,ONLINE,8887,MASTER,30-39,33.0
2024,WMPK23304,63,CINA,MALE,MELANJUTKAN PENGAJIAN,NOT SPECIFIED,"PROFESSIONAL, SCIENTIFIC, AND TECHNICAL ACTIVITIES",SABAH,341,MASTER EKSEKUTIF PENGURUSAN KORPORAT,0.00,ONLINE,8323,MASTER,60+,63.0
2024,WMPK23316,57,DUSUN-SABAH,MALE,BEKERJA/USAHAWAN/FREELANCE,JS ENTREPRISE,"PROFESSIONAL, SCIENTIFIC, AND TECHNICAL ACTIVITIES",SABAH,341,MASTER EKSEKUTIF PENGURUSAN KORPORAT,5000.00,ONLINE,7563,MASTER,50-59,57.0
2024,WMPK23326,46,TAMIL,MALE,BEKERJA SEPENUH MASA,GOF OFFSHORE SDN BHD,"PROFESSIONAL, SCIENTIFIC, AND TECHNICAL ACTIVITIES",PERAK,341,MASTER EKSEKUTIF PENGURUSAN KORPORAT,17000.00,ONLINE,7075,MASTER,40-49,46.0
2024,WMPK23333,47,INDIA,MALE,BEKERJA SEPENUH MASA,UNITED PLANTATIONS BERHAD,"PROFESSIONAL, SCIENTIFIC, AND TECHNICAL ACTIVITIES",PERAK,341,MASTER EKSEKUTIF PENGURUSAN KORPORAT,10400.00,ONLINE,7454,MASTER,40-49,47.0
2025,MBTN24465,25,INDIA,FEMALE,BEKERJA SEPENUH MASA,GLOBAL FOUNDRIES,MANUFACTURING,PULAU PINANG,529,BACELOR EKSEKUTIF TEKNOLOGI KEJURUTERAAN INDUSTRI,2800.00,ONLINE,4993,BACELOR,<29,25.0
2025,LDPB24499,25,MELAYU,MALE,BEKERJA SEPENUH MASA,HMBE LEGACY SDN BHD,"PROFESSIONAL, SCIENTIFIC, AND TECHNICAL ACTIVITIES",KUALA LUMPUR,374,DIPLOMA PROFESIONAL PENGURUSAN PERNIAGAAN,10000.00,ONLINE,2310,DIPLOMA,<29,25.0
2025,MBTN24475,25,INDIA,MALE,BEKERJA SEPENUH MASA,DSAK AGENCY SDN BHD,MANUFACTURING,SELANGOR,529,BACELOR EKSEKUTIF TEKNOLOGI KEJURUTERAAN INDUSTRI,4500.00,ONLINE,5695,BACELOR,<29,25.0
2025,WBPN24435,25,TAMIL,FEMALE,BEKERJA SEPENUH MASA,PAN MALAYAN TRADING,"PROFESSIONAL, SCIENTIFIC, AND TECHNICAL ACTIVITIES",NEGERI SEMBILAN,431,BACELOR EKSEKUTIF PENGURUSAN PERNIAGAAN (PENGURUSAN OPERASI),1700.00,ONLINE,4496,BACELOR,<29,25.0
2025,WBPN24470,25,CINA,MALE,BEKERJA SEPENUH MASA,GLOBAL CONTAINER FREIGHT PTE LTD,"PROFESSIONAL, SCIENTIFIC, AND TECHNICAL ACTIVITIES",SARAWAK,431,BACELOR EKSEKUTIF PENGURUSAN PERNIAGAAN (PENGURUSAN OPERASI),2500.00,ONLINE,5455,BACELOR,<29,25.0
2025,LDET24499,25,INDIA,MALE,BEKERJA SEPENUH MASA,YSP SAH,MANUFACTURING,SELANGOR,557,DIPLOMA PROFESIONAL TEKNOLOGI KEJURUTERAAN ELEKTRIK,2300.00,ONLINE,3888,DIPLOMA,<29,25.0
2025,WBPN244111,25,CINA,FEMALE,BEKERJA SEPENUH MASA,BIZLINK TECHNOLOGY(S.E.A) SDN BHD,"PROFESSIONAL, SCIENTIFIC, AND TECHNICAL ACTIVITIES",PERAK,431,BACELOR EKSEKUTIF PENGURUSAN PERNIAGAAN (PENGURUSAN OPERASI),3000.00,ONLINE,5435,BACELOR,<29,25.0
2025,WBPN24422,24,INDIA,FEMALE,BEKERJA SEPENUH MASA,AEON CO M BHD,"PROFESSIONAL, SCIENTIFIC, AND TECHNICAL ACTIVITIES",JOHOR,431,BACELOR EKSEKUTIF PENGURUSAN PERNIAGAAN (PENGURUSAN OPERASI),1800.00,ONLINE,5879,BACELOR,<29,24.0
2025,WBPN24463,24,INDIA,MALE,BEKERJA SEPENUH MASA,DURO METAL (M) SDN BHD,MANUFACTURING,SELANGOR,435,BACELOR EKSEKUTIF PENGURUSAN PERNIAGAAN (PENGURUSAN KEJURUTERAAN),2300.00,ONLINE,5189,BACELOR,<29,24.0
2025,WDPS24496,24,MELAYU,FEMALE,BEKERJA/USAHAWAN/FREELANCE,EZANOR MINI MARKET,"PROFESSIONAL, SCIENTIFIC, AND TECHNICAL ACTIVITIES",JOHOR,370,DIPLOMA PROFESIONAL PENGURUSAN SUMBER MANUSIA,1450.00,ONLINE,2621,DIPLOMA,<29,24.0
2025,MBTN24459,24,FOOCHOW,MALE,BEKERJA SEPENUH MASA,ELSA ADVANCED SYSTEM PTE LTD,MANUFACTURING,NEGERI SEMBILAN,529,BACELOR EKSEKUTIF TEKNOLOGI KEJURUTERAAN INDUSTRI,2000.00,ONLINE,4857,BACELOR,<29,24.0
2025,WDPS23401,24,INDIA,FEMALE,BEKERJA SEPENUH MASA,PASSIONATE SUCCESS SDN BHD,"PROFESSIONAL, SCIENTIFIC, AND TECHNICAL ACTIVITIES",PAHANG,370,DIPLOMA PROFESIONAL PENGURUSAN SUMBER MANUSIA,2000.00,ONLINE,2189,DIPLOMA,<29,24.0
2025,HDPL24496,24,MELAYU,MALE,BEKERJA SEPENUH MASA,LA MARSA TRADING (M) SDN BHD,TRANSPORTATION AND STORAGE,SELANGOR,369,DIPLOMA PROFESIONAL PENTADBIRAN OPERASI LOGISTIK,3000.00,ONLINE,3119,DIPLOMA,<29,24.0
2025,MBPB24494,24,MELAYU,MALE,BEKERJA SEPENUH MASA,HI ULTRA PETROLEUM SDN BHD,"PROFESSIONAL, SCIENTIFIC, AND TECHNICAL ACTIVITIES",SARAWAK,362,BACELOR EKSEKUTIF PENGURUSAN PERNIAGAAN,3000.00,ONLINE,4566,BACELOR,<29,24.0
2025,WBPN24485,24,TAMIL,FEMALE,BEKERJA SEPENUH MASA,AGS FOUR WINDS RELOCATIONS,"PROFESSIONAL, SCIENTIFIC, AND TECHNICAL ACTIVITIES",KUALA LUMPUR,431,BACELOR EKSEKUTIF PENGURUSAN PERNIAGAAN (PENGURUSAN OPERASI),2000.00,ONLINE,4613,BACELOR,<29,24.0
2025,WBPN24409,23,BAJAU - SABAH,MALE,BEKERJA SEPENUH MASA,MUIS MELEWAR PLANTATIONS 1,"PROFESSIONAL, SCIENTIFIC, AND TECHNICAL ACTIVITIES",SABAH,434,BACELOR EKSEKUTIF PENGURUSAN PERNIAGAAN (PENGURUSAN PERLADANGAN),1950.00,ONLINE,4051,BACELOR,<29,23.0
2025,WBPN24448,23,INDIA,FEMALE,BEKERJA SEPENUH MASA,SAI RAM PETRO,"PROFESSIONAL, SCIENTIFIC, AND TECHNICAL ACTIVITIES",PERAK,432,BACELOR EKSEKUTIF PENGURUSAN PERNIAGAAN (PENGURUSAN SUMBER MANUSIA),5000.00,ONLINE,5577,BACELOR,<29,23.0
2025,MBTN24469,23,INDIA,FEMALE,BEKERJA SEPENUH MASA,HP MALAYSIA MANUFACTURING,MANUFACTURING,KEDAH,529,BACELOR EKSEKUTIF TEKNOLOGI KEJURUTERAAN INDUSTRI,1900.00,ONLINE,4768,BACELOR,<29,23.0
2025,WBPN24457,23,IBAN/SEA DAYAK -SARAWAK,FEMALE,BEKERJA SEPENUH MASA,SALIMAS ENTERPRISE SDN BHD,"PROFESSIONAL, SCIENTIFIC, AND TECHNICAL ACTIVITIES",SARAWAK,432,BACELOR EKSEKUTIF PENGURUSAN PERNIAGAAN (PENGURUSAN SUMBER MANUSIA),2300.00,ONLINE,4089,BACELOR,<29,23.0
2025,WBPN24436,23,INDIA,FEMALE,BEKERJA SEPENUH MASA,HOSPITAL SUBANG MEDICAL CENTRE,TRANSPORTATION AND STORAGE,SELANGOR,436,BACELOR EKSEKUTIF PENGURUSAN PERNIAGAAN (PENGURUSAN LOGISTIK & RANTAIAN BEKALAN),1600.00,ONLINE,5910,BACELOR,<29,23.0
2025,HMPB24490,23,MELAYU,FEMALE,BEKERJA SEPENUH MASA,LJ HOOKER CITY RESIDENTIAL,"PROFESSIONAL, SCIENTIFIC, AND TECHNICAL ACTIVITIES",JOHOR,488,MASTER EKSEKUTIF PENGURUSAN PERNIAGAAN,2900.00,ONLINE,7128,MASTER,<29,23.0
2025,MMPB24497,23,KAYAN-SARAWAK,FEMALE,BEKERJA SEPENUH MASA,DDD ENTERPRISE,"PROFESSIONAL, SCIENTIFIC, AND TECHNICAL ACTIVITIES",SARAWAK,509,MASTER EKSEKUTIF PENGURUSAN PERNIAGAAN,2500.00,ONLINE,7379,MASTER,<29,23.0
2025,WDPB24494,22,TAMIL,FEMALE,BEKERJA SEPENUH MASA,JD CLEANING SERVICES,"PROFESSIONAL, SCIENTIFIC, AND TECHNICAL ACTIVITIES",KEDAH,382,DIPLOMA PROFESIONAL PENGURUSAN PERNIAGAAN & KEUSAHAWANAN,1700.00,ONLINE,2768,DIPLOMA,<29,22.0
2025,WDPS24492,22,TAMIL,FEMALE,BEKERJA SEPENUH MASA,TELEKOM MALAYSIA,"PROFESSIONAL, SCIENTIFIC, AND TECHNICAL ACTIVITIES",MELAKA,370,DIPLOMA PROFESIONAL PENGURUSAN SUMBER MANUSIA,1700.00,ONLINE,3604,DIPLOMA,<29,22.0
2025,WBPN24462,21,INDIA,MALE,BEKERJA SEPENUH MASA,ONELIVING SDN.BHD,TRANSPORTATION AND STORAGE,NEGERI SEMBILAN,436,BACELOR EKSEKUTIF PENGURUSAN PERNIAGAAN (PENGURUSAN LOGISTIK & RANTAIAN BEKALAN),3000.00,ONLINE,5667,BACELOR,<29,21.0
2025,WBPN24492,21,INDIA,FEMALE,BEKERJA SEPENUH MASA,NATURAL BLEACH SDN BHD,"PROFESSIONAL, SCIENTIFIC, AND TECHNICAL ACTIVITIES",PERAK,432,BACELOR EKSEKUTIF PENGURUSAN PERNIAGAAN (PENGURUSAN SUMBER MANUSIA),2000.00,ONLINE,5077,BACELOR,<29,21.0
2025,WDPK24499,20,INDIA,MALE,BEKERJA SEPENUH MASA,SDP MANUFACTURING SDN BHD,"PROFESSIONAL, SCIENTIFIC, AND TECHNICAL ACTIVITIES",JOHOR,344,DIPLOMA PROFESIONAL PENGURUSAN OPERASI INDUSTRI,2500.00,ONLINE,2117,DIPLOMA,<29,20.0
2025,UBMPP24497,24,MELAYU,MALE,BEKERJA SEPENUH MASA,MOHISMA (M) SDN BHD,"PROFESSIONAL, SCIENTIFIC, AND TECHNICAL ACTIVITIES",SELANGOR,490,MASTER EKSEKUTIF PENGURUSAN PROJEK,3000.00,ONLINE,8652,MASTER,<29,24.0
2025,AMHR24499,71,INDIA,MALE,BEKERJA SEPENUH MASA,NATIONAL UNION OF TRANSPORT EQUIPMENT AND ALLIED INDUSTRIES WORKERS (NUTEAIW),"PROFESSIONAL, SCIENTIFIC, AND TECHNICAL ACTIVITIES",SELANGOR,508,MASTER EKSEKUTIF PENGURUSAN SUMBER MANUSIA INDUSTRI,15000.00,ONLINE,8311,MASTER,60+,71.0
2025,MMPB24499,57,IBAN/SEA DAYAK -SARAWAK,FEMALE,BEKERJA SEPENUH MASA,UPM KAMPUS BINTULU SARAWAK,"PROFESSIONAL, SCIENTIFIC, AND TECHNICAL ACTIVITIES",SARAWAK,509,MASTER EKSEKUTIF PENGURUSAN PERNIAGAAN,8000.00,ONLINE,7202,MASTER,50-59,57.0
2025,MMPB24498,57,KAYAN-SARAWAK,MALE,BEKERJA SEPENUH MASA,CREST LAND HOLDINGS SDN BHD,"PROFESSIONAL, SCIENTIFIC, AND TECHNICAL ACTIVITIES",SARAWAK,509,MASTER EKSEKUTIF PENGURUSAN PERNIAGAAN,4500.00,ONLINE,8717,MASTER,50-59,57.0
2025,MBPB24497,57,MELAYU,MALE,BEKERJA SEPENUH MASA,CYCLOBIT SDN BHD,"PROFESSIONAL, SCIENTIFIC, AND TECHNICAL ACTIVITIES",SELANGOR,362,BACELOR EKSEKUTIF PENGURUSAN PERNIAGAAN,4500.00,ONLINE,5020,BACELOR,50-59,57.0
2025,HMKN24495,57,MELAYU,MALE,BEKERJA SEPENUH MASA,SEPAKAT SETIA PERUNDING SDN. BHD.,MANUFACTURING,KEDAH,396,MASTER EKSEKUTIF PENGURUSAN KEJURUTERAAN PEMBINAAN,3763.00,ONLINE,8050,MASTER,50-59,57.0
2025,UBMPP21317,55,MELAYU,MALE,BELUM/TIDAK BEKERJA,NOT SPECIFIED,"PROFESSIONAL, SCIENTIFIC, AND TECHNICAL ACTIVITIES",JOHOR,490,MASTER EKSEKUTIF PENGURUSAN PROJEK,NOT SPECIFIED,ONLINE,7505,MASTER,50-59,55.0
2025,UBLK23489,53,MELAYU,MALE,BEKERJA SEPENUH MASA,BASF PETRONAS CHEMICALS SDN BHD,OTHER,PAHANG,551,BACELOR EKSEKUTIF TEKNOLOGI LOJI PROSES KIMIA,13000.00,ONLINE,4848,BACELOR,50-59,53.0
2025,HBPM24481,53,TAMIL,MALE,BEKERJA SEPENUH MASA,PLP ELECTRICAL ENGINEERING SDN BHD,"PROFESSIONAL, SCIENTIFIC, AND TECHNICAL ACTIVITIES",SELANGOR,388,BACELOR EKSEKUTIF OPERASI DAN PENGURUSAN PROJEK,6500.00,ONLINE,4925,BACELOR,50-59,53.0
2025,UDMPB24411,53,MELAYU,MALE,BEKERJA SEPENUH MASA,PERODUA SALES SDN BHD,"PROFESSIONAL, SCIENTIFIC, AND TECHNICAL ACTIVITIES",SELANGOR,340,MASTER EKSEKUTIF PENGURUSAN PERNIAGAAN,20000.00,ONLINE,7080,MASTER,50-59,53.0
2025,WBPN244103,53,KADAZAN-SABAH,MALE,BEKERJA SEPENUH MASA,MEGA TECH CORPORATION,MANUFACTURING,SABAH,435,BACELOR EKSEKUTIF PENGURUSAN PERNIAGAAN (PENGURUSAN KEJURUTERAAN),3000.00,ONLINE,5556,BACELOR,50-59,53.0
2025,HBKP24497,52,MELAYU,MALE,BEKERJA SEPENUH MASA,ATT TANJUNG BIN SDN BHD,OTHER,JOHOR,383,"BACELOR EKSEKUTIF KESELAMATAN, KESIHATAN DAN PERSEKITARAN",15000.00,ONLINE,4711,BACELOR,50-59,52.0
2025,HMKP24491,52,MELAYU,MALE,BEKERJA SEPENUH MASA,PRIVATE,OTHER,JOHOR,380,"MASTER EKSEKUTIF KESELAMATAN, KESIHATAN DAN PERSEKITARAN",4500.00,ONLINE,7660,MASTER,50-59,52.0
2025,WMPB24494,52,MELAYU,MALE,BEKERJA SEPENUH MASA,PERMODALAN FELCRA SDN BHD,"PROFESSIONAL, SCIENTIFIC, AND TECHNICAL ACTIVITIES",KELANTAN,488,MASTER EKSEKUTIF PENGURUSAN PERNIAGAAN,5000.00,ONLINE,8632,MASTER,50-59,52.0
2025,UDMPB24410,52,MELAYU,FEMALE,BEKERJA SEPENUH MASA,MMC ENGINEERING SDN BHD,"PROFESSIONAL, SCIENTIFIC, AND TECHNICAL ACTIVITIES",KUALA LUMPUR,340,MASTER EKSEKUTIF PENGURUSAN PERNIAGAAN,4700.00,ONLINE,7398,MASTER,50-59,52.0
2025,UBLK23487,51,MELAYU,MALE,BEKERJA SEPENUH MASA,BASF PETRONAS CHEMICALS SDN BHD,OTHER,PAHANG,551,BACELOR EKSEKUTIF TEKNOLOGI LOJI PROSES KIMIA,7000.00,ONLINE,5262,BACELOR,50-59,51.0
2025,HBPM24482,52,MELAYU,MALE,BEKERJA SEPENUH MASA,PILOT PROJECT MANAGEMENT SDN BHD,"PROFESSIONAL, SCIENTIFIC, AND TECHNICAL ACTIVITIES",PAHANG,388,BACELOR EKSEKUTIF OPERASI DAN PENGURUSAN PROJEK,10500.00,ONLINE,5454,BACELOR,50-59,52.0
2025,HDPM24498,52,CINA,FEMALE,BEKERJA SEPENUH MASA,CHEMOPHARM SDN BHD,"PROFESSIONAL, SCIENTIFIC, AND TECHNICAL ACTIVITIES",KUALA LUMPUR,352,DIPLOMA PROFESIONAL OPERASI DAN PENGURUSAN PROJEK,10000.00,ONLINE,3590,DIPLOMA,50-59,52.0
2025,WMPK24492,51,INDIA,MALE,BEKERJA SEPENUH MASA,SHANGRI-LA RASA SAYANG HOTEL AND SHANGRI-LA GOLDEN SANDS HOTEL,"PROFESSIONAL, SCIENTIFIC, AND TECHNICAL ACTIVITIES",PULAU PINANG,341,MASTER EKSEKUTIF PENGURUSAN KORPORAT,5500.00,ONLINE,8856,MASTER,50-59,51.0
2025,MBPB24498,51,MELAYU,MALE,BEKERJA SEPENUH MASA,KEMENTERIAN UTILITI DAN TELEKOMUNIKASI (SARAWAK ENERGY DAN PETROS),"PROFESSIONAL, SCIENTIFIC, AND TECHNICAL ACTIVITIES",SARAWAK,362,BACELOR EKSEKUTIF PENGURUSAN PERNIAGAAN,4000.00,ONLINE,4890,BACELOR,50-59,51.0
2025,UDMPB24401,51,MELAYU,MALE,BEKERJA SEPENUH MASA,LAUBROS HOLDINGS (M) SDN BHD,"PROFESSIONAL, SCIENTIFIC, AND TECHNICAL ACTIVITIES",JOHOR,340,MASTER EKSEKUTIF PENGURUSAN PERNIAGAAN,25300.00,ONLINE,8948,MASTER,50-59,51.0
2025,WMPB24495,51,MELAYU,MALE,BEKERJA SEPENUH MASA,BOUSTEAD PLANTATION BERHAD (BPLANT),"PROFESSIONAL, SCIENTIFIC, AND TECHNICAL ACTIVITIES",PERAK,488,MASTER EKSEKUTIF PENGURUSAN PERNIAGAAN,10000.00,ONLINE,7753,MASTER,50-59,51.0
2025,HMPM24499,51,MELAYU,MALE,BEKERJA SEPENUH MASA,ELSA ENERGY SDN BHD,"PROFESSIONAL, SCIENTIFIC, AND TECHNICAL ACTIVITIES",TERENGGANU,348,MASTER EKSEKUTIF OPERASI DAN PENGURUSAN PROJEK,13000.00,ONLINE,7551,MASTER,50-59,51.0
2025,UBMPP24499,51,MELAYU,MALE,BEKERJA/USAHAWAN/FREELANCE,NOT SPECIFIED,"PROFESSIONAL, SCIENTIFIC, AND TECHNICAL ACTIVITIES",SELANGOR,490,MASTER EKSEKUTIF PENGURUSAN PROJEK,NOT SPECIFIED,ONLINE,8553,MASTER,50-59,51.0
2025,UFMPB24499,50,MELAYU,FEMALE,BEKERJA/USAHAWAN/FREELANCE,NOT SPECIFIED,"PROFESSIONAL, SCIENTIFIC, AND TECHNICAL ACTIVITIES",SELANGOR,340,MASTER EKSEKUTIF PENGURUSAN PERNIAGAAN,NOT SPECIFIED,ONLINE,7522,MASTER,50-59,50.0
2025,UBMPP24498,50,PAKISTANI,MALE,BEKERJA/USAHAWAN/FREELANCE,NOT SPECIFIED,"PROFESSIONAL, SCIENTIFIC, AND TECHNICAL ACTIVITIES",KEDAH,490,MASTER EKSEKUTIF PENGURUSAN PROJEK,NOT SPECIFIED,ONLINE,8522,MASTER,50-59,50.0
2025,MBTN24468,50,TAMIL,MALE,BEKERJA SEPENUH MASA,TELEFLEX MEDICAL SDN BHD,MANUFACTURING,KEDAH,529,BACELOR EKSEKUTIF TEKNOLOGI KEJURUTERAAN INDUSTRI,9505.00,ONLINE,5594,BACELOR,50-59,50.0
2025,WBPN24497,50,MELAYU,FEMALE,BEKERJA SEPENUH MASA,LEMBAGA TABUNG HAJI,"PROFESSIONAL, SCIENTIFIC, AND TECHNICAL ACTIVITIES",JOHOR,431,BACELOR EKSEKUTIF PENGURUSAN PERNIAGAAN (PENGURUSAN OPERASI),7139.00,ONLINE,4055,BACELOR,50-59,50.0
2025,WMPK24486,49,MELAYU,FEMALE,BEKERJA SEPENUH MASA,KPJ HEALTHCARE BERHAD,"PROFESSIONAL, SCIENTIFIC, AND TECHNICAL ACTIVITIES",SELANGOR,341,MASTER EKSEKUTIF PENGURUSAN KORPORAT,11000.00,ONLINE,8325,MASTER,40-49,49.0
2025,WBPN244110,49,MELAYU,MALE,BEKERJA SEPENUH MASA,SURUHANJAYA KERAJAAN NEGERI KELANTAN,"PROFESSIONAL, SCIENTIFIC, AND TECHNICAL ACTIVITIES",KELANTAN,431,BACELOR EKSEKUTIF PENGURUSAN PERNIAGAAN (PENGURUSAN OPERASI),10000.00,ONLINE,6000,BACELOR,40-49,49.0
2025,WBPN24476,49,BIDAYUH/LAND DAYAK - SARAWAK,FEMALE,BEKERJA SEPENUH MASA,NURATECH SDN BHD,"PROFESSIONAL, SCIENTIFIC, AND TECHNICAL ACTIVITIES",SARAWAK,431,BACELOR EKSEKUTIF PENGURUSAN PERNIAGAAN (PENGURUSAN OPERASI),2472.75,ONLINE,4860,BACELOR,40-49,49.0
2025,MBTN24497,49,KADAZAN-SABAH,MALE,BEKERJA SEPENUH MASA,CELCOM TIMUR (SABAH) SDN BHD,MANUFACTURING,SABAH,529,BACELOR EKSEKUTIF TEKNOLOGI KEJURUTERAAN INDUSTRI,14000.00,ONLINE,5702,BACELOR,40-49,49.0
2025,HBPM24484,49,MELAYU,MALE,BEKERJA SEPENUH MASA,PREFCHEM SDN BHD,"PROFESSIONAL, SCIENTIFIC, AND TECHNICAL ACTIVITIES",JOHOR,388,BACELOR EKSEKUTIF OPERASI DAN PENGURUSAN PROJEK,7500.00,ONLINE,4601,BACELOR,40-49,49.0
2025,WBPN24428,48,INDIA,FEMALE,BEKERJA SEPENUH MASA,ANCHOR MARINE SUPPLIES SDN BHD,TRANSPORTATION AND STORAGE,JOHOR,436,BACELOR EKSEKUTIF PENGURUSAN PERNIAGAAN (PENGURUSAN LOGISTIK & RANTAIAN BEKALAN),4000.00,ONLINE,5015,BACELOR,40-49,48.0
2025,HMKP24494,48,INDIA,MALE,BEKERJA SEPENUH MASA,SAVELITE ENGINEERING SDN. BHD.,OTHER,SELANGOR,380,"MASTER EKSEKUTIF KESELAMATAN, KESIHATAN DAN PERSEKITARAN",6400.00,ONLINE,7686,MASTER,40-49,48.0
2025,HDGT24495,48,MELAYU,MALE,BEKERJA SEPENUH MASA,UT SDN BHD,MINING AND QUARRYING,TERENGGANU,351,DIPLOMA PROFESIONAL TEKNOLOGI DAN PENGURUSAN MINYAK & GAS,5000.00,ONLINE,2985,DIPLOMA,40-49,48.0
2025,UBLK23486,48,MELAYU,MALE,BEKERJA SEPENUH MASA,BASF PETRONAS CHEMICAL SDN. BHD.,OTHER,PAHANG,551,BACELOR EKSEKUTIF TEKNOLOGI LOJI PROSES KIMIA,7000.00,ONLINE,5627,BACELOR,40-49,48.0
2025,WBPN24489,48,MELAYU,FEMALE,BEKERJA SEPENUH MASA,QSR STORE BRANDS SDN.BHD,MANUFACTURING,SELANGOR,435,BACELOR EKSEKUTIF PENGURUSAN PERNIAGAAN (PENGURUSAN KEJURUTERAAN),2300.00,ONLINE,5691,BACELOR,40-49,48.0
2025,WMPK24487,48,MELAYU,MALE,BEKERJA SEPENUH MASA,EK HITEC CORPORATION SDN BHD,"PROFESSIONAL, SCIENTIFIC, AND TECHNICAL ACTIVITIES",JOHOR,341,MASTER EKSEKUTIF PENGURUSAN KORPORAT,5000.00,ONLINE,8154,MASTER,40-49,48.0
2025,MBTN24478,48,MELAYU,MALE,BEKERJA SEPENUH MASA,NHK MANUFACTURING MALAYSIA,MANUFACTURING,NEGERI SEMBILAN,529,BACELOR EKSEKUTIF TEKNOLOGI KEJURUTERAAN INDUSTRI,6000.00,ONLINE,5827,BACELOR,40-49,48.0
2025,WBPN24498,48,MELAYU,MALE,BEKERJA SEPENUH MASA,TABUNG HAJI,"PROFESSIONAL, SCIENTIFIC, AND TECHNICAL ACTIVITIES",JOHOR,431,BACELOR EKSEKUTIF PENGURUSAN PERNIAGAAN (PENGURUSAN OPERASI),10000.00,ONLINE,4335,BACELOR,40-49,48.0
2025,MBTN24493,48,MELAYU,MALE,BEKERJA SEPENUH MASA,PENGURUSAN AIR SELANGOR SDN. BHD.,MANUFACTURING,SELANGOR,529,BACELOR EKSEKUTIF TEKNOLOGI KEJURUTERAAN INDUSTRI,10000.00,ONLINE,5093,BACELOR,40-49,48.0
2025,WDPK24495,48,MELAYU,MALE,BEKERJA SEPENUH MASA,BIRCH FOREST TRADING PTE LTD,"PROFESSIONAL, SCIENTIFIC, AND TECHNICAL ACTIVITIES",JOHOR,344,DIPLOMA PROFESIONAL PENGURUSAN OPERASI INDUSTRI,8000.00,ONLINE,3263,DIPLOMA,40-49,48.0
2025,HDPM24499,47,MELAYU,FEMALE,BEKERJA SEPENUH MASA,TT DOT COM SDN BHD,"PROFESSIONAL, SCIENTIFIC, AND TECHNICAL ACTIVITIES",SELANGOR,352,DIPLOMA PROFESIONAL OPERASI DAN PENGURUSAN PROJEK,4100.00,ONLINE,3289,DIPLOMA,40-49,47.0
2025,HDPL24499,47,IBAN/SEA DAYAK -SARAWAK,MALE,BEKERJA SEPENUH MASA,ALFAMELI SDN BHD,TRANSPORTATION AND STORAGE,SARAWAK,369,DIPLOMA PROFESIONAL PENTADBIRAN OPERASI LOGISTIK,7857.00,ONLINE,2358,DIPLOMA,40-49,47.0
2025,WBPN24488,47,MELAYU,FEMALE,BEKERJA SEPENUH MASA,LEMBAGA TABUNG HAJI CAWANGAN MUAR,"PROFESSIONAL, SCIENTIFIC, AND TECHNICAL ACTIVITIES",JOHOR,431,BACELOR EKSEKUTIF PENGURUSAN PERNIAGAAN (PENGURUSAN OPERASI),6000.00,ONLINE,5884,BACELOR,40-49,47.0
2025,UFMOL24499,47,MELAYU,MALE,BEKERJA SEPENUH MASA,HIBISCUS OIL & GAS MALAYSIA LIMITED,"PROFESSIONAL, SCIENTIFIC, AND TECHNICAL ACTIVITIES",TERENGGANU,485,MASTER EKSEKUTIF OPERASI DAN PENYELENGGARAAN LOJI PROSES,15000.00,ONLINE,8500,MASTER,40-49,47.0
2025,WBPN244108,47,MELAYU,FEMALE,BEKERJA SEPENUH MASA,PLUS USAHASAMA BERHAD,"PROFESSIONAL, SCIENTIFIC, AND TECHNICAL ACTIVITIES",PERAK,431,BACELOR EKSEKUTIF PENGURUSAN PERNIAGAAN (PENGURUSAN OPERASI),3600.00,ONLINE,4367,BACELOR,40-49,47.0
2025,HBPR24499,47,MELAYU,MALE,BEKERJA SEPENUH MASA,PTTEP SABAH OIL CO LTD.,MINING AND QUARRYING,PAHANG,373,BACELOR EKSEKUTIF PENGURUSAN PROJEK (PETROLEUM & GAS),17603.00,ONLINE,4233,BACELOR,40-49,47.0
2025,HBPM24486,47,MELAYU,MALE,BEKERJA SEPENUH MASA,DAL HCM SDN BHD,"PROFESSIONAL, SCIENTIFIC, AND TECHNICAL ACTIVITIES",SARAWAK,388,BACELOR EKSEKUTIF OPERASI DAN PENGURUSAN PROJEK,4500.00,ONLINE,4258,BACELOR,40-49,47.0
2025,WDPK24498,47,MELAYU,FEMALE,BELUM/TIDAK BEKERJA,NOT SPECIFIED,"PROFESSIONAL, SCIENTIFIC, AND TECHNICAL ACTIVITIES",PAHANG,344,DIPLOMA PROFESIONAL PENGURUSAN OPERASI INDUSTRI,NOT SPECIFIED,ONLINE,2167,DIPLOMA,40-49,47.0
2025,HDGT24494,47,MELAYU,MALE,BEKERJA SEPENUH MASA,"HYUNDAI ENGINEERING POLAND SP. Z O.O., TECNICAS REUNIDAS S.A. SP. JAWNA",MINING AND QUARRYING,JOHOR,351,DIPLOMA PROFESIONAL TEKNOLOGI DAN PENGURUSAN MINYAK & GAS,21000.00,ONLINE,2098,DIPLOMA,40-49,47.0
2025,WDPS24489,46,MELAYU,FEMALE,BEKERJA SEPENUH MASA,CASTCONSULT SDN BHD,"PROFESSIONAL, SCIENTIFIC, AND TECHNICAL ACTIVITIES",JOHOR,370,DIPLOMA PROFESIONAL PENGURUSAN SUMBER MANUSIA,4936.00,ONLINE,2155,DIPLOMA,40-49,46.0
2025,HMPM24494,46,MELAYU,MALE,BEKERJA SEPENUH MASA,CDS SYNERGY (M) SDN BHD,"PROFESSIONAL, SCIENTIFIC, AND TECHNICAL ACTIVITIES",SELANGOR,348,MASTER EKSEKUTIF OPERASI DAN PENGURUSAN PROJEK,11750.00,ONLINE,8670,MASTER,40-49,46.0
2025,UMPB24499,46,MELAYU,MALE,BEKERJA SEPENUH MASA,TOAD PUBLISHING & DISTRIBUTIONS SDN BHD,"PROFESSIONAL, SCIENTIFIC, AND TECHNICAL ACTIVITIES",SELANGOR,340,MASTER EKSEKUTIF PENGURUSAN PERNIAGAAN,6900.00,ONLINE,7552,MASTER,40-49,46.0
2025,WBPN24490,46,MELAYU,MALE,BEKERJA SEPENUH MASA,TUKAS INDUSTRIES SDN. BHD.,"PROFESSIONAL, SCIENTIFIC, AND TECHNICAL ACTIVITIES",JOHOR,433,BACELOR EKSEKUTIF PENGURUSAN PERNIAGAAN (OPERASI INDUSTRI),8000.00,ONLINE,5080,BACELOR,40-49,46.0
2025,UMPB24498,46,MELAYU,FEMALE,BEKERJA SEPENUH MASA,KANEKA (MALAYSIA) SDN. BHD.,"PROFESSIONAL, SCIENTIFIC, AND TECHNICAL ACTIVITIES",PAHANG,340,MASTER EKSEKUTIF PENGURUSAN PERNIAGAAN,8000.00,ONLINE,8444,MASTER,40-49,46.0
2025,WMPK24497,46,MELAYU,FEMALE,BEKERJA SEPENUH MASA,FELDA PLANTATION MANAGEMENT SDN BHD,"PROFESSIONAL, SCIENTIFIC, AND TECHNICAL ACTIVITIES",NEGERI SEMBILAN,437,MASTER EKSEKUTIF PENGURUSAN KORPORAT (PENGURUSAN PERLADANGAN),5000.00,ONLINE,7918,MASTER,40-49,46.0
2025,HBPM24497,46,MELAYU,MALE,BEKERJA SEPENUH MASA,AMBANG WIRA SDN BHD,"PROFESSIONAL, SCIENTIFIC, AND TECHNICAL ACTIVITIES",JOHOR,388,BACELOR EKSEKUTIF OPERASI DAN PENGURUSAN PROJEK,6000.00,ONLINE,4072,BACELOR,40-49,46.0
2025,WBPN244122,46,MELAYU,MALE,BEKERJA SEPENUH MASA,MENGKEBANG RUBBER COMPANY SDN BHD,"PROFESSIONAL, SCIENTIFIC, AND TECHNICAL ACTIVITIES",KEDAH,432,BACELOR EKSEKUTIF PENGURUSAN PERNIAGAAN (PENGURUSAN SUMBER MANUSIA),4200.00,ONLINE,5852,BACELOR,40-49,46.0
2025,WMPK24488,46,INDIA,FEMALE,BEKERJA SEPENUH MASA,FEDEX EXPRESS,"PROFESSIONAL, SCIENTIFIC, AND TECHNICAL ACTIVITIES",PERAK,341,MASTER EKSEKUTIF PENGURUSAN KORPORAT,2500.00,ONLINE,8548,MASTER,40-49,46.0
2025,UBTE24499,46,MELAYU,MALE,BEKERJA SEPENUH MASA,EMERSON PROCESS MANAGEMENT (MALAYSIA) SDN BHD,MANUFACTURING,PAHANG,363,BACELOR EKSEKUTIF TEKNOLOGI ELEKTRIK & ELEKTRONIK,10000.00,ONLINE,4846,BACELOR,40-49,46.0
2025,WDPS24497,45,MELAYU,FEMALE,BEKERJA SEPENUH MASA,LEMBAGA TABUNG HAJI,"PROFESSIONAL, SCIENTIFIC, AND TECHNICAL ACTIVITIES",JOHOR,370,DIPLOMA PROFESIONAL PENGURUSAN SUMBER MANUSIA,6000.00,ONLINE,3733,DIPLOMA,40-49,45.0
2025,HBPM24479,45,MELAYU,FEMALE,BEKERJA SEPENUH MASA,SILTERRA MALAYSIA,"PROFESSIONAL, SCIENTIFIC, AND TECHNICAL ACTIVITIES",PULAU PINANG,388,BACELOR EKSEKUTIF OPERASI DAN PENGURUSAN PROJEK,11000.00,ONLINE,4652,BACELOR,40-49,45.0
2025,UBLK23499,45,MELAYU,MALE,BEKERJA SEPENUH MASA,BASF PETRONAS CHEMICALS SDN. BHD.,OTHER,PAHANG,551,BACELOR EKSEKUTIF TEKNOLOGI LOJI PROSES KIMIA,7000.00,ONLINE,4221,BACELOR,40-49,45.0
2025,AMHR24498,45,CINA,FEMALE,BEKERJA/USAHAWAN/FREELANCE,NOT SPECIFIED,"PROFESSIONAL, SCIENTIFIC, AND TECHNICAL ACTIVITIES",SELANGOR,508,MASTER EKSEKUTIF PENGURUSAN SUMBER MANUSIA INDUSTRI,NOT SPECIFIED,ONLINE,7742,MASTER,40-49,45.0
2025,WMPB24497,45,CINA,FEMALE,BEKERJA SEPENUH MASA,SOUTHERN INDUSTRIAL GAS SDN BHD,"PROFESSIONAL, SCIENTIFIC, AND TECHNICAL ACTIVITIES",PAHANG,488,MASTER EKSEKUTIF PENGURUSAN PERNIAGAAN,4000.00,ONLINE,8751,MASTER,40-49,45.0
2025,HMKN24496,45,MELAYU,MALE,BEKERJA SEPENUH MASA,SEMARAK MOTIVASI SDN.BHD.,MANUFACTURING,SELANGOR,396,MASTER EKSEKUTIF PENGURUSAN KEJURUTERAAN PEMBINAAN,15000.00,ONLINE,7716,MASTER,40-49,45.0
2025,WMPB24496,45,KHEK (HAKKA),MALE,BEKERJA SEPENUH MASA,KSB MALAYSIA PUMPS AND VALVES SDN BHD,"PROFESSIONAL, SCIENTIFIC, AND TECHNICAL ACTIVITIES",PAHANG,488,MASTER EKSEKUTIF PENGURUSAN PERNIAGAAN,4000.00,ONLINE,7027,MASTER,40-49,45.0
2025,WDPB24497,45,MELAYU,MALE,BEKERJA SEPENUH MASA,KME BINA RESOURCES,"PROFESSIONAL, SCIENTIFIC, AND TECHNICAL ACTIVITIES",JOHOR,382,DIPLOMA PROFESIONAL PENGURUSAN PERNIAGAAN & KEUSAHAWANAN,5000.00,ONLINE,3398,DIPLOMA,40-49,45.0
2025,LDPB24498,45,MELAYU,FEMALE,BEKERJA/USAHAWAN/FREELANCE,NOT SPECIFIED,"PROFESSIONAL, SCIENTIFIC, AND TECHNICAL ACTIVITIES",SABAH,374,DIPLOMA PROFESIONAL PENGURUSAN PERNIAGAAN,NOT SPECIFIED,ONLINE,3770,DIPLOMA,40-49,45.0
2025,WBPN24406,45,MELAYU,MALE,BEKERJA SEPENUH MASA,HAP SENG PLANTATIONS HOLDING SDN BHD,"PROFESSIONAL, SCIENTIFIC, AND TECHNICAL ACTIVITIES",SABAH,434,BACELOR EKSEKUTIF PENGURUSAN PERNIAGAAN (PENGURUSAN PERLADANGAN),2615.00,ONLINE,5230,BACELOR,40-49,45.0
2025,UBLK23495,44,MELAYU,MALE,BEKERJA SEPENUH MASA,BASF PETRONAS CHEMICALS SDN. BHD,OTHER,PAHANG,551,BACELOR EKSEKUTIF TEKNOLOGI LOJI PROSES KIMIA,11000.00,ONLINE,5693,BACELOR,40-49,44.0
2025,UBLK23491,45,MELAYU,MALE,BEKERJA SEPENUH MASA,BASF PETRONAS CHEMICALS SDN BHD,OTHER,PAHANG,551,BACELOR EKSEKUTIF TEKNOLOGI LOJI PROSES KIMIA,6060.00,ONLINE,5627,BACELOR,40-49,45.0
2025,HDGT24496,45,CINA,MALE,BEKERJA/USAHAWAN/FREELANCE,NOT SPECIFIED,MINING AND QUARRYING,SARAWAK,351,DIPLOMA PROFESIONAL TEKNOLOGI DAN PENGURUSAN MINYAK & GAS,NOT SPECIFIED,ONLINE,2920,DIPLOMA,40-49,45.0
2025,HBPM24494,45,MELAYU,MALE,BEKERJA SEPENUH MASA,FGV PLANTATIONS (MALAYSIA) SDN. BHD.,"PROFESSIONAL, SCIENTIFIC, AND TECHNICAL ACTIVITIES",PAHANG,388,BACELOR EKSEKUTIF OPERASI DAN PENGURUSAN PROJEK,7135.00,ONLINE,5466,BACELOR,40-49,45.0
2025,WBPN244100,44,CINA,FEMALE,BEKERJA SEPENUH MASA,ORYX ADVANCED MATERIALS SDN BHD,"PROFESSIONAL, SCIENTIFIC, AND TECHNICAL ACTIVITIES",PULAU PINANG,431,BACELOR EKSEKUTIF PENGURUSAN PERNIAGAAN (PENGURUSAN OPERASI),7000.00,ONLINE,4700,BACELOR,40-49,44.0
2025,HMPM24497,44,KADAZAN-SABAH,MALE,BEKERJA SEPENUH MASA,PETRONAS CARIGALI SDN BHD,"PROFESSIONAL, SCIENTIFIC, AND TECHNICAL ACTIVITIES",SABAH,348,MASTER EKSEKUTIF OPERASI DAN PENGURUSAN PROJEK,10100.00,ONLINE,7556,MASTER,40-49,44.0
2025,WBPN24432,44,INDIA MUSLIM,MALE,BEKERJA SEPENUH MASA,CYCLE & CARRIAGE BINTANG SDN BHD (MERCEDES BENZ),MANUFACTURING,PULAU PINANG,435,BACELOR EKSEKUTIF PENGURUSAN PERNIAGAAN (PENGURUSAN KEJURUTERAAN),3000.00,ONLINE,4496,BACELOR,40-49,44.0
2025,HBPM24488,44,MELAYU,MALE,BEKERJA SEPENUH MASA,SECOV ENGINEERING SDN BHD,"PROFESSIONAL, SCIENTIFIC, AND TECHNICAL ACTIVITIES",KUALA LUMPUR,388,BACELOR EKSEKUTIF OPERASI DAN PENGURUSAN PROJEK,7000.00,ONLINE,4632,BACELOR,40-49,44.0
2025,HDPG24494,44,TAMIL,MALE,BEKERJA SEPENUH MASA,EMERSON ASIA PACIFIC PRIVATE LIMITED,MINING AND QUARRYING,JOHOR,411,DIPLOMA PROFESIONAL KAWALAN PROSES & TEKNOLOGI INSTRUMENTASI (PETROLEUM & GAS),2000.00,ONLINE,2301,DIPLOMA,40-49,44.0
2025,HDPG24498,44,IBAN/SEA DAYAK -SARAWAK,MALE,BEKERJA SEPENUH MASA,TANJUNG OFFSHORE SERVICES SDH BHD,MINING AND QUARRYING,SARAWAK,411,DIPLOMA PROFESIONAL KAWALAN PROSES & TEKNOLOGI INSTRUMENTASI (PETROLEUM & GAS),7000.00,ONLINE,2199,DIPLOMA,40-49,44.0
2025,UBLK23485,44,MELAYU,MALE,BEKERJA SEPENUH MASA,BASF PETRONAS CHEMICALS SDN. BHD.,OTHER,PAHANG,551,BACELOR EKSEKUTIF TEKNOLOGI LOJI PROSES KIMIA,7000.00,ONLINE,5139,BACELOR,40-49,44.0
2025,WMPK24495,44,INDIA,FEMALE,BEKERJA SEPENUH MASA,EMERSON ASIA PACIFIC PRIVATE LIMITED,"PROFESSIONAL, SCIENTIFIC, AND TECHNICAL ACTIVITIES",JOHOR,341,MASTER EKSEKUTIF PENGURUSAN KORPORAT,3000.00,ONLINE,7391,MASTER,40-49,44.0
2025,WBPN24405,44,KADAZAN-SABAH,MALE,BEKERJA SEPENUH MASA,UNITED MALACCA BERHAD,"PROFESSIONAL, SCIENTIFIC, AND TECHNICAL ACTIVITIES",SABAH,434,BACELOR EKSEKUTIF PENGURUSAN PERNIAGAAN (PENGURUSAN PERLADANGAN),2050.00,ONLINE,4846,BACELOR,40-49,44.0
2025,WBPN244118,44,MELAYU,MALE,BEKERJA SEPENUH MASA,RISDA ESTATES SDN.BHD.,"PROFESSIONAL, SCIENTIFIC, AND TECHNICAL ACTIVITIES",PAHANG,434,BACELOR EKSEKUTIF PENGURUSAN PERNIAGAAN (PENGURUSAN PERLADANGAN),4300.00,ONLINE,4898,BACELOR,40-49,44.0
2025,FBTM24499,44,MELAYU,MALE,BEKERJA SEPENUH MASA,INTEL TECH SDN BHD,MANUFACTURING,KEDAH,415,BACELOR EKSEKUTIF TEKNOLOGI MEKATRONIK,6295.00,ONLINE,5746,BACELOR,40-49,44.0
2025,MMPB24496,43,DUSUN-SABAH,MALE,BEKERJA SEPENUH MASA,BHIC SUBMARINE ENGINEERING SERVICES SDN BHD,"PROFESSIONAL, SCIENTIFIC, AND TECHNICAL ACTIVITIES",SABAH,509,MASTER EKSEKUTIF PENGURUSAN PERNIAGAAN,8000.00,ONLINE,7229,MASTER,40-49,43.0
2025,HMPB24497,43,MELAYU,FEMALE,BEKERJA SEPENUH MASA,IZI GLOBAL RESOURCES SDN. BHD.,"PROFESSIONAL, SCIENTIFIC, AND TECHNICAL ACTIVITIES",SELANGOR,488,MASTER EKSEKUTIF PENGURUSAN PERNIAGAAN,4000.00,ONLINE,8366,MASTER,40-49,43.0
2025,UFMOL24497,43,MELAYU,MALE,BEKERJA SEPENUH MASA,ACTIFORCE MECHATRONICS TECHNOLOGY (M) SDN. BHD.,"PROFESSIONAL, SCIENTIFIC, AND TECHNICAL ACTIVITIES",PULAU PINANG,485,MASTER EKSEKUTIF OPERASI DAN PENYELENGGARAAN LOJI PROSES,7270.00,ONLINE,7895,MASTER,40-49,43.0
2025,HMPB24493,43,KEDAYAN-SABAH,MALE,BEKERJA SEPENUH MASA,PETRONAS DIGITAL SDN BHD,"PROFESSIONAL, SCIENTIFIC, AND TECHNICAL ACTIVITIES",SABAH,488,MASTER EKSEKUTIF PENGURUSAN PERNIAGAAN,10000.00,ONLINE,7124,MASTER,40-49,43.0
2025,HBPR24496,43,MELAYU,MALE,BEKERJA SEPENUH MASA,ABU DHABI NATIONAL OIL COMPANY,MINING AND QUARRYING,TERENGGANU,373,BACELOR EKSEKUTIF PENGURUSAN PROJEK (PETROLEUM & GAS),8000.00,ONLINE,4654,BACELOR,40-49,43.0
2025,HMSC24499,43,BAJAU - SABAH,MALE,BEKERJA/USAHAWAN/FREELANCE,NOT SPECIFIED,TRANSPORTATION AND STORAGE,LABUAN,378,MASTER EKSEKUTIF TEKNOLOGI PINTAR RANTAIAN BEKALAN DAN LOGISTIK,NOT SPECIFIED,ONLINE,8559,MASTER,40-49,43.0
2025,UDMPB24406,43,MELAYU,MALE,BEKERJA SEPENUH MASA,PETROLIAM NASIONAL BERHAD (PETRONAS),"PROFESSIONAL, SCIENTIFIC, AND TECHNICAL ACTIVITIES",KUALA LUMPUR,340,MASTER EKSEKUTIF PENGURUSAN PERNIAGAAN,10000.00,ONLINE,7032,MASTER,40-49,43.0
2025,HDGT24499,42,IBAN/SEA DAYAK -SARAWAK,MALE,BEKERJA SEPENUH MASA,HHA ASSOCIATES SDN BHD,MINING AND QUARRYING,SARAWAK,351,DIPLOMA PROFESIONAL TEKNOLOGI DAN PENGURUSAN MINYAK & GAS,10000.00,ONLINE,3857,DIPLOMA,40-49,42.0
2025,UDMPB24409,42,MELAYU,FEMALE,BEKERJA SEPENUH MASA,DEWAN BANDARAYA KUALA LUMPUR,"PROFESSIONAL, SCIENTIFIC, AND TECHNICAL ACTIVITIES",KUALA LUMPUR,340,MASTER EKSEKUTIF PENGURUSAN PERNIAGAAN,5000.00,ONLINE,7464,MASTER,40-49,42.0
2025,WBPN24464,42,MELAYU,MALE,BEKERJA SEPENUH MASA,HEXTAR SECADYME SDN BHD,MANUFACTURING,SARAWAK,435,BACELOR EKSEKUTIF PENGURUSAN PERNIAGAAN (PENGURUSAN KEJURUTERAAN),6000.00,ONLINE,5611,BACELOR,40-49,42.0
2025,WDPB24490,42,MELAYU,MALE,BEKERJA SEPENUH MASA,GENTING MALAYSIA SDN BHD,"PROFESSIONAL, SCIENTIFIC, AND TECHNICAL ACTIVITIES",KEDAH,382,DIPLOMA PROFESIONAL PENGURUSAN PERNIAGAAN & KEUSAHAWANAN,2320.00,ONLINE,3574,DIPLOMA,40-49,42.0
2025,MMPN24497,42,MELAYU,MALE,BEKERJA SEPENUH MASA,SARAWAK DIGITAL ECONOMY CORPORATION BHD,MANUFACTURING,SARAWAK,379,MASTER EKSEKUTIF TEKNOLOGI KEJURUTERAAN INDUSTRI,4500.00,ONLINE,7309,MASTER,40-49,42.0
2025,HDPL24497,42,MELAYU,MALE,BEKERJA SEPENUH MASA,EXECUTIVE OFFSHORE SERVICES SDN BHD,TRANSPORTATION AND STORAGE,SELANGOR,369,DIPLOMA PROFESIONAL PENTADBIRAN OPERASI LOGISTIK,8500.00,ONLINE,3882,DIPLOMA,40-49,42.0
2025,UMPB24497,41,MELAYU,MALE,BEKERJA SEPENUH MASA,LKPP PROPERTY SDN BHD,"PROFESSIONAL, SCIENTIFIC, AND TECHNICAL ACTIVITIES",PAHANG,340,MASTER EKSEKUTIF PENGURUSAN PERNIAGAAN,7710.00,ONLINE,8931,MASTER,40-49,41.0
2025,HDPL24498,41,IBAN/SEA DAYAK -SARAWAK,MALE,BEKERJA SEPENUH MASA,ALFAMELI TECHNICAL SERVICES SDN BHD,TRANSPORTATION AND STORAGE,SARAWAK,369,DIPLOMA PROFESIONAL PENTADBIRAN OPERASI LOGISTIK,7500.00,ONLINE,3647,DIPLOMA,40-49,41.0
2025,UDMPB24413,41,MELAYU,FEMALE,BEKERJA SEPENUH MASA,TERAS HR SOLUTION,"PROFESSIONAL, SCIENTIFIC, AND TECHNICAL ACTIVITIES",JOHOR,340,MASTER EKSEKUTIF PENGURUSAN PERNIAGAAN,8000.00,ONLINE,7176,MASTER,40-49,41.0
2025,HBPM24477,41,MELAYU,FEMALE,BEKERJA SEPENUH MASA,KONSORTIUM PERUMAHAN RAKYAT TERENGGANU SDN BHD,"PROFESSIONAL, SCIENTIFIC, AND TECHNICAL ACTIVITIES",TERENGGANU,388,BACELOR EKSEKUTIF OPERASI DAN PENGURUSAN PROJEK,5000.00,ONLINE,5220,BACELOR,40-49,41.0
2025,HMPM24498,41,MELAYU,MALE,BEKERJA SEPENUH MASA,LAGENDA MANAGEMENT SOLUTION SDN. BHD.,"PROFESSIONAL, SCIENTIFIC, AND TECHNICAL ACTIVITIES",PERAK,348,MASTER EKSEKUTIF OPERASI DAN PENGURUSAN PROJEK,5800.00,ONLINE,8402,MASTER,40-49,41.0
2025,HMPB24496,41,MELAYU,FEMALE,BELUM/TIDAK BEKERJA,NOT SPECIFIED,"PROFESSIONAL, SCIENTIFIC, AND TECHNICAL ACTIVITIES",SELANGOR,488,MASTER EKSEKUTIF PENGURUSAN PERNIAGAAN,NOT SPECIFIED,ONLINE,7373,MASTER,40-49,41.0
2025,UFMOL23103,41,IBAN/SEA DAYAK -SARAWAK,FEMALE,BEKERJA SEPENUH MASA,SRIBIMA (M) SHIPPING SDN BHD,"PROFESSIONAL, SCIENTIFIC, AND TECHNICAL ACTIVITIES",SARAWAK,485,MASTER EKSEKUTIF OPERASI DAN PENYELENGGARAAN LOJI PROSES,2310.00,ONLINE,8784,MASTER,40-49,41.0
2025,HBPM24495,41,MELAYU,MALE,BEKERJA SEPENUH MASA,CARIMIN ENGINEERING AND SERVICES SDN BHD,"PROFESSIONAL, SCIENTIFIC, AND TECHNICAL ACTIVITIES",JOHOR,388,BACELOR EKSEKUTIF OPERASI DAN PENGURUSAN PROJEK,12400.00,ONLINE,4158,BACELOR,40-49,41.0
2025,HMKP24497,41,MELAYU,MALE,BEKERJA SEPENUH MASA,PRASARANA MALAYSIA BERHAD,OTHER,SELANGOR,380,"MASTER EKSEKUTIF KESELAMATAN, KESIHATAN DAN PERSEKITARAN",4684.00,ONLINE,8998,MASTER,40-49,41.0
2025,HMKP24496,41,MELAYU,MALE,BEKERJA/USAHAWAN/FREELANCE,NOT SPECIFIED,OTHER,JOHOR,380,"MASTER EKSEKUTIF KESELAMATAN, KESIHATAN DAN PERSEKITARAN",NOT SPECIFIED,ONLINE,7682,MASTER,40-49,41.0
2025,FBTM24494,41,TELEGU,MALE,BEKERJA SEPENUH MASA,INTEL,MANUFACTURING,KEDAH,415,BACELOR EKSEKUTIF TEKNOLOGI MEKATRONIK,6000.00,ONLINE,4767,BACELOR,40-49,41.0
2025,HMPB24499,41,MELAYU,MALE,BEKERJA SEPENUH MASA,PACIFIC RADIANCE LTD (SINGAPORE),"PROFESSIONAL, SCIENTIFIC, AND TECHNICAL ACTIVITIES",SELANGOR,488,MASTER EKSEKUTIF PENGURUSAN PERNIAGAAN,45000.00,ONLINE,7409,MASTER,40-49,41.0
2025,MBPB24499,40,MELAYU,MALE,BEKERJA SEPENUH MASA,LCDA HOLDINGS SDN BHD,"PROFESSIONAL, SCIENTIFIC, AND TECHNICAL ACTIVITIES",SARAWAK,362,BACELOR EKSEKUTIF PENGURUSAN PERNIAGAAN,4489.70,ONLINE,5992,BACELOR,40-49,40.0
2025,MBTN24491,40,MELAYU,MALE,BEKERJA SEPENUH MASA,LAM RESEARCH SDN BHD,MANUFACTURING,KEDAH,529,BACELOR EKSEKUTIF TEKNOLOGI KEJURUTERAAN INDUSTRI,4200.00,ONLINE,4862,BACELOR,40-49,40.0
2025,HBPR24495,40,MELAYU,MALE,BEKERJA SEPARA MASA,AWORLDTECH ENGINEERING SDN BHD,MINING AND QUARRYING,TERENGGANU,373,BACELOR EKSEKUTIF PENGURUSAN PROJEK (PETROLEUM & GAS),10000.00,ONLINE,5079,BACELOR,40-49,40.0
2025,WMPK24489,40,MELAYU,MALE,BEKERJA/USAHAWAN/FREELANCE,NOT SPECIFIED,"PROFESSIONAL, SCIENTIFIC, AND TECHNICAL ACTIVITIES",PERAK,437,MASTER EKSEKUTIF PENGURUSAN KORPORAT (PENGURUSAN PERLADANGAN),NOT SPECIFIED,ONLINE,7135,MASTER,40-49,40.0
2025,WBPN244126,40,MELAYU,MALE,BEKERJA SEPENUH MASA,MALAYSIAN NPK FERTILIZER SDN. BHD.,MANUFACTURING,KEDAH,435,BACELOR EKSEKUTIF PENGURUSAN PERNIAGAAN (PENGURUSAN KEJURUTERAAN),5278.00,ONLINE,4891,BACELOR,40-49,40.0
2025,MBTN24463,40,MELAYU,MALE,BEKERJA SEPENUH MASA,AT&S AUSTRIA TECHNOLOGIE & SYSTEMTECHNIK(M) SDN BHD,MANUFACTURING,KEDAH,529,BACELOR EKSEKUTIF TEKNOLOGI KEJURUTERAAN INDUSTRI,5500.00,ONLINE,5783,BACELOR,40-49,40.0
2025,WBPN24451,40,TAMIL,FEMALE,BEKERJA SEPENUH MASA,COLUMBIA ASIA HOSPITAL,"PROFESSIONAL, SCIENTIFIC, AND TECHNICAL ACTIVITIES",JOHOR,431,BACELOR EKSEKUTIF PENGURUSAN PERNIAGAAN (PENGURUSAN OPERASI),3325.00,ONLINE,4807,BACELOR,40-49,40.0
2025,WBPN244120,40,MELAYU,FEMALE,BEKERJA SEPENUH MASA,WISTRON TECHNOLOGY MALAYSIA SDN BHD,"PROFESSIONAL, SCIENTIFIC, AND TECHNICAL ACTIVITIES",SELANGOR,432,BACELOR EKSEKUTIF PENGURUSAN PERNIAGAAN (PENGURUSAN SUMBER MANUSIA),4000.00,ONLINE,5268,BACELOR,40-49,40.0
2025,HMGT24498,40,DUSUN-SABAH,FEMALE,BEKERJA SEPENUH MASA,HIBISCUS MALAYSIA LIMITED,MINING AND QUARRYING,SABAH,377,MASTER EKSEKUTIF TEKNOLOGI DAN PENGURUSAN MINYAK & GAS,12360.00,ONLINE,7231,MASTER,40-49,40.0
2025,WDPP24499,40,BAJAU - SABAH,MALE,BEKERJA SEPENUH MASA,FGVP(M)SDN BHD,"PROFESSIONAL, SCIENTIFIC, AND TECHNICAL ACTIVITIES",SABAH,357,DIPLOMA PROFESIONAL PENGURUSAN PERLADANGAN & TEKNOLOGI,1820.00,ONLINE,3150,DIPLOMA,40-49,40.0
2025,HDPG24499,40,MELAYU,MALE,BEKERJA SEPENUH MASA,DELEUM SERVICES SDN BHD,MINING AND QUARRYING,TERENGGANU,411,DIPLOMA PROFESIONAL KAWALAN PROSES & TEKNOLOGI INSTRUMENTASI (PETROLEUM & GAS),3000.00,ONLINE,2014,DIPLOMA,40-49,40.0
2025,MBTN24461,40,MELAYU,MALE,BEKERJA SEPENUH MASA,AT&S AUSTRIA TECHNOLOGIE & SYSTEMTECHNIK (MALAYSIA) SDN BHD,MANUFACTURING,KEDAH,529,BACELOR EKSEKUTIF TEKNOLOGI KEJURUTERAAN INDUSTRI,5500.00,ONLINE,5205,BACELOR,40-49,40.0
2025,WDPK24494,40,MELAYU,MALE,BEKERJA SEPENUH MASA,LEBUHRAYA PANTAI TIMUR 2 SDN BHD,"PROFESSIONAL, SCIENTIFIC, AND TECHNICAL ACTIVITIES",TERENGGANU,344,DIPLOMA PROFESIONAL PENGURUSAN OPERASI INDUSTRI,4000.00,ONLINE,2624,DIPLOMA,40-49,40.0
2025,MBTN24476,40,MELAYU,MALE,BEKERJA SEPENUH MASA,"AT&S KULIM, KEDAH",MANUFACTURING,KEDAH,529,BACELOR EKSEKUTIF TEKNOLOGI KEJURUTERAAN INDUSTRI,4565.00,ONLINE,4611,BACELOR,40-49,40.0
2025,HMPB24491,40,MELAYU,MALE,BEKERJA SEPENUH MASA,TDCX,"PROFESSIONAL, SCIENTIFIC, AND TECHNICAL ACTIVITIES",PERAK,488,MASTER EKSEKUTIF PENGURUSAN PERNIAGAAN,5200.00,ONLINE,8560,MASTER,40-49,40.0
2025,HBPM24476,40,MELAYU,MALE,BEKERJA SEPENUH MASA,DELIMA SAFAR MAJU SDN BHD,"PROFESSIONAL, SCIENTIFIC, AND TECHNICAL ACTIVITIES",PAHANG,388,BACELOR EKSEKUTIF OPERASI DAN PENGURUSAN PROJEK,9500.00,ONLINE,5040,BACELOR,40-49,40.0
2025,HMGT24499,40,KADAZAN-SABAH,MALE,BEKERJA SEPENUH MASA,SEA HIBISCUS SDN.BHD,MINING AND QUARRYING,SABAH,377,MASTER EKSEKUTIF TEKNOLOGI DAN PENGURUSAN MINYAK & GAS,25000.00,ONLINE,7922,MASTER,40-49,40.0
2025,HMPM24495,39,MELAYU,MALE,BEKERJA SEPENUH MASA,FUJI ELECTRIC E&C (MALAYSIA) SDN. BHD.,"PROFESSIONAL, SCIENTIFIC, AND TECHNICAL ACTIVITIES",SELANGOR,348,MASTER EKSEKUTIF OPERASI DAN PENGURUSAN PROJEK,10000.00,ONLINE,7673,MASTER,30-39,39.0
2025,UDMPB24407,39,MELAYU,MALE,BEKERJA/USAHAWAN/FREELANCE,NOT SPECIFIED,"PROFESSIONAL, SCIENTIFIC, AND TECHNICAL ACTIVITIES",TERENGGANU,340,MASTER EKSEKUTIF PENGURUSAN PERNIAGAAN,NOT SPECIFIED,ONLINE,7238,MASTER,30-39,39.0
2025,WBPN24434,39,TAMIL,FEMALE,BEKERJA SEPENUH MASA,KPJ SENTOSA KL SPECIALIST HOSPITAL,"PROFESSIONAL, SCIENTIFIC, AND TECHNICAL ACTIVITIES",PAHANG,431,BACELOR EKSEKUTIF PENGURUSAN PERNIAGAAN (PENGURUSAN OPERASI),3408.00,ONLINE,4356,BACELOR,30-39,39.0
2025,HDPG24495,39,IBAN/SEA DAYAK -SARAWAK,MALE,BEKERJA/USAHAWAN/FREELANCE,NOT SPECIFIED,MINING AND QUARRYING,SARAWAK,411,DIPLOMA PROFESIONAL KAWALAN PROSES & TEKNOLOGI INSTRUMENTASI (PETROLEUM & GAS),NOT SPECIFIED,ONLINE,3723,DIPLOMA,30-39,39.0
2025,WBPN24479,39,MELAYU,FEMALE,BEKERJA SEPENUH MASA,APS MANJA SDN BHD,TRANSPORTATION AND STORAGE,SELANGOR,436,BACELOR EKSEKUTIF PENGURUSAN PERNIAGAAN (PENGURUSAN LOGISTIK & RANTAIAN BEKALAN),6700.00,ONLINE,4178,BACELOR,30-39,39.0
2025,UBLK23492,39,MELAYU,MALE,BEKERJA SEPENUH MASA,BASF PETRONAS CHEMICALS SDN.BHD,OTHER,PAHANG,551,BACELOR EKSEKUTIF TEKNOLOGI LOJI PROSES KIMIA,6300.00,ONLINE,5484,BACELOR,30-39,39.0
2025,UDMPB24403,39,MELAYU,MALE,BEKERJA SEPENUH MASA,SOFOIL DMCC,"PROFESSIONAL, SCIENTIFIC, AND TECHNICAL ACTIVITIES",KUALA LUMPUR,340,MASTER EKSEKUTIF PENGURUSAN PERNIAGAAN,20000.00,ONLINE,8009,MASTER,30-39,39.0
2025,WBPN244112,39,BANJAR,MALE,BEKERJA SEPENUH MASA,FGV TRADING SDN BHD,"PROFESSIONAL, SCIENTIFIC, AND TECHNICAL ACTIVITIES",SABAH,434,BACELOR EKSEKUTIF PENGURUSAN PERNIAGAAN (PENGURUSAN PERLADANGAN),2000.00,ONLINE,4445,BACELOR,30-39,39.0
2025,HBPR24497,39,MELAYU,MALE,BEKERJA SEPENUH MASA,HIGH POINT TECHNIC SDN BHD,MINING AND QUARRYING,SELANGOR,373,BACELOR EKSEKUTIF PENGURUSAN PROJEK (PETROLEUM & GAS),9000.00,ONLINE,5329,BACELOR,30-39,39.0
2025,UBLK23498,39,MELAYU,MALE,BEKERJA SEPENUH MASA,BASF PETRONAS CHEMICALS SDN. BHD.,OTHER,PAHANG,551,BACELOR EKSEKUTIF TEKNOLOGI LOJI PROSES KIMIA,6000.00,ONLINE,5132,BACELOR,30-39,39.0
2025,UBLK23496,39,MELAYU,MALE,BEKERJA SEPENUH MASA,BASF PETRONAS CHEMICALS SDN BHD,OTHER,PAHANG,551,BACELOR EKSEKUTIF TEKNOLOGI LOJI PROSES KIMIA,5500.00,ONLINE,5241,BACELOR,30-39,39.0
2025,HMKN24497,39,MELAYU,MALE,BEKERJA SEPENUH MASA,ATS APPLIED TECH SYSTEM SDN BHD,MANUFACTURING,NEGERI SEMBILAN,396,MASTER EKSEKUTIF PENGURUSAN KEJURUTERAAN PEMBINAAN,10000.00,ONLINE,8881,MASTER,30-39,39.0
2025,MMPN24498,39,MELAYU,MALE,BEKERJA SEPENUH MASA,SARAWAK DIGITAL ECONOMY CORPORATION BERHAD,MANUFACTURING,SARAWAK,379,MASTER EKSEKUTIF TEKNOLOGI KEJURUTERAAN INDUSTRI,5000.00,ONLINE,7604,MASTER,30-39,39.0
2025,WBPN244105,39,MELAYU,MALE,BEKERJA SEPENUH MASA,RISDA ESTATE SDN BHD,"PROFESSIONAL, SCIENTIFIC, AND TECHNICAL ACTIVITIES",PERAK,434,BACELOR EKSEKUTIF PENGURUSAN PERNIAGAAN (PENGURUSAN PERLADANGAN),3500.00,ONLINE,5058,BACELOR,30-39,39.0
2025,WMPK24484,39,TAMIL,FEMALE,BEKERJA SEPENUH MASA,TRIVENIX ACADEMY SDN BHD,"PROFESSIONAL, SCIENTIFIC, AND TECHNICAL ACTIVITIES",SELANGOR,341,MASTER EKSEKUTIF PENGURUSAN KORPORAT,3500.00,ONLINE,7771,MASTER,30-39,39.0
2025,HMKN24498,39,MELAYU,MALE,BEKERJA SEPENUH MASA,ASIAN SUPPLY BASE SDN BHD,MANUFACTURING,LABUAN,396,MASTER EKSEKUTIF PENGURUSAN KEJURUTERAAN PEMBINAAN,5000.00,ONLINE,8285,MASTER,30-39,39.0
2025,HMPB24495,39,MELAYU,MALE,BEKERJA/USAHAWAN/FREELANCE,NOT SPECIFIED,"PROFESSIONAL, SCIENTIFIC, AND TECHNICAL ACTIVITIES",PULAU PINANG,488,MASTER EKSEKUTIF PENGURUSAN PERNIAGAAN,NOT SPECIFIED,ONLINE,7752,MASTER,30-39,39.0
2025,WBPN24415,39,INDIA,FEMALE,BEKERJA SEPENUH MASA,ISS FACILITY SERVICES PTE LTD,"PROFESSIONAL, SCIENTIFIC, AND TECHNICAL ACTIVITIES",PERAK,431,BACELOR EKSEKUTIF PENGURUSAN PERNIAGAAN (PENGURUSAN OPERASI),5600.00,ONLINE,5145,BACELOR,30-39,39.0
2025,HDPM24496,39,MELANAU-SARAWAK,MALE,BEKERJA SEPENUH MASA,NEOPETRO SDN BHD,"PROFESSIONAL, SCIENTIFIC, AND TECHNICAL ACTIVITIES",SARAWAK,352,DIPLOMA PROFESIONAL OPERASI DAN PENGURUSAN PROJEK,5000.00,ONLINE,3795,DIPLOMA,30-39,39.0
2025,HDKP24498,39,INDIA,MALE,BEKERJA SEPENUH MASA,SAIPEM S.P.A,OTHER,KUALA LUMPUR,350,"DIPLOMA PROFESIONAL KESELAMATAN, KESIHATAN DAN PERSEKITARAN",20000.00,ONLINE,3947,DIPLOMA,30-39,39.0
2025,HBPM24492,39,MELAYU,MALE,BEKERJA SEPENUH MASA,REAL TIME MANAGEMENT OUTSOURCING SERVICES SDN. BHD. (634609-K),"PROFESSIONAL, SCIENTIFIC, AND TECHNICAL ACTIVITIES",TERENGGANU,388,BACELOR EKSEKUTIF OPERASI DAN PENGURUSAN PROJEK,14000.00,ONLINE,5500,BACELOR,30-39,39.0
2025,WBPN244102,38,BAJAU - SABAH,MALE,BEKERJA SEPENUH MASA,FGV BULKERS SDN BHD,"PROFESSIONAL, SCIENTIFIC, AND TECHNICAL ACTIVITIES",SABAH,433,BACELOR EKSEKUTIF PENGURUSAN PERNIAGAAN (OPERASI INDUSTRI),3000.00,ONLINE,5451,BACELOR,30-39,38.0
2025,WMPB24498,39,CINA,FEMALE,BEKERJA SEPENUH MASA,UHRENHOLT SDN. BHD.,"PROFESSIONAL, SCIENTIFIC, AND TECHNICAL ACTIVITIES",SELANGOR,488,MASTER EKSEKUTIF PENGURUSAN PERNIAGAAN,19000.00,ONLINE,7938,MASTER,30-39,39.0
2025,HBPM24489,38,KADAZAN-SABAH,MALE,BELUM/TIDAK BEKERJA,NOT SPECIFIED,"PROFESSIONAL, SCIENTIFIC, AND TECHNICAL ACTIVITIES",SABAH,388,BACELOR EKSEKUTIF OPERASI DAN PENGURUSAN PROJEK,NOT SPECIFIED,ONLINE,4637,BACELOR,30-39,38.0
2025,WDPS24495,38,MELAYU,MALE,BEKERJA SEPENUH MASA,KOPERASI SERBAUSAHA MAKMUR BERHAD,"PROFESSIONAL, SCIENTIFIC, AND TECHNICAL ACTIVITIES",PAHANG,370,DIPLOMA PROFESIONAL PENGURUSAN SUMBER MANUSIA,4600.00,ONLINE,2984,DIPLOMA,30-39,38.0
2025,UDKE24496,38,MELAYU,MALE,BEKERJA SEPENUH MASA,OPTICS BALZERS MALAYSIA SDN. BHD.,MANUFACTURING,KEDAH,557,DIPLOMA PROFESIONAL TEKNOLOGI KEJURUTERAAN ELEKTRIK,3550.00,ONLINE,2596,DIPLOMA,30-39,38.0
2025,HMKN24499,38,MELAYU,FEMALE,BEKERJA SEPENUH MASA,FITTERS ENGINEERING SERVICES SDN BHD,MANUFACTURING,NEGERI SEMBILAN,396,MASTER EKSEKUTIF PENGURUSAN KEJURUTERAAN PEMBINAAN,10000.00,ONLINE,8471,MASTER,30-39,38.0
2025,UBLK23493,38,MELAYU,MALE,BEKERJA SEPENUH MASA,BASF PETRONAS CHEMICAL SDN BHD,OTHER,PAHANG,551,BACELOR EKSEKUTIF TEKNOLOGI LOJI PROSES KIMIA,9000.00,ONLINE,5693,BACELOR,30-39,38.0
2025,UBLK23494,38,MELAYU,MALE,BEKERJA SEPENUH MASA,BASF PETRONAS CHEMICAL,OTHER,PAHANG,551,BACELOR EKSEKUTIF TEKNOLOGI LOJI PROSES KIMIA,10000.00,ONLINE,5283,BACELOR,30-39,38.0
2025,HBPM24496,38,MELAYU,MALE,BEKERJA SEPENUH MASA,HIBISCUS PETROLEUM BERHAD,"PROFESSIONAL, SCIENTIFIC, AND TECHNICAL ACTIVITIES",JOHOR,388,BACELOR EKSEKUTIF OPERASI DAN PENGURUSAN PROJEK,8400.00,ONLINE,4583,BACELOR,30-39,38.0
2025,HDGT24491,38,MELAYU,MALE,BEKERJA SEPENUH MASA,LYNAS KALGORLIE,MINING AND QUARRYING,PAHANG,351,DIPLOMA PROFESIONAL TEKNOLOGI DAN PENGURUSAN MINYAK & GAS,8000.00,ONLINE,2455,DIPLOMA,30-39,38.0
2025,WBPN24444,38,MELAYU,MALE,BEKERJA SEPENUH MASA,AIROD SDN BHD,"PROFESSIONAL, SCIENTIFIC, AND TECHNICAL ACTIVITIES",PULAU PINANG,433,BACELOR EKSEKUTIF PENGURUSAN PERNIAGAAN (OPERASI INDUSTRI),4500.00,ONLINE,4318,BACELOR,30-39,38.0
2025,WDPB24496,38,MELAYU,MALE,BEKERJA/USAHAWAN/FREELANCE,NOT SPECIFIED,"PROFESSIONAL, SCIENTIFIC, AND TECHNICAL ACTIVITIES",PERAK,382,DIPLOMA PROFESIONAL PENGURUSAN PERNIAGAAN & KEUSAHAWANAN,NOT SPECIFIED,ONLINE,2794,DIPLOMA,30-39,38.0
2025,WBPN24466,38,IBAN/SEA DAYAK -SARAWAK,MALE,BEKERJA SEPENUH MASA,SALCRA,MANUFACTURING,SARAWAK,435,BACELOR EKSEKUTIF PENGURUSAN PERNIAGAAN (PENGURUSAN KEJURUTERAAN),9600.00,ONLINE,4521,BACELOR,30-39,38.0
2025,HBPM24478,37,MELAYU,MALE,BEKERJA SEPENUH MASA,FGV IFFCO SDN BHD,"PROFESSIONAL, SCIENTIFIC, AND TECHNICAL ACTIVITIES",TERENGGANU,388,BACELOR EKSEKUTIF OPERASI DAN PENGURUSAN PROJEK,4000.00,ONLINE,5605,BACELOR,30-39,37.0
2025,WBPN24458,37,MELAYU,MALE,BEKERJA SEPENUH MASA,QQ INSPECTION SERVICES SDN.BHD.,MANUFACTURING,SELANGOR,435,BACELOR EKSEKUTIF PENGURUSAN PERNIAGAAN (PENGURUSAN KEJURUTERAAN),4500.00,ONLINE,5479,BACELOR,30-39,37.0
2025,MBTN24470,37,MELAYU,MALE,BEKERJA SEPENUH MASA,AT&S MALAYSIA SDN BHD,MANUFACTURING,KEDAH,529,BACELOR EKSEKUTIF TEKNOLOGI KEJURUTERAAN INDUSTRI,4000.00,ONLINE,4865,BACELOR,30-39,37.0
2025,HDPG24497,37,HOKKIEN,MALE,BEKERJA SEPENUH MASA,E&P O&M SDN BHD,MINING AND QUARRYING,SARAWAK,411,DIPLOMA PROFESIONAL KAWALAN PROSES & TEKNOLOGI INSTRUMENTASI (PETROLEUM & GAS),5000.00,ONLINE,2927,DIPLOMA,30-39,37.0
2025,HBPM24499,37,INDIA,MALE,BEKERJA SEPENUH MASA,SAPURA RAIL SYSTEM SDN BHD,"PROFESSIONAL, SCIENTIFIC, AND TECHNICAL ACTIVITIES",KUALA LUMPUR,388,BACELOR EKSEKUTIF OPERASI DAN PENGURUSAN PROJEK,5500.00,ONLINE,5929,BACELOR,30-39,37.0
2025,HBSC24499,37,INDIA,MALE,BEKERJA SEPENUH MASA,EFMX (M) SDN BHD,TRANSPORTATION AND STORAGE,SELANGOR,413,BACELOR EKSEKUTIF PENGURUSAN RANTAIAN BEKALAN,3000.00,ONLINE,5737,BACELOR,30-39,37.0
2025,HDPG24493,37,MURUT/LUN BAWANG - SARAWAK,MALE,BEKERJA SEPENUH MASA,T7 GLOBAL SDN. BHD.,MINING AND QUARRYING,SARAWAK,411,DIPLOMA PROFESIONAL KAWALAN PROSES & TEKNOLOGI INSTRUMENTASI (PETROLEUM & GAS),8000.00,ONLINE,2851,DIPLOMA,30-39,37.0
2025,HDPL24495,37,KAYAN-SARAWAK,MALE,BEKERJA SEPENUH MASA,PHARMANIAGA LOGISTICS SDN BHD,TRANSPORTATION AND STORAGE,SARAWAK,369,DIPLOMA PROFESIONAL PENTADBIRAN OPERASI LOGISTIK,2028.00,ONLINE,2311,DIPLOMA,30-39,37.0
2025,WBPN24491,37,KADAZAN-SABAH,FEMALE,BEKERJA SEPENUH MASA,RWNA ENGINEERING SDN BHD,MANUFACTURING,PAHANG,435,BACELOR EKSEKUTIF PENGURUSAN PERNIAGAAN (PENGURUSAN KEJURUTERAAN),4960.00,ONLINE,4078,BACELOR,30-39,37.0
2025,WBPN24495,39,INDIA,FEMALE,BEKERJA SEPENUH MASA,ARRIMA TEC SDN BHD,"PROFESSIONAL, SCIENTIFIC, AND TECHNICAL ACTIVITIES",SELANGOR,432,BACELOR EKSEKUTIF PENGURUSAN PERNIAGAAN (PENGURUSAN SUMBER MANUSIA),3797.25,ONLINE,4655,BACELOR,30-39,39.0
2025,MBTN24488,36,MELAYU,MALE,BEKERJA SEPENUH MASA,SEDIA TEGUH SDN BHD,MANUFACTURING,SELANGOR,529,BACELOR EKSEKUTIF TEKNOLOGI KEJURUTERAAN INDUSTRI,7483.00,ONLINE,4806,BACELOR,30-39,36.0
2025,HMPB24498,37,MELAYU,FEMALE,BELUM/TIDAK BEKERJA,NOT SPECIFIED,"PROFESSIONAL, SCIENTIFIC, AND TECHNICAL ACTIVITIES",SELANGOR,488,MASTER EKSEKUTIF PENGURUSAN PERNIAGAAN,NOT SPECIFIED,ONLINE,7914,MASTER,30-39,37.0
2025,HDPG24491,36,INDIA,MALE,BEKERJA SEPENUH MASA,CALL LADE ENTERPRISE PTE LTE,MINING AND QUARRYING,SELANGOR,411,DIPLOMA PROFESIONAL KAWALAN PROSES & TEKNOLOGI INSTRUMENTASI (PETROLEUM & GAS),2000.00,ONLINE,3493,DIPLOMA,30-39,36.0
2025,HDKP24496,36,MELAYU,MALE,BEKERJA SEPENUH MASA,ERS ENERGY SDN BHD,OTHER,SELANGOR,350,"DIPLOMA PROFESIONAL KESELAMATAN, KESIHATAN DAN PERSEKITARAN",7500.00,ONLINE,2492,DIPLOMA,30-39,36.0
2025,HDGT24497,36,MELAYU,MALE,BEKERJA SEPENUH MASA,HHA ASSOCIATES SDN BHD,MINING AND QUARRYING,TERENGGANU,351,DIPLOMA PROFESIONAL TEKNOLOGI DAN PENGURUSAN MINYAK & GAS,15000.00,ONLINE,3364,DIPLOMA,30-39,36.0
2025,WMPK24485,36,MELAYU,FEMALE,BEKERJA/USAHAWAN/FREELANCE,NOT SPECIFIED,"PROFESSIONAL, SCIENTIFIC, AND TECHNICAL ACTIVITIES",PAHANG,341,MASTER EKSEKUTIF PENGURUSAN KORPORAT,NOT SPECIFIED,ONLINE,8569,MASTER,30-39,36.0
2025,WBPN24461,36,MELAYU,MALE,BEKERJA SEPENUH MASA,PELABUHAN TANJUNG PELEPAS SDN BHD,"PROFESSIONAL, SCIENTIFIC, AND TECHNICAL ACTIVITIES",JOHOR,432,BACELOR EKSEKUTIF PENGURUSAN PERNIAGAAN (PENGURUSAN SUMBER MANUSIA),4824.00,ONLINE,4474,BACELOR,30-39,36.0
2025,WBPN24454,36,INDIA,MALE,BEKERJA SEPENUH MASA,OPM LITE,"PROFESSIONAL, SCIENTIFIC, AND TECHNICAL ACTIVITIES",SELANGOR,431,BACELOR EKSEKUTIF PENGURUSAN PERNIAGAAN (PENGURUSAN OPERASI),2900.00,ONLINE,4399,BACELOR,30-39,36.0
2025,WDPS24494,36,INDIA,FEMALE,BEKERJA SEPENUH MASA,UNI GLOBAL SOLUTION SDN BHD,"PROFESSIONAL, SCIENTIFIC, AND TECHNICAL ACTIVITIES",SELANGOR,370,DIPLOMA PROFESIONAL PENGURUSAN SUMBER MANUSIA,2150.00,ONLINE,3632,DIPLOMA,30-39,36.0
2025,MBTN24489,36,MELAYU,MALE,BEKERJA SEPENUH MASA,INTEL TECHNOLOGY,MANUFACTURING,PULAU PINANG,529,BACELOR EKSEKUTIF TEKNOLOGI KEJURUTERAAN INDUSTRI,4000.00,ONLINE,4239,BACELOR,30-39,36.0
2025,WBPN24433,36,KADAZAN-SABAH,FEMALE,BEKERJA SEPENUH MASA,INTEGRATED AGENTS TRUST LTD,"PROFESSIONAL, SCIENTIFIC, AND TECHNICAL ACTIVITIES",SABAH,432,BACELOR EKSEKUTIF PENGURUSAN PERNIAGAAN (PENGURUSAN SUMBER MANUSIA),2000.00,ONLINE,4081,BACELOR,30-39,36.0
2025,HBPM24490,36,BIDAYUH/LAND DAYAK - SARAWAK,MALE,BEKERJA SEPARA MASA,SHELL OCEANCARE CORPORATION SDN BHD,"PROFESSIONAL, SCIENTIFIC, AND TECHNICAL ACTIVITIES",SARAWAK,388,BACELOR EKSEKUTIF OPERASI DAN PENGURUSAN PROJEK,10000.00,ONLINE,4607,BACELOR,30-39,36.0
2025,UDKE24497,36,MELAYU,MALE,BEKERJA SEPENUH MASA,MH DELIMA SDN BHD,MANUFACTURING,SELANGOR,557,DIPLOMA PROFESIONAL TEKNOLOGI KEJURUTERAAN ELEKTRIK,3500.00,ONLINE,2045,DIPLOMA,30-39,36.0
2025,HBPM24483,36,INDIA,MALE,BEKERJA SEPENUH MASA,MAPEI MALAYSIA SDN BHD,"PROFESSIONAL, SCIENTIFIC, AND TECHNICAL ACTIVITIES",NEGERI SEMBILAN,388,BACELOR EKSEKUTIF OPERASI DAN PENGURUSAN PROJEK,5120.00,ONLINE,4964,BACELOR,30-39,36.0
2025,MBTN24455,36,INDIA,MALE,BEKERJA SEPENUH MASA,DHL SUPPLY CHAIN (MALAYSIA) SDN BHD,MANUFACTURING,PERAK,529,BACELOR EKSEKUTIF TEKNOLOGI KEJURUTERAAN INDUSTRI,2500.00,ONLINE,4978,BACELOR,30-39,36.0
2025,UBLK23488,35,MELAYU,MALE,BEKERJA SEPENUH MASA,BASF-PETRONAS CHEMICALS SDN BHD,OTHER,PAHANG,551,BACELOR EKSEKUTIF TEKNOLOGI LOJI PROSES KIMIA,5215.00,ONLINE,5589,BACELOR,30-39,35.0
2025,HDKP24499,36,MELAYU,MALE,BEKERJA SEPENUH MASA,ROBERT BOSCH SEMICONDUCTOR MANUFACTURING PENANG SDN. BHD.,OTHER,PULAU PINANG,350,"DIPLOMA PROFESIONAL KESELAMATAN, KESIHATAN DAN PERSEKITARAN",4300.00,ONLINE,3858,DIPLOMA,30-39,36.0
2025,HDGT24498,36,MELAYU,MALE,BEKERJA SEPENUH MASA,SANGGUL EMAS SDN BHD,MINING AND QUARRYING,TERENGGANU,351,DIPLOMA PROFESIONAL TEKNOLOGI DAN PENGURUSAN MINYAK & GAS,5500.00,ONLINE,3559,DIPLOMA,30-39,36.0
2025,HBPM24485,36,MELAYU,MALE,BEKERJA SEPENUH MASA,AECOM,"PROFESSIONAL, SCIENTIFIC, AND TECHNICAL ACTIVITIES",JOHOR,388,BACELOR EKSEKUTIF OPERASI DAN PENGURUSAN PROJEK,2900.00,ONLINE,4125,BACELOR,30-39,36.0
2025,WBPN24440,36,INDIA,MALE,BEKERJA SEPENUH MASA,SD GUTHRIE BERHAD,"PROFESSIONAL, SCIENTIFIC, AND TECHNICAL ACTIVITIES",PERAK,434,BACELOR EKSEKUTIF PENGURUSAN PERNIAGAAN (PENGURUSAN PERLADANGAN),2700.00,ONLINE,5202,BACELOR,30-39,36.0
2025,MBTN24477,36,INDIA,MALE,BEKERJA SEPENUH MASA,INFINEON TECHNOLOGIES (KULIM) SDN BHD,MANUFACTURING,PULAU PINANG,529,BACELOR EKSEKUTIF TEKNOLOGI KEJURUTERAAN INDUSTRI,2500.00,ONLINE,5147,BACELOR,30-39,36.0
2025,HMPB24494,36,MELAYU,MALE,BEKERJA SEPENUH MASA,SUNSURIA BERHAD,"PROFESSIONAL, SCIENTIFIC, AND TECHNICAL ACTIVITIES",KELANTAN,488,MASTER EKSEKUTIF PENGURUSAN PERNIAGAAN,3050.00,ONLINE,7750,MASTER,30-39,36.0
2025,WBPN244121,35,MELAYU,MALE,BEKERJA SEPENUH MASA,TREKKERS LODGE SDN BHD,"PROFESSIONAL, SCIENTIFIC, AND TECHNICAL ACTIVITIES",SABAH,432,BACELOR EKSEKUTIF PENGURUSAN PERNIAGAAN (PENGURUSAN SUMBER MANUSIA),3200.00,ONLINE,5301,BACELOR,30-39,35.0
2025,WBPN24475,35,INDIA,FEMALE,BEKERJA SEPARA MASA,STANDARD CHARTERED BANK,"PROFESSIONAL, SCIENTIFIC, AND TECHNICAL ACTIVITIES",SELANGOR,432,BACELOR EKSEKUTIF PENGURUSAN PERNIAGAAN (PENGURUSAN SUMBER MANUSIA),4000.00,ONLINE,4537,BACELOR,30-39,35.0
2025,WBPN24408,35,BUGIS,MALE,BEKERJA SEPENUH MASA,IOI PLANTATIONS SERVICES SDN BHD,"PROFESSIONAL, SCIENTIFIC, AND TECHNICAL ACTIVITIES",SABAH,434,BACELOR EKSEKUTIF PENGURUSAN PERNIAGAAN (PENGURUSAN PERLADANGAN),4100.00,ONLINE,5430,BACELOR,30-39,35.0
2025,UBLK23497,35,MELAYU,MALE,BEKERJA SEPENUH MASA,BASF PETRONAS CHEMICALS SDN. BHD.,OTHER,TERENGGANU,551,BACELOR EKSEKUTIF TEKNOLOGI LOJI PROSES KIMIA,5000.00,ONLINE,5458,BACELOR,30-39,35.0
2025,WMPK24499,35,CANTONESE,MALE,BEKERJA SEPENUH MASA,COCA COLA REFRESHMENT MALAYSIA SDN. BHD.,"PROFESSIONAL, SCIENTIFIC, AND TECHNICAL ACTIVITIES",SARAWAK,341,MASTER EKSEKUTIF PENGURUSAN KORPORAT,6000.00,ONLINE,8339,MASTER,30-39,35.0
2025,WBPN24452,35,INDIA,FEMALE,BEKERJA SEPENUH MASA,CTE LINKS SDN BHD,"PROFESSIONAL, SCIENTIFIC, AND TECHNICAL ACTIVITIES",SELANGOR,431,BACELOR EKSEKUTIF PENGURUSAN PERNIAGAAN (PENGURUSAN OPERASI),5200.00,ONLINE,5033,BACELOR,30-39,35.0
2025,UDMPB24408,35,MELAYU,MALE,BEKERJA SEPENUH MASA,MAMARIAM SDN BHD,"PROFESSIONAL, SCIENTIFIC, AND TECHNICAL ACTIVITIES",TERENGGANU,340,MASTER EKSEKUTIF PENGURUSAN PERNIAGAAN,30000.00,ONLINE,8928,MASTER,30-39,35.0
2025,HDGT24493,35,IBAN/SEA DAYAK -SARAWAK,MALE,BEKERJA SEPENUH MASA,HHA ASSOCIATES,MINING AND QUARRYING,SARAWAK,351,DIPLOMA PROFESIONAL TEKNOLOGI DAN PENGURUSAN MINYAK & GAS,8000.00,ONLINE,2205,DIPLOMA,30-39,35.0
2025,WBPN24416,35,MELAYU,MALE,BEKERJA/USAHAWAN/FREELANCE,NOT SPECIFIED,"PROFESSIONAL, SCIENTIFIC, AND TECHNICAL ACTIVITIES",TERENGGANU,431,BACELOR EKSEKUTIF PENGURUSAN PERNIAGAAN (PENGURUSAN OPERASI),NOT SPECIFIED,ONLINE,4652,BACELOR,30-39,35.0
2025,WBPN24499,35,DUSUN-SABAH,FEMALE,BEKERJA SEPENUH MASA,L’OCCITANE MALAYSIA SDN BHD,"PROFESSIONAL, SCIENTIFIC, AND TECHNICAL ACTIVITIES",SABAH,431,BACELOR EKSEKUTIF PENGURUSAN PERNIAGAAN (PENGURUSAN OPERASI),3340.00,ONLINE,5892,BACELOR,30-39,35.0
2025,WMPK24494,35,INDIA,MALE,BEKERJA SEPENUH MASA,LEOCH BATTERY SDN BHD,"PROFESSIONAL, SCIENTIFIC, AND TECHNICAL ACTIVITIES",SELANGOR,341,MASTER EKSEKUTIF PENGURUSAN KORPORAT,4800.00,ONLINE,7507,MASTER,30-39,35.0
2025,WBPN24460,35,MELAYU,MALE,BEKERJA SEPENUH MASA,DAVID ALLAN SAGAH & TENG ADVOCATES,"PROFESSIONAL, SCIENTIFIC, AND TECHNICAL ACTIVITIES",SARAWAK,431,BACELOR EKSEKUTIF PENGURUSAN PERNIAGAAN (PENGURUSAN OPERASI),2200.00,ONLINE,5413,BACELOR,30-39,35.0
2025,HDPM24497,35,MELAYU,FEMALE,BEKERJA SEPENUH MASA,SHAZIMAN TRANSPORT SDN BHD,"PROFESSIONAL, SCIENTIFIC, AND TECHNICAL ACTIVITIES",SELANGOR,352,DIPLOMA PROFESIONAL OPERASI DAN PENGURUSAN PROJEK,3361.80,ONLINE,3099,DIPLOMA,30-39,35.0
2025,WDPB24489,35,CINA,FEMALE,BEKERJA SEPENUH MASA,BORNEO ROYALE HOTEL,"PROFESSIONAL, SCIENTIFIC, AND TECHNICAL ACTIVITIES",SABAH,382,DIPLOMA PROFESIONAL PENGURUSAN PERNIAGAAN & KEUSAHAWANAN,4000.00,ONLINE,3440,DIPLOMA,30-39,35.0
2025,WDPP24498,35,MELAYU,FEMALE,BEKERJA SEPENUH MASA,FUN HUT FOOD MFG SDN BHD,"PROFESSIONAL, SCIENTIFIC, AND TECHNICAL ACTIVITIES",JOHOR,357,DIPLOMA PROFESIONAL PENGURUSAN PERLADANGAN & TEKNOLOGI,2200.00,ONLINE,2558,DIPLOMA,30-39,35.0
2025,MMPN24499,35,IBAN/SEA DAYAK -SARAWAK,MALE,BEKERJA SEPENUH MASA,PETRONAS MALAYSIA LNG SDN. BHD.,MANUFACTURING,SARAWAK,379,MASTER EKSEKUTIF TEKNOLOGI KEJURUTERAAN INDUSTRI,5000.00,ONLINE,8066,MASTER,30-39,35.0
2025,WMPB24493,35,MELAYU,FEMALE,BEKERJA SEPENUH MASA,DAAIN RISK MANAGEMENT,"PROFESSIONAL, SCIENTIFIC, AND TECHNICAL ACTIVITIES",PAHANG,488,MASTER EKSEKUTIF PENGURUSAN PERNIAGAAN,2500.00,ONLINE,8353,MASTER,30-39,35.0
2025,WDPP24494,35,IBAN/SEA DAYAK -SARAWAK,MALE,BEKERJA SEPENUH MASA,"FGV SECURITY SERVICES SDN BHD,KAWASAN F-801 SAMPADI D/A PEJABAT FPISB SAMPADI,PETI SURAT NO.39,94507 LUNDU SARAWAK","PROFESSIONAL, SCIENTIFIC, AND TECHNICAL ACTIVITIES",SARAWAK,357,DIPLOMA PROFESIONAL PENGURUSAN PERLADANGAN & TEKNOLOGI,1900.00,ONLINE,3708,DIPLOMA,30-39,35.0
2025,WDPB24492,35,MELAYU,FEMALE,BEKERJA SEPENUH MASA,RADIUM GLOBAL SDN BHD,"PROFESSIONAL, SCIENTIFIC, AND TECHNICAL ACTIVITIES",SELANGOR,382,DIPLOMA PROFESIONAL PENGURUSAN PERNIAGAAN & KEUSAHAWANAN,6200.00,ONLINE,3155,DIPLOMA,30-39,35.0
2025,HBPM24487,35,MELAYU,MALE,BEKERJA SEPENUH MASA,GEOWELL SDN BHD,"PROFESSIONAL, SCIENTIFIC, AND TECHNICAL ACTIVITIES",TERENGGANU,388,BACELOR EKSEKUTIF OPERASI DAN PENGURUSAN PROJEK,5000.00,ONLINE,5964,BACELOR,30-39,35.0
2025,WBPN24411,34,INDIA,MALE,BEKERJA SEPENUH MASA,QES MECHATRONIC SDN BHD,MANUFACTURING,SELANGOR,435,BACELOR EKSEKUTIF PENGURUSAN PERNIAGAAN (PENGURUSAN KEJURUTERAAN),3000.00,ONLINE,5699,BACELOR,30-39,34.0
2025,WBPN244106,34,MELAYU,MALE,BEKERJA SEPENUH MASA,RISDA ESTATES SND BHD,"PROFESSIONAL, SCIENTIFIC, AND TECHNICAL ACTIVITIES",KEDAH,434,BACELOR EKSEKUTIF PENGURUSAN PERNIAGAAN (PENGURUSAN PERLADANGAN),4000.00,ONLINE,4852,BACELOR,30-39,34.0
2025,HDPG24490,34,MELAYU,MALE,BEKERJA SEPENUH MASA,LYNAS RARE EARTHS PTY LTD,MINING AND QUARRYING,PAHANG,411,DIPLOMA PROFESIONAL KAWALAN PROSES & TEKNOLOGI INSTRUMENTASI (PETROLEUM & GAS),8000.00,ONLINE,3480,DIPLOMA,30-39,34.0
2025,WBPN24493,34,MELAYU,MALE,BEKERJA SEPENUH MASA,TABUNG HAJI,"PROFESSIONAL, SCIENTIFIC, AND TECHNICAL ACTIVITIES",KUALA LUMPUR,431,BACELOR EKSEKUTIF PENGURUSAN PERNIAGAAN (PENGURUSAN OPERASI),3500.00,ONLINE,5102,BACELOR,30-39,34.0
2025,WDPP24492,34,MELAYU,MALE,BEKERJA SEPENUH MASA,KOPERASI PERMODALAN FELDA PLANTATION,"PROFESSIONAL, SCIENTIFIC, AND TECHNICAL ACTIVITIES",KELANTAN,357,DIPLOMA PROFESIONAL PENGURUSAN PERLADANGAN & TEKNOLOGI,3850.00,ONLINE,3222,DIPLOMA,30-39,34.0
2025,WBPN244127,34,BUGIS,MALE,BEKERJA SEPENUH MASA,KESM INDUSTRIES BERHAD,TRANSPORTATION AND STORAGE,SELANGOR,436,BACELOR EKSEKUTIF PENGURUSAN PERNIAGAAN (PENGURUSAN LOGISTIK & RANTAIAN BEKALAN),3400.00,ONLINE,4337,BACELOR,30-39,34.0
2025,UDMPB24414,34,INDIA,MALE,BEKERJA/USAHAWAN/FREELANCE,NOT SPECIFIED,"PROFESSIONAL, SCIENTIFIC, AND TECHNICAL ACTIVITIES",KUALA LUMPUR,340,MASTER EKSEKUTIF PENGURUSAN PERNIAGAAN,NOT SPECIFIED,ONLINE,8243,MASTER,30-39,34.0
2025,MBTN24484,34,MELAYU,MALE,BEKERJA SEPENUH MASA,INTEL ELECTRONICS SDN BHD,MANUFACTURING,KEDAH,529,BACELOR EKSEKUTIF TEKNOLOGI KEJURUTERAAN INDUSTRI,4000.00,ONLINE,4388,BACELOR,30-39,34.0
2025,FBTM24496,34,TAMIL,FEMALE,BEKERJA SEPENUH MASA,INTEL,MANUFACTURING,KEDAH,415,BACELOR EKSEKUTIF TEKNOLOGI MEKATRONIK,2500.00,ONLINE,5867,BACELOR,30-39,34.0
2025,WBPN244115,34,MELAYU,MALE,BEKERJA SEPENUH MASA,RISDA ESTATES SDN.BHD,"PROFESSIONAL, SCIENTIFIC, AND TECHNICAL ACTIVITIES",TERENGGANU,434,BACELOR EKSEKUTIF PENGURUSAN PERNIAGAAN (PENGURUSAN PERLADANGAN),3200.00,ONLINE,5994,BACELOR,30-39,34.0
2025,WDPB24499,34,MELAYU,MALE,BEKERJA SEPENUH MASA,MY E.G SERVICES BERHAD,"PROFESSIONAL, SCIENTIFIC, AND TECHNICAL ACTIVITIES",PUTRAJAYA,382,DIPLOMA PROFESIONAL PENGURUSAN PERNIAGAAN & KEUSAHAWANAN,3025.00,ONLINE,3157,DIPLOMA,30-39,34.0
2025,WBPN24453,34,INDIA,MALE,BEKERJA SEPENUH MASA,ATOS SERVICES (M) SDN BHD,"PROFESSIONAL, SCIENTIFIC, AND TECHNICAL ACTIVITIES",SELANGOR,431,BACELOR EKSEKUTIF PENGURUSAN PERNIAGAAN (PENGURUSAN OPERASI),3600.00,ONLINE,4575,BACELOR,30-39,34.0
2025,MBTN24473,34,MELAYU,MALE,BEKERJA SEPENUH MASA,GLOBALFOUNDRIES MALAYSIA,MANUFACTURING,KEDAH,529,BACELOR EKSEKUTIF TEKNOLOGI KEJURUTERAAN INDUSTRI,4700.00,ONLINE,4274,BACELOR,30-39,34.0
2025,HBPM24480,34,MELAYU,MALE,BEKERJA SEPENUH MASA,SCHEINEN SDN BHD,"PROFESSIONAL, SCIENTIFIC, AND TECHNICAL ACTIVITIES",PAHANG,388,BACELOR EKSEKUTIF OPERASI DAN PENGURUSAN PROJEK,4000.00,ONLINE,5132,BACELOR,30-39,34.0
2025,WBPN24402,34,MELAYU,MALE,BEKERJA SEPENUH MASA,KOPERASI RAKYAT BR2.0 MALAYSIA BERHAD,"PROFESSIONAL, SCIENTIFIC, AND TECHNICAL ACTIVITIES",SELANGOR,431,BACELOR EKSEKUTIF PENGURUSAN PERNIAGAAN (PENGURUSAN OPERASI),6000.00,ONLINE,5422,BACELOR,30-39,34.0
2025,WBPN244117,34,MELAYU,MALE,BEKERJA SEPENUH MASA,RISDA ESTATE SDN BHD,"PROFESSIONAL, SCIENTIFIC, AND TECHNICAL ACTIVITIES",PERAK,434,BACELOR EKSEKUTIF PENGURUSAN PERNIAGAAN (PENGURUSAN PERLADANGAN),3240.00,ONLINE,5936,BACELOR,30-39,34.0
2025,WBPN24483,33,TAMIL,MALE,BEKERJA SEPENUH MASA,BABA PRODUCTS (M) SDN BHD,"PROFESSIONAL, SCIENTIFIC, AND TECHNICAL ACTIVITIES",NEGERI SEMBILAN,431,BACELOR EKSEKUTIF PENGURUSAN PERNIAGAAN (PENGURUSAN OPERASI),7000.00,ONLINE,4761,BACELOR,30-39,33.0
2025,UDKE24499,33,MELAYU,MALE,BEKERJA SEPENUH MASA,SEA ASIA PACIFIC SDN BHD,MANUFACTURING,PULAU PINANG,557,DIPLOMA PROFESIONAL TEKNOLOGI KEJURUTERAAN ELEKTRIK,3800.00,ONLINE,2496,DIPLOMA,30-39,33.0
2025,UDKE24498,33,MELAYU,MALE,BEKERJA SEPENUH MASA,SEA ASIA PACIFIC SDN BHD,MANUFACTURING,PULAU PINANG,557,DIPLOMA PROFESIONAL TEKNOLOGI KEJURUTERAAN ELEKTRIK,3300.00,ONLINE,3488,DIPLOMA,30-39,33.0
2025,WBPN24455,33,MELANAU-SARAWAK,FEMALE,BEKERJA SEPENUH MASA,BINTULU PORT HOLDINGS BERHAD,TRANSPORTATION AND STORAGE,SARAWAK,436,BACELOR EKSEKUTIF PENGURUSAN PERNIAGAAN (PENGURUSAN LOGISTIK & RANTAIAN BEKALAN),2439.35,ONLINE,4974,BACELOR,30-39,33.0
2025,MBTN24480,33,MELAYU,MALE,BEKERJA SEPENUH MASA,AT&S AUSTRIA TECHNOLOGIE & SYSTEMTECHNIK (MALAYSIA) SDN. BHD,MANUFACTURING,KEDAH,529,BACELOR EKSEKUTIF TEKNOLOGI KEJURUTERAAN INDUSTRI,4700.00,ONLINE,5506,BACELOR,30-39,33.0
2025,WBPN24431,33,TAMIL,MALE,BEKERJA SEPENUH MASA,HEINEKEN MALAYSIA BERHAD,TRANSPORTATION AND STORAGE,KUALA LUMPUR,436,BACELOR EKSEKUTIF PENGURUSAN PERNIAGAAN (PENGURUSAN LOGISTIK & RANTAIAN BEKALAN),4000.00,ONLINE,5165,BACELOR,30-39,33.0
2025,WBPN24443,33,MELAYU,MALE,BEKERJA SEPENUH MASA,ZINCALU DIECASTING,"PROFESSIONAL, SCIENTIFIC, AND TECHNICAL ACTIVITIES",SELANGOR,433,BACELOR EKSEKUTIF PENGURUSAN PERNIAGAAN (OPERASI INDUSTRI),4500.00,ONLINE,5548,BACELOR,30-39,33.0
2025,UDMPB24404,33,MELAYU,MALE,BEKERJA/USAHAWAN/FREELANCE,NOT SPECIFIED,"PROFESSIONAL, SCIENTIFIC, AND TECHNICAL ACTIVITIES",SELANGOR,340,MASTER EKSEKUTIF PENGURUSAN PERNIAGAAN,NOT SPECIFIED,ONLINE,7983,MASTER,30-39,33.0
2025,WBPN244128,33,MELAYU,MALE,BEKERJA SEPENUH MASA,LEMBAGA TABUNG HAJI,"PROFESSIONAL, SCIENTIFIC, AND TECHNICAL ACTIVITIES",TERENGGANU,431,BACELOR EKSEKUTIF PENGURUSAN PERNIAGAAN (PENGURUSAN OPERASI),5000.00,ONLINE,5022,BACELOR,30-39,33.0
2025,WBPN244114,33,MELAYU,MALE,BEKERJA SEPENUH MASA,RISDA ESTATE,"PROFESSIONAL, SCIENTIFIC, AND TECHNICAL ACTIVITIES",PAHANG,434,BACELOR EKSEKUTIF PENGURUSAN PERNIAGAAN (PENGURUSAN PERLADANGAN),2000.00,ONLINE,5974,BACELOR,30-39,33.0
2025,WMPK24491,33,DUSUN-SABAH,FEMALE,BEKERJA SEPENUH MASA,EUROPEAN WELLNESS KUALA LUMPUR,"PROFESSIONAL, SCIENTIFIC, AND TECHNICAL ACTIVITIES",SABAH,341,MASTER EKSEKUTIF PENGURUSAN KORPORAT,5700.00,ONLINE,7823,MASTER,30-39,33.0
2025,WDPB24487,33,MELAYU,FEMALE,BEKERJA SEPENUH MASA,PUBLIC BANK BERHAD,"PROFESSIONAL, SCIENTIFIC, AND TECHNICAL ACTIVITIES",LABUAN,382,DIPLOMA PROFESIONAL PENGURUSAN PERNIAGAAN & KEUSAHAWANAN,4500.00,ONLINE,3398,DIPLOMA,30-39,33.0
2025,HBPM24498,33,INDIA,MALE,BEKERJA/USAHAWAN/FREELANCE,NOT SPECIFIED,"PROFESSIONAL, SCIENTIFIC, AND TECHNICAL ACTIVITIES",SELANGOR,388,BACELOR EKSEKUTIF OPERASI DAN PENGURUSAN PROJEK,NOT SPECIFIED,ONLINE,4126,BACELOR,30-39,33.0
2025,HMKP24492,33,INDIA,MALE,BEKERJA SEPENUH MASA,PELANGI TELITI,OTHER,NEGERI SEMBILAN,380,"MASTER EKSEKUTIF KESELAMATAN, KESIHATAN DAN PERSEKITARAN",5000.00,ONLINE,8787,MASTER,30-39,33.0
2025,WBPN24450,32,INDIA,FEMALE,BEKERJA SEPENUH MASA,ZURICH LIFE INSURANCE,"PROFESSIONAL, SCIENTIFIC, AND TECHNICAL ACTIVITIES",PERAK,431,BACELOR EKSEKUTIF PENGURUSAN PERNIAGAAN (PENGURUSAN OPERASI),3000.00,ONLINE,4972,BACELOR,30-39,32.0
2025,WBPN24480,32,CINA,FEMALE,BEKERJA SEPENUH MASA,TEMASEK YAKIN SDN BHD,"PROFESSIONAL, SCIENTIFIC, AND TECHNICAL ACTIVITIES",SARAWAK,432,BACELOR EKSEKUTIF PENGURUSAN PERNIAGAAN (PENGURUSAN SUMBER MANUSIA),2000.00,ONLINE,5565,BACELOR,30-39,32.0
2025,HMKP24495,32,MELAYU,MALE,BEKERJA SEPENUH MASA,SUNWAY PRECAST INDUSTRIES SDN BHD,OTHER,KUALA LUMPUR,380,"MASTER EKSEKUTIF KESELAMATAN, KESIHATAN DAN PERSEKITARAN",4000.00,ONLINE,7359,MASTER,30-39,32.0
2025,UFMOL23106,32,MELAYU,MALE,BEKERJA/USAHAWAN/FREELANCE,NOT SPECIFIED,"PROFESSIONAL, SCIENTIFIC, AND TECHNICAL ACTIVITIES",KELANTAN,485,MASTER EKSEKUTIF OPERASI DAN PENYELENGGARAAN LOJI PROSES,NOT SPECIFIED,ONLINE,8281,MASTER,30-39,32.0
2025,MBTN24498,32,CINA,MALE,BEKERJA SEPENUH MASA,BAKER HUGHES,MANUFACTURING,SARAWAK,529,BACELOR EKSEKUTIF TEKNOLOGI KEJURUTERAAN INDUSTRI,20000.00,ONLINE,4850,BACELOR,30-39,32.0
2025,WDPS24490,32,BAJAU - SABAH,MALE,BEKERJA SEPENUH MASA,FELDA GLOBAL VENTURES PALM INDUSTRIES SDN BHD,"PROFESSIONAL, SCIENTIFIC, AND TECHNICAL ACTIVITIES",SABAH,370,DIPLOMA PROFESIONAL PENGURUSAN SUMBER MANUSIA,1930.00,ONLINE,3504,DIPLOMA,30-39,32.0
2025,HMPM24496,32,IBAN/SEA DAYAK -SARAWAK,FEMALE,BEKERJA/USAHAWAN/FREELANCE,NOT SPECIFIED,"PROFESSIONAL, SCIENTIFIC, AND TECHNICAL ACTIVITIES",SARAWAK,348,MASTER EKSEKUTIF OPERASI DAN PENGURUSAN PROJEK,NOT SPECIFIED,ONLINE,7177,MASTER,30-39,32.0
2025,WBPN244113,32,MELAYU,MALE,BEKERJA SEPENUH MASA,RISDA ESTATES SDN.BHD,"PROFESSIONAL, SCIENTIFIC, AND TECHNICAL ACTIVITIES",PERAK,434,BACELOR EKSEKUTIF PENGURUSAN PERNIAGAAN (PENGURUSAN PERLADANGAN),2000.00,ONLINE,5720,BACELOR,30-39,32.0
2025,WBPN244119,32,MELAYU,MALE,BEKERJA SEPENUH MASA,RISDA ESTATES SDN BHD,"PROFESSIONAL, SCIENTIFIC, AND TECHNICAL ACTIVITIES",JOHOR,434,BACELOR EKSEKUTIF PENGURUSAN PERNIAGAAN (PENGURUSAN PERLADANGAN),3000.00,ONLINE,4688,BACELOR,30-39,32.0
2025,WBPN24429,32,TAMIL,MALE,BEKERJA SEPENUH MASA,HEINEKEN MALAYSIA,TRANSPORTATION AND STORAGE,SELANGOR,436,BACELOR EKSEKUTIF PENGURUSAN PERNIAGAAN (PENGURUSAN LOGISTIK & RANTAIAN BEKALAN),5020.00,ONLINE,4926,BACELOR,30-39,32.0
2025,WBPN24472,32,MELAYU,MALE,BEKERJA SEPENUH MASA,SARAWAK ENERGY BERHAD,MANUFACTURING,SARAWAK,435,BACELOR EKSEKUTIF PENGURUSAN PERNIAGAAN (PENGURUSAN KEJURUTERAAN),2500.00,ONLINE,5064,BACELOR,30-39,32.0
2025,MBTN24495,32,INDIA,MALE,BEKERJA SEPENUH MASA,VANDERLANDE INDUSTRIES,MANUFACTURING,NEGERI SEMBILAN,529,BACELOR EKSEKUTIF TEKNOLOGI KEJURUTERAAN INDUSTRI,3500.00,ONLINE,5633,BACELOR,30-39,32.0
2025,WDPP24493,31,MELAYU,MALE,BEKERJA SEPENUH MASA,CAHAYA IKHTIAR SDN BHD,"PROFESSIONAL, SCIENTIFIC, AND TECHNICAL ACTIVITIES",TERENGGANU,357,DIPLOMA PROFESIONAL PENGURUSAN PERLADANGAN & TEKNOLOGI,2300.00,ONLINE,3121,DIPLOMA,30-39,31.0
2025,MBTN24460,31,MELAYU,MALE,BEKERJA SEPENUH MASA,DUTCH LADY MILK INDUSTRIES BERHAD,MANUFACTURING,NEGERI SEMBILAN,529,BACELOR EKSEKUTIF TEKNOLOGI KEJURUTERAAN INDUSTRI,3000.00,ONLINE,5847,BACELOR,30-39,31.0
2025,HMPM24493,31,IBAN/SEA DAYAK -SARAWAK,MALE,BEKERJA SEPENUH MASA,EXXONMOBIL ASIA PACIFIC PTE. LTD,"PROFESSIONAL, SCIENTIFIC, AND TECHNICAL ACTIVITIES",SARAWAK,348,MASTER EKSEKUTIF OPERASI DAN PENGURUSAN PROJEK,29258.76,ONLINE,8200,MASTER,30-39,31.0
2025,UDMPB24405,31,MELAYU,FEMALE,BEKERJA/USAHAWAN/FREELANCE,NOT SPECIFIED,"PROFESSIONAL, SCIENTIFIC, AND TECHNICAL ACTIVITIES",SELANGOR,340,MASTER EKSEKUTIF PENGURUSAN PERNIAGAAN,NOT SPECIFIED,ONLINE,8383,MASTER,30-39,31.0
2025,WDPP24496,31,INDIA,MALE,BEKERJA SEPENUH MASA,UNITED PLANTATION BERHAD,"PROFESSIONAL, SCIENTIFIC, AND TECHNICAL ACTIVITIES",PERAK,357,DIPLOMA PROFESIONAL PENGURUSAN PERLADANGAN & TEKNOLOGI,2800.00,ONLINE,3423,DIPLOMA,30-39,31.0
2025,MBTN24496,31,MELAYU,MALE,BEKERJA SEPENUH MASA,DUTCH LADY INDUSTRIES BERHAD,MANUFACTURING,NEGERI SEMBILAN,529,BACELOR EKSEKUTIF TEKNOLOGI KEJURUTERAAN INDUSTRI,4000.00,ONLINE,4951,BACELOR,30-39,31.0
2025,WBPN24459,31,MELAYU,MALE,BEKERJA SEPENUH MASA,CERTIS CISCO AVIATION SECURITY PTE. LTD.,"PROFESSIONAL, SCIENTIFIC, AND TECHNICAL ACTIVITIES",JOHOR,431,BACELOR EKSEKUTIF PENGURUSAN PERNIAGAAN (PENGURUSAN OPERASI),2500.00,ONLINE,4789,BACELOR,30-39,31.0
2025,WDPS24499,31,MELAYU,FEMALE,BEKERJA SEPENUH MASA,KJ PROPERTY MANAGEMENT,"PROFESSIONAL, SCIENTIFIC, AND TECHNICAL ACTIVITIES",MELAKA,370,DIPLOMA PROFESIONAL PENGURUSAN SUMBER MANUSIA,2500.00,ONLINE,3403,DIPLOMA,30-39,31.0
2025,UFMOL23303,31,INDIA,MALE,BEKERJA SEPENUH MASA,NESTE SINGAPORE,"PROFESSIONAL, SCIENTIFIC, AND TECHNICAL ACTIVITIES",JOHOR,485,MASTER EKSEKUTIF OPERASI DAN PENYELENGGARAAN LOJI PROSES,5000.00,ONLINE,8832,MASTER,30-39,31.0
2025,WBPN24449,31,TELEGU,MALE,BEKERJA SEPENUH MASA,HSBC MALAYSIA,"PROFESSIONAL, SCIENTIFIC, AND TECHNICAL ACTIVITIES",PERAK,431,BACELOR EKSEKUTIF PENGURUSAN PERNIAGAAN (PENGURUSAN OPERASI),5000.00,ONLINE,5992,BACELOR,30-39,31.0
2025,WBPN24456,31,MELAYU,FEMALE,BEKERJA SEPENUH MASA,BINTULU PORT HOLDINGS BERHAD,TRANSPORTATION AND STORAGE,SARAWAK,436,BACELOR EKSEKUTIF PENGURUSAN PERNIAGAAN (PENGURUSAN LOGISTIK & RANTAIAN BEKALAN),3450.00,ONLINE,5480,BACELOR,30-39,31.0
2025,UFMOL24498,31,MELAYU,MALE,BEKERJA SEPENUH MASA,PETROSEAL ENGINEERING SDN BHD,"PROFESSIONAL, SCIENTIFIC, AND TECHNICAL ACTIVITIES",TERENGGANU,485,MASTER EKSEKUTIF OPERASI DAN PENYELENGGARAAN LOJI PROSES,4000.00,ONLINE,7562,MASTER,30-39,31.0
2025,HMKN24494,31,MELAYU,MALE,BEKERJA SEPENUH MASA,BHS INTERGRATED SOLUTION SDN BHD (MY),MANUFACTURING,JOHOR,396,MASTER EKSEKUTIF PENGURUSAN KEJURUTERAAN PEMBINAAN,8200.00,ONLINE,7877,MASTER,30-39,31.0
2025,UBLK23490,30,MELAYU,MALE,BEKERJA SEPENUH MASA,BASF PETRONAS CHEMICALS,OTHER,TERENGGANU,551,BACELOR EKSEKUTIF TEKNOLOGI LOJI PROSES KIMIA,6000.00,ONLINE,4184,BACELOR,30-39,30.0
2025,HMKP24498,30,INDIA,MALE,BEKERJA SEPENUH MASA,GAMUDA LAND LEISURE,OTHER,NEGERI SEMBILAN,380,"MASTER EKSEKUTIF KESELAMATAN, KESIHATAN DAN PERSEKITARAN",10000.00,ONLINE,7307,MASTER,30-39,30.0
2025,WBPN244125,30,CINA,MALE,BEKERJA SEPENUH MASA,SEAGATE,MANUFACTURING,JOHOR,435,BACELOR EKSEKUTIF PENGURUSAN PERNIAGAAN (PENGURUSAN KEJURUTERAAN),1000.00,ONLINE,4200,BACELOR,30-39,30.0
2025,HDPG24492,30,MELAYU,MALE,BEKERJA SEPENUH MASA,IRON FLEX SDN.BHD,MINING AND QUARRYING,TERENGGANU,411,DIPLOMA PROFESIONAL KAWALAN PROSES & TEKNOLOGI INSTRUMENTASI (PETROLEUM & GAS),2400.00,ONLINE,3387,DIPLOMA,30-39,30.0
2025,HBPR24498,30,MELAYU,MALE,BEKERJA SEPENUH MASA,G5 PETROLEUM SDN BHD,MINING AND QUARRYING,SELANGOR,373,BACELOR EKSEKUTIF PENGURUSAN PROJEK (PETROLEUM & GAS),2500.00,ONLINE,4837,BACELOR,30-39,30.0
2025,UDMPB24412,30,CINA,MALE,BEKERJA SEPENUH MASA,MAXLAND REAL ESTATE AGENCY SDN BHD,"PROFESSIONAL, SCIENTIFIC, AND TECHNICAL ACTIVITIES",SELANGOR,340,MASTER EKSEKUTIF PENGURUSAN PERNIAGAAN,13000.00,ONLINE,8761,MASTER,30-39,30.0
2025,HBPM24491,30,MELAYU,FEMALE,BEKERJA SEPENUH MASA,MB WORLD GROUP,"PROFESSIONAL, SCIENTIFIC, AND TECHNICAL ACTIVITIES",JOHOR,388,BACELOR EKSEKUTIF OPERASI DAN PENGURUSAN PROJEK,1859.00,ONLINE,5193,BACELOR,30-39,30.0
2025,FBTM24490,29,INDIA,MALE,BEKERJA SEPENUH MASA,SITA INFORMATION NETWORKING COMPUTING (ASIA PACIFIC) PTE LTD,MANUFACTURING,PERAK,415,BACELOR EKSEKUTIF TEKNOLOGI MEKATRONIK,6500.00,ONLINE,4826,BACELOR,<29,29.0
2025,MBTN24456,29,INDIA,MALE,BEKERJA SEPENUH MASA,JABIL CIRCUIT BAYAN LEPAS,MANUFACTURING,PULAU PINANG,529,BACELOR EKSEKUTIF TEKNOLOGI KEJURUTERAAN INDUSTRI,3000.00,ONLINE,4601,BACELOR,<29,29.0
2025,WBPN24430,29,INDIA,FEMALE,BEKERJA SEPENUH MASA,KASE SDN BHD,TRANSPORTATION AND STORAGE,KEDAH,436,BACELOR EKSEKUTIF PENGURUSAN PERNIAGAAN (PENGURUSAN LOGISTIK & RANTAIAN BEKALAN),3000.00,ONLINE,5145,BACELOR,<29,29.0
2025,MBTN24483,29,INDIA,MALE,BEKERJA SEPENUH MASA,TF AMD MICROELECTRONICS,MANUFACTURING,PULAU PINANG,529,BACELOR EKSEKUTIF TEKNOLOGI KEJURUTERAAN INDUSTRI,3400.00,ONLINE,5426,BACELOR,<29,29.0
2025,UDKE24495,29,MELAYU,MALE,BEKERJA SEPARA MASA,LEO PUMP ENGINEERING,MANUFACTURING,SELANGOR,557,DIPLOMA PROFESIONAL TEKNOLOGI KEJURUTERAAN ELEKTRIK,4000.00,ONLINE,2410,DIPLOMA,<29,29.0
2025,HDGT24492,29,KELABIT-SARAWAK,MALE,BEKERJA/USAHAWAN/FREELANCE,NOT SPECIFIED,MINING AND QUARRYING,SARAWAK,351,DIPLOMA PROFESIONAL TEKNOLOGI DAN PENGURUSAN MINYAK & GAS,NOT SPECIFIED,ONLINE,2895,DIPLOMA,<29,29.0
2025,MBTN24486,29,TAMIL,MALE,BEKERJA SEPENUH MASA,INFINEON,MANUFACTURING,KEDAH,529,BACELOR EKSEKUTIF TEKNOLOGI KEJURUTERAAN INDUSTRI,3000.00,ONLINE,5176,BACELOR,<29,29.0
2025,HBSC24498,29,IBAN/SEA DAYAK -SARAWAK,MALE,BEKERJA SEPENUH MASA,MILAHA ( QATAR NAVIGATION Q.P.S.C.),TRANSPORTATION AND STORAGE,SARAWAK,413,BACELOR EKSEKUTIF PENGURUSAN RANTAIAN BEKALAN,5000.00,ONLINE,5506,BACELOR,<29,29.0
2025,WBPN244123,29,INDIA,FEMALE,BEKERJA SEPENUH MASA,MANPOWER,"PROFESSIONAL, SCIENTIFIC, AND TECHNICAL ACTIVITIES",NEGERI SEMBILAN,432,BACELOR EKSEKUTIF PENGURUSAN PERNIAGAAN (PENGURUSAN SUMBER MANUSIA),4500.00,ONLINE,4423,BACELOR,<29,29.0
2025,MBTN24457,29,MELAYU,MALE,BEKERJA SEPENUH MASA,TESSOLVE SEMICONDUCTOR,MANUFACTURING,PULAU PINANG,529,BACELOR EKSEKUTIF TEKNOLOGI KEJURUTERAAN INDUSTRI,3700.00,ONLINE,4144,BACELOR,<29,29.0
2025,MBTN24479,29,BISAYA-SARAWAK,FEMALE,BEKERJA SEPENUH MASA,GENNEX TECHNOLOGY SDN BHD,MANUFACTURING,PULAU PINANG,529,BACELOR EKSEKUTIF TEKNOLOGI KEJURUTERAAN INDUSTRI,3500.00,ONLINE,4662,BACELOR,<29,29.0
2025,FBTM24493,29,TAMIL,MALE,BEKERJA SEPENUH MASA,SKYWORKS GLOBAL PTE LTD,MANUFACTURING,PULAU PINANG,415,BACELOR EKSEKUTIF TEKNOLOGI MEKATRONIK,6000.00,ONLINE,4032,BACELOR,<29,29.0
2025,MBTN24485,29,MELAYU,MALE,BEKERJA SEPENUH MASA,AT&S AUSTRIA TECHNOLOGIE & SYSTEMTECHNIK (MALAYSIA) SDN BHD,MANUFACTURING,KEDAH,529,BACELOR EKSEKUTIF TEKNOLOGI KEJURUTERAAN INDUSTRI,3300.00,ONLINE,5062,BACELOR,<29,29.0
2025,FBTM24491,29,INDIA,MALE,BEKERJA SEPENUH MASA,MUST TECHNOLOGY,MANUFACTURING,PULAU PINANG,415,BACELOR EKSEKUTIF TEKNOLOGI MEKATRONIK,6000.00,ONLINE,4582,BACELOR,<29,29.0
2025,FBTM24492,29,TAMIL,MALE,BEKERJA SEPENUH MASA,SITA,MANUFACTURING,PERAK,415,BACELOR EKSEKUTIF TEKNOLOGI MEKATRONIK,7000.00,ONLINE,4004,BACELOR,<29,29.0
2025,HMPB24492,29,MELAYU,FEMALE,BEKERJA SEPENUH MASA,RICH COMM SDN BHD,"PROFESSIONAL, SCIENTIFIC, AND TECHNICAL ACTIVITIES",SARAWAK,488,MASTER EKSEKUTIF PENGURUSAN PERNIAGAAN,2500.00,ONLINE,7676,MASTER,<29,29.0
2025,WBPN244109,28,MELAYU,FEMALE,BEKERJA SEPENUH MASA,BOID GLOBAL SDN BHD,"PROFESSIONAL, SCIENTIFIC, AND TECHNICAL ACTIVITIES",JOHOR,431,BACELOR EKSEKUTIF PENGURUSAN PERNIAGAAN (PENGURUSAN OPERASI),2750.00,ONLINE,4205,BACELOR,<29,28.0
2025,WBPN24445,28,INDIA,FEMALE,BEKERJA SEPENUH MASA,ARA DAMANSARA MEDICAL CENTRE,"PROFESSIONAL, SCIENTIFIC, AND TECHNICAL ACTIVITIES",SELANGOR,432,BACELOR EKSEKUTIF PENGURUSAN PERNIAGAAN (PENGURUSAN SUMBER MANUSIA),3000.00,ONLINE,4139,BACELOR,<29,28.0
2025,WBPN23312,28,INDIA,FEMALE,BEKERJA SEPENUH MASA,PARAMOUNT BOUNTY SDN BHD,"PROFESSIONAL, SCIENTIFIC, AND TECHNICAL ACTIVITIES",SELANGOR,432,BACELOR EKSEKUTIF PENGURUSAN PERNIAGAAN (PENGURUSAN SUMBER MANUSIA),3000.00,ONLINE,4041,BACELOR,<29,28.0
2025,MBTN24482,28,MELAYU,MALE,BEKERJA SEPARA MASA,"AT&S KULIM, KEDAH",MANUFACTURING,KEDAH,529,BACELOR EKSEKUTIF TEKNOLOGI KEJURUTERAAN INDUSTRI,3393.00,ONLINE,4127,BACELOR,<29,28.0
2025,FBTM24497,28,MELAYU,FEMALE,BEKERJA SEPENUH MASA,INTEL TECHNOLOGY SDN BHD,MANUFACTURING,KEDAH,415,BACELOR EKSEKUTIF TEKNOLOGI MEKATRONIK,2700.00,ONLINE,5098,BACELOR,<29,28.0
2025,MBTN24462,28,MELAYU,MALE,BEKERJA SEPENUH MASA,AT&S SDN BHD,MANUFACTURING,KEDAH,529,BACELOR EKSEKUTIF TEKNOLOGI KEJURUTERAAN INDUSTRI,3598.00,ONLINE,5779,BACELOR,<29,28.0
2025,FBTM24495,28,INDIA,FEMALE,BEKERJA SEPENUH MASA,INTEL,MANUFACTURING,KEDAH,415,BACELOR EKSEKUTIF TEKNOLOGI MEKATRONIK,3000.00,ONLINE,4043,BACELOR,<29,28.0
2025,MBTN24466,28,MELAYU,MALE,BEKERJA SEPENUH MASA,INTEL FOUNDRIES,MANUFACTURING,KEDAH,529,BACELOR EKSEKUTIF TEKNOLOGI KEJURUTERAAN INDUSTRI,4000.00,ONLINE,5436,BACELOR,<29,28.0
2025,HMPB24489,28,MELAYU,MALE,BEKERJA SEPENUH MASA,ENETEK POWER GROUP PTE LTD,"PROFESSIONAL, SCIENTIFIC, AND TECHNICAL ACTIVITIES",JOHOR,488,MASTER EKSEKUTIF PENGURUSAN PERNIAGAAN,9000.00,ONLINE,7077,MASTER,<29,28.0
2025,WBPN24442,28,INDIA,MALE,BEKERJA SEPENUH MASA,ZINCALU CASTING SDN BHD,"PROFESSIONAL, SCIENTIFIC, AND TECHNICAL ACTIVITIES",SELANGOR,433,BACELOR EKSEKUTIF PENGURUSAN PERNIAGAAN (OPERASI INDUSTRI),3300.00,ONLINE,4424,BACELOR,<29,28.0
2025,MBTN24487,28,BISAYA-SARAWAK,FEMALE,BEKERJA SEPENUH MASA,DEXCOM MALAYSIA SDN BHD,MANUFACTURING,SARAWAK,529,BACELOR EKSEKUTIF TEKNOLOGI KEJURUTERAAN INDUSTRI,3500.00,ONLINE,4209,BACELOR,<29,28.0
2025,WBPN24494,28,INDIA,FEMALE,BEKERJA SEPENUH MASA,BRINK\'S SINGAPORE PTE LTD,TRANSPORTATION AND STORAGE,JOHOR,436,BACELOR EKSEKUTIF PENGURUSAN PERNIAGAAN (PENGURUSAN LOGISTIK & RANTAIAN BEKALAN),2000.00,ONLINE,4678,BACELOR,<29,28.0
2025,UDMPB24415,28,MELAYU,MALE,BEKERJA SEPENUH MASA,A.HARTRODT MALAYSIA SDN BHD,"PROFESSIONAL, SCIENTIFIC, AND TECHNICAL ACTIVITIES",TERENGGANU,340,MASTER EKSEKUTIF PENGURUSAN PERNIAGAAN,6500.00,ONLINE,7382,MASTER,<29,28.0
2025,MBTN24467,28,MELAYU,FEMALE,BEKERJA SEPENUH MASA,GLOBAL FOUNDRIES,MANUFACTURING,KEDAH,529,BACELOR EKSEKUTIF TEKNOLOGI KEJURUTERAAN INDUSTRI,4500.00,ONLINE,5088,BACELOR,<29,28.0
2025,HBKP24498,28,MELAYU,MALE,BEKERJA SEPENUH MASA,SIACON TECHNOLOGY SDN BHD,OTHER,JOHOR,383,"BACELOR EKSEKUTIF KESELAMATAN, KESIHATAN DAN PERSEKITARAN",5000.00,ONLINE,5944,BACELOR,<29,28.0
2025,FBTM24498,28,INDIA,MALE,BEKERJA SEPENUH MASA,UAC BERHAD,MANUFACTURING,PERAK,415,BACELOR EKSEKUTIF TEKNOLOGI MEKATRONIK,3000.00,ONLINE,5852,BACELOR,<29,28.0
2025,WBPN24477,27,BIDAYUH/LAND DAYAK - SARAWAK,MALE,BEKERJA SEPENUH MASA,NURATECH SDN BHD,"PROFESSIONAL, SCIENTIFIC, AND TECHNICAL ACTIVITIES",SARAWAK,431,BACELOR EKSEKUTIF PENGURUSAN PERNIAGAAN (PENGURUSAN OPERASI),4500.00,ONLINE,5652,BACELOR,<29,27.0
2025,MBTN24490,27,MELAYU,MALE,BEKERJA SEPENUH MASA,CELESTICA PLATFORM & CLOUD SOLUTIONS,MANUFACTURING,KEDAH,529,BACELOR EKSEKUTIF TEKNOLOGI KEJURUTERAAN INDUSTRI,3450.00,ONLINE,4024,BACELOR,<29,27.0
2025,WBPN244104,28,INDIA,FEMALE,BEKERJA SEPENUH MASA,STMICROELECTRONICS SDN BHD,"PROFESSIONAL, SCIENTIFIC, AND TECHNICAL ACTIVITIES",JOHOR,431,BACELOR EKSEKUTIF PENGURUSAN PERNIAGAAN (PENGURUSAN OPERASI),2000.00,ONLINE,4455,BACELOR,<29,28.0
2025,MBTN24458,27,MELAYU,MALE,BEKERJA SEPENUH MASA,NEXPERIA MALAYSIA,MANUFACTURING,NEGERI SEMBILAN,529,BACELOR EKSEKUTIF TEKNOLOGI KEJURUTERAAN INDUSTRI,2400.00,ONLINE,4802,BACELOR,<29,27.0
2025,HMKP24493,27,IBAN/SEA DAYAK -SARAWAK,MALE,BEKERJA SEPENUH MASA,MUSYATI SDN BHD,OTHER,SARAWAK,380,"MASTER EKSEKUTIF KESELAMATAN, KESIHATAN DAN PERSEKITARAN",4500.00,ONLINE,8254,MASTER,<29,27.0
2025,MBTN24464,27,TAMIL,MALE,BEKERJA SEPENUH MASA,GLOBAL FOUNDRIES MALAYSIA,MANUFACTURING,KEDAH,529,BACELOR EKSEKUTIF TEKNOLOGI KEJURUTERAAN INDUSTRI,4080.00,ONLINE,5708,BACELOR,<29,27.0
2025,WBPN24417,27,TAMIL,FEMALE,BEKERJA SEPENUH MASA,RUBBERFLEX SDN BHD,TRANSPORTATION AND STORAGE,PAHANG,436,BACELOR EKSEKUTIF PENGURUSAN PERNIAGAAN (PENGURUSAN LOGISTIK & RANTAIAN BEKALAN),2500.00,ONLINE,4639,BACELOR,<29,27.0
2025,WBPN24474,27,KAYAN-SARAWAK,FEMALE,BEKERJA/USAHAWAN/FREELANCE,NOT SPECIFIED,"PROFESSIONAL, SCIENTIFIC, AND TECHNICAL ACTIVITIES",SARAWAK,432,BACELOR EKSEKUTIF PENGURUSAN PERNIAGAAN (PENGURUSAN SUMBER MANUSIA),NOT SPECIFIED,ONLINE,5232,BACELOR,<29,27.0
2025,LDET22302,27,TAMIL,MALE,BEKERJA SEPENUH MASA,JABIL MALAYSIA,MANUFACTURING,PULAU PINANG,557,DIPLOMA PROFESIONAL TEKNOLOGI KEJURUTERAAN ELEKTRIK,5000.00,ONLINE,3062,DIPLOMA,<29,27.0
2025,MBTN24472,27,INDIA,MALE,BEKERJA SEPENUH MASA,FUJI ELECTRIC MALAYSIA,MANUFACTURING,KEDAH,529,BACELOR EKSEKUTIF TEKNOLOGI KEJURUTERAAN INDUSTRI,2840.00,ONLINE,5003,BACELOR,<29,27.0
2025,WBPN24414,27,INDIA,FEMALE,BEKERJA SEPENUH MASA,P&A SMART SOLUTION,"PROFESSIONAL, SCIENTIFIC, AND TECHNICAL ACTIVITIES",PULAU PINANG,432,BACELOR EKSEKUTIF PENGURUSAN PERNIAGAAN (PENGURUSAN SUMBER MANUSIA),3200.00,ONLINE,4501,BACELOR,<29,27.0
2025,MBTN24481,27,MELAYU,MALE,BEKERJA SEPENUH MASA,AT&S,MANUFACTURING,KEDAH,529,BACELOR EKSEKUTIF TEKNOLOGI KEJURUTERAAN INDUSTRI,3000.00,ONLINE,5901,BACELOR,<29,27.0
2025,HDPG24496,27,BAJAU - SABAH,MALE,BEKERJA SEPARA MASA,FUJI ELECTRIC E&C SDN BHD,MINING AND QUARRYING,SELANGOR,411,DIPLOMA PROFESIONAL KAWALAN PROSES & TEKNOLOGI INSTRUMENTASI (PETROLEUM & GAS),5500.00,ONLINE,2424,DIPLOMA,<29,27.0
2025,WBPN24473,26,MELAYU,MALE,BEKERJA SEPENUH MASA,BOSTON SCIENTIFIC MEDICAL DEVICES,"PROFESSIONAL, SCIENTIFIC, AND TECHNICAL ACTIVITIES",SELANGOR,433,BACELOR EKSEKUTIF PENGURUSAN PERNIAGAAN (OPERASI INDUSTRI),3500.00,ONLINE,5695,BACELOR,<29,26.0
2025,WBPN24481,26,MELAYU,MALE,BEKERJA SEPENUH MASA,SEDIA ENG WORK SDN.BHD.,MANUFACTURING,PERAK,435,BACELOR EKSEKUTIF PENGURUSAN PERNIAGAAN (PENGURUSAN KEJURUTERAAN),4200.00,ONLINE,5241,BACELOR,<29,26.0
2025,MBTN24471,26,MELAYU,MALE,BEKERJA SEPENUH MASA,AT&S AUSTRIA TECHNOLOGIE & SYSTEMTECHNIK (MALAYSIA) SDN. BHD,MANUFACTURING,KEDAH,529,BACELOR EKSEKUTIF TEKNOLOGI KEJURUTERAAN INDUSTRI,4800.00,ONLINE,4783,BACELOR,<29,26.0
2025,MBTN24492,26,TAMIL,MALE,BEKERJA SEPENUH MASA,COLLINS AEROSPACE,MANUFACTURING,PULAU PINANG,529,BACELOR EKSEKUTIF TEKNOLOGI KEJURUTERAAN INDUSTRI,3000.00,ONLINE,5258,BACELOR,<29,26.0
2025,WBPN24426,26,INDIA,FEMALE,BEKERJA SEPENUH MASA,VAT MANUFACTURING,MANUFACTURING,PULAU PINANG,435,BACELOR EKSEKUTIF PENGURUSAN PERNIAGAAN (PENGURUSAN KEJURUTERAAN),3100.00,ONLINE,5110,BACELOR,<29,26.0
2025,FBTM24488,26,MELAYU,MALE,BEKERJA SEPENUH MASA,TOSHIBA ELEVATOR SDN BHD,MANUFACTURING,PERAK,415,BACELOR EKSEKUTIF TEKNOLOGI MEKATRONIK,2200.00,ONLINE,5699,BACELOR,<29,26.0
2025,WBPN24469,26,KENYAH-SARAWAK,MALE,BEKERJA SEPENUH MASA,SARAWAK ENERGY BERHAD,"PROFESSIONAL, SCIENTIFIC, AND TECHNICAL ACTIVITIES",SARAWAK,431,BACELOR EKSEKUTIF PENGURUSAN PERNIAGAAN (PENGURUSAN OPERASI),4000.00,ONLINE,5359,BACELOR,<29,26.0
2025,HDKP24497,26,MELAYU,MALE,BEKERJA SEPENUH MASA,FGV PLANTATIONS (M) SDN BHD,OTHER,PAHANG,350,"DIPLOMA PROFESIONAL KESELAMATAN, KESIHATAN DAN PERSEKITARAN",1700.00,ONLINE,3744,DIPLOMA,<29,26.0
2025,MBTN24474,26,MELAYU,MALE,BEKERJA SEPENUH MASA,COLLINS AEROSPACE,MANUFACTURING,JOHOR,529,BACELOR EKSEKUTIF TEKNOLOGI KEJURUTERAAN INDUSTRI,3000.00,ONLINE,5053,BACELOR,<29,26.0
2025,MBTN24494,26,TELUGU,FEMALE,BEKERJA SEPENUH MASA,BCM ELECTRONICS MALAYSIA,MANUFACTURING,KEDAH,529,BACELOR EKSEKUTIF TEKNOLOGI KEJURUTERAAN INDUSTRI,2000.00,ONLINE,4376,BACELOR,<29,26.0
2025,WBPN24478,26,HAINANESE,MALE,BEKERJA SEPENUH MASA,JC CHANG SDN.BHD,"PROFESSIONAL, SCIENTIFIC, AND TECHNICAL ACTIVITIES",MELAKA,434,BACELOR EKSEKUTIF PENGURUSAN PERNIAGAAN (PENGURUSAN PERLADANGAN),2000.00,ONLINE,5966,BACELOR,<29,26.0
2025,WBPN24437,26,MELAYU,MALE,BEKERJA SEPENUH MASA,TDCX,TRANSPORTATION AND STORAGE,SELANGOR,436,BACELOR EKSEKUTIF PENGURUSAN PERNIAGAAN (PENGURUSAN LOGISTIK & RANTAIAN BEKALAN),3000.00,ONLINE,4201,BACELOR,<29,26.0
2025,WBPN24413,25,INDIA,FEMALE,BEKERJA SEPENUH MASA,PARKWAY EAST HOSPITAL,"PROFESSIONAL, SCIENTIFIC, AND TECHNICAL ACTIVITIES",JOHOR,432,BACELOR EKSEKUTIF PENGURUSAN PERNIAGAAN (PENGURUSAN SUMBER MANUSIA),3000.00,ONLINE,5297,BACELOR,<29,25.0
2025,WDPP24495,25,TAMIL,MALE,BEKERJA SEPENUH MASA,UNITED PLANTATION,"PROFESSIONAL, SCIENTIFIC, AND TECHNICAL ACTIVITIES",PERAK,357,DIPLOMA PROFESIONAL PENGURUSAN PERLADANGAN & TEKNOLOGI,1700.00,ONLINE,3790,DIPLOMA,<29,25.0
2025,MBPB24495,25,MELAYU,FEMALE,BEKERJA SEPENUH MASA,MUTIARA BIRU EHSAN SDN BHD,"PROFESSIONAL, SCIENTIFIC, AND TECHNICAL ACTIVITIES",NEGERI SEMBILAN,362,BACELOR EKSEKUTIF PENGURUSAN PERNIAGAAN,2750.00,ONLINE,4776,BACELOR,<29,25.0
2025,WBPN244129,25,INDIA,FEMALE,BEKERJA SEPENUH MASA,NUHS,MANUFACTURING,KEDAH,435,BACELOR EKSEKUTIF PENGURUSAN PERNIAGAAN (PENGURUSAN KEJURUTERAAN),2300.00,ONLINE,5602,BACELOR,<29,25.0
2025,FBTM24489,25,MELAYU,MALE,BEKERJA SEPENUH MASA,SOVAQ TECHNOLOGY SDN BHD,MANUFACTURING,PERAK,415,BACELOR EKSEKUTIF TEKNOLOGI MEKATRONIK,5500.00,ONLINE,5142,BACELOR,<29,25.0
2025,WBPN244124,25,INDIA,FEMALE,BEKERJA SEPENUH MASA,KUBOTA MALAYSIA SDN BHD,"PROFESSIONAL, SCIENTIFIC, AND TECHNICAL ACTIVITIES",SELANGOR,432,BACELOR EKSEKUTIF PENGURUSAN PERNIAGAAN (PENGURUSAN SUMBER MANUSIA),2365.00,ONLINE,5930,BACELOR,<29,25.0
2025,MBPB24496,25,INDIA,FEMALE,BEKERJA SEPENUH MASA,MECNICOM SDN BHD,"PROFESSIONAL, SCIENTIFIC, AND TECHNICAL ACTIVITIES",NEGERI SEMBILAN,362,BACELOR EKSEKUTIF PENGURUSAN PERNIAGAAN,2300.00,ONLINE,4522,BACELOR,<29,25.0
2025,BBKM23101,41,MELAYU,MALE,BEKERJA SEPENUH MASA,ROBERT BOSCH POWER TOOLS SDN BHD,MANUFACTURING,PULAU PINANG,415,BACELOR EKSEKUTIF TEKNOLOGI MEKATRONIK,4600.00,ONLINE,4793,BACELOR,40-49,41.0
2025,BBKM23102,39,TAMIL,MALE,BEKERJA SEPENUH MASA,FUJI ELECTRIC MALAYSIA SDN BHD,MANUFACTURING,KEDAH,415,BACELOR EKSEKUTIF TEKNOLOGI MEKATRONIK,4800.00,ONLINE,4027,BACELOR,30-39,39.0
2025,BBKM23103,32,TAMIL,FEMALE,BEKERJA SEPENUH MASA,KEJURUTERAAN YUN LOONG (JOHOR) SDN.BHD.,MANUFACTURING,JOHOR,415,BACELOR EKSEKUTIF TEKNOLOGI MEKATRONIK,2800.00,ONLINE,4757,BACELOR,30-39,32.0
2025,BBKM23104,35,MELAYU,FEMALE,BEKERJA SEPENUH MASA,INTEL KULIM,MANUFACTURING,KEDAH,415,BACELOR EKSEKUTIF TEKNOLOGI MEKATRONIK,3000.00,ONLINE,5902,BACELOR,30-39,35.0
2025,BBKM23105,32,INDIA,MALE,BEKERJA SEPENUH MASA,CELESTICA PLATFORM AND CLOUD SOLUTIONS MALAYSIA SDN. BHD.,MANUFACTURING,KEDAH,415,BACELOR EKSEKUTIF TEKNOLOGI MEKATRONIK,4500.00,ONLINE,5298,BACELOR,30-39,32.0
2025,BBKM23106,25,MELAYU,MALE,BELUM/TIDAK BEKERJA,NOT SPECIFIED,MANUFACTURING,KEDAH,415,BACELOR EKSEKUTIF TEKNOLOGI MEKATRONIK,NOT SPECIFIED,ONLINE,4373,BACELOR,<29,25.0
2025,BBKM23107,39,TAMIL,MALE,BEKERJA SEPENUH MASA,SILICON BOX,MANUFACTURING,JOHOR,415,BACELOR EKSEKUTIF TEKNOLOGI MEKATRONIK,20000.00,ONLINE,5961,BACELOR,30-39,39.0
2025,BBMP23101,46,MELAYU,FEMALE,BEKERJA SEPENUH MASA,INTEL TECHNOLOGY SDN BHD,OTHER,KEDAH,372,BACELOR EKSEKUTIF TEKNOLOGI MEKANIKAL DAN PEMBUATAN,6000.00,ONLINE,4874,BACELOR,40-49,46.0
2025,BBMP23302,34,MELAYU,MALE,BEKERJA SEPENUH MASA,"BOSTON SCIENTIFIC, PENANG",OTHER,PERAK,372,BACELOR EKSEKUTIF TEKNOLOGI MEKANIKAL DAN PEMBUATAN,10000.00,ONLINE,5777,BACELOR,30-39,34.0
2025,BBMP23303,35,MELAYU,MALE,BEKERJA SEPENUH MASA,BOSTON SCIENTIFIC,OTHER,PULAU PINANG,372,BACELOR EKSEKUTIF TEKNOLOGI MEKANIKAL DAN PEMBUATAN,3500.00,ONLINE,4655,BACELOR,30-39,35.0
2025,BBMP23304,49,MELAYU,MALE,BEKERJA SEPENUH MASA,EO TECHNICS,OTHER,MELAKA,372,BACELOR EKSEKUTIF TEKNOLOGI MEKANIKAL DAN PEMBUATAN,5800.00,ONLINE,4201,BACELOR,40-49,49.0
2025,EMPP23402,43,MALAYALI,FEMALE,BEKERJA SEPENUH MASA,LYONDELLBASELL POLYMERS (MALAYSIA) SDN BHD,"PROFESSIONAL, SCIENTIFIC, AND TECHNICAL ACTIVITIES",JOHOR,536,MASTER EKSEKUTIF PENTADBIRAN PERNIAGAAN (PENGURUSAN OPERASI),6050.00,ONLINE,8927,MASTER,40-49,43.0
2025,CDBK22301,34,MELAYU,MALE,BEKERJA SEPENUH MASA,ZETRIX AI BERHAD,MANUFACTURING,SELANGOR,456,DIPLOMA PROFESIONAL BLOK RANTAI DALAM KEJURUTERAAN,10000.00,ONLINE,3555,DIPLOMA,30-39,34.0
2025,CDBK22315,58,TAMIL,MALE,BEKERJA SEPENUH MASA,CELESTICA SDN BHD,MANUFACTURING,KEDAH,456,DIPLOMA PROFESIONAL BLOK RANTAI DALAM KEJURUTERAAN,8000.00,ONLINE,3310,DIPLOMA,50-59,58.0
2025,CDBK22401,40,MELAYU,MALE,BEKERJA SEPENUH MASA,UNIVERSITI MALAYSIA SARAWAK,MANUFACTURING,SARAWAK,456,DIPLOMA PROFESIONAL BLOK RANTAI DALAM KEJURUTERAAN,8000.00,ONLINE,2647,DIPLOMA,40-49,40.0
2025,CDBK22404,34,MELAYU,FEMALE,BEKERJA SEPENUH MASA,GMI MARKETS,MANUFACTURING,PERAK,456,DIPLOMA PROFESIONAL BLOK RANTAI DALAM KEJURUTERAAN,4000.00,ONLINE,2641,DIPLOMA,30-39,34.0
2025,CDBK23102,33,CINA,MALE,BEKERJA/USAHAWAN/FREELANCE,NOT SPECIFIED,MANUFACTURING,PERAK,456,DIPLOMA PROFESIONAL BLOK RANTAI DALAM KEJURUTERAAN,NOT SPECIFIED,ONLINE,3789,DIPLOMA,30-39,33.0
2025,CDBK23105,33,MELAYU,MALE,BELUM/TIDAK BEKERJA,NOT SPECIFIED,MANUFACTURING,TERENGGANU,456,DIPLOMA PROFESIONAL BLOK RANTAI DALAM KEJURUTERAAN,NOT SPECIFIED,ONLINE,2921,DIPLOMA,30-39,33.0
2025,CDBK23106,41,MELAYU,MALE,BEKERJA SEPENUH MASA,MODEC,MANUFACTURING,SELANGOR,456,DIPLOMA PROFESIONAL BLOK RANTAI DALAM KEJURUTERAAN,34000.00,ONLINE,2815,DIPLOMA,40-49,41.0
2025,CDBK23303,38,CINA,MALE,BEKERJA SEPENUH MASA,MICRON,MANUFACTURING,PULAU PINANG,456,DIPLOMA PROFESIONAL BLOK RANTAI DALAM KEJURUTERAAN,8000.00,ONLINE,3426,DIPLOMA,30-39,38.0
2025,CDBK23305,42,MELAYU,FEMALE,BELUM/TIDAK BEKERJA,NOT SPECIFIED,MANUFACTURING,JOHOR,456,DIPLOMA PROFESIONAL BLOK RANTAI DALAM KEJURUTERAAN,NOT SPECIFIED,ONLINE,3239,DIPLOMA,40-49,42.0
2025,EPD1207048,41,MELAYU,MALE,BEKERJA SEPENUH MASA,FGVPM LADANG TRIANG SELATAN 02,"PROFESSIONAL, SCIENTIFIC, AND TECHNICAL ACTIVITIES",PAHANG,460,DIPLOMA EKSEKUTIF PENGURUSAN PERLADANGAN & TEKNOLOGI,2500.00,ONLINE,3538,DIPLOMA,40-49,41.0
2025,EPE1510011,42,MELAYU,MALE,BEKERJA SEPENUH MASA,RAKYAT MANAGEMENT AND SERVICES,"PROFESSIONAL, SCIENTIFIC, AND TECHNICAL ACTIVITIES",SELANGOR,382,DIPLOMA PROFESIONAL PENGURUSAN PERNIAGAAN & KEUSAHAWANAN,8000.00,ONLINE,3977,DIPLOMA,40-49,42.0
2025,HBKP20413,40,MELAYU,MALE,BEKERJA SEPENUH MASA,KERAJAAN NEGERI JOHOR,OTHER,JOHOR,383,"BACELOR EKSEKUTIF KESELAMATAN, KESIHATAN DAN PERSEKITARAN",5167.27,ONLINE,5287,BACELOR,40-49,40.0
2025,HBKP21212,44,MELAYU,MALE,BEKERJA/USAHAWAN/FREELANCE,NOT SPECIFIED,OTHER,KEDAH,383,"BACELOR EKSEKUTIF KESELAMATAN, KESIHATAN DAN PERSEKITARAN",NOT SPECIFIED,ONLINE,4490,BACELOR,40-49,44.0
2025,HBKP21402,28,MURUT/LUN BAWANG - SARAWAK,MALE,BEKERJA SEPENUH MASA,O\'CONNOR\'S ENGINEERING SDN BHD,OTHER,SARAWAK,383,"BACELOR EKSEKUTIF KESELAMATAN, KESIHATAN DAN PERSEKITARAN",7000.00,ONLINE,4627,BACELOR,<29,28.0
2025,HBKP22213,34,INDIA,MALE,BEKERJA SEPENUH MASA,MCC2O DEVELOPMENT & CONSTRUCTION (M) SDN BHD,OTHER,KEDAH,383,"BACELOR EKSEKUTIF KESELAMATAN, KESIHATAN DAN PERSEKITARAN",5000.00,ONLINE,4373,BACELOR,30-39,34.0
2025,HBKP22307,26,MELAYU,FEMALE,BEKERJA SEPENUH MASA,AQINA PINEAPPLE PEKOTI SDN BHD,OTHER,JOHOR,383,"BACELOR EKSEKUTIF KESELAMATAN, KESIHATAN DAN PERSEKITARAN",3000.00,ONLINE,4817,BACELOR,<29,26.0
2025,HBKP22419,39,MELAYU,MALE,BEKERJA/USAHAWAN/FREELANCE,NOT SPECIFIED,OTHER,JOHOR,383,"BACELOR EKSEKUTIF KESELAMATAN, KESIHATAN DAN PERSEKITARAN",NOT SPECIFIED,ONLINE,4770,BACELOR,30-39,39.0
2025,HBKP23136,39,MELAYU,MALE,BEKERJA SEPENUH MASA,POLIS DIRAJA MALAYSIA,OTHER,PERAK,383,"BACELOR EKSEKUTIF KESELAMATAN, KESIHATAN DAN PERSEKITARAN",4283.00,ONLINE,4804,BACELOR,30-39,39.0
2025,HBKP23313,43,IBAN/SEA DAYAK -SARAWAK,MALE,BEKERJA SEPENUH MASA,JURUTERA MINSAR CONSULT SDN. BHD.,OTHER,SARAWAK,383,"BACELOR EKSEKUTIF KESELAMATAN, KESIHATAN DAN PERSEKITARAN",11260.00,ONLINE,4318,BACELOR,40-49,43.0
2025,HBKP23314,46,MELAYU,MALE,BEKERJA SEPENUH MASA,CERGAS MURNI SDN BERHAD,OTHER,PAHANG,383,"BACELOR EKSEKUTIF KESELAMATAN, KESIHATAN DAN PERSEKITARAN",7300.00,ONLINE,5971,BACELOR,40-49,46.0
2025,HBKP23317,46,MELAYU,MALE,BEKERJA SEPENUH MASA,SALCON ENGINEERING BERHAD,OTHER,SELANGOR,383,"BACELOR EKSEKUTIF KESELAMATAN, KESIHATAN DAN PERSEKITARAN",5000.00,ONLINE,4908,BACELOR,40-49,46.0
2025,HBKP23318,33,MELAYU,MALE,BEKERJA SEPENUH MASA,KINETIC PROCESS SYSTEM PTE LTD,OTHER,PULAU PINANG,383,"BACELOR EKSEKUTIF KESELAMATAN, KESIHATAN DAN PERSEKITARAN",7000.00,ONLINE,4801,BACELOR,30-39,33.0
2025,HBKP23321,36,TAMIL,MALE,BEKERJA SEPENUH MASA,IJM CONSTRUCTION SDN BHD,OTHER,PULAU PINANG,383,"BACELOR EKSEKUTIF KESELAMATAN, KESIHATAN DAN PERSEKITARAN",5800.00,ONLINE,4225,BACELOR,30-39,36.0
2025,HBKP23323,36,MELAYU,MALE,BELUM/TIDAK BEKERJA,NOT SPECIFIED,OTHER,NEGERI SEMBILAN,383,"BACELOR EKSEKUTIF KESELAMATAN, KESIHATAN DAN PERSEKITARAN",NOT SPECIFIED,ONLINE,4841,BACELOR,30-39,36.0
2025,HBKP23401,41,MELAYU,MALE,BEKERJA SEPENUH MASA,HOERBIGER KT MALAYSIA SDN BHD,OTHER,TERENGGANU,383,"BACELOR EKSEKUTIF KESELAMATAN, KESIHATAN DAN PERSEKITARAN",6500.00,ONLINE,5446,BACELOR,40-49,41.0
2025,HBKP23408,59,MELAYU,MALE,BELUM/TIDAK BEKERJA,NOT SPECIFIED,OTHER,JOHOR,383,"BACELOR EKSEKUTIF KESELAMATAN, KESIHATAN DAN PERSEKITARAN",NOT SPECIFIED,ONLINE,5038,BACELOR,50-59,59.0
2025,HBKP23414,41,MELAYU,MALE,BEKERJA SEPENUH MASA,SHAPADU CR ASIA SDN BHD,OTHER,JOHOR,383,"BACELOR EKSEKUTIF KESELAMATAN, KESIHATAN DAN PERSEKITARAN",4000.00,ONLINE,4431,BACELOR,40-49,41.0
2025,HBPM20116,38,SULUK-SABAH,MALE,BEKERJA SEPENUH MASA,VITAL PROJECTS SDN BHD,"PROFESSIONAL, SCIENTIFIC, AND TECHNICAL ACTIVITIES",PERAK,388,BACELOR EKSEKUTIF OPERASI DAN PENGURUSAN PROJEK,5000.00,ONLINE,5432,BACELOR,30-39,38.0
2025,HBPM21127,33,MELAYU,MALE,BEKERJA SEPENUH MASA,BASF PETRONAS CHEMICAL SDN.BHD,"PROFESSIONAL, SCIENTIFIC, AND TECHNICAL ACTIVITIES",PAHANG,388,BACELOR EKSEKUTIF OPERASI DAN PENGURUSAN PROJEK,4500.00,ONLINE,5312,BACELOR,30-39,33.0
2025,HBPM21403,38,MELAYU,MALE,BEKERJA SEPENUH MASA,SKA TECHNOLOGY SDN BHD,"PROFESSIONAL, SCIENTIFIC, AND TECHNICAL ACTIVITIES",SELANGOR,388,BACELOR EKSEKUTIF OPERASI DAN PENGURUSAN PROJEK,8500.00,ONLINE,4805,BACELOR,30-39,38.0
2025,HBPM22308,30,MELAYU,MALE,BEKERJA SEPENUH MASA,EXPERT METAL WORKS SDN BHD,"PROFESSIONAL, SCIENTIFIC, AND TECHNICAL ACTIVITIES",NEGERI SEMBILAN,388,BACELOR EKSEKUTIF OPERASI DAN PENGURUSAN PROJEK,6000.00,ONLINE,5067,BACELOR,30-39,30.0
2025,HBPM22330,30,CINA,MALE,BEKERJA SEPENUH MASA,S.T INTERIOR DESIGN SDN BHD,"PROFESSIONAL, SCIENTIFIC, AND TECHNICAL ACTIVITIES",MELAKA,388,BACELOR EKSEKUTIF OPERASI DAN PENGURUSAN PROJEK,5000.00,ONLINE,5794,BACELOR,30-39,30.0
2025,HBPM22408,26,INDIA,MALE,BEKERJA SEPENUH MASA,LAY HONG BERHAD,"PROFESSIONAL, SCIENTIFIC, AND TECHNICAL ACTIVITIES",SELANGOR,388,BACELOR EKSEKUTIF OPERASI DAN PENGURUSAN PROJEK,3000.00,ONLINE,5239,BACELOR,<29,26.0
2025,HBPM22423,39,MELAYU,MALE,BEKERJA SEPENUH MASA,DZUL SOLUTION TRADING,"PROFESSIONAL, SCIENTIFIC, AND TECHNICAL ACTIVITIES",PAHANG,388,BACELOR EKSEKUTIF OPERASI DAN PENGURUSAN PROJEK,4000.00,ONLINE,5004,BACELOR,30-39,39.0
2025,HBPM23108,32,MELAYU,MALE,BEKERJA SEPENUH MASA,ACE ENERGY SDN BHD,"PROFESSIONAL, SCIENTIFIC, AND TECHNICAL ACTIVITIES",KUALA LUMPUR,388,BACELOR EKSEKUTIF OPERASI DAN PENGURUSAN PROJEK,4000.00,ONLINE,4556,BACELOR,30-39,32.0
2025,HBPM23210,44,MELAYU,MALE,BEKERJA/USAHAWAN/FREELANCE,NOT SPECIFIED,"PROFESSIONAL, SCIENTIFIC, AND TECHNICAL ACTIVITIES",PERAK,388,BACELOR EKSEKUTIF OPERASI DAN PENGURUSAN PROJEK,NOT SPECIFIED,ONLINE,5498,BACELOR,40-49,44.0
2025,HBPM23212,25,INDIA,MALE,BEKERJA SEPENUH MASA,TRANSCOSMOS MALAYSIA SDN.BHD,"PROFESSIONAL, SCIENTIFIC, AND TECHNICAL ACTIVITIES",KUALA LUMPUR,388,BACELOR EKSEKUTIF OPERASI DAN PENGURUSAN PROJEK,3000.00,ONLINE,5391,BACELOR,<29,25.0
2025,HBPM23326,38,RUNGUS-SABAH,MALE,BEKERJA SEPENUH MASA,PY KONSEP PERUNDING SDN BHD,"PROFESSIONAL, SCIENTIFIC, AND TECHNICAL ACTIVITIES",SABAH,388,BACELOR EKSEKUTIF OPERASI DAN PENGURUSAN PROJEK,5000.00,ONLINE,5664,BACELOR,30-39,38.0
2025,HBPM23402,30,MELAYU,MALE,BEKERJA SEPENUH MASA,DITTA TECHNOLOGY SDN BHD,"PROFESSIONAL, SCIENTIFIC, AND TECHNICAL ACTIVITIES",SELANGOR,388,BACELOR EKSEKUTIF OPERASI DAN PENGURUSAN PROJEK,3300.00,ONLINE,4643,BACELOR,30-39,30.0
2025,HBPM23403,47,MELAYU,MALE,BEKERJA SEPENUH MASA,SETIAUSAHA KERAJAAN NEGERI TERENGGANU,"PROFESSIONAL, SCIENTIFIC, AND TECHNICAL ACTIVITIES",TERENGGANU,388,BACELOR EKSEKUTIF OPERASI DAN PENGURUSAN PROJEK,3500.00,ONLINE,4294,BACELOR,40-49,47.0
2025,HBPM23405,26,MELAYU,MALE,BEKERJA SEPENUH MASA,TH PROPERTIES SDN BHD,"PROFESSIONAL, SCIENTIFIC, AND TECHNICAL ACTIVITIES",NEGERI SEMBILAN,388,BACELOR EKSEKUTIF OPERASI DAN PENGURUSAN PROJEK,5000.00,ONLINE,5850,BACELOR,<29,26.0
2025,HBPM23409,36,MELAYU,MALE,BEKERJA SEPENUH MASA,PETRONAS CARIGALI SDN BHD,"PROFESSIONAL, SCIENTIFIC, AND TECHNICAL ACTIVITIES",SABAH,388,BACELOR EKSEKUTIF OPERASI DAN PENGURUSAN PROJEK,3500.00,ONLINE,4912,BACELOR,30-39,36.0
2025,HBPM23410,43,MELAYU,MALE,BEKERJA SEPENUH MASA,PAND DESIGN GROUP PTE LTD,"PROFESSIONAL, SCIENTIFIC, AND TECHNICAL ACTIVITIES",SELANGOR,388,BACELOR EKSEKUTIF OPERASI DAN PENGURUSAN PROJEK,3000.00,ONLINE,5034,BACELOR,40-49,43.0
2025,HBPM23413,33,MELAYU,MALE,BEKERJA SEPENUH MASA,MULIA GROUP PROPERTY,"PROFESSIONAL, SCIENTIFIC, AND TECHNICAL ACTIVITIES",SELANGOR,388,BACELOR EKSEKUTIF OPERASI DAN PENGURUSAN PROJEK,4550.00,ONLINE,5708,BACELOR,30-39,33.0
2025,HBPM23414,40,MELAYU,MALE,BEKERJA SEPENUH MASA,PNB MERDEKA VENTURES SDN BHD,"PROFESSIONAL, SCIENTIFIC, AND TECHNICAL ACTIVITIES",PERAK,388,BACELOR EKSEKUTIF OPERASI DAN PENGURUSAN PROJEK,4500.00,ONLINE,5712,BACELOR,40-49,40.0
2025,HBPR22307,39,MELAYU,MALE,BEKERJA SEPENUH MASA,PETRONAS CARIGALI SDN. BHD.,MINING AND QUARRYING,NEGERI SEMBILAN,373,BACELOR EKSEKUTIF PENGURUSAN PROJEK (PETROLEUM & GAS),15000.00,ONLINE,4491,BACELOR,30-39,39.0
2025,HBPR22404,41,MELAYU,MALE,BEKERJA SEPENUH MASA,VESTIGO PETROLEUM SDN BHD,MINING AND QUARRYING,TERENGGANU,373,BACELOR EKSEKUTIF PENGURUSAN PROJEK (PETROLEUM & GAS),24000.00,ONLINE,4155,BACELOR,40-49,41.0
2025,HBPR23107,35,KADAZAN-SABAH,FEMALE,BEKERJA SEPENUH MASA,SABAH SHELL PETROLEUM COMPANY,MINING AND QUARRYING,SARAWAK,373,BACELOR EKSEKUTIF PENGURUSAN PROJEK (PETROLEUM & GAS),6000.00,ONLINE,5033,BACELOR,30-39,35.0
2025,HBPR23111,39,KADAZAN-SABAH,FEMALE,BEKERJA SEPENUH MASA,SABAH SHELL PETROLEUM COMPANY LIMITED,MINING AND QUARRYING,SABAH,373,BACELOR EKSEKUTIF PENGURUSAN PROJEK (PETROLEUM & GAS),5000.00,ONLINE,4530,BACELOR,30-39,39.0
2025,HBPR23114,47,BAJAU - SABAH,MALE,BEKERJA SEPENUH MASA,PETRONAS CARIGALI SDN BHD,MINING AND QUARRYING,SABAH,373,BACELOR EKSEKUTIF PENGURUSAN PROJEK (PETROLEUM & GAS),15000.00,ONLINE,5511,BACELOR,40-49,47.0
2025,HBPR23118,34,INDIA,MALE,BEKERJA SEPENUH MASA,SINGAPORE MANDAI ZOO,MINING AND QUARRYING,JOHOR,373,BACELOR EKSEKUTIF PENGURUSAN PROJEK (PETROLEUM & GAS),5000.00,ONLINE,4015,BACELOR,30-39,34.0
2025,HBPR23205,46,BAJAU - SABAH,FEMALE,BEKERJA SEPENUH MASA,HIGHBASE STRATEGIC SDN BHD,MINING AND QUARRYING,JOHOR,373,BACELOR EKSEKUTIF PENGURUSAN PROJEK (PETROLEUM & GAS),8000.00,ONLINE,4687,BACELOR,40-49,46.0
2025,HBPR23213,34,CINA,MALE,BEKERJA SEPENUH MASA,OCEANCARE CORPORATION,MINING AND QUARRYING,SARAWAK,373,BACELOR EKSEKUTIF PENGURUSAN PROJEK (PETROLEUM & GAS),20360.00,ONLINE,4808,BACELOR,30-39,34.0
2025,HBPR23301,27,MELAYU,MALE,BEKERJA SEPENUH MASA,IPETRO SERVICES SDN BHD,MINING AND QUARRYING,MELAKA,373,BACELOR EKSEKUTIF PENGURUSAN PROJEK (PETROLEUM & GAS),2000.00,ONLINE,5123,BACELOR,<29,27.0
2025,HBPR23303,40,MELAYU,FEMALE,BEKERJA SEPENUH MASA,PETRONAS,MINING AND QUARRYING,KUALA LUMPUR,373,BACELOR EKSEKUTIF PENGURUSAN PROJEK (PETROLEUM & GAS),15000.00,ONLINE,4241,BACELOR,40-49,40.0
2025,HBPR23305,41,MELAYU,MALE,BEKERJA SEPENUH MASA,INTERNATIONAL TESS SINGAPORE PTD LTE,MINING AND QUARRYING,JOHOR,373,BACELOR EKSEKUTIF PENGURUSAN PROJEK (PETROLEUM & GAS),8000.00,ONLINE,5137,BACELOR,40-49,41.0
2025,HBPR23313,33,MELAYU,MALE,BEKERJA SEPENUH MASA,SOLAR ALERT SDN BHD,MINING AND QUARRYING,TERENGGANU,373,BACELOR EKSEKUTIF PENGURUSAN PROJEK (PETROLEUM & GAS),4000.00,ONLINE,5340,BACELOR,30-39,33.0
2025,HBPR23402,42,MELAYU,MALE,BEKERJA/USAHAWAN/FREELANCE,NOT SPECIFIED,MINING AND QUARRYING,PERAK,373,BACELOR EKSEKUTIF PENGURUSAN PROJEK (PETROLEUM & GAS),NOT SPECIFIED,ONLINE,4191,BACELOR,40-49,42.0
2025,HBPR23403,27,MELAYU,MALE,BEKERJA SEPENUH MASA,GUTOR ELECTRONIC ASIA PACIFIC SDN. BHD.,MINING AND QUARRYING,PERAK,373,BACELOR EKSEKUTIF PENGURUSAN PROJEK (PETROLEUM & GAS),4000.00,ONLINE,4518,BACELOR,<29,27.0
2025,HBPR23408,37,IBAN/SEA DAYAK -SARAWAK,MALE,BEKERJA SEPENUH MASA,KEJURUTERAAN GEMILANG JAYA SDN BHD,MINING AND QUARRYING,SARAWAK,373,BACELOR EKSEKUTIF PENGURUSAN PROJEK (PETROLEUM & GAS),9000.00,ONLINE,5689,BACELOR,30-39,37.0
2025,HBSC23112,24,MELAYU,MALE,BEKERJA SEPENUH MASA,FESTO PTE LTD,TRANSPORTATION AND STORAGE,JOHOR,413,BACELOR EKSEKUTIF PENGURUSAN RANTAIAN BEKALAN,7000.00,ONLINE,4251,BACELOR,<29,24.0
2025,HBSC23114,39,KAYAN-SARAWAK,MALE,BEKERJA SEPENUH MASA,QATARENERGY LNG,TRANSPORTATION AND STORAGE,SARAWAK,413,BACELOR EKSEKUTIF PENGURUSAN RANTAIAN BEKALAN,5000.00,ONLINE,5649,BACELOR,30-39,39.0
2025,HBSC23205,23,TAMIL,FEMALE,BELUM/TIDAK BEKERJA,NOT SPECIFIED,TRANSPORTATION AND STORAGE,SELANGOR,413,BACELOR EKSEKUTIF PENGURUSAN RANTAIAN BEKALAN,NOT SPECIFIED,ONLINE,5069,BACELOR,<29,23.0
2025,HBSC23211,43,MELAYU,MALE,BEKERJA SEPENUH MASA,COWAY (M) SDN BHD,TRANSPORTATION AND STORAGE,KUALA LUMPUR,413,BACELOR EKSEKUTIF PENGURUSAN RANTAIAN BEKALAN,2500.00,ONLINE,4710,BACELOR,40-49,43.0
2025,HBSC23214,25,TAMIL,FEMALE,BEKERJA SEPENUH MASA,DB SCHENKER,TRANSPORTATION AND STORAGE,SELANGOR,413,BACELOR EKSEKUTIF PENGURUSAN RANTAIAN BEKALAN,2500.00,ONLINE,5020,BACELOR,<29,25.0
2025,HBSC23305,37,MELAYU,FEMALE,BEKERJA SEPENUH MASA,SUGARBOMB WORLDWIDE SDN BHD,TRANSPORTATION AND STORAGE,SELANGOR,413,BACELOR EKSEKUTIF PENGURUSAN RANTAIAN BEKALAN,4800.00,ONLINE,5700,BACELOR,30-39,37.0
2025,HBSC23306,49,MELAYU,MALE,BEKERJA SEPENUH MASA,PERI FORMWORK (M) SDN BHD,TRANSPORTATION AND STORAGE,NEGERI SEMBILAN,413,BACELOR EKSEKUTIF PENGURUSAN RANTAIAN BEKALAN,7821.00,ONLINE,4176,BACELOR,40-49,49.0
2025,HBSC23309,33,TAMIL,FEMALE,BEKERJA SEPENUH MASA,SCIENTEX GREAT WALL (IPOH) SDN BHD,TRANSPORTATION AND STORAGE,PERAK,413,BACELOR EKSEKUTIF PENGURUSAN RANTAIAN BEKALAN,2280.00,ONLINE,4043,BACELOR,30-39,33.0
2025,HBSC23403,38,MELAYU,MALE,BEKERJA SEPENUH MASA,EEW MALAYSIA SDN BHD,TRANSPORTATION AND STORAGE,JOHOR,413,BACELOR EKSEKUTIF PENGURUSAN RANTAIAN BEKALAN,5000.00,ONLINE,5600,BACELOR,30-39,38.0
2025,HBSC23404,41,MELAYU,FEMALE,BEKERJA SEPENUH MASA,NIPPON KONPO (MALAYSIA) SDN BHD,TRANSPORTATION AND STORAGE,PERAK,413,BACELOR EKSEKUTIF PENGURUSAN RANTAIAN BEKALAN,13000.00,ONLINE,4215,BACELOR,40-49,41.0
2025,HDGT20404,33,MELAYU,MALE,BEKERJA SEPENUH MASA,R.M LEOPAD SDN. BHD,MINING AND QUARRYING,TERENGGANU,351,DIPLOMA PROFESIONAL TEKNOLOGI DAN PENGURUSAN MINYAK & GAS,3150.00,ONLINE,3948,DIPLOMA,30-39,33.0
2025,HDGT23101,34,MELAYU,MALE,BEKERJA SEPENUH MASA,NEWWIN ENGINEERING,MINING AND QUARRYING,PERAK,351,DIPLOMA PROFESIONAL TEKNOLOGI DAN PENGURUSAN MINYAK & GAS,2650.00,ONLINE,3524,DIPLOMA,30-39,34.0
2025,HDGT23401,35,KAYAN-SARAWAK,MALE,BEKERJA SEPENUH MASA,MRA INTERNATIONAL SDN.BHD,MINING AND QUARRYING,SARAWAK,351,DIPLOMA PROFESIONAL TEKNOLOGI DAN PENGURUSAN MINYAK & GAS,8700.00,ONLINE,3162,DIPLOMA,30-39,35.0
2025,HDGT23402,38,BRUNEI-SABAH,MALE,BEKERJA SEPENUH MASA,SARAWAK PETCHEM SDN BHD,MINING AND QUARRYING,SARAWAK,351,DIPLOMA PROFESIONAL TEKNOLOGI DAN PENGURUSAN MINYAK & GAS,6300.00,ONLINE,3520,DIPLOMA,30-39,38.0
2025,HDGT23403,39,MELAYU,MALE,BEKERJA SEPENUH MASA,MAXGRIP SERVICES SDN BHD,MINING AND QUARRYING,SARAWAK,351,DIPLOMA PROFESIONAL TEKNOLOGI DAN PENGURUSAN MINYAK & GAS,6000.00,ONLINE,3543,DIPLOMA,30-39,39.0
2025,HDKP19219,27,MELAYU,MALE,BEKERJA SEPENUH MASA,BEN LATTES ENTERPRISE,OTHER,MELAKA,350,"DIPLOMA PROFESIONAL KESELAMATAN, KESIHATAN DAN PERSEKITARAN",5000.00,ONLINE,2798,DIPLOMA,<29,27.0
2025,HDKP22246,25,INDIA,MALE,BEKERJA SEPENUH MASA,GUJARA TRANSPORT,OTHER,NEGERI SEMBILAN,350,"DIPLOMA PROFESIONAL KESELAMATAN, KESIHATAN DAN PERSEKITARAN",2500.00,ONLINE,2824,DIPLOMA,<29,25.0
2025,HDPB23203,33,MELAYU,FEMALE,BEKERJA SEPENUH MASA,ASR ENGINEERING,"PROFESSIONAL, SCIENTIFIC, AND TECHNICAL ACTIVITIES",TERENGGANU,374,DIPLOMA PROFESIONAL PENGURUSAN PERNIAGAAN,1800.00,ONLINE,3108,DIPLOMA,30-39,33.0
2025,HDPB23204,33,INDIA,MALE,BEKERJA SEPENUH MASA,CITY FACILITIES MANAGEMENT SDN BHD,"PROFESSIONAL, SCIENTIFIC, AND TECHNICAL ACTIVITIES",KUALA LUMPUR,374,DIPLOMA PROFESIONAL PENGURUSAN PERNIAGAAN,5000.00,ONLINE,2787,DIPLOMA,30-39,33.0
2025,HDPG21201,28,MELAYU,MALE,BEKERJA SEPENUH MASA,SPARK INSTRUMENTATION SDN.BHD,MINING AND QUARRYING,JOHOR,411,DIPLOMA PROFESIONAL KAWALAN PROSES & TEKNOLOGI INSTRUMENTASI (PETROLEUM & GAS),4000.00,ONLINE,2492,DIPLOMA,<29,28.0
2025,HDPG22207,31,MELAYU,MALE,BEKERJA SEPENUH MASA,TERO TECHNOLOGY GLOBAL,MINING AND QUARRYING,JOHOR,411,DIPLOMA PROFESIONAL KAWALAN PROSES & TEKNOLOGI INSTRUMENTASI (PETROLEUM & GAS),2500.00,ONLINE,3061,DIPLOMA,30-39,31.0
2025,HDPG22407,33,KENYAH-SARAWAK,MALE,BEKERJA SEPENUH MASA,SHEFFIELD ENERGY PTE LTD,MINING AND QUARRYING,SARAWAK,411,DIPLOMA PROFESIONAL KAWALAN PROSES & TEKNOLOGI INSTRUMENTASI (PETROLEUM & GAS),15000.00,ONLINE,2186,DIPLOMA,30-39,33.0
2025,HDPG23321,28,KADAZAN-SABAH,MALE,BELUM/TIDAK BEKERJA,NOT SPECIFIED,MINING AND QUARRYING,SABAH,411,DIPLOMA PROFESIONAL KAWALAN PROSES & TEKNOLOGI INSTRUMENTASI (PETROLEUM & GAS),NOT SPECIFIED,ONLINE,2511,DIPLOMA,<29,28.0
2025,HDPG23323,36,MELAYU,MALE,BEKERJA SEPENUH MASA,GISSCO SDN.BHD,MINING AND QUARRYING,TERENGGANU,411,DIPLOMA PROFESIONAL KAWALAN PROSES & TEKNOLOGI INSTRUMENTASI (PETROLEUM & GAS),9000.00,ONLINE,2354,DIPLOMA,30-39,36.0
2025,HDPL23207,32,INDIA,MALE,BEKERJA SEPENUH MASA,DEUTSCHE TECHNOPLAST MELAKA SDN BHD,TRANSPORTATION AND STORAGE,MELAKA,369,DIPLOMA PROFESIONAL PENTADBIRAN OPERASI LOGISTIK,3500.00,ONLINE,2893,DIPLOMA,30-39,32.0
2025,HDPM23309,33,MELAYU,MALE,BEKERJA SEPENUH MASA,CJ BIO MALAYSIA,"PROFESSIONAL, SCIENTIFIC, AND TECHNICAL ACTIVITIES",TERENGGANU,352,DIPLOMA PROFESIONAL OPERASI DAN PENGURUSAN PROJEK,2900.00,ONLINE,3875,DIPLOMA,30-39,33.0
2025,HDPM23314,24,MELAYU,FEMALE,BEKERJA SEPENUH MASA,FASTRAIN TECHNOLOGY MALAYSIA SDN BHD,"PROFESSIONAL, SCIENTIFIC, AND TECHNICAL ACTIVITIES",PULAU PINANG,352,DIPLOMA PROFESIONAL OPERASI DAN PENGURUSAN PROJEK,2000.00,ONLINE,2787,DIPLOMA,<29,24.0
2025,HDPM23315,23,MELAYU,MALE,BEKERJA SEPENUH MASA,PETRONAS DAGANGAN BERHAD,"PROFESSIONAL, SCIENTIFIC, AND TECHNICAL ACTIVITIES",KEDAH,352,DIPLOMA PROFESIONAL OPERASI DAN PENGURUSAN PROJEK,2500.00,ONLINE,3292,DIPLOMA,<29,23.0
2025,HDPM23318,50,MELAYU,MALE,BEKERJA SEPARA MASA,TSM POWERTRAIN SDN BHD,"PROFESSIONAL, SCIENTIFIC, AND TECHNICAL ACTIVITIES",TERENGGANU,352,DIPLOMA PROFESIONAL OPERASI DAN PENGURUSAN PROJEK,8000.00,ONLINE,2308,DIPLOMA,50-59,50.0
2025,HDPM23406,30,MELAYU,MALE,BEKERJA SEPENUH MASA,AIR SELANGOR SDN BHD,"PROFESSIONAL, SCIENTIFIC, AND TECHNICAL ACTIVITIES",KUALA LUMPUR,352,DIPLOMA PROFESIONAL OPERASI DAN PENGURUSAN PROJEK,3000.00,ONLINE,2585,DIPLOMA,30-39,30.0
2025,HMGT23102,51,MELAYU,MALE,BEKERJA SEPENUH MASA,KEMUNCAK LANAI SENDIRIAN BERHAD,MINING AND QUARRYING,KUALA LUMPUR,377,MASTER EKSEKUTIF TEKNOLOGI DAN PENGURUSAN MINYAK & GAS,10000.00,ONLINE,7832,MASTER,50-59,51.0
2025,HMGT23113,36,BIDAYUH/LAND DAYAK - SARAWAK,MALE,BEKERJA SEPENUH MASA,SARAWAK SHELL BEHAD,MINING AND QUARRYING,SARAWAK,377,MASTER EKSEKUTIF TEKNOLOGI DAN PENGURUSAN MINYAK & GAS,10000.00,ONLINE,7966,MASTER,30-39,36.0
2025,HMGT23302,53,CINA,MALE,BEKERJA SEPENUH MASA,HALUAN CEKAP SDN BHD,MINING AND QUARRYING,SARAWAK,377,MASTER EKSEKUTIF TEKNOLOGI DAN PENGURUSAN MINYAK & GAS,15600.00,ONLINE,7321,MASTER,50-59,53.0
2025,HMGT23304,44,MELAYU,MALE,BEKERJA SEPENUH MASA,CEKAP TECHNICAL,MINING AND QUARRYING,PAHANG,377,MASTER EKSEKUTIF TEKNOLOGI DAN PENGURUSAN MINYAK & GAS,15000.00,ONLINE,8292,MASTER,40-49,44.0
2025,HMGT23305,36,MELAYU,MALE,BEKERJA SEPENUH MASA,UZMA ENGINEERING SDN BHD,MINING AND QUARRYING,TERENGGANU,377,MASTER EKSEKUTIF TEKNOLOGI DAN PENGURUSAN MINYAK & GAS,12000.00,ONLINE,8720,MASTER,30-39,36.0
2025,HMGT23306,36,MELAYU,FEMALE,BEKERJA SEPENUH MASA,DIMENSION BID SDN BHD,MINING AND QUARRYING,TERENGGANU,377,MASTER EKSEKUTIF TEKNOLOGI DAN PENGURUSAN MINYAK & GAS,9700.00,ONLINE,7488,MASTER,30-39,36.0
2025,HMGT23307,37,MELANAU-SARAWAK,MALE,BEKERJA SEPENUH MASA,UZMA ENGINEERING SDN. BHD,MINING AND QUARRYING,SARAWAK,377,MASTER EKSEKUTIF TEKNOLOGI DAN PENGURUSAN MINYAK & GAS,12000.00,ONLINE,7511,MASTER,30-39,37.0
2025,HMGT23404,45,MELAYU,MALE,BEKERJA SEPENUH MASA,REGAS TERMINAL (SG. UDANG) SDN. BHD.,MINING AND QUARRYING,JOHOR,377,MASTER EKSEKUTIF TEKNOLOGI DAN PENGURUSAN MINYAK & GAS,10000.00,ONLINE,8186,MASTER,40-49,45.0
2025,HMKN23308,32,MELAYU,FEMALE,BEKERJA SEPENUH MASA,JABIL CIRCUIT SDN. BHD,MANUFACTURING,PULAU PINANG,396,MASTER EKSEKUTIF PENGURUSAN KEJURUTERAAN PEMBINAAN,5500.00,ONLINE,7253,MASTER,30-39,32.0
2025,HMKN23315,48,BAJAU - SABAH,MALE,BEKERJA SEPENUH MASA,WARISAN INTEGRITI SDN BHD,MANUFACTURING,KEDAH,396,MASTER EKSEKUTIF PENGURUSAN KEJURUTERAAN PEMBINAAN,90000.00,ONLINE,8426,MASTER,40-49,48.0
2025,HMKN23316,53,SINO-NATIVE-SABAH,MALE,BEKERJA/USAHAWAN/FREELANCE,NOT SPECIFIED,MANUFACTURING,SABAH,396,MASTER EKSEKUTIF PENGURUSAN KEJURUTERAAN PEMBINAAN,NOT SPECIFIED,ONLINE,7851,MASTER,50-59,53.0
2025,HMKN23407,40,TAMIL,MALE,BEKERJA SEPENUH MASA,FLUOR DANIEL INTERNATIONAL,MANUFACTURING,JOHOR,396,MASTER EKSEKUTIF PENGURUSAN KEJURUTERAAN PEMBINAAN,4000.00,ONLINE,7165,MASTER,40-49,40.0
2025,HMKP19308,38,MELAYU,FEMALE,BEKERJA/USAHAWAN/FREELANCE,NOT SPECIFIED,OTHER,SELANGOR,380,"MASTER EKSEKUTIF KESELAMATAN, KESIHATAN DAN PERSEKITARAN",NOT SPECIFIED,ONLINE,7852,MASTER,30-39,38.0
2025,HMKP20214,33,MELAYU,MALE,BEKERJA SEPENUH MASA,BANGUNAN 3 SDN BHD,OTHER,SELANGOR,380,"MASTER EKSEKUTIF KESELAMATAN, KESIHATAN DAN PERSEKITARAN",5500.00,ONLINE,7116,MASTER,30-39,33.0
2025,HMKP20434,44,DUSUN-SABAH,FEMALE,BEKERJA SEPENUH MASA,"GLENEAGLES HOSPITAL KOTA KINABALU, SABAH",OTHER,SABAH,380,"MASTER EKSEKUTIF KESELAMATAN, KESIHATAN DAN PERSEKITARAN",6000.00,ONLINE,7548,MASTER,40-49,44.0
2025,HMKP21232,29,MELAYU,MALE,BEKERJA SEPENUH MASA,ALAM SEKITAR MALAYSIA SDN BHD,OTHER,KUALA LUMPUR,380,"MASTER EKSEKUTIF KESELAMATAN, KESIHATAN DAN PERSEKITARAN",7000.00,ONLINE,7425,MASTER,<29,29.0
2025,HMKP21413,43,INDIA,MALE,BEKERJA SEPENUH MASA,NAJA SAFETY,OTHER,JOHOR,380,"MASTER EKSEKUTIF KESELAMATAN, KESIHATAN DAN PERSEKITARAN",5000.00,ONLINE,8557,MASTER,40-49,43.0
2025,HMKP21438,37,BIDAYUH/LAND DAYAK - SARAWAK,MALE,BEKERJA/USAHAWAN/FREELANCE,NOT SPECIFIED,OTHER,SARAWAK,380,"MASTER EKSEKUTIF KESELAMATAN, KESIHATAN DAN PERSEKITARAN",NOT SPECIFIED,ONLINE,7649,MASTER,30-39,37.0
2025,HMKP22163,45,MELAYU,MALE,BEKERJA SEPENUH MASA,KLINIK ANNUR,OTHER,KEDAH,380,"MASTER EKSEKUTIF KESELAMATAN, KESIHATAN DAN PERSEKITARAN",20000.00,ONLINE,8252,MASTER,40-49,45.0
2025,HMKP22166,43,INDIA,MALE,BEKERJA SEPENUH MASA,INSPIRE RECRUITMENT AND CONSULTANCY,OTHER,SELANGOR,380,"MASTER EKSEKUTIF KESELAMATAN, KESIHATAN DAN PERSEKITARAN",7000.00,ONLINE,8920,MASTER,40-49,43.0
2025,HMKP22302,35,INDIA,MALE,BELUM/TIDAK BEKERJA,NOT SPECIFIED,OTHER,PERAK,380,"MASTER EKSEKUTIF KESELAMATAN, KESIHATAN DAN PERSEKITARAN",NOT SPECIFIED,ONLINE,7185,MASTER,30-39,35.0
2025,HMKP22318,35,MELAYU,MALE,BEKERJA SEPENUH MASA,YNH CONSTRUCTION SDN BHD,OTHER,SELANGOR,380,"MASTER EKSEKUTIF KESELAMATAN, KESIHATAN DAN PERSEKITARAN",9300.00,ONLINE,8738,MASTER,30-39,35.0
2025,HMKP22435,40,MELAYU,FEMALE,BEKERJA/USAHAWAN/FREELANCE,NOT SPECIFIED,OTHER,KUALA LUMPUR,380,"MASTER EKSEKUTIF KESELAMATAN, KESIHATAN DAN PERSEKITARAN",NOT SPECIFIED,ONLINE,8586,MASTER,40-49,40.0
2025,HMKP23140,40,MELAYU,MALE,BEKERJA SEPENUH MASA,PARLIMEN MALAYSIA,OTHER,PERAK,380,"MASTER EKSEKUTIF KESELAMATAN, KESIHATAN DAN PERSEKITARAN",6500.00,ONLINE,8733,MASTER,40-49,40.0
2025,HMKP23212,28,BIDAYUH/LAND DAYAK - SARAWAK,MALE,BEKERJA SEPENUH MASA,ALFA MOUNT SDN BHD,OTHER,SARAWAK,380,"MASTER EKSEKUTIF KESELAMATAN, KESIHATAN DAN PERSEKITARAN",8000.00,ONLINE,8928,MASTER,<29,28.0
2025,HMKP23306,38,INDIA,MALE,BEKERJA SEPENUH MASA,TAKENAKA MALAYSIA SDN BHD,OTHER,KUALA LUMPUR,380,"MASTER EKSEKUTIF KESELAMATAN, KESIHATAN DAN PERSEKITARAN",12300.00,ONLINE,7193,MASTER,30-39,38.0
2025,HMKP23328,46,INDIA,MALE,BEKERJA/USAHAWAN/FREELANCE,NOT SPECIFIED,OTHER,SELANGOR,380,"MASTER EKSEKUTIF KESELAMATAN, KESIHATAN DAN PERSEKITARAN",NOT SPECIFIED,ONLINE,8936,MASTER,40-49,46.0
2025,HMKP23341,30,IBAN/SEA DAYAK -SARAWAK,MALE,BEKERJA SEPENUH MASA,HHA ASSOCIATES SDN BHD,OTHER,SARAWAK,380,"MASTER EKSEKUTIF KESELAMATAN, KESIHATAN DAN PERSEKITARAN",10000.00,ONLINE,7324,MASTER,30-39,30.0
2025,HMKP23343,38,MELAYU,MALE,BEKERJA SEPENUH MASA,SING LIAN PING ENG SDN BHD,OTHER,PAHANG,380,"MASTER EKSEKUTIF KESELAMATAN, KESIHATAN DAN PERSEKITARAN",4000.00,ONLINE,8727,MASTER,30-39,38.0
2025,HMKP23344,41,DUSUN-SABAH,MALE,BEKERJA SEPENUH MASA,TUNG HUP PALM OIL MILL SDN. BHD,OTHER,SABAH,380,"MASTER EKSEKUTIF KESELAMATAN, KESIHATAN DAN PERSEKITARAN",6500.00,ONLINE,7059,MASTER,40-49,41.0
2025,HMKP23401,45,BRUNEI-SABAH,FEMALE,BEKERJA SEPENUH MASA,JABATAN KESIHATAN NEGERI SABAH,OTHER,SABAH,380,"MASTER EKSEKUTIF KESELAMATAN, KESIHATAN DAN PERSEKITARAN",8000.00,ONLINE,7419,MASTER,40-49,45.0
2025,HMKP23406,49,TAMIL,MALE,BEKERJA/USAHAWAN/FREELANCE,NOT SPECIFIED,OTHER,SELANGOR,380,"MASTER EKSEKUTIF KESELAMATAN, KESIHATAN DAN PERSEKITARAN",NOT SPECIFIED,ONLINE,7341,MASTER,40-49,49.0
2025,HMKP23408,42,INDIA,MALE,BEKERJA SEPENUH MASA,BINAFORM SDN BHD,OTHER,SELANGOR,380,"MASTER EKSEKUTIF KESELAMATAN, KESIHATAN DAN PERSEKITARAN",7500.00,ONLINE,8866,MASTER,40-49,42.0
2025,HMKP23410,31,TAMIL,MALE,BEKERJA SEPENUH MASA,VELESTO DRILLING SDN.BHD,OTHER,NEGERI SEMBILAN,380,"MASTER EKSEKUTIF KESELAMATAN, KESIHATAN DAN PERSEKITARAN",10000.00,ONLINE,7499,MASTER,30-39,31.0
2025,HMKP23411,34,MELAYU,MALE,BELUM/TIDAK BEKERJA,NOT SPECIFIED,OTHER,JOHOR,380,"MASTER EKSEKUTIF KESELAMATAN, KESIHATAN DAN PERSEKITARAN",NOT SPECIFIED,ONLINE,8407,MASTER,30-39,34.0
2025,HMKP23413,36,MELAYU,MALE,BEKERJA SEPENUH MASA,TITAN OIL & GAS SDN BHD,OTHER,KEDAH,380,"MASTER EKSEKUTIF KESELAMATAN, KESIHATAN DAN PERSEKITARAN",2250.00,ONLINE,8875,MASTER,30-39,36.0
2025,HMKP23417,35,MELAYU,MALE,BEKERJA SEPENUH MASA,EGLOOZZ RENTALS & SERVICES SDN BHD,OTHER,JOHOR,380,"MASTER EKSEKUTIF KESELAMATAN, KESIHATAN DAN PERSEKITARAN",4500.00,ONLINE,8120,MASTER,30-39,35.0
2025,HMKP23424,32,MELAYU,MALE,BEKERJA SEPENUH MASA,PHARMANIAGA BERHAD,OTHER,PAHANG,380,"MASTER EKSEKUTIF KESELAMATAN, KESIHATAN DAN PERSEKITARAN",8000.00,ONLINE,7591,MASTER,30-39,32.0
2025,HMKP23427,32,MELAYU,MALE,BEKERJA SEPENUH MASA,WIL-KEY INTERNATIONAL SDN BHD,OTHER,NEGERI SEMBILAN,380,"MASTER EKSEKUTIF KESELAMATAN, KESIHATAN DAN PERSEKITARAN",12000.00,ONLINE,8048,MASTER,30-39,32.0
2025,HMPB22418,40,MELAYU,MALE,BEKERJA SEPENUH MASA,SUN LIFE MALAYSIA BHD,"PROFESSIONAL, SCIENTIFIC, AND TECHNICAL ACTIVITIES",PAHANG,488,MASTER EKSEKUTIF PENGURUSAN PERNIAGAAN,8000.00,ONLINE,7867,MASTER,40-49,40.0
2025,HMPB22421,45,MELAYU,MALE,BEKERJA SEPARA MASA,HANEY BINA ENTERPRISE,"PROFESSIONAL, SCIENTIFIC, AND TECHNICAL ACTIVITIES",PULAU PINANG,488,MASTER EKSEKUTIF PENGURUSAN PERNIAGAAN,2500.00,ONLINE,7598,MASTER,40-49,45.0
2025,HMPB23204,47,MELAYU,FEMALE,BEKERJA SEPENUH MASA,BANK SIMPANAN NASIONAL,"PROFESSIONAL, SCIENTIFIC, AND TECHNICAL ACTIVITIES",SELANGOR,488,MASTER EKSEKUTIF PENGURUSAN PERNIAGAAN,30000.00,ONLINE,8975,MASTER,40-49,47.0
2025,HMPB23401,40,MELAYU,FEMALE,BEKERJA SEPENUH MASA,PPG COATINGS (M) SDN BHD,"PROFESSIONAL, SCIENTIFIC, AND TECHNICAL ACTIVITIES",SELANGOR,488,MASTER EKSEKUTIF PENGURUSAN PERNIAGAAN,4377.00,ONLINE,8602,MASTER,40-49,40.0
2025,HMPB23417,39,INDIA MUSLIM,MALE,BEKERJA SEPENUH MASA,CARTRACK MALAYSIA SDN BHD,"PROFESSIONAL, SCIENTIFIC, AND TECHNICAL ACTIVITIES",SELANGOR,488,MASTER EKSEKUTIF PENGURUSAN PERNIAGAAN,9.00,ONLINE,8465,MASTER,30-39,39.0
2025,HMPB23422,38,CINA,MALE,BEKERJA SEPENUH MASA,LYE YOONG HON CONTRUCTION SDN BHD,"PROFESSIONAL, SCIENTIFIC, AND TECHNICAL ACTIVITIES",NEGERI SEMBILAN,488,MASTER EKSEKUTIF PENGURUSAN PERNIAGAAN,3000.00,ONLINE,8862,MASTER,30-39,38.0
2025,HMPM20411,37,MELAYU,MALE,BEKERJA SEPENUH MASA,TANJUNG OFFSHORE SDN BHD,"PROFESSIONAL, SCIENTIFIC, AND TECHNICAL ACTIVITIES",PAHANG,348,MASTER EKSEKUTIF OPERASI DAN PENGURUSAN PROJEK,10000.00,ONLINE,7084,MASTER,30-39,37.0
2025,HMPM21331,31,INDIA,FEMALE,BEKERJA SEPENUH MASA,BP BUSINESS SERVICE CENTRE ASIA SDN BHD,"PROFESSIONAL, SCIENTIFIC, AND TECHNICAL ACTIVITIES",SELANGOR,348,MASTER EKSEKUTIF OPERASI DAN PENGURUSAN PROJEK,9120.00,ONLINE,7521,MASTER,30-39,31.0
2025,HMPM22343,45,INDIA,MALE,BEKERJA SEPENUH MASA,TLE,"PROFESSIONAL, SCIENTIFIC, AND TECHNICAL ACTIVITIES",PULAU PINANG,348,MASTER EKSEKUTIF OPERASI DAN PENGURUSAN PROJEK,5500.00,ONLINE,7262,MASTER,40-49,45.0
2025,HMPM22347,45,MELAYU,MALE,BEKERJA SEPENUH MASA,INYA WATER,"PROFESSIONAL, SCIENTIFIC, AND TECHNICAL ACTIVITIES",KEDAH,348,MASTER EKSEKUTIF OPERASI DAN PENGURUSAN PROJEK,5700.00,ONLINE,8824,MASTER,40-49,45.0
2025,HMPM22417,38,MELAYU,FEMALE,BEKERJA SEPENUH MASA,SPACE ALLIANCE CONTRACTS SDN BHD,"PROFESSIONAL, SCIENTIFIC, AND TECHNICAL ACTIVITIES",KUALA LUMPUR,348,MASTER EKSEKUTIF OPERASI DAN PENGURUSAN PROJEK,10000.00,ONLINE,7537,MASTER,30-39,38.0
2025,HMPM22421,41,MELAYU,MALE,BEKERJA SEPENUH MASA,TECHNIP ENERGIES,"PROFESSIONAL, SCIENTIFIC, AND TECHNICAL ACTIVITIES",SELANGOR,348,MASTER EKSEKUTIF OPERASI DAN PENGURUSAN PROJEK,10000.00,ONLINE,8820,MASTER,40-49,41.0
2025,HMPM22430,31,BRUNEI-SABAH,MALE,BEKERJA SEPENUH MASA,IKLIMEGA SDN BHD,"PROFESSIONAL, SCIENTIFIC, AND TECHNICAL ACTIVITIES",LABUAN,348,MASTER EKSEKUTIF OPERASI DAN PENGURUSAN PROJEK,7000.00,ONLINE,8915,MASTER,30-39,31.0
2025,HMPM22462,43,MELAYU,FEMALE,BEKERJA SEPENUH MASA,ANGKATAN TENTERA MALAYSIA,"PROFESSIONAL, SCIENTIFIC, AND TECHNICAL ACTIVITIES",SELANGOR,348,MASTER EKSEKUTIF OPERASI DAN PENGURUSAN PROJEK,8900.00,ONLINE,7458,MASTER,40-49,43.0
2025,HMPM22464,39,DUSUN-SABAH,MALE,BEKERJA SEPENUH MASA,PERUNDING BINA DAYA SDN BHD,"PROFESSIONAL, SCIENTIFIC, AND TECHNICAL ACTIVITIES",SABAH,348,MASTER EKSEKUTIF OPERASI DAN PENGURUSAN PROJEK,3200.00,ONLINE,8142,MASTER,30-39,39.0
2025,HMPM22469,29,INDIA,MALE,BEKERJA SEPENUH MASA,DFI RETAIL GROUP,"PROFESSIONAL, SCIENTIFIC, AND TECHNICAL ACTIVITIES",PERAK,348,MASTER EKSEKUTIF OPERASI DAN PENGURUSAN PROJEK,5000.00,ONLINE,8077,MASTER,<29,29.0
2025,HMPM23119,49,BISAYA-SARAWAK,MALE,BEKERJA SEPENUH MASA,KLN LAND SDN.BHD,"PROFESSIONAL, SCIENTIFIC, AND TECHNICAL ACTIVITIES",SARAWAK,348,MASTER EKSEKUTIF OPERASI DAN PENGURUSAN PROJEK,7000.00,ONLINE,8769,MASTER,40-49,49.0
2025,HMPM23227,42,MELAYU,FEMALE,BEKERJA SEPENUH MASA,MODERN NEXUS SDN BHD,"PROFESSIONAL, SCIENTIFIC, AND TECHNICAL ACTIVITIES",SELANGOR,348,MASTER EKSEKUTIF OPERASI DAN PENGURUSAN PROJEK,7000.00,ONLINE,8031,MASTER,40-49,42.0
2025,HMPM23309,31,INDIA,FEMALE,BEKERJA SEPENUH MASA,NUVEEN ADMINISTRATION LIMITED,"PROFESSIONAL, SCIENTIFIC, AND TECHNICAL ACTIVITIES",SELANGOR,348,MASTER EKSEKUTIF OPERASI DAN PENGURUSAN PROJEK,7500.00,ONLINE,8403,MASTER,30-39,31.0
2025,HMPM23323,41,MELAYU,MALE,BEKERJA SEPENUH MASA,MTL CONSTRUCTION SDN. BHD.,"PROFESSIONAL, SCIENTIFIC, AND TECHNICAL ACTIVITIES",KUALA LUMPUR,348,MASTER EKSEKUTIF OPERASI DAN PENGURUSAN PROJEK,10000.00,ONLINE,8627,MASTER,40-49,41.0
2025,HMPM23334,33,TAMIL,MALE,BEKERJA SEPENUH MASA,IT USAHA ENGINEERING SDN BHD,"PROFESSIONAL, SCIENTIFIC, AND TECHNICAL ACTIVITIES",SELANGOR,348,MASTER EKSEKUTIF OPERASI DAN PENGURUSAN PROJEK,6000.00,ONLINE,7140,MASTER,30-39,33.0
2025,HMPM23340,51,CINA,MALE,BEKERJA SEPENUH MASA,SCHMIDT BIOMEDTECH,"PROFESSIONAL, SCIENTIFIC, AND TECHNICAL ACTIVITIES",SARAWAK,348,MASTER EKSEKUTIF OPERASI DAN PENGURUSAN PROJEK,5350.00,ONLINE,8177,MASTER,50-59,51.0
2025,HMPM23402,48,MELAYU,MALE,BEKERJA SEPENUH MASA,DCS SERVICES SDN BHD,"PROFESSIONAL, SCIENTIFIC, AND TECHNICAL ACTIVITIES",PAHANG,348,MASTER EKSEKUTIF OPERASI DAN PENGURUSAN PROJEK,21000.00,ONLINE,8248,MASTER,40-49,48.0
2025,HMPM23406,40,IBAN/SEA DAYAK -SARAWAK,MALE,BEKERJA SEPENUH MASA,REMANG OFFSHORE SUPPLIES SDN BHD,"PROFESSIONAL, SCIENTIFIC, AND TECHNICAL ACTIVITIES",SARAWAK,348,MASTER EKSEKUTIF OPERASI DAN PENGURUSAN PROJEK,10000.00,ONLINE,7735,MASTER,40-49,40.0
2025,HMPM23410,30,INDIA,FEMALE,BEKERJA SEPENUH MASA,IVS TECH (M) SDN BHD,"PROFESSIONAL, SCIENTIFIC, AND TECHNICAL ACTIVITIES",SELANGOR,348,MASTER EKSEKUTIF OPERASI DAN PENGURUSAN PROJEK,12000.00,ONLINE,7740,MASTER,30-39,30.0
2025,HMPM23411,33,INDIA,MALE,BEKERJA SEPENUH MASA,KAYANGAN KEMAS SDN BHD,"PROFESSIONAL, SCIENTIFIC, AND TECHNICAL ACTIVITIES",PULAU PINANG,348,MASTER EKSEKUTIF OPERASI DAN PENGURUSAN PROJEK,4500.00,ONLINE,7878,MASTER,30-39,33.0
2025,HMPM23416,40,MELAYU,MALE,BEKERJA SEPENUH MASA,PETRONAS CARIGALI SDN. BHD.,"PROFESSIONAL, SCIENTIFIC, AND TECHNICAL ACTIVITIES",SARAWAK,348,MASTER EKSEKUTIF OPERASI DAN PENGURUSAN PROJEK,19000.00,ONLINE,8745,MASTER,40-49,40.0
2025,HMPM23418,39,MELAYU,MALE,BEKERJA SEPENUH MASA,MEGAZONE TECH SDN BHD,"PROFESSIONAL, SCIENTIFIC, AND TECHNICAL ACTIVITIES",PUTRAJAYA,348,MASTER EKSEKUTIF OPERASI DAN PENGURUSAN PROJEK,5000.00,ONLINE,8793,MASTER,30-39,39.0
2025,HMSC23310,33,MELAYU,FEMALE,BEKERJA SEPENUH MASA,SAPURA ENERGY BERHAD,TRANSPORTATION AND STORAGE,PAHANG,378,MASTER EKSEKUTIF TEKNOLOGI PINTAR RANTAIAN BEKALAN DAN LOGISTIK,6500.00,ONLINE,7985,MASTER,30-39,33.0
2025,EMPP23404,50,INDIA,FEMALE,BELUM/TIDAK BEKERJA,NOT SPECIFIED,"PROFESSIONAL, SCIENTIFIC, AND TECHNICAL ACTIVITIES",JOHOR,536,MASTER EKSEKUTIF PENTADBIRAN PERNIAGAAN (PENGURUSAN OPERASI),NOT SPECIFIED,ONLINE,8488,MASTER,50-59,50.0
2025,EMPP23301,48,TAMIL,MALE,BEKERJA SEPENUH MASA,TYD GLOBAL TRADING,"PROFESSIONAL, SCIENTIFIC, AND TECHNICAL ACTIVITIES",SELANGOR,536,MASTER EKSEKUTIF PENTADBIRAN PERNIAGAAN (PENGURUSAN OPERASI),5000.00,ONLINE,7542,MASTER,40-49,48.0
2025,MBPB18302,33,MELAYU,FEMALE,BEKERJA SEPENUH MASA,SYARIKAT PERNIAGAAN R&D,"PROFESSIONAL, SCIENTIFIC, AND TECHNICAL ACTIVITIES",SARAWAK,362,BACELOR EKSEKUTIF PENGURUSAN PERNIAGAAN,1700.00,ONLINE,5209,BACELOR,30-39,33.0
2025,MBPB20402,30,INDIA,MALE,BEKERJA SEPENUH MASA,CORUS KLCC,"PROFESSIONAL, SCIENTIFIC, AND TECHNICAL ACTIVITIES",SELANGOR,362,BACELOR EKSEKUTIF PENGURUSAN PERNIAGAAN,3300.00,ONLINE,4071,BACELOR,30-39,30.0
2025,MBPB21104,31,INDIA,MALE,BEKERJA SEPENUH MASA,NINJA LOGISTICS(M) SDN BHD,"PROFESSIONAL, SCIENTIFIC, AND TECHNICAL ACTIVITIES",SELANGOR,362,BACELOR EKSEKUTIF PENGURUSAN PERNIAGAAN,9500.00,ONLINE,5849,BACELOR,30-39,31.0
2025,MBPB21301,36,MELAYU,FEMALE,BEKERJA SEPENUH MASA,JAYA TIESA HOLDING SDN BHD,"PROFESSIONAL, SCIENTIFIC, AND TECHNICAL ACTIVITIES",SARAWAK,362,BACELOR EKSEKUTIF PENGURUSAN PERNIAGAAN,3000.00,ONLINE,4406,BACELOR,30-39,36.0
2025,MBPB23401,23,TAMIL,MALE,BEKERJA SEPENUH MASA,LINFOX SDN BHD,"PROFESSIONAL, SCIENTIFIC, AND TECHNICAL ACTIVITIES",SELANGOR,362,BACELOR EKSEKUTIF PENGURUSAN PERNIAGAAN,2300.00,ONLINE,4851,BACELOR,<29,23.0
2025,MBTN18125,50,MELAYU,MALE,BEKERJA SEPENUH MASA,BUNSU AUTO AIRCOND,MANUFACTURING,SARAWAK,529,BACELOR EKSEKUTIF TEKNOLOGI KEJURUTERAAN INDUSTRI,5000.00,ONLINE,5274,BACELOR,50-59,50.0
2025,MBTN20230,36,INDIA,MALE,BEKERJA SEPENUH MASA,SANDISK STORAGE,MANUFACTURING,PULAU PINANG,529,BACELOR EKSEKUTIF TEKNOLOGI KEJURUTERAAN INDUSTRI,4200.00,ONLINE,4746,BACELOR,30-39,36.0
2025,MBTN20414,35,MELAYU,MALE,BEKERJA SEPENUH MASA,AMS OSRAM SDN BHD,MANUFACTURING,PULAU PINANG,529,BACELOR EKSEKUTIF TEKNOLOGI KEJURUTERAAN INDUSTRI,8000.00,ONLINE,4409,BACELOR,30-39,35.0
2025,MBTN21401,30,INDIA,MALE,BEKERJA SEPENUH MASA,SMRT TRANS LTD,MANUFACTURING,PERAK,529,BACELOR EKSEKUTIF TEKNOLOGI KEJURUTERAAN INDUSTRI,9500.00,ONLINE,4683,BACELOR,30-39,30.0
2025,MBTN22222,29,INDIA,MALE,BEKERJA SEPENUH MASA,ENG TEKNOLOI SDN BHD,MANUFACTURING,PULAU PINANG,529,BACELOR EKSEKUTIF TEKNOLOGI KEJURUTERAAN INDUSTRI,1500.00,ONLINE,4438,BACELOR,<29,29.0
2025,MBTN22229,34,MELAYU,MALE,BEKERJA SEPENUH MASA,LONGI SDN BHD,MANUFACTURING,SARAWAK,529,BACELOR EKSEKUTIF TEKNOLOGI KEJURUTERAAN INDUSTRI,2000.00,ONLINE,5437,BACELOR,30-39,34.0
2025,MBTN22311,26,TAMIL,MALE,BEKERJA/USAHAWAN/FREELANCE,NOT SPECIFIED,MANUFACTURING,PULAU PINANG,529,BACELOR EKSEKUTIF TEKNOLOGI KEJURUTERAAN INDUSTRI,NOT SPECIFIED,ONLINE,4319,BACELOR,<29,26.0
2025,MBTN22406,35,KAYAN-SARAWAK,MALE,BEKERJA SEPENUH MASA,SARAWAK PETCHEM SDN BHD,MANUFACTURING,SARAWAK,529,BACELOR EKSEKUTIF TEKNOLOGI KEJURUTERAAN INDUSTRI,5000.00,ONLINE,5559,BACELOR,30-39,35.0
2025,MBTN23101,29,INDIA,FEMALE,BEKERJA SEPENUH MASA,ECOVACS MALAYSIA SDN BHD,MANUFACTURING,KUALA LUMPUR,529,BACELOR EKSEKUTIF TEKNOLOGI KEJURUTERAAN INDUSTRI,1200.00,ONLINE,5498,BACELOR,<29,29.0
2025,MBTN23102,28,MELAYU,MALE,BEKERJA SEPENUH MASA,R2P ASIA SDN BHD,MANUFACTURING,SARAWAK,529,BACELOR EKSEKUTIF TEKNOLOGI KEJURUTERAAN INDUSTRI,4300.00,ONLINE,4530,BACELOR,<29,28.0
2025,MBTN23103,32,INDIA,MALE,BEKERJA SEPENUH MASA,SIA ENGINEERING COMPANY,MANUFACTURING,SELANGOR,529,BACELOR EKSEKUTIF TEKNOLOGI KEJURUTERAAN INDUSTRI,5000.00,ONLINE,4141,BACELOR,30-39,32.0
2025,MBTN23113,38,TAMIL,MALE,BEKERJA SEPENUH MASA,TEXAS INSTRUMENT MALAYSIA,MANUFACTURING,SELANGOR,529,BACELOR EKSEKUTIF TEKNOLOGI KEJURUTERAAN INDUSTRI,4500.00,ONLINE,4993,BACELOR,30-39,38.0
2025,MBTN23115,29,INDIA,MALE,BEKERJA SEPENUH MASA,FLEX,MANUFACTURING,PULAU PINANG,529,BACELOR EKSEKUTIF TEKNOLOGI KEJURUTERAAN INDUSTRI,3800.00,ONLINE,5635,BACELOR,<29,29.0
2025,MBTN23120,37,INDIA,MALE,BEKERJA SEPENUH MASA,SMART MODULAR TECHNOLOGIES,MANUFACTURING,PULAU PINANG,529,BACELOR EKSEKUTIF TEKNOLOGI KEJURUTERAAN INDUSTRI,6000.00,ONLINE,4320,BACELOR,30-39,37.0
2025,MBTN23123,30,MELAYU,MALE,BEKERJA SEPENUH MASA,DEXCOM MALAYSIA,MANUFACTURING,KEDAH,529,BACELOR EKSEKUTIF TEKNOLOGI KEJURUTERAAN INDUSTRI,3300.00,ONLINE,4186,BACELOR,30-39,30.0
2025,MBTN23132,48,KAYAN-SARAWAK,MALE,BEKERJA SEPENUH MASA,K-FRONTIERS SENDIRIAN BERHAD,MANUFACTURING,SARAWAK,529,BACELOR EKSEKUTIF TEKNOLOGI KEJURUTERAAN INDUSTRI,4200.00,ONLINE,4974,BACELOR,40-49,48.0
2025,MBTN23134,41,MELAYU,MALE,BEKERJA SEPENUH MASA,DYSON MANUFACTURING SDN. BHD.,MANUFACTURING,JOHOR,529,BACELOR EKSEKUTIF TEKNOLOGI KEJURUTERAAN INDUSTRI,3500.00,ONLINE,5025,BACELOR,40-49,41.0
2025,MBTN23135,35,INDIA,MALE,BEKERJA SEPENUH MASA,APPLIED MATERIALS SOUTH EAST ASIA PVT. LTD,MANUFACTURING,KEDAH,529,BACELOR EKSEKUTIF TEKNOLOGI KEJURUTERAAN INDUSTRI,12000.00,ONLINE,4093,BACELOR,30-39,35.0
2025,MBTN23214,42,INDIA,FEMALE,BEKERJA SEPENUH MASA,NEXPERIA MALAYSIA SDN.BHD.,MANUFACTURING,NEGERI SEMBILAN,529,BACELOR EKSEKUTIF TEKNOLOGI KEJURUTERAAN INDUSTRI,2500.00,ONLINE,5974,BACELOR,40-49,42.0
2025,MBTN23302,28,INDIA,MALE,BEKERJA SEPENUH MASA,PPC INTERNATIONAL,MANUFACTURING,PULAU PINANG,529,BACELOR EKSEKUTIF TEKNOLOGI KEJURUTERAAN INDUSTRI,3000.00,ONLINE,4624,BACELOR,<29,28.0
2025,MBTN23314,36,MELAYU,MALE,BEKERJA SEPENUH MASA,DEXCOM (M) SDN BHD,MANUFACTURING,PULAU PINANG,529,BACELOR EKSEKUTIF TEKNOLOGI KEJURUTERAAN INDUSTRI,5900.00,ONLINE,5649,BACELOR,30-39,36.0
2025,MBTN23319,36,MELAYU,MALE,BEKERJA SEPENUH MASA,MICRON MEMORY PENANG,MANUFACTURING,PULAU PINANG,529,BACELOR EKSEKUTIF TEKNOLOGI KEJURUTERAAN INDUSTRI,5000.00,ONLINE,4394,BACELOR,30-39,36.0
2025,MBTN23320,29,INDIA,MALE,BEKERJA SEPENUH MASA,JED CENTRE SDN BHD,MANUFACTURING,PULAU PINANG,529,BACELOR EKSEKUTIF TEKNOLOGI KEJURUTERAAN INDUSTRI,2500.00,ONLINE,5458,BACELOR,<29,29.0
2025,MBTN23321,29,MELAYU,MALE,BEKERJA SEPENUH MASA,INTEL ELECT MALAYSIA SDN BHD,MANUFACTURING,KEDAH,529,BACELOR EKSEKUTIF TEKNOLOGI KEJURUTERAAN INDUSTRI,2500.00,ONLINE,5525,BACELOR,<29,29.0
2025,MBTN23322,35,IBAN/SEA DAYAK -SARAWAK,MALE,BEKERJA/USAHAWAN/FREELANCE,NOT SPECIFIED,MANUFACTURING,SARAWAK,529,BACELOR EKSEKUTIF TEKNOLOGI KEJURUTERAAN INDUSTRI,NOT SPECIFIED,ONLINE,5827,BACELOR,30-39,35.0
2025,MBTN23401,27,INDIA,MALE,BEKERJA SEPENUH MASA,STMICROELECTRONICS,MANUFACTURING,PERAK,529,BACELOR EKSEKUTIF TEKNOLOGI KEJURUTERAAN INDUSTRI,5400.00,ONLINE,5117,BACELOR,<29,27.0
2025,MMPB22202,59,MELAYU,MALE,BEKERJA/USAHAWAN/FREELANCE,NOT SPECIFIED,"PROFESSIONAL, SCIENTIFIC, AND TECHNICAL ACTIVITIES",SARAWAK,509,MASTER EKSEKUTIF PENGURUSAN PERNIAGAAN,NOT SPECIFIED,ONLINE,7574,MASTER,50-59,59.0
2025,MMPB22406,47,BIDAYUH/LAND DAYAK - SARAWAK,FEMALE,BEKERJA/USAHAWAN/FREELANCE,NOT SPECIFIED,"PROFESSIONAL, SCIENTIFIC, AND TECHNICAL ACTIVITIES",SARAWAK,509,MASTER EKSEKUTIF PENGURUSAN PERNIAGAAN,NOT SPECIFIED,ONLINE,7611,MASTER,40-49,47.0
2025,MMPN19402,44,KADAZAN-SABAH,FEMALE,BEKERJA/USAHAWAN/FREELANCE,NOT SPECIFIED,MANUFACTURING,SABAH,379,MASTER EKSEKUTIF TEKNOLOGI KEJURUTERAAN INDUSTRI,NOT SPECIFIED,ONLINE,7474,MASTER,40-49,44.0
2025,MMPN23302,41,TAMIL,FEMALE,BEKERJA SEPENUH MASA,WONG ENGNEERING SND.BHD,MANUFACTURING,KEDAH,379,MASTER EKSEKUTIF TEKNOLOGI KEJURUTERAAN INDUSTRI,2800.00,ONLINE,7034,MASTER,40-49,41.0
2025,EMPP23202,32,MELAYU,MALE,BELUM/TIDAK BEKERJA,NOT SPECIFIED,"PROFESSIONAL, SCIENTIFIC, AND TECHNICAL ACTIVITIES",SELANGOR,536,MASTER EKSEKUTIF PENTADBIRAN PERNIAGAAN (PENGURUSAN OPERASI),NOT SPECIFIED,ONLINE,8911,MASTER,30-39,32.0
2025,EMPP23401,39,MELAYU,MALE,BEKERJA SEPENUH MASA,MAJLIS BANDARAYA ISKANDAR PUTERI,"PROFESSIONAL, SCIENTIFIC, AND TECHNICAL ACTIVITIES",JOHOR,536,MASTER EKSEKUTIF PENTADBIRAN PERNIAGAAN (PENGURUSAN OPERASI),5000.00,ONLINE,8933,MASTER,30-39,39.0
2025,SMMG22302,29,MELAYU,MALE,BEKERJA SEPENUH MASA,WELFIELD SERVICES SDN BHD,MINING AND QUARRYING,TERENGGANU,346,MASTER EKSEKUTIF PENGURUSAN INDUSTRI MINYAK & GAS,8500.00,ONLINE,7681,MASTER,<29,29.0
2025,SMMG23302,38,MELAYU,MALE,BEKERJA SEPENUH MASA,OCEANCARE CORPORATION SDN BHD,MINING AND QUARRYING,SELANGOR,346,MASTER EKSEKUTIF PENGURUSAN INDUSTRI MINYAK & GAS,5000.00,ONLINE,8215,MASTER,30-39,38.0
2025,EMPP23403,37,INDIA,MALE,BEKERJA SEPENUH MASA,AGODA INTERNATIONAL (MALAYSIA) SDN BHD,"PROFESSIONAL, SCIENTIFIC, AND TECHNICAL ACTIVITIES",PULAU PINANG,536,MASTER EKSEKUTIF PENTADBIRAN PERNIAGAAN (PENGURUSAN OPERASI),3598.00,ONLINE,7796,MASTER,30-39,37.0
2025,UBBM22206,49,MELAYU,FEMALE,BEKERJA SEPENUH MASA,LKPP PROPERTY SDN BHD,"PROFESSIONAL, SCIENTIFIC, AND TECHNICAL ACTIVITIES",PAHANG,362,BACELOR EKSEKUTIF PENGURUSAN PERNIAGAAN,7200.00,ONLINE,5414,BACELOR,40-49,49.0
2025,UBLK22201,32,MELAYU,MALE,BEKERJA SEPENUH MASA,PENGERANG PETROCHEMICAL COMPANY SDN BHD (PREFCHEM),OTHER,JOHOR,551,BACELOR EKSEKUTIF TEKNOLOGI LOJI PROSES KIMIA,7000.00,ONLINE,4602,BACELOR,30-39,32.0
2025,UBLK22401,43,MELAYU,MALE,BEKERJA SEPENUH MASA,PETRORABIGH,OTHER,JOHOR,551,BACELOR EKSEKUTIF TEKNOLOGI LOJI PROSES KIMIA,10000.00,ONLINE,4057,BACELOR,40-49,43.0
2025,UBLK22402,27,KADAZAN-SABAH,MALE,BEKERJA SEPENUH MASA,SINGAPORE REFINING COMPANY SRC,OTHER,SABAH,551,BACELOR EKSEKUTIF TEKNOLOGI LOJI PROSES KIMIA,5000.00,ONLINE,4741,BACELOR,<29,27.0
2025,UBLK23101,41,MELAYU,MALE,BEKERJA SEPENUH MASA,BERG & SCHMIDT NUTRITION,OTHER,PAHANG,551,BACELOR EKSEKUTIF TEKNOLOGI LOJI PROSES KIMIA,9500.00,ONLINE,4835,BACELOR,40-49,41.0
2025,UBLK23102,32,IBAN/SEA DAYAK -SARAWAK,FEMALE,BEKERJA SEPENUH MASA,KEJURUTERAAN GEMILANG JAYA SDN BHD,OTHER,SARAWAK,551,BACELOR EKSEKUTIF TEKNOLOGI LOJI PROSES KIMIA,6000.00,ONLINE,4683,BACELOR,30-39,32.0
2025,UBLK23103,40,MELAYU,MALE,BEKERJA SEPENUH MASA,PETRORABIGH,OTHER,JOHOR,551,BACELOR EKSEKUTIF TEKNOLOGI LOJI PROSES KIMIA,13000.00,ONLINE,4377,BACELOR,40-49,40.0
2025,UBLK23104,33,MELAYU,FEMALE,BEKERJA SEPENUH MASA,BASF-PETRONAS CHEMICAL SDN BHD,OTHER,PAHANG,551,BACELOR EKSEKUTIF TEKNOLOGI LOJI PROSES KIMIA,8700.00,ONLINE,4464,BACELOR,30-39,33.0
2025,UBMPP21407,62,MELAYU,MALE,BEKERJA/USAHAWAN/FREELANCE,NOT SPECIFIED,"PROFESSIONAL, SCIENTIFIC, AND TECHNICAL ACTIVITIES",SELANGOR,490,MASTER EKSEKUTIF PENGURUSAN PROJEK,NOT SPECIFIED,ONLINE,8044,MASTER,60+,62.0
2025,UBMPP21417,43,MELAYU,MALE,BEKERJA SEPENUH MASA,KEMENTERIAN LUAR NEGERI,"PROFESSIONAL, SCIENTIFIC, AND TECHNICAL ACTIVITIES",SELANGOR,490,MASTER EKSEKUTIF PENGURUSAN PROJEK,20000.00,ONLINE,7184,MASTER,40-49,43.0
2025,UBMT22201,43,MELAYU,MALE,BEKERJA SEPENUH MASA,HHA ASSOCIATED SDN BHD,MANUFACTURING,JOHOR,415,BACELOR EKSEKUTIF TEKNOLOGI MEKATRONIK,7000.00,ONLINE,5997,BACELOR,40-49,43.0
2025,UBMT23102,36,MELAYU,MALE,BEKERJA/USAHAWAN/FREELANCE,NOT SPECIFIED,MANUFACTURING,KUALA LUMPUR,415,BACELOR EKSEKUTIF TEKNOLOGI MEKATRONIK,NOT SPECIFIED,ONLINE,4595,BACELOR,30-39,36.0
2025,UBPN22401,30,MELAYU,MALE,BEKERJA/USAHAWAN/FREELANCE,NOT SPECIFIED,"PROFESSIONAL, SCIENTIFIC, AND TECHNICAL ACTIVITIES",SELANGOR,361,BACELOR EKSEKUTIF PENGURUSAN OPERASI INDUSTRI,NOT SPECIFIED,ONLINE,5615,BACELOR,30-39,30.0
2025,UBPN22402,47,MELAYU,MALE,BEKERJA SEPENUH MASA,PENTAX MEDICAL (PENANG) SDN.BHD.,"PROFESSIONAL, SCIENTIFIC, AND TECHNICAL ACTIVITIES",PULAU PINANG,361,BACELOR EKSEKUTIF PENGURUSAN OPERASI INDUSTRI,12000.00,ONLINE,5009,BACELOR,40-49,47.0
2025,UBPN22403,31,INDIA,FEMALE,BEKERJA SEPENUH MASA,SCAN GLOBAL LOGISTICS,"PROFESSIONAL, SCIENTIFIC, AND TECHNICAL ACTIVITIES",KEDAH,361,BACELOR EKSEKUTIF PENGURUSAN OPERASI INDUSTRI,3600.00,ONLINE,4836,BACELOR,30-39,31.0
2025,UBPN23101,28,MELAYU,FEMALE,BEKERJA SEPENUH MASA,JOTUN PAINTS (M) SDN.BHD,"PROFESSIONAL, SCIENTIFIC, AND TECHNICAL ACTIVITIES",NEGERI SEMBILAN,361,BACELOR EKSEKUTIF PENGURUSAN OPERASI INDUSTRI,3100.00,ONLINE,5078,BACELOR,<29,28.0
2025,UBPN23102,50,MELAYU,MALE,BEKERJA SEPENUH MASA,RAPID RAIL SDN BHD (SUBSIDIARY OF PRASARANA),"PROFESSIONAL, SCIENTIFIC, AND TECHNICAL ACTIVITIES",SELANGOR,361,BACELOR EKSEKUTIF PENGURUSAN OPERASI INDUSTRI,10000.00,ONLINE,4965,BACELOR,50-59,50.0
2025,UBPN24499,34,MELAYU,MALE,BEKERJA SEPENUH MASA,TIALOC MALAYSIA ENVIRONMENTAL,"PROFESSIONAL, SCIENTIFIC, AND TECHNICAL ACTIVITIES",PULAU PINANG,361,BACELOR EKSEKUTIF PENGURUSAN OPERASI INDUSTRI,6000.00,ONLINE,4440,BACELOR,30-39,34.0
2025,UBTE21303,45,INDIA,MALE,BEKERJA SEPENUH MASA,PLEXUS RIVERSIDE MANUFACTURING SDN BHD,MANUFACTURING,PULAU PINANG,363,BACELOR EKSEKUTIF TEKNOLOGI ELEKTRIK & ELEKTRONIK,4000.00,ONLINE,5328,BACELOR,40-49,45.0
2025,UBTE22202,45,INDIA,MALE,BEKERJA SEPENUH MASA,SAINT GOBAIN PRIMA,MANUFACTURING,SELANGOR,363,BACELOR EKSEKUTIF TEKNOLOGI ELEKTRIK & ELEKTRONIK,6000.00,ONLINE,5532,BACELOR,40-49,45.0
2025,UBTE23107,33,MELAYU,MALE,BEKERJA SEPARA MASA,PENGURUSAN AIR PAHANG BEHAD PAIP,MANUFACTURING,PAHANG,363,BACELOR EKSEKUTIF TEKNOLOGI ELEKTRIK & ELEKTRONIK,1975.00,ONLINE,5648,BACELOR,30-39,33.0
2025,UFMOL23104,39,MELAYU,MALE,BEKERJA/USAHAWAN/FREELANCE,NOT SPECIFIED,"PROFESSIONAL, SCIENTIFIC, AND TECHNICAL ACTIVITIES",TERENGGANU,485,MASTER EKSEKUTIF OPERASI DAN PENYELENGGARAAN LOJI PROSES,NOT SPECIFIED,ONLINE,8303,MASTER,30-39,39.0
2025,UFMPB23101,38,MELAYU,FEMALE,BEKERJA/USAHAWAN/FREELANCE,NOT SPECIFIED,"PROFESSIONAL, SCIENTIFIC, AND TECHNICAL ACTIVITIES",NEGERI SEMBILAN,340,MASTER EKSEKUTIF PENGURUSAN PERNIAGAAN,NOT SPECIFIED,ONLINE,8991,MASTER,30-39,38.0
2025,UIMPB22201,30,MELAYU,MALE,BEKERJA SEPENUH MASA,TIONG NAM LOGISTICS SOLUTIONS SDN BHD,"PROFESSIONAL, SCIENTIFIC, AND TECHNICAL ACTIVITIES",PAHANG,340,MASTER EKSEKUTIF PENGURUSAN PERNIAGAAN,2500.00,ONLINE,7402,MASTER,30-39,30.0
2025,UIMPK20404,47,BRUNEI-SABAH,MALE,BEKERJA/USAHAWAN/FREELANCE,NOT SPECIFIED,MANUFACTURING,SABAH,396,MASTER EKSEKUTIF PENGURUSAN KEJURUTERAAN PEMBINAAN,NOT SPECIFIED,ONLINE,8252,MASTER,40-49,47.0
2025,UIMPK21401,40,MELAYU,MALE,BEKERJA SEPENUH MASA,VESTIGO PETROLEUM SDN BHD,MANUFACTURING,MELAKA,396,MASTER EKSEKUTIF PENGURUSAN KEJURUTERAAN PEMBINAAN,15000.00,ONLINE,7826,MASTER,40-49,40.0
2025,UMPB23102,37,MELAYU,MALE,BEKERJA SEPENUH MASA,PKPP AGRO SDN BHD,"PROFESSIONAL, SCIENTIFIC, AND TECHNICAL ACTIVITIES",PAHANG,340,MASTER EKSEKUTIF PENGURUSAN PERNIAGAAN,3600.00,ONLINE,7820,MASTER,30-39,37.0
2025,UMPB23103,32,INDIA,FEMALE,BEKERJA SEPENUH MASA,QI SERVICES (M) SDN BHD,"PROFESSIONAL, SCIENTIFIC, AND TECHNICAL ACTIVITIES",SELANGOR,340,MASTER EKSEKUTIF PENGURUSAN PERNIAGAAN,4080.00,ONLINE,7678,MASTER,30-39,32.0
2025,UMPB23104,31,INDIA,MALE,BEKERJA SEPENUH MASA,DSV SOLUTION SDN BHD,"PROFESSIONAL, SCIENTIFIC, AND TECHNICAL ACTIVITIES",SELANGOR,340,MASTER EKSEKUTIF PENGURUSAN PERNIAGAAN,5300.00,ONLINE,8060,MASTER,30-39,31.0
2025,WBPN181134,43,MELAYU,MALE,BEKERJA SEPENUH MASA,TENAGA NASIONAL BERHAD,"PROFESSIONAL, SCIENTIFIC, AND TECHNICAL ACTIVITIES",NEGERI SEMBILAN,432,BACELOR EKSEKUTIF PENGURUSAN PERNIAGAAN (PENGURUSAN SUMBER MANUSIA),3000.00,ONLINE,4955,BACELOR,40-49,43.0
2025,WBPN18151,33,MELAYU,FEMALE,BEKERJA SEPENUH MASA,KAWA SDN. BHD.,"PROFESSIONAL, SCIENTIFIC, AND TECHNICAL ACTIVITIES",SARAWAK,431,BACELOR EKSEKUTIF PENGURUSAN PERNIAGAAN (PENGURUSAN OPERASI),3800.00,ONLINE,4506,BACELOR,30-39,33.0
2025,WBPN18307,41,HOKKIEN,MALE,BEKERJA SEPENUH MASA,AMBANG ASLI SDN BHD,"PROFESSIONAL, SCIENTIFIC, AND TECHNICAL ACTIVITIES",KUALA LUMPUR,431,BACELOR EKSEKUTIF PENGURUSAN PERNIAGAAN (PENGURUSAN OPERASI),7000.00,ONLINE,5029,BACELOR,40-49,41.0
2025,WBPN18316,40,MELAYU,MALE,BEKERJA/USAHAWAN/FREELANCE,NOT SPECIFIED,"PROFESSIONAL, SCIENTIFIC, AND TECHNICAL ACTIVITIES",SARAWAK,431,BACELOR EKSEKUTIF PENGURUSAN PERNIAGAAN (PENGURUSAN OPERASI),NOT SPECIFIED,ONLINE,4265,BACELOR,40-49,40.0
2025,WBPN18327,40,PUNJABI,MALE,BEKERJA SEPENUH MASA,PERBADANAN PENGURUSAN TERMINAL 1 SEREMBAN,"PROFESSIONAL, SCIENTIFIC, AND TECHNICAL ACTIVITIES",NEGERI SEMBILAN,431,BACELOR EKSEKUTIF PENGURUSAN PERNIAGAAN (PENGURUSAN OPERASI),12000.00,ONLINE,5687,BACELOR,40-49,40.0
2025,WBPN18435,33,MELAYU,MALE,BEKERJA SEPENUH MASA,RISDA PLANTATION SDN BHD,"PROFESSIONAL, SCIENTIFIC, AND TECHNICAL ACTIVITIES",JOHOR,434,BACELOR EKSEKUTIF PENGURUSAN PERNIAGAAN (PENGURUSAN PERLADANGAN),2500.00,ONLINE,4769,BACELOR,30-39,33.0
2025,WBPN18443,44,MELAYU,MALE,BEKERJA SEPENUH MASA,FGV PLANTATIONS MALAYSIA,"PROFESSIONAL, SCIENTIFIC, AND TECHNICAL ACTIVITIES",PAHANG,434,BACELOR EKSEKUTIF PENGURUSAN PERNIAGAAN (PENGURUSAN PERLADANGAN),5000.00,ONLINE,5193,BACELOR,40-49,44.0
2025,WBPN19145,34,INDIA,MALE,BEKERJA SEPENUH MASA,ORIGIN EXTERMINATORS,"PROFESSIONAL, SCIENTIFIC, AND TECHNICAL ACTIVITIES",JOHOR,432,BACELOR EKSEKUTIF PENGURUSAN PERNIAGAAN (PENGURUSAN SUMBER MANUSIA),3000.00,ONLINE,5856,BACELOR,30-39,34.0
2025,WBPN19153,30,INDIA,FEMALE,BEKERJA SEPENUH MASA,SUNWAY MEDICAL CENTRE DAMANSARA,"PROFESSIONAL, SCIENTIFIC, AND TECHNICAL ACTIVITIES",NEGERI SEMBILAN,431,BACELOR EKSEKUTIF PENGURUSAN PERNIAGAAN (PENGURUSAN OPERASI),2900.00,ONLINE,4054,BACELOR,30-39,30.0
2025,WBPN19164,33,INDIA,MALE,BEKERJA SEPENUH MASA,NOVUGEN SDN BHD,"PROFESSIONAL, SCIENTIFIC, AND TECHNICAL ACTIVITIES",NEGERI SEMBILAN,433,BACELOR EKSEKUTIF PENGURUSAN PERNIAGAAN (OPERASI INDUSTRI),4000.00,ONLINE,4194,BACELOR,30-39,33.0
2025,WBPN19192,30,CINA,MALE,BEKERJA SEPENUH MASA,PACIFIC OIL SEAL SDN BHD,"PROFESSIONAL, SCIENTIFIC, AND TECHNICAL ACTIVITIES",PERAK,431,BACELOR EKSEKUTIF PENGURUSAN PERNIAGAAN (PENGURUSAN OPERASI),2800.00,ONLINE,5076,BACELOR,30-39,30.0
2025,WBPN19223,30,INDIA,MALE,BEKERJA SEPENUH MASA,WISTRON TECHNOLOGY (MALAYSIA) SDN BHD,"PROFESSIONAL, SCIENTIFIC, AND TECHNICAL ACTIVITIES",SELANGOR,432,BACELOR EKSEKUTIF PENGURUSAN PERNIAGAAN (PENGURUSAN SUMBER MANUSIA),5000.00,ONLINE,4151,BACELOR,30-39,30.0
2025,WBPN19280,27,INDIA,FEMALE,BEKERJA SEPENUH MASA,PRIME MEDICAL CONCEPTS SDN BHD,"PROFESSIONAL, SCIENTIFIC, AND TECHNICAL ACTIVITIES",JOHOR,432,BACELOR EKSEKUTIF PENGURUSAN PERNIAGAAN (PENGURUSAN SUMBER MANUSIA),2600.00,ONLINE,4532,BACELOR,<29,27.0
2025,WBPN19345,30,TAMIL,MALE,BEKERJA SEPENUH MASA,FGV PLANTATIONS SDN BHD,"PROFESSIONAL, SCIENTIFIC, AND TECHNICAL ACTIVITIES",NEGERI SEMBILAN,434,BACELOR EKSEKUTIF PENGURUSAN PERNIAGAAN (PENGURUSAN PERLADANGAN),3500.00,ONLINE,5063,BACELOR,30-39,30.0
2025,WBPN19356,35,MELAYU,FEMALE,BEKERJA SEPENUH MASA,ACE MONEY EXCHANGE SDN BHD,"PROFESSIONAL, SCIENTIFIC, AND TECHNICAL ACTIVITIES",SELANGOR,431,BACELOR EKSEKUTIF PENGURUSAN PERNIAGAAN (PENGURUSAN OPERASI),7000.00,ONLINE,5906,BACELOR,30-39,35.0
2025,WBPN19404,39,MURUT/LUN BAWANG - SARAWAK,MALE,BEKERJA SEPENUH MASA,PEJABAT PUSAT KHIDMAT PARLIMEN LAWAS,"PROFESSIONAL, SCIENTIFIC, AND TECHNICAL ACTIVITIES",SARAWAK,431,BACELOR EKSEKUTIF PENGURUSAN PERNIAGAAN (PENGURUSAN OPERASI),4000.00,ONLINE,5969,BACELOR,30-39,39.0
2025,WBPN19419,29,MELAYU,FEMALE,BEKERJA SEPENUH MASA,IPMA INDUSTRY SDN BHD,"PROFESSIONAL, SCIENTIFIC, AND TECHNICAL ACTIVITIES",KEDAH,431,BACELOR EKSEKUTIF PENGURUSAN PERNIAGAAN (PENGURUSAN OPERASI),2600.00,ONLINE,4243,BACELOR,<29,29.0
2025,WBPN19454,37,MELAYU,FEMALE,BEKERJA SEPENUH MASA,TRADEWINDS GROUP (M) SDN BHD,"PROFESSIONAL, SCIENTIFIC, AND TECHNICAL ACTIVITIES",KUALA LUMPUR,431,BACELOR EKSEKUTIF PENGURUSAN PERNIAGAAN (PENGURUSAN OPERASI),8000.00,ONLINE,4169,BACELOR,30-39,37.0
2025,WBPN20120,32,INDIA,FEMALE,BELUM/TIDAK BEKERJA,NOT SPECIFIED,"PROFESSIONAL, SCIENTIFIC, AND TECHNICAL ACTIVITIES",JOHOR,432,BACELOR EKSEKUTIF PENGURUSAN PERNIAGAAN (PENGURUSAN SUMBER MANUSIA),NOT SPECIFIED,ONLINE,4708,BACELOR,30-39,32.0
2025,WBPN20125,40,MELAYU,MALE,BEKERJA SEPENUH MASA,BANK SIMPANAN NASIONAL,"PROFESSIONAL, SCIENTIFIC, AND TECHNICAL ACTIVITIES",NEGERI SEMBILAN,432,BACELOR EKSEKUTIF PENGURUSAN PERNIAGAAN (PENGURUSAN SUMBER MANUSIA),5400.00,ONLINE,5677,BACELOR,40-49,40.0
2025,WBPN20182,39,KAYAN-SARAWAK,MALE,BEKERJA SEPENUH MASA,SARAWAK ENERGY BERHAD,"PROFESSIONAL, SCIENTIFIC, AND TECHNICAL ACTIVITIES",SARAWAK,433,BACELOR EKSEKUTIF PENGURUSAN PERNIAGAAN (OPERASI INDUSTRI),6300.00,ONLINE,5969,BACELOR,30-39,39.0
2025,WBPN202100,52,MELAYU,MALE,BEKERJA SEPENUH MASA,MAHLIGAI CONSTRUCTION & RENOVATION,"PROFESSIONAL, SCIENTIFIC, AND TECHNICAL ACTIVITIES",MELAKA,431,BACELOR EKSEKUTIF PENGURUSAN PERNIAGAAN (PENGURUSAN OPERASI),4500.00,ONLINE,5785,BACELOR,50-59,52.0
2025,WBPN20216,39,INDIA,FEMALE,BEKERJA SEPENUH MASA,POS AVIATION BHD,"PROFESSIONAL, SCIENTIFIC, AND TECHNICAL ACTIVITIES",SABAH,431,BACELOR EKSEKUTIF PENGURUSAN PERNIAGAAN (PENGURUSAN OPERASI),3500.00,ONLINE,4119,BACELOR,30-39,39.0
2025,WBPN20218,27,MELAYU,MALE,BEKERJA SEPENUH MASA,HUJAN RIMBA SANTAI SDN BHD,"PROFESSIONAL, SCIENTIFIC, AND TECHNICAL ACTIVITIES",PAHANG,434,BACELOR EKSEKUTIF PENGURUSAN PERNIAGAAN (PENGURUSAN PERLADANGAN),1900.00,ONLINE,5796,BACELOR,<29,27.0
2025,WBPN20253,28,INDIA,FEMALE,BEKERJA SEPENUH MASA,UNITED OVERSEAS BANK LIMITED,"PROFESSIONAL, SCIENTIFIC, AND TECHNICAL ACTIVITIES",JOHOR,432,BACELOR EKSEKUTIF PENGURUSAN PERNIAGAAN (PENGURUSAN SUMBER MANUSIA),1500.00,ONLINE,4561,BACELOR,<29,28.0
2025,WBPN20259,29,INDIA,FEMALE,BEKERJA SEPENUH MASA,MAXIS BROADBAND (M) SDN BHD,"PROFESSIONAL, SCIENTIFIC, AND TECHNICAL ACTIVITIES",SELANGOR,431,BACELOR EKSEKUTIF PENGURUSAN PERNIAGAAN (PENGURUSAN OPERASI),3800.00,ONLINE,5167,BACELOR,<29,29.0
2025,WBPN20276,28,INDIA,FEMALE,BEKERJA SEPENUH MASA,LUVIH ARTS,"PROFESSIONAL, SCIENTIFIC, AND TECHNICAL ACTIVITIES",NEGERI SEMBILAN,432,BACELOR EKSEKUTIF PENGURUSAN PERNIAGAAN (PENGURUSAN SUMBER MANUSIA),1200.00,ONLINE,5489,BACELOR,<29,28.0
2025,WBPN20346,33,TAMIL,FEMALE,BELUM/TIDAK BEKERJA,NOT SPECIFIED,"PROFESSIONAL, SCIENTIFIC, AND TECHNICAL ACTIVITIES",JOHOR,432,BACELOR EKSEKUTIF PENGURUSAN PERNIAGAAN (PENGURUSAN SUMBER MANUSIA),NOT SPECIFIED,ONLINE,4903,BACELOR,30-39,33.0
2025,WBPN20351,35,TAMIL,FEMALE,BEKERJA SEPENUH MASA,GLORY GLOBAL SOLUTIONS,"PROFESSIONAL, SCIENTIFIC, AND TECHNICAL ACTIVITIES",NEGERI SEMBILAN,431,BACELOR EKSEKUTIF PENGURUSAN PERNIAGAAN (PENGURUSAN OPERASI),5000.00,ONLINE,5786,BACELOR,30-39,35.0
2025,WBPN20385,38,INDIA,MALE,BEKERJA SEPENUH MASA,ATOS SERVICES SDN. BHD,"PROFESSIONAL, SCIENTIFIC, AND TECHNICAL ACTIVITIES",SELANGOR,431,BACELOR EKSEKUTIF PENGURUSAN PERNIAGAAN (PENGURUSAN OPERASI),4000.00,ONLINE,5862,BACELOR,30-39,38.0
2025,WBPN20420,30,MELAYU,FEMALE,BEKERJA SEPENUH MASA,ERNST YOUNG SDN BHD,"PROFESSIONAL, SCIENTIFIC, AND TECHNICAL ACTIVITIES",SELANGOR,431,BACELOR EKSEKUTIF PENGURUSAN PERNIAGAAN (PENGURUSAN OPERASI),11600.00,ONLINE,4812,BACELOR,30-39,30.0
2025,WBPN20429,42,MELAYU,MALE,BEKERJA SEPENUH MASA,SARAWAK ENERGY BERHAD,"PROFESSIONAL, SCIENTIFIC, AND TECHNICAL ACTIVITIES",SARAWAK,433,BACELOR EKSEKUTIF PENGURUSAN PERNIAGAAN (OPERASI INDUSTRI),5000.00,ONLINE,5367,BACELOR,40-49,42.0
2025,WBPN20443,31,MELANAU-SARAWAK,FEMALE,BEKERJA SEPENUH MASA,MBSB BANK BERHAD,"PROFESSIONAL, SCIENTIFIC, AND TECHNICAL ACTIVITIES",KUALA LUMPUR,433,BACELOR EKSEKUTIF PENGURUSAN PERNIAGAAN (OPERASI INDUSTRI),5000.00,ONLINE,4791,BACELOR,30-39,31.0
2025,WBPN20470,46,MELAYU,MALE,BEKERJA SEPENUH MASA,LEMBAGA PEMASARAN PERTANIAN PERSEKUTUAN (FAMA),"PROFESSIONAL, SCIENTIFIC, AND TECHNICAL ACTIVITIES",SARAWAK,431,BACELOR EKSEKUTIF PENGURUSAN PERNIAGAAN (PENGURUSAN OPERASI),7430.56,ONLINE,5407,BACELOR,40-49,46.0
2025,WBPN20484,36,SUNGAI-SABAH,MALE,BEKERJA SEPARA MASA,KEMENTERIAN KESIHATAN MALAYSIA,"PROFESSIONAL, SCIENTIFIC, AND TECHNICAL ACTIVITIES",SABAH,432,BACELOR EKSEKUTIF PENGURUSAN PERNIAGAAN (PENGURUSAN SUMBER MANUSIA),3500.00,ONLINE,5205,BACELOR,30-39,36.0
2025,WBPN211106,43,RUNGUS-SABAH,MALE,BEKERJA SEPENUH MASA,TEKUN NASIONAL,"PROFESSIONAL, SCIENTIFIC, AND TECHNICAL ACTIVITIES",SABAH,432,BACELOR EKSEKUTIF PENGURUSAN PERNIAGAAN (PENGURUSAN SUMBER MANUSIA),5000.00,ONLINE,5202,BACELOR,40-49,43.0
2025,WBPN211118,32,INDIA,MALE,BEKERJA SEPENUH MASA,SHERATON IMPERIAL,"PROFESSIONAL, SCIENTIFIC, AND TECHNICAL ACTIVITIES",PERAK,432,BACELOR EKSEKUTIF PENGURUSAN PERNIAGAAN (PENGURUSAN SUMBER MANUSIA),4500.00,ONLINE,4473,BACELOR,30-39,32.0
2025,WBPN211121,47,MELAYU,MALE,BEKERJA SEPENUH MASA,SECRET RECIPE MANUFACTURING (M) SDN BHD,"PROFESSIONAL, SCIENTIFIC, AND TECHNICAL ACTIVITIES",SELANGOR,431,BACELOR EKSEKUTIF PENGURUSAN PERNIAGAAN (PENGURUSAN OPERASI),4500.00,ONLINE,5383,BACELOR,40-49,47.0
2025,WBPN211137,29,INDIA,FEMALE,BELUM/TIDAK BEKERJA,NOT SPECIFIED,"PROFESSIONAL, SCIENTIFIC, AND TECHNICAL ACTIVITIES",KEDAH,432,BACELOR EKSEKUTIF PENGURUSAN PERNIAGAAN (PENGURUSAN SUMBER MANUSIA),NOT SPECIFIED,ONLINE,5774,BACELOR,<29,29.0
2025,WBPN21115,47,INDIA,MALE,BEKERJA/USAHAWAN/FREELANCE,NOT SPECIFIED,"PROFESSIONAL, SCIENTIFIC, AND TECHNICAL ACTIVITIES",PAHANG,431,BACELOR EKSEKUTIF PENGURUSAN PERNIAGAAN (PENGURUSAN OPERASI),NOT SPECIFIED,ONLINE,4730,BACELOR,40-49,47.0
2025,WBPN21134,35,MELAYU,FEMALE,BEKERJA SEPENUH MASA,PRUDENTIAL BSN TAKAFUL BHD,"PROFESSIONAL, SCIENTIFIC, AND TECHNICAL ACTIVITIES",SARAWAK,431,BACELOR EKSEKUTIF PENGURUSAN PERNIAGAAN (PENGURUSAN OPERASI),10000.00,ONLINE,5922,BACELOR,30-39,35.0
2025,WBPN21164,47,MELAYU,MALE,BEKERJA SEPENUH MASA,BANK MUAMALAT MALAYSIA BERHAD,"PROFESSIONAL, SCIENTIFIC, AND TECHNICAL ACTIVITIES",JOHOR,431,BACELOR EKSEKUTIF PENGURUSAN PERNIAGAAN (PENGURUSAN OPERASI),7000.00,ONLINE,4368,BACELOR,40-49,47.0
2025,WBPN21168,29,KADAZAN-SABAH,MALE,BEKERJA SEPENUH MASA,YINS SOURDOUGH,"PROFESSIONAL, SCIENTIFIC, AND TECHNICAL ACTIVITIES",SABAH,431,BACELOR EKSEKUTIF PENGURUSAN PERNIAGAAN (PENGURUSAN OPERASI),3800.00,ONLINE,5445,BACELOR,<29,29.0
2025,WBPN21191,28,INDIA,FEMALE,BEKERJA SEPENUH MASA,HONG LEONG BANK BERHAD,"PROFESSIONAL, SCIENTIFIC, AND TECHNICAL ACTIVITIES",KUALA LUMPUR,432,BACELOR EKSEKUTIF PENGURUSAN PERNIAGAAN (PENGURUSAN SUMBER MANUSIA),3100.00,ONLINE,4369,BACELOR,<29,28.0
2025,WBPN21196,47,INDIA,FEMALE,BEKERJA SEPENUH MASA,MACLEAN SERVICES,"PROFESSIONAL, SCIENTIFIC, AND TECHNICAL ACTIVITIES",PULAU PINANG,431,BACELOR EKSEKUTIF PENGURUSAN PERNIAGAAN (PENGURUSAN OPERASI),4000.00,ONLINE,4980,BACELOR,40-49,47.0
2025,WBPN21206,38,TAMIL,MALE,BEKERJA SEPENUH MASA,RAUB MINING & DEVELOPMENT CO.SDN.BHD,"PROFESSIONAL, SCIENTIFIC, AND TECHNICAL ACTIVITIES",PAHANG,434,BACELOR EKSEKUTIF PENGURUSAN PERNIAGAAN (PENGURUSAN PERLADANGAN),5000.00,ONLINE,5213,BACELOR,30-39,38.0
2025,WBPN21228,45,TAMIL,FEMALE,BELUM/TIDAK BEKERJA,NOT SPECIFIED,"PROFESSIONAL, SCIENTIFIC, AND TECHNICAL ACTIVITIES",SELANGOR,431,BACELOR EKSEKUTIF PENGURUSAN PERNIAGAAN (PENGURUSAN OPERASI),NOT SPECIFIED,ONLINE,5474,BACELOR,40-49,45.0
2025,WBPN213103,37,SULUK-SABAH,MALE,BEKERJA SEPENUH MASA,FLEX PTP,"PROFESSIONAL, SCIENTIFIC, AND TECHNICAL ACTIVITIES",JOHOR,433,BACELOR EKSEKUTIF PENGURUSAN PERNIAGAAN (OPERASI INDUSTRI),3000.00,ONLINE,5605,BACELOR,30-39,37.0
2025,WBPN213108,29,INDIA,MALE,BEKERJA SEPENUH MASA,KW PRECISION,"PROFESSIONAL, SCIENTIFIC, AND TECHNICAL ACTIVITIES",PULAU PINANG,433,BACELOR EKSEKUTIF PENGURUSAN PERNIAGAAN (OPERASI INDUSTRI),3750.00,ONLINE,5729,BACELOR,<29,29.0
2025,WBPN21323,35,MELAYU,MALE,BEKERJA SEPARA MASA,RT SUCCESS REALTY,"PROFESSIONAL, SCIENTIFIC, AND TECHNICAL ACTIVITIES",NEGERI SEMBILAN,431,BACELOR EKSEKUTIF PENGURUSAN PERNIAGAAN (PENGURUSAN OPERASI),3000.00,ONLINE,4961,BACELOR,30-39,35.0
2025,WBPN21349,37,IBAN/SEA DAYAK -SARAWAK,MALE,BEKERJA SEPENUH MASA,SEMAI MEKAR SDN BHD,"PROFESSIONAL, SCIENTIFIC, AND TECHNICAL ACTIVITIES",SARAWAK,434,BACELOR EKSEKUTIF PENGURUSAN PERNIAGAAN (PENGURUSAN PERLADANGAN),3000.00,ONLINE,4467,BACELOR,30-39,37.0
2025,WBPN21352,38,PUNJABI,MALE,BEKERJA SEPENUH MASA,CONCENTRIX MALAYSIA,"PROFESSIONAL, SCIENTIFIC, AND TECHNICAL ACTIVITIES",SELANGOR,431,BACELOR EKSEKUTIF PENGURUSAN PERNIAGAAN (PENGURUSAN OPERASI),6000.00,ONLINE,5980,BACELOR,30-39,38.0
2025,WBPN21354,35,INDIA,FEMALE,BEKERJA SEPENUH MASA,AMERICAN EXPRESS SDN BHD,"PROFESSIONAL, SCIENTIFIC, AND TECHNICAL ACTIVITIES",KUALA LUMPUR,431,BACELOR EKSEKUTIF PENGURUSAN PERNIAGAAN (PENGURUSAN OPERASI),7500.00,ONLINE,4288,BACELOR,30-39,35.0
2025,WBPN21357,29,INDIA,FEMALE,BEKERJA SEPENUH MASA,RAFFLES HOTEL SINGAPORE,"PROFESSIONAL, SCIENTIFIC, AND TECHNICAL ACTIVITIES",PERAK,431,BACELOR EKSEKUTIF PENGURUSAN PERNIAGAAN (PENGURUSAN OPERASI),8400.00,ONLINE,4349,BACELOR,<29,29.0
2025,WBPN21399,27,MELAYU,FEMALE,BEKERJA SEPENUH MASA,APT EQUITY SDN BHD,"PROFESSIONAL, SCIENTIFIC, AND TECHNICAL ACTIVITIES",NEGERI SEMBILAN,431,BACELOR EKSEKUTIF PENGURUSAN PERNIAGAAN (PENGURUSAN OPERASI),10000.00,ONLINE,4833,BACELOR,<29,27.0
2025,WBPN21406,29,KADAZAN-SABAH,FEMALE,BEKERJA SEPENUH MASA,YAYASAN SABAH,"PROFESSIONAL, SCIENTIFIC, AND TECHNICAL ACTIVITIES",SABAH,432,BACELOR EKSEKUTIF PENGURUSAN PERNIAGAAN (PENGURUSAN SUMBER MANUSIA),2100.00,ONLINE,5231,BACELOR,<29,29.0
2025,WBPN21409,45,MELAYU,MALE,BEKERJA SEPENUH MASA,MBSB BANK BERHAD,"PROFESSIONAL, SCIENTIFIC, AND TECHNICAL ACTIVITIES",JOHOR,431,BACELOR EKSEKUTIF PENGURUSAN PERNIAGAAN (PENGURUSAN OPERASI),4997.00,ONLINE,5696,BACELOR,40-49,45.0
2025,WBPN21423,28,RUNGUS-SABAH,FEMALE,BELUM/TIDAK BEKERJA,NOT SPECIFIED,"PROFESSIONAL, SCIENTIFIC, AND TECHNICAL ACTIVITIES",SABAH,431,BACELOR EKSEKUTIF PENGURUSAN PERNIAGAAN (PENGURUSAN OPERASI),NOT SPECIFIED,ONLINE,5359,BACELOR,<29,28.0
2025,WBPN21440,30,MELAYU,MALE,BEKERJA SEPENUH MASA,COMPOSITE TECHNOLOGY & RESEARCH MALAYSIA (CTRM),"PROFESSIONAL, SCIENTIFIC, AND TECHNICAL ACTIVITIES",MELAKA,431,BACELOR EKSEKUTIF PENGURUSAN PERNIAGAAN (PENGURUSAN OPERASI),2100.00,ONLINE,4354,BACELOR,30-39,30.0
2025,WBPN21445,36,DUSUN-SABAH,FEMALE,BEKERJA SEPENUH MASA,MALAYSIA AIRLINES BERHAD,"PROFESSIONAL, SCIENTIFIC, AND TECHNICAL ACTIVITIES",SABAH,431,BACELOR EKSEKUTIF PENGURUSAN PERNIAGAAN (PENGURUSAN OPERASI),5500.00,ONLINE,4970,BACELOR,30-39,36.0
2025,WBPN21448,35,TAMIL,FEMALE,BEKERJA SEPENUH MASA,UOB BANK BERHAD,"PROFESSIONAL, SCIENTIFIC, AND TECHNICAL ACTIVITIES",KUALA LUMPUR,431,BACELOR EKSEKUTIF PENGURUSAN PERNIAGAAN (PENGURUSAN OPERASI),10000.00,ONLINE,5734,BACELOR,30-39,35.0
2025,WBPN21462,45,MELAYU,MALE,BEKERJA SEPARA MASA,SHMW SYSTEM,"PROFESSIONAL, SCIENTIFIC, AND TECHNICAL ACTIVITIES",SARAWAK,431,BACELOR EKSEKUTIF PENGURUSAN PERNIAGAAN (PENGURUSAN OPERASI),1000.00,ONLINE,5075,BACELOR,40-49,45.0
2025,WBPN21464,47,TAMIL,FEMALE,BEKERJA SEPENUH MASA,BOSTON SCIENTIFIC MEDICAL DEVICE (MALAYSIA) SDN. BHD,"PROFESSIONAL, SCIENTIFIC, AND TECHNICAL ACTIVITIES",PULAU PINANG,433,BACELOR EKSEKUTIF PENGURUSAN PERNIAGAAN (OPERASI INDUSTRI),2650.00,ONLINE,4275,BACELOR,40-49,47.0
2025,WBPN22102,37,KADAZAN-SINO-SABAH,FEMALE,BEKERJA SEPENUH MASA,RYRT INTERNATIONAL SDN. BHD.,"PROFESSIONAL, SCIENTIFIC, AND TECHNICAL ACTIVITIES",SABAH,432,BACELOR EKSEKUTIF PENGURUSAN PERNIAGAAN (PENGURUSAN SUMBER MANUSIA),4000.00,ONLINE,4947,BACELOR,30-39,37.0
2025,WBPN22108,29,INDIA,FEMALE,BEKERJA SEPENUH MASA,HAVI LOGISCTICS (M) SDN BHD,"PROFESSIONAL, SCIENTIFIC, AND TECHNICAL ACTIVITIES",SELANGOR,431,BACELOR EKSEKUTIF PENGURUSAN PERNIAGAAN (PENGURUSAN OPERASI),3400.00,ONLINE,5364,BACELOR,<29,29.0
2025,WBPN221100,37,TAMIL,FEMALE,BEKERJA SEPENUH MASA,ASIA DANNIA SDN BHD,"PROFESSIONAL, SCIENTIFIC, AND TECHNICAL ACTIVITIES",JOHOR,431,BACELOR EKSEKUTIF PENGURUSAN PERNIAGAAN (PENGURUSAN OPERASI),2500.00,ONLINE,5008,BACELOR,30-39,37.0
2025,WBPN221101,36,INDIA,MALE,BEKERJA SEPENUH MASA,ZURICH LIFE INSURANCE BERHAD,"PROFESSIONAL, SCIENTIFIC, AND TECHNICAL ACTIVITIES",JOHOR,431,BACELOR EKSEKUTIF PENGURUSAN PERNIAGAAN (PENGURUSAN OPERASI),7000.00,ONLINE,4729,BACELOR,30-39,36.0
2025,WBPN221103,46,MURUT/LUN BAWANG - SARAWAK,MALE,BEKERJA SEPENUH MASA,KEMENTERIAN PERDAGANGAN DALAM NEGERI DAN KOS SARA HIDUP,"PROFESSIONAL, SCIENTIFIC, AND TECHNICAL ACTIVITIES",SARAWAK,431,BACELOR EKSEKUTIF PENGURUSAN PERNIAGAAN (PENGURUSAN OPERASI),4000.00,ONLINE,4851,BACELOR,40-49,46.0
2025,WBPN221121,46,TAMIL,MALE,BEKERJA SEPENUH MASA,EDGENTA MEDI SERVE SDN BHD,MANUFACTURING,PERAK,435,BACELOR EKSEKUTIF PENGURUSAN PERNIAGAAN (PENGURUSAN KEJURUTERAAN),4600.00,ONLINE,5083,BACELOR,40-49,46.0
2025,WBPN221127,49,IBAN/SEA DAYAK -SARAWAK,MALE,BEKERJA SEPENUH MASA,HOSPITAL MIRI,"PROFESSIONAL, SCIENTIFIC, AND TECHNICAL ACTIVITIES",SARAWAK,431,BACELOR EKSEKUTIF PENGURUSAN PERNIAGAAN (PENGURUSAN OPERASI),6000.00,ONLINE,5748,BACELOR,40-49,49.0
2025,WBPN221130,33,TAMIL,MALE,BEKERJA SEPENUH MASA,CARGILL PALM PRODUCTS SDN BHD,TRANSPORTATION AND STORAGE,SELANGOR,436,BACELOR EKSEKUTIF PENGURUSAN PERNIAGAAN (PENGURUSAN LOGISTIK & RANTAIAN BEKALAN),3800.00,ONLINE,5715,BACELOR,30-39,33.0
2025,WBPN22124,37,SINO-NATIVE-SABAH,MALE,BEKERJA SEPENUH MASA,IFCA SOLUTION SDN BHD,"PROFESSIONAL, SCIENTIFIC, AND TECHNICAL ACTIVITIES",SABAH,431,BACELOR EKSEKUTIF PENGURUSAN PERNIAGAAN (PENGURUSAN OPERASI),5000.00,ONLINE,4337,BACELOR,30-39,37.0
2025,WBPN22156,43,CINA,FEMALE,BEKERJA SEPENUH MASA,NICE FINE RESOURCES SDN BHD,MANUFACTURING,SARAWAK,435,BACELOR EKSEKUTIF PENGURUSAN PERNIAGAAN (PENGURUSAN KEJURUTERAAN),20000.00,ONLINE,4454,BACELOR,40-49,43.0
2025,WBPN22158,27,MELAYU,MALE,BEKERJA SEPENUH MASA,TRANSCOSMOS MALAYSIA,"PROFESSIONAL, SCIENTIFIC, AND TECHNICAL ACTIVITIES",SELANGOR,431,BACELOR EKSEKUTIF PENGURUSAN PERNIAGAAN (PENGURUSAN OPERASI),2400.00,ONLINE,5794,BACELOR,<29,27.0
2025,WBPN22172,29,DUSUN-SABAH,MALE,BEKERJA SEPENUH MASA,SAWIT KINABALU,"PROFESSIONAL, SCIENTIFIC, AND TECHNICAL ACTIVITIES",SABAH,434,BACELOR EKSEKUTIF PENGURUSAN PERNIAGAAN (PENGURUSAN PERLADANGAN),3200.00,ONLINE,4108,BACELOR,<29,29.0
2025,WBPN22183,35,TAMIL,FEMALE,BELUM/TIDAK BEKERJA,NOT SPECIFIED,"PROFESSIONAL, SCIENTIFIC, AND TECHNICAL ACTIVITIES",JOHOR,431,BACELOR EKSEKUTIF PENGURUSAN PERNIAGAAN (PENGURUSAN OPERASI),NOT SPECIFIED,ONLINE,5945,BACELOR,30-39,35.0
2025,WBPN22193,40,MELAYU,MALE,BEKERJA SEPENUH MASA,PLEXUS MANUFACTURING SDN BHD,"PROFESSIONAL, SCIENTIFIC, AND TECHNICAL ACTIVITIES",PULAU PINANG,433,BACELOR EKSEKUTIF PENGURUSAN PERNIAGAAN (OPERASI INDUSTRI),7030.00,ONLINE,4728,BACELOR,40-49,40.0
2025,WBPN222103,42,TAMIL,MALE,BEKERJA SEPENUH MASA,LINFOX M LOGISTICS (MALAYSIA) SDN. BHD,TRANSPORTATION AND STORAGE,SELANGOR,436,BACELOR EKSEKUTIF PENGURUSAN PERNIAGAAN (PENGURUSAN LOGISTIK & RANTAIAN BEKALAN),4000.00,ONLINE,4442,BACELOR,40-49,42.0
2025,WBPN222113,30,INDIA,FEMALE,BEKERJA SEPENUH MASA,OSADI COMMERCIAL,"PROFESSIONAL, SCIENTIFIC, AND TECHNICAL ACTIVITIES",PULAU PINANG,432,BACELOR EKSEKUTIF PENGURUSAN PERNIAGAAN (PENGURUSAN SUMBER MANUSIA),3300.00,ONLINE,4973,BACELOR,30-39,30.0
2025,WBPN222116,34,MELAYU,FEMALE,BEKERJA SEPENUH MASA,ELEXER SDN. BHD.,MANUFACTURING,NEGERI SEMBILAN,435,BACELOR EKSEKUTIF PENGURUSAN PERNIAGAAN (PENGURUSAN KEJURUTERAAN),44000.00,ONLINE,5182,BACELOR,30-39,34.0
2025,WBPN222118,27,MELAYU,FEMALE,BEKERJA SEPENUH MASA,EBITS ENTERPRISE (M) SDN. BHD.,"PROFESSIONAL, SCIENTIFIC, AND TECHNICAL ACTIVITIES",NEGERI SEMBILAN,431,BACELOR EKSEKUTIF PENGURUSAN PERNIAGAAN (PENGURUSAN OPERASI),4000.00,ONLINE,5239,BACELOR,<29,27.0
2025,WBPN222119,25,TAMIL,FEMALE,BEKERJA SEPENUH MASA,SKA TECHNOLOGY,"PROFESSIONAL, SCIENTIFIC, AND TECHNICAL ACTIVITIES",SELANGOR,431,BACELOR EKSEKUTIF PENGURUSAN PERNIAGAAN (PENGURUSAN OPERASI),3700.00,ONLINE,4469,BACELOR,<29,25.0
2025,WBPN222120,27,INDIA,FEMALE,BEKERJA SEPENUH MASA,FAMOUS SDN BHD,"PROFESSIONAL, SCIENTIFIC, AND TECHNICAL ACTIVITIES",NEGERI SEMBILAN,431,BACELOR EKSEKUTIF PENGURUSAN PERNIAGAAN (PENGURUSAN OPERASI),1800.00,ONLINE,5574,BACELOR,<29,27.0
2025,WBPN222123,31,MELAYU,MALE,BEKERJA SEPENUH MASA,DAYTHREE BUSINESS SDN BHD,"PROFESSIONAL, SCIENTIFIC, AND TECHNICAL ACTIVITIES",KELANTAN,433,BACELOR EKSEKUTIF PENGURUSAN PERNIAGAAN (OPERASI INDUSTRI),2600.00,ONLINE,4374,BACELOR,30-39,31.0
2025,WBPN22213,33,TAMIL,FEMALE,BEKERJA SEPENUH MASA,PERKESO,"PROFESSIONAL, SCIENTIFIC, AND TECHNICAL ACTIVITIES",PAHANG,432,BACELOR EKSEKUTIF PENGURUSAN PERNIAGAAN (PENGURUSAN SUMBER MANUSIA),1900.00,ONLINE,4212,BACELOR,30-39,33.0
2025,WBPN22215,48,TAMIL,MALE,BEKERJA SEPENUH MASA,T.Y.LIN INTERNATIONAL,MANUFACTURING,SELANGOR,435,BACELOR EKSEKUTIF PENGURUSAN PERNIAGAAN (PENGURUSAN KEJURUTERAAN),7000.00,ONLINE,4144,BACELOR,40-49,48.0
2025,WBPN22229,27,CINA,MALE,BEKERJA/USAHAWAN/FREELANCE,NOT SPECIFIED,"PROFESSIONAL, SCIENTIFIC, AND TECHNICAL ACTIVITIES",SARAWAK,431,BACELOR EKSEKUTIF PENGURUSAN PERNIAGAAN (PENGURUSAN OPERASI),NOT SPECIFIED,ONLINE,4464,BACELOR,<29,27.0
2025,WBPN22230,31,MELAYU,MALE,BEKERJA SEPENUH MASA,TRADEWINDS PLANTATION SDN BHD,"PROFESSIONAL, SCIENTIFIC, AND TECHNICAL ACTIVITIES",JOHOR,434,BACELOR EKSEKUTIF PENGURUSAN PERNIAGAAN (PENGURUSAN PERLADANGAN),8977.00,ONLINE,4875,BACELOR,30-39,31.0
2025,WBPN22233,26,TAMIL,FEMALE,BEKERJA SEPENUH MASA,KEDAI EMAS PERLING,"PROFESSIONAL, SCIENTIFIC, AND TECHNICAL ACTIVITIES",JOHOR,432,BACELOR EKSEKUTIF PENGURUSAN PERNIAGAAN (PENGURUSAN SUMBER MANUSIA),3000.00,ONLINE,5672,BACELOR,<29,26.0
2025,WBPN22238,36,KADAZAN-SABAH,FEMALE,BEKERJA SEPENUH MASA,CJ CONSULTING ENGINEERS SDN BHD,MANUFACTURING,SABAH,435,BACELOR EKSEKUTIF PENGURUSAN PERNIAGAAN (PENGURUSAN KEJURUTERAAN),3400.00,ONLINE,4669,BACELOR,30-39,36.0
2025,WBPN22240,28,TEOCHEW,MALE,BEKERJA/USAHAWAN/FREELANCE,NOT SPECIFIED,MANUFACTURING,SELANGOR,435,BACELOR EKSEKUTIF PENGURUSAN PERNIAGAAN (PENGURUSAN KEJURUTERAAN),NOT SPECIFIED,ONLINE,5692,BACELOR,<29,28.0
2025,WBPN22245,44,CINA,MALE,BEKERJA SEPENUH MASA,LINERGY POWER SDN. BHD.,MANUFACTURING,KEDAH,435,BACELOR EKSEKUTIF PENGURUSAN PERNIAGAAN (PENGURUSAN KEJURUTERAAN),15000.00,ONLINE,4879,BACELOR,40-49,44.0
2025,WBPN22246,34,SINO-NATIVE-SABAH,FEMALE,BEKERJA SEPENUH MASA,ASIAN SUPPLY BASE SDN BHD,"PROFESSIONAL, SCIENTIFIC, AND TECHNICAL ACTIVITIES",SABAH,433,BACELOR EKSEKUTIF PENGURUSAN PERNIAGAAN (OPERASI INDUSTRI),5500.00,ONLINE,5461,BACELOR,30-39,34.0
2025,WBPN22267,42,INDIA,FEMALE,BEKERJA SEPENUH MASA,PRIMOCHEM SDN BHD,TRANSPORTATION AND STORAGE,PERAK,436,BACELOR EKSEKUTIF PENGURUSAN PERNIAGAAN (PENGURUSAN LOGISTIK & RANTAIAN BEKALAN),4500.00,ONLINE,4256,BACELOR,40-49,42.0
2025,WBPN22285,28,INDIA,FEMALE,BEKERJA SEPENUH MASA,EADECO PTE LTD,TRANSPORTATION AND STORAGE,NEGERI SEMBILAN,436,BACELOR EKSEKUTIF PENGURUSAN PERNIAGAAN (PENGURUSAN LOGISTIK & RANTAIAN BEKALAN),4000.00,ONLINE,4397,BACELOR,<29,28.0
2025,WBPN22291,31,INDIA,MALE,BEKERJA SEPENUH MASA,VANGUARD INTERNATIONAL PTE LTD,MANUFACTURING,JOHOR,435,BACELOR EKSEKUTIF PENGURUSAN PERNIAGAAN (PENGURUSAN KEJURUTERAAN),9000.00,ONLINE,4121,BACELOR,30-39,31.0
2025,WBPN22297,42,MELAYU,MALE,BEKERJA SEPENUH MASA,WHA GROUP HOLDING SDN BHD,MANUFACTURING,PAHANG,435,BACELOR EKSEKUTIF PENGURUSAN PERNIAGAAN (PENGURUSAN KEJURUTERAAN),3000.00,ONLINE,5118,BACELOR,40-49,42.0
2025,WBPN22309,28,INDIA,FEMALE,BELUM/TIDAK BEKERJA,NOT SPECIFIED,"PROFESSIONAL, SCIENTIFIC, AND TECHNICAL ACTIVITIES",PULAU PINANG,431,BACELOR EKSEKUTIF PENGURUSAN PERNIAGAAN (PENGURUSAN OPERASI),NOT SPECIFIED,ONLINE,5707,BACELOR,<29,28.0
2025,WBPN22314,36,INDIA,MALE,BEKERJA SEPENUH MASA,MERCHANTRADE ASIA SDN BHD,"PROFESSIONAL, SCIENTIFIC, AND TECHNICAL ACTIVITIES",JOHOR,431,BACELOR EKSEKUTIF PENGURUSAN PERNIAGAAN (PENGURUSAN OPERASI),5000.00,ONLINE,4620,BACELOR,30-39,36.0
2025,WBPN22315,44,KELABIT-SARAWAK,MALE,BEKERJA SEPENUH MASA,BINTULU PORT HOLDINGS BERHAD,TRANSPORTATION AND STORAGE,SARAWAK,436,BACELOR EKSEKUTIF PENGURUSAN PERNIAGAAN (PENGURUSAN LOGISTIK & RANTAIAN BEKALAN),6000.00,ONLINE,4751,BACELOR,40-49,44.0
2025,WBPN22326,43,MELAYU,FEMALE,BEKERJA SEPENUH MASA,MICRON MEMORY,"PROFESSIONAL, SCIENTIFIC, AND TECHNICAL ACTIVITIES",PULAU PINANG,431,BACELOR EKSEKUTIF PENGURUSAN PERNIAGAAN (PENGURUSAN OPERASI),3500.00,ONLINE,5737,BACELOR,40-49,43.0
2025,WBPN22338,41,TAMIL,MALE,BEKERJA SEPENUH MASA,IGT SOLUTIONS,"PROFESSIONAL, SCIENTIFIC, AND TECHNICAL ACTIVITIES",KUALA LUMPUR,433,BACELOR EKSEKUTIF PENGURUSAN PERNIAGAAN (OPERASI INDUSTRI),3500.00,ONLINE,4452,BACELOR,40-49,41.0
2025,WBPN22340,57,FILIPINO,MALE,BEKERJA SEPENUH MASA,GAMALUX OILS SDN. BHD.,MANUFACTURING,SABAH,435,BACELOR EKSEKUTIF PENGURUSAN PERNIAGAAN (PENGURUSAN KEJURUTERAAN),3500.00,ONLINE,5541,BACELOR,50-59,57.0
2025,WBPN22341,30,IBAN/SEA DAYAK -SARAWAK,MALE,BEKERJA/USAHAWAN/FREELANCE,NOT SPECIFIED,"PROFESSIONAL, SCIENTIFIC, AND TECHNICAL ACTIVITIES",SARAWAK,431,BACELOR EKSEKUTIF PENGURUSAN PERNIAGAAN (PENGURUSAN OPERASI),NOT SPECIFIED,ONLINE,5066,BACELOR,30-39,30.0
2025,WBPN22347,37,MELAYU,MALE,BEKERJA SEPENUH MASA,KWSP,MANUFACTURING,JOHOR,435,BACELOR EKSEKUTIF PENGURUSAN PERNIAGAAN (PENGURUSAN KEJURUTERAAN),4000.00,ONLINE,4264,BACELOR,30-39,37.0
2025,WBPN22351,24,INDIA,FEMALE,BEKERJA SEPENUH MASA,GTRSG PTE.LTD.,"PROFESSIONAL, SCIENTIFIC, AND TECHNICAL ACTIVITIES",NEGERI SEMBILAN,432,BACELOR EKSEKUTIF PENGURUSAN PERNIAGAAN (PENGURUSAN SUMBER MANUSIA),5000.00,ONLINE,4347,BACELOR,<29,24.0
2025,WBPN22355,30,TELEGU,FEMALE,BEKERJA SEPENUH MASA,NEX CORPORATEIT SDN BHD,"PROFESSIONAL, SCIENTIFIC, AND TECHNICAL ACTIVITIES",JOHOR,432,BACELOR EKSEKUTIF PENGURUSAN PERNIAGAAN (PENGURUSAN SUMBER MANUSIA),4000.00,ONLINE,5844,BACELOR,30-39,30.0
2025,WBPN22356,27,INDIA,MALE,BEKERJA SEPENUH MASA,AKOOF FOOD AND BEVERAGE SDN BHD,"PROFESSIONAL, SCIENTIFIC, AND TECHNICAL ACTIVITIES",PULAU PINANG,433,BACELOR EKSEKUTIF PENGURUSAN PERNIAGAAN (OPERASI INDUSTRI),2500.00,ONLINE,5610,BACELOR,<29,27.0
2025,WBPN22357,39,KENYAH-SARAWAK,FEMALE,BEKERJA SEPENUH MASA,LAND ENTERPRISE SDN BHD,"PROFESSIONAL, SCIENTIFIC, AND TECHNICAL ACTIVITIES",SARAWAK,432,BACELOR EKSEKUTIF PENGURUSAN PERNIAGAAN (PENGURUSAN SUMBER MANUSIA),1950.00,ONLINE,5296,BACELOR,30-39,39.0
2025,WBPN22358,30,TAMIL,FEMALE,BEKERJA SEPENUH MASA,POKKA PTE LTD,TRANSPORTATION AND STORAGE,JOHOR,436,BACELOR EKSEKUTIF PENGURUSAN PERNIAGAAN (PENGURUSAN LOGISTIK & RANTAIAN BEKALAN),6000.00,ONLINE,5270,BACELOR,30-39,30.0
2025,WBPN22369,36,MELAYU,FEMALE,BEKERJA SEPENUH MASA,SD GUTHRIE BERHAD,"PROFESSIONAL, SCIENTIFIC, AND TECHNICAL ACTIVITIES",NEGERI SEMBILAN,432,BACELOR EKSEKUTIF PENGURUSAN PERNIAGAAN (PENGURUSAN SUMBER MANUSIA),4000.00,ONLINE,5609,BACELOR,30-39,36.0
2025,WBPN22376,23,TAMIL,FEMALE,BEKERJA SEPENUH MASA,ETIKA NR SDN BHD,"PROFESSIONAL, SCIENTIFIC, AND TECHNICAL ACTIVITIES",MELAKA,432,BACELOR EKSEKUTIF PENGURUSAN PERNIAGAAN (PENGURUSAN SUMBER MANUSIA),1700.00,ONLINE,4169,BACELOR,<29,23.0
2025,WBPN22406,45,MELAYU,FEMALE,BEKERJA SEPENUH MASA,WORLD TRADE CENTRE KUALA LUMPUR,"PROFESSIONAL, SCIENTIFIC, AND TECHNICAL ACTIVITIES",KUALA LUMPUR,431,BACELOR EKSEKUTIF PENGURUSAN PERNIAGAAN (PENGURUSAN OPERASI),5000.00,ONLINE,4744,BACELOR,40-49,45.0
2025,WBPN22421,41,INDIA,MALE,BEKERJA SEPENUH MASA,SYARIKAT USAHAJAYA BERSATU SDN BHD,TRANSPORTATION AND STORAGE,SELANGOR,436,BACELOR EKSEKUTIF PENGURUSAN PERNIAGAAN (PENGURUSAN LOGISTIK & RANTAIAN BEKALAN),3000.00,ONLINE,4284,BACELOR,40-49,41.0
2025,WBPN22431,30,BIDAYUH/LAND DAYAK - SARAWAK,MALE,BEKERJA/USAHAWAN/FREELANCE,NOT SPECIFIED,"PROFESSIONAL, SCIENTIFIC, AND TECHNICAL ACTIVITIES",SARAWAK,431,BACELOR EKSEKUTIF PENGURUSAN PERNIAGAAN (PENGURUSAN OPERASI),NOT SPECIFIED,ONLINE,4423,BACELOR,30-39,30.0
2025,WBPN22433,32,INDIA,MALE,BEKERJA SEPENUH MASA,FLEXTRONICS SHAH ALAM SDN BHD,"PROFESSIONAL, SCIENTIFIC, AND TECHNICAL ACTIVITIES",JOHOR,433,BACELOR EKSEKUTIF PENGURUSAN PERNIAGAAN (OPERASI INDUSTRI),4000.00,ONLINE,5692,BACELOR,30-39,32.0
2025,WBPN22437,44,CINA,FEMALE,BEKERJA SEPENUH MASA,HSBC BANK MALAYSIA,"PROFESSIONAL, SCIENTIFIC, AND TECHNICAL ACTIVITIES",PULAU PINANG,431,BACELOR EKSEKUTIF PENGURUSAN PERNIAGAAN (PENGURUSAN OPERASI),5000.00,ONLINE,4389,BACELOR,40-49,44.0
2025,WBPN22440,32,INDIA,MALE,BEKERJA SEPENUH MASA,VANDERLANDE INDUSTRIES PTD LTD,"PROFESSIONAL, SCIENTIFIC, AND TECHNICAL ACTIVITIES",JOHOR,433,BACELOR EKSEKUTIF PENGURUSAN PERNIAGAAN (OPERASI INDUSTRI),6000.00,ONLINE,4520,BACELOR,30-39,32.0
2025,WBPN22446,56,KADAZAN-SABAH,MALE,BEKERJA SEPENUH MASA,SAWIT KINABALU GROUP,MANUFACTURING,SABAH,435,BACELOR EKSEKUTIF PENGURUSAN PERNIAGAAN (PENGURUSAN KEJURUTERAAN),6000.00,ONLINE,5853,BACELOR,50-59,56.0
2025,WBPN22462,31,MELAYU,FEMALE,BEKERJA SEPENUH MASA,AT PRECISION TOOLING SDN BHD,"PROFESSIONAL, SCIENTIFIC, AND TECHNICAL ACTIVITIES",PULAU PINANG,433,BACELOR EKSEKUTIF PENGURUSAN PERNIAGAAN (OPERASI INDUSTRI),5000.00,ONLINE,5858,BACELOR,30-39,31.0
2025,WBPN22467,50,INDIA,FEMALE,BEKERJA SEPENUH MASA,TNNS ENGINEERING (KUALA LUMPUR),"PROFESSIONAL, SCIENTIFIC, AND TECHNICAL ACTIVITIES",KUALA LUMPUR,432,BACELOR EKSEKUTIF PENGURUSAN PERNIAGAAN (PENGURUSAN SUMBER MANUSIA),2900.00,ONLINE,4491,BACELOR,50-59,50.0
2025,WBPN22468,44,BAJAU - SABAH,MALE,BEKERJA SEPENUH MASA,FRESH LINEN SERVICES SABAH SDN BHD,MANUFACTURING,SABAH,435,BACELOR EKSEKUTIF PENGURUSAN PERNIAGAAN (PENGURUSAN KEJURUTERAAN),11800.00,ONLINE,4948,BACELOR,40-49,44.0
2025,WBPN22477,33,MELAYU,MALE,BEKERJA SEPENUH MASA,RIA SOLUTIONS (M) SDN BHD,MANUFACTURING,SARAWAK,435,BACELOR EKSEKUTIF PENGURUSAN PERNIAGAAN (PENGURUSAN KEJURUTERAAN),11000.00,ONLINE,4711,BACELOR,30-39,33.0
2025,WBPN22478,36,BUGIS,MALE,BEKERJA SEPENUH MASA,SEDAFIAT SDN BHD,MANUFACTURING,SABAH,435,BACELOR EKSEKUTIF PENGURUSAN PERNIAGAAN (PENGURUSAN KEJURUTERAAN),2200.00,ONLINE,4062,BACELOR,30-39,36.0
2025,WBPN22483,38,MELAYU,FEMALE,BEKERJA SEPENUH MASA,FGV TRANSPORT SERVICES SDN BHD,"PROFESSIONAL, SCIENTIFIC, AND TECHNICAL ACTIVITIES",NEGERI SEMBILAN,432,BACELOR EKSEKUTIF PENGURUSAN PERNIAGAAN (PENGURUSAN SUMBER MANUSIA),2945.00,ONLINE,4189,BACELOR,30-39,38.0
2025,WBPN22484,35,INDIA,MALE,BEKERJA SEPARA MASA,MY DAIRY FARM,"PROFESSIONAL, SCIENTIFIC, AND TECHNICAL ACTIVITIES",PAHANG,433,BACELOR EKSEKUTIF PENGURUSAN PERNIAGAAN (OPERASI INDUSTRI),2500.00,ONLINE,4015,BACELOR,30-39,35.0
2025,WBPN23103,42,MELAYU,FEMALE,BEKERJA SEPENUH MASA,SURUHANJAYA SYARIKAT MALAYSIA,"PROFESSIONAL, SCIENTIFIC, AND TECHNICAL ACTIVITIES",PAHANG,431,BACELOR EKSEKUTIF PENGURUSAN PERNIAGAAN (PENGURUSAN OPERASI),3500.00,ONLINE,4671,BACELOR,40-49,42.0
2025,WBPN23105,34,INDIA,FEMALE,BEKERJA SEPENUH MASA,IZRIN & TAN PROPERTIES,"PROFESSIONAL, SCIENTIFIC, AND TECHNICAL ACTIVITIES",SELANGOR,431,BACELOR EKSEKUTIF PENGURUSAN PERNIAGAAN (PENGURUSAN OPERASI),3300.00,ONLINE,5505,BACELOR,30-39,34.0
2025,WBPN231104,43,MELAYU,FEMALE,BEKERJA SEPENUH MASA,HARUMI BRANDS SDN BHD,"PROFESSIONAL, SCIENTIFIC, AND TECHNICAL ACTIVITIES",PERAK,432,BACELOR EKSEKUTIF PENGURUSAN PERNIAGAAN (PENGURUSAN SUMBER MANUSIA),5900.00,ONLINE,4511,BACELOR,40-49,43.0
2025,WBPN231106,31,IBAN/SEA DAYAK -SARAWAK,FEMALE,BEKERJA SEPENUH MASA,SG SLEEP SOLUTION PTE LTD,"PROFESSIONAL, SCIENTIFIC, AND TECHNICAL ACTIVITIES",JOHOR,431,BACELOR EKSEKUTIF PENGURUSAN PERNIAGAAN (PENGURUSAN OPERASI),9000.00,ONLINE,5521,BACELOR,30-39,31.0
2025,WBPN231107,29,TAMIL,FEMALE,BEKERJA SEPENUH MASA,BEST RISING SDN BHD,"PROFESSIONAL, SCIENTIFIC, AND TECHNICAL ACTIVITIES",SELANGOR,432,BACELOR EKSEKUTIF PENGURUSAN PERNIAGAAN (PENGURUSAN SUMBER MANUSIA),2800.00,ONLINE,4826,BACELOR,<29,29.0
2025,WBPN231109,28,CINA,FEMALE,BEKERJA SEPENUH MASA,"IZAN, LAU & TIONG ADVOCATES, MIRI","PROFESSIONAL, SCIENTIFIC, AND TECHNICAL ACTIVITIES",SARAWAK,431,BACELOR EKSEKUTIF PENGURUSAN PERNIAGAAN (PENGURUSAN OPERASI),2900.00,ONLINE,5935,BACELOR,<29,28.0
2025,WBPN231112,23,TAMIL,MALE,BEKERJA SEPENUH MASA,AIR ASIA,TRANSPORTATION AND STORAGE,SELANGOR,436,BACELOR EKSEKUTIF PENGURUSAN PERNIAGAAN (PENGURUSAN LOGISTIK & RANTAIAN BEKALAN),3000.00,ONLINE,5690,BACELOR,<29,23.0
2025,WBPN231113,29,INDIA,MALE,BEKERJA SEPENUH MASA,LEOPAD RESOURCES SDN BHD,"PROFESSIONAL, SCIENTIFIC, AND TECHNICAL ACTIVITIES",PERAK,431,BACELOR EKSEKUTIF PENGURUSAN PERNIAGAAN (PENGURUSAN OPERASI),3500.00,ONLINE,4650,BACELOR,<29,29.0
2025,WBPN231119,37,INDIA,FEMALE,BEKERJA SEPENUH MASA,YAMAGATA (M) SDN BHD,"PROFESSIONAL, SCIENTIFIC, AND TECHNICAL ACTIVITIES",NEGERI SEMBILAN,431,BACELOR EKSEKUTIF PENGURUSAN PERNIAGAAN (PENGURUSAN OPERASI),2500.00,ONLINE,4175,BACELOR,30-39,37.0
2025,WBPN231120,24,INDIA MUSLIM,FEMALE,BEKERJA SEPENUH MASA,KK SUPERMART & SUPERSTORE SDN BHD,"PROFESSIONAL, SCIENTIFIC, AND TECHNICAL ACTIVITIES",JOHOR,431,BACELOR EKSEKUTIF PENGURUSAN PERNIAGAAN (PENGURUSAN OPERASI),2500.00,ONLINE,4448,BACELOR,<29,24.0
2025,WBPN231121,40,IBAN/SEA DAYAK -SARAWAK,FEMALE,BEKERJA SEPENUH MASA,PETRONAS CARIGALI SDN BHD,TRANSPORTATION AND STORAGE,SARAWAK,436,BACELOR EKSEKUTIF PENGURUSAN PERNIAGAAN (PENGURUSAN LOGISTIK & RANTAIAN BEKALAN),2700.00,ONLINE,5004,BACELOR,40-49,40.0
2025,WBPN231122,42,MELAYU,MALE,BEKERJA SEPENUH MASA,SYNERGY AKEF SDN BHD (SUB CONTRACTOR MMHE),MANUFACTURING,JOHOR,435,BACELOR EKSEKUTIF PENGURUSAN PERNIAGAAN (PENGURUSAN KEJURUTERAAN),7000.00,ONLINE,5180,BACELOR,40-49,42.0
2025,WBPN231123,35,MELAYU,MALE,BEKERJA SEPENUH MASA,MALAYSIA AIRLINES BERHAD ENGINEERING,MANUFACTURING,MELAKA,435,BACELOR EKSEKUTIF PENGURUSAN PERNIAGAAN (PENGURUSAN KEJURUTERAAN),3360.00,ONLINE,5891,BACELOR,30-39,35.0
2025,WBPN231125,26,MELAYU,FEMALE,BEKERJA SEPENUH MASA,REGENCY SPECIALIST HOSPITAL SDN BHD,"PROFESSIONAL, SCIENTIFIC, AND TECHNICAL ACTIVITIES",JOHOR,432,BACELOR EKSEKUTIF PENGURUSAN PERNIAGAAN (PENGURUSAN SUMBER MANUSIA),2000.00,ONLINE,5141,BACELOR,<29,26.0
2025,WBPN231127,36,INDIA,FEMALE,BEKERJA SEPENUH MASA,UNITED BULK LOGISTICS SDN. BHD.,TRANSPORTATION AND STORAGE,SELANGOR,436,BACELOR EKSEKUTIF PENGURUSAN PERNIAGAAN (PENGURUSAN LOGISTIK & RANTAIAN BEKALAN),4800.00,ONLINE,5456,BACELOR,30-39,36.0
2025,WBPN231128,29,CINA,MALE,BEKERJA SEPENUH MASA,TIONG NAM LOGISTICS SOLUTIONS SDN BHD,TRANSPORTATION AND STORAGE,MELAKA,436,BACELOR EKSEKUTIF PENGURUSAN PERNIAGAAN (PENGURUSAN LOGISTIK & RANTAIAN BEKALAN),7300.00,ONLINE,5816,BACELOR,<29,29.0
2025,WBPN231133,24,INDIA,FEMALE,BEKERJA SEPENUH MASA,P&A SMART SOLUTION,"PROFESSIONAL, SCIENTIFIC, AND TECHNICAL ACTIVITIES",SELANGOR,432,BACELOR EKSEKUTIF PENGURUSAN PERNIAGAAN (PENGURUSAN SUMBER MANUSIA),2500.00,ONLINE,4420,BACELOR,<29,24.0
2025,WBPN231136,29,INDIA,FEMALE,BEKERJA SEPENUH MASA,CONCENTRIX MALAYSIA,"PROFESSIONAL, SCIENTIFIC, AND TECHNICAL ACTIVITIES",SELANGOR,432,BACELOR EKSEKUTIF PENGURUSAN PERNIAGAAN (PENGURUSAN SUMBER MANUSIA),4210.00,ONLINE,4101,BACELOR,<29,29.0
2025,WBPN231139,27,INDIA,MALE,BEKERJA SEPENUH MASA,THA PLANTATIONS SDN. BHD.,"PROFESSIONAL, SCIENTIFIC, AND TECHNICAL ACTIVITIES",PAHANG,434,BACELOR EKSEKUTIF PENGURUSAN PERNIAGAAN (PENGURUSAN PERLADANGAN),2500.00,ONLINE,5122,BACELOR,<29,27.0
2025,WBPN231140,23,MURUT-SABAH,MALE,BEKERJA SEPENUH MASA,UK BORNEO ENTREPRISE,"PROFESSIONAL, SCIENTIFIC, AND TECHNICAL ACTIVITIES",SABAH,434,BACELOR EKSEKUTIF PENGURUSAN PERNIAGAAN (PENGURUSAN PERLADANGAN),1600.00,ONLINE,5429,BACELOR,<29,23.0
2025,WBPN231141,24,MURUT-SABAH,FEMALE,BEKERJA SEPENUH MASA,UK BORNEO ENTREPRISE,"PROFESSIONAL, SCIENTIFIC, AND TECHNICAL ACTIVITIES",SABAH,434,BACELOR EKSEKUTIF PENGURUSAN PERNIAGAAN (PENGURUSAN PERLADANGAN),1600.00,ONLINE,5747,BACELOR,<29,24.0
2025,WBPN231143,35,MELAYU,MALE,BEKERJA SEPENUH MASA,MALAYSIA LNG SDN.BHD,MANUFACTURING,SARAWAK,435,BACELOR EKSEKUTIF PENGURUSAN PERNIAGAAN (PENGURUSAN KEJURUTERAAN),7500.00,ONLINE,5306,BACELOR,30-39,35.0
2025,WBPN231144,25,MELAYU,MALE,BEKERJA SEPENUH MASA,UWC INDUSTRIAL SDN BHD,MANUFACTURING,PULAU PINANG,435,BACELOR EKSEKUTIF PENGURUSAN PERNIAGAAN (PENGURUSAN KEJURUTERAAN),4000.00,ONLINE,4108,BACELOR,<29,25.0
2025,WBPN231145,26,INDIA MUSLIM,MALE,BEKERJA SEPENUH MASA,UWC BERHAD,MANUFACTURING,PULAU PINANG,435,BACELOR EKSEKUTIF PENGURUSAN PERNIAGAAN (PENGURUSAN KEJURUTERAAN),2500.00,ONLINE,5135,BACELOR,<29,26.0
2025,WBPN231148,44,INDIA,MALE,BEKERJA SEPENUH MASA,C&W SERVICES,"PROFESSIONAL, SCIENTIFIC, AND TECHNICAL ACTIVITIES",JOHOR,433,BACELOR EKSEKUTIF PENGURUSAN PERNIAGAAN (OPERASI INDUSTRI),2000.00,ONLINE,5155,BACELOR,40-49,44.0
2025,WBPN231150,25,CINA,FEMALE,BEKERJA SEPENUH MASA,BK & SH BROTHERS SDN BHD,"PROFESSIONAL, SCIENTIFIC, AND TECHNICAL ACTIVITIES",SELANGOR,431,BACELOR EKSEKUTIF PENGURUSAN PERNIAGAAN (PENGURUSAN OPERASI),4300.00,ONLINE,4927,BACELOR,<29,25.0
2025,WBPN231151,25,TAMIL,FEMALE,BEKERJA SEPENUH MASA,VINDALOO RESTAURANT,"PROFESSIONAL, SCIENTIFIC, AND TECHNICAL ACTIVITIES",PERAK,431,BACELOR EKSEKUTIF PENGURUSAN PERNIAGAAN (PENGURUSAN OPERASI),1800.00,ONLINE,4447,BACELOR,<29,25.0
2025,WBPN231155,36,MELAYU,FEMALE,BEKERJA SEPENUH MASA,SARAWAK METRO SDN BHD,"PROFESSIONAL, SCIENTIFIC, AND TECHNICAL ACTIVITIES",SARAWAK,431,BACELOR EKSEKUTIF PENGURUSAN PERNIAGAAN (PENGURUSAN OPERASI),5000.00,ONLINE,4597,BACELOR,30-39,36.0
2025,WBPN231156,26,INDIA,MALE,BEKERJA SEPENUH MASA,WESTERN DIGITAL (SANDISK STORAGE MALAYSIA SDN BHD),"PROFESSIONAL, SCIENTIFIC, AND TECHNICAL ACTIVITIES",PERAK,433,BACELOR EKSEKUTIF PENGURUSAN PERNIAGAAN (OPERASI INDUSTRI),2500.00,ONLINE,4115,BACELOR,<29,26.0
2025,WBPN231160,25,TAMIL,FEMALE,BEKERJA SEPENUH MASA,LEE YING HONG AGENCY,TRANSPORTATION AND STORAGE,NEGERI SEMBILAN,436,BACELOR EKSEKUTIF PENGURUSAN PERNIAGAAN (PENGURUSAN LOGISTIK & RANTAIAN BEKALAN),1700.00,ONLINE,5238,BACELOR,<29,25.0
2025,WBPN23118,29,MELAYU,MALE,BEKERJA SEPENUH MASA,PKPP PLANTATION SDN BHD,"PROFESSIONAL, SCIENTIFIC, AND TECHNICAL ACTIVITIES",PAHANG,434,BACELOR EKSEKUTIF PENGURUSAN PERNIAGAAN (PENGURUSAN PERLADANGAN),2691.95,ONLINE,5479,BACELOR,<29,29.0
2025,WBPN23119,46,MELAYU,FEMALE,BEKERJA SEPENUH MASA,SENAI AIRPORT TERMINAL SERVICES SDN BHD,TRANSPORTATION AND STORAGE,JOHOR,436,BACELOR EKSEKUTIF PENGURUSAN PERNIAGAAN (PENGURUSAN LOGISTIK & RANTAIAN BEKALAN),4900.00,ONLINE,4518,BACELOR,40-49,46.0
2025,WBPN23122,48,MELAYU,MALE,BEKERJA SEPENUH MASA,VV ADVISORY SERVICES & SOLUTIONS,"PROFESSIONAL, SCIENTIFIC, AND TECHNICAL ACTIVITIES",MELAKA,431,BACELOR EKSEKUTIF PENGURUSAN PERNIAGAAN (PENGURUSAN OPERASI),10000.00,ONLINE,4703,BACELOR,40-49,48.0
2025,WBPN23124,38,MELAYU,FEMALE,BEKERJA SEPENUH MASA,YU CONSTRUCTION SDN BHD,"PROFESSIONAL, SCIENTIFIC, AND TECHNICAL ACTIVITIES",SELANGOR,432,BACELOR EKSEKUTIF PENGURUSAN PERNIAGAAN (PENGURUSAN SUMBER MANUSIA),4419.00,ONLINE,5273,BACELOR,30-39,38.0
2025,WBPN23127,35,INDIA,MALE,BEKERJA SEPENUH MASA,ACME PTD LTD,MANUFACTURING,JOHOR,435,BACELOR EKSEKUTIF PENGURUSAN PERNIAGAAN (PENGURUSAN KEJURUTERAAN),9000.00,ONLINE,5866,BACELOR,30-39,35.0
2025,WBPN23128,24,INDIA,FEMALE,BEKERJA SEPARA MASA,SJK(T) PORT DICKSON,"PROFESSIONAL, SCIENTIFIC, AND TECHNICAL ACTIVITIES",NEGERI SEMBILAN,432,BACELOR EKSEKUTIF PENGURUSAN PERNIAGAAN (PENGURUSAN SUMBER MANUSIA),1700.00,ONLINE,4320,BACELOR,<29,24.0
2025,WBPN23130,37,INDIA,MALE,BEKERJA SEPENUH MASA,LAZADA SDN BHD,TRANSPORTATION AND STORAGE,SELANGOR,436,BACELOR EKSEKUTIF PENGURUSAN PERNIAGAAN (PENGURUSAN LOGISTIK & RANTAIAN BEKALAN),3500.00,ONLINE,5572,BACELOR,30-39,37.0
2025,WBPN23139,31,MELAYU,MALE,BEKERJA SEPENUH MASA,AKAMAI TECHNOLOGIES SDN BHD,MANUFACTURING,PERAK,435,BACELOR EKSEKUTIF PENGURUSAN PERNIAGAAN (PENGURUSAN KEJURUTERAAN),7600.00,ONLINE,4341,BACELOR,30-39,31.0
2025,WBPN23142,36,MELAYU,FEMALE,BEKERJA SEPENUH MASA,KPMG PLT (CHARTERED ACCUNTANTS),TRANSPORTATION AND STORAGE,NEGERI SEMBILAN,436,BACELOR EKSEKUTIF PENGURUSAN PERNIAGAAN (PENGURUSAN LOGISTIK & RANTAIAN BEKALAN),3000.00,ONLINE,5836,BACELOR,30-39,36.0
2025,WBPN23143,25,INDIA,MALE,BEKERJA SEPENUH MASA,MAXIS BERHAD,"PROFESSIONAL, SCIENTIFIC, AND TECHNICAL ACTIVITIES",KUALA LUMPUR,431,BACELOR EKSEKUTIF PENGURUSAN PERNIAGAAN (PENGURUSAN OPERASI),3400.00,ONLINE,5653,BACELOR,<29,25.0
2025,WBPN23144,28,JAWA,FEMALE,BEKERJA SEPENUH MASA,DERMYPACK PLASTIC (M) SDN BHD,"PROFESSIONAL, SCIENTIFIC, AND TECHNICAL ACTIVITIES",JOHOR,432,BACELOR EKSEKUTIF PENGURUSAN PERNIAGAAN (PENGURUSAN SUMBER MANUSIA),2700.00,ONLINE,5681,BACELOR,<29,28.0
2025,WBPN23147,27,CINA,MALE,BEKERJA SEPENUH MASA,OCIKUMHO SDN BHD,"PROFESSIONAL, SCIENTIFIC, AND TECHNICAL ACTIVITIES",SARAWAK,433,BACELOR EKSEKUTIF PENGURUSAN PERNIAGAAN (OPERASI INDUSTRI),5000.00,ONLINE,4457,BACELOR,<29,27.0
2025,WBPN23148,45,BISAYA-SINO-SABAH,MALE,BEKERJA SEPENUH MASA,SGS PETROTECHNICAL INSPECTION,"PROFESSIONAL, SCIENTIFIC, AND TECHNICAL ACTIVITIES",LABUAN,433,BACELOR EKSEKUTIF PENGURUSAN PERNIAGAAN (OPERASI INDUSTRI),3500.00,ONLINE,4404,BACELOR,40-49,45.0
2025,WBPN23149,30,MELAYU,FEMALE,BEKERJA SEPENUH MASA,JABATAN IMIGRESEN MALAYSIA,"PROFESSIONAL, SCIENTIFIC, AND TECHNICAL ACTIVITIES",MELAKA,433,BACELOR EKSEKUTIF PENGURUSAN PERNIAGAAN (OPERASI INDUSTRI),1700.00,ONLINE,4519,BACELOR,30-39,30.0
2025,WBPN23151,24,BUGIS,MALE,BEKERJA SEPENUH MASA,GKN AEROPSACE,MANUFACTURING,JOHOR,435,BACELOR EKSEKUTIF PENGURUSAN PERNIAGAAN (PENGURUSAN KEJURUTERAAN),3000.00,ONLINE,4736,BACELOR,<29,24.0
2025,WBPN23163,44,INDIA,FEMALE,BEKERJA SEPENUH MASA,KERRY INGREDIENTS (M) SDN BHD,TRANSPORTATION AND STORAGE,JOHOR,436,BACELOR EKSEKUTIF PENGURUSAN PERNIAGAAN (PENGURUSAN LOGISTIK & RANTAIAN BEKALAN),5897.00,ONLINE,4586,BACELOR,40-49,44.0
2025,WBPN23168,35,MELAYU,MALE,BEKERJA SEPENUH MASA,SARAWAK ENERGY BERHAD,MANUFACTURING,SARAWAK,435,BACELOR EKSEKUTIF PENGURUSAN PERNIAGAAN (PENGURUSAN KEJURUTERAAN),5000.00,ONLINE,4920,BACELOR,30-39,35.0
2025,WBPN23169,26,KAYAN-SARAWAK,MALE,BEKERJA SEPENUH MASA,HALUAN CEKAP SDN BHD,MANUFACTURING,SARAWAK,435,BACELOR EKSEKUTIF PENGURUSAN PERNIAGAAN (PENGURUSAN KEJURUTERAAN),3000.00,ONLINE,4826,BACELOR,<29,26.0
2025,WBPN23175,28,INDIA,FEMALE,BEKERJA SEPENUH MASA,YAMADA ELECTRIC MFG (M) SDN BHD,"PROFESSIONAL, SCIENTIFIC, AND TECHNICAL ACTIVITIES",SELANGOR,432,BACELOR EKSEKUTIF PENGURUSAN PERNIAGAAN (PENGURUSAN SUMBER MANUSIA),2300.00,ONLINE,5403,BACELOR,<29,28.0
2025,WBPN23176,41,MELAYU,MALE,BEKERJA/USAHAWAN/FREELANCE,NOT SPECIFIED,"PROFESSIONAL, SCIENTIFIC, AND TECHNICAL ACTIVITIES",PAHANG,431,BACELOR EKSEKUTIF PENGURUSAN PERNIAGAAN (PENGURUSAN OPERASI),NOT SPECIFIED,ONLINE,5503,BACELOR,40-49,41.0
2025,WBPN23178,38,INDIA,MALE,BEKERJA SEPENUH MASA,SCHOLASTIC ASIA (M) SDN BHD,TRANSPORTATION AND STORAGE,SELANGOR,436,BACELOR EKSEKUTIF PENGURUSAN PERNIAGAAN (PENGURUSAN LOGISTIK & RANTAIAN BEKALAN),4600.00,ONLINE,4305,BACELOR,30-39,38.0
2025,WBPN23180,46,TAMIL,FEMALE,BEKERJA SEPENUH MASA,EDISI ABAD SDN BHD,"PROFESSIONAL, SCIENTIFIC, AND TECHNICAL ACTIVITIES",SELANGOR,432,BACELOR EKSEKUTIF PENGURUSAN PERNIAGAAN (PENGURUSAN SUMBER MANUSIA),2500.00,ONLINE,5141,BACELOR,40-49,46.0
2025,WBPN23185,34,TAMIL,MALE,BEKERJA SEPENUH MASA,SINWA SINGAPORE PTE LTD,TRANSPORTATION AND STORAGE,JOHOR,436,BACELOR EKSEKUTIF PENGURUSAN PERNIAGAAN (PENGURUSAN LOGISTIK & RANTAIAN BEKALAN),3000.00,ONLINE,5229,BACELOR,30-39,34.0
2025,WBPN23186,34,KEDAYAN-SARAWAK,MALE,BEKERJA SEPENUH MASA,PANTAI HOSPITAL KUALA LUMPUR,"PROFESSIONAL, SCIENTIFIC, AND TECHNICAL ACTIVITIES",SARAWAK,431,BACELOR EKSEKUTIF PENGURUSAN PERNIAGAAN (PENGURUSAN OPERASI),4500.00,ONLINE,5796,BACELOR,30-39,34.0
2025,WBPN23187,42,INDIA,FEMALE,BEKERJA SEPENUH MASA,FRAD COFFEE SDN BHD,"PROFESSIONAL, SCIENTIFIC, AND TECHNICAL ACTIVITIES",PULAU PINANG,432,BACELOR EKSEKUTIF PENGURUSAN PERNIAGAAN (PENGURUSAN SUMBER MANUSIA),2209.00,ONLINE,5160,BACELOR,40-49,42.0
2025,WBPN23189,39,INDIA,MALE,BEKERJA SEPENUH MASA,COLUMBIA ASIA HOSPITAL - CHERAS,"PROFESSIONAL, SCIENTIFIC, AND TECHNICAL ACTIVITIES",SELANGOR,431,BACELOR EKSEKUTIF PENGURUSAN PERNIAGAAN (PENGURUSAN OPERASI),5335.00,ONLINE,5806,BACELOR,30-39,39.0
2025,WBPN23190,39,HOKKIEN,MALE,BEKERJA SEPENUH MASA,HRD (M) SDN BHD,TRANSPORTATION AND STORAGE,KEDAH,436,BACELOR EKSEKUTIF PENGURUSAN PERNIAGAAN (PENGURUSAN LOGISTIK & RANTAIAN BEKALAN),3500.00,ONLINE,4684,BACELOR,30-39,39.0
2025,WBPN23192,47,MELAYU,MALE,BEKERJA SEPENUH MASA,KLKLAND SDN BHD,"PROFESSIONAL, SCIENTIFIC, AND TECHNICAL ACTIVITIES",SELANGOR,431,BACELOR EKSEKUTIF PENGURUSAN PERNIAGAAN (PENGURUSAN OPERASI),7000.00,ONLINE,4770,BACELOR,40-49,47.0
2025,WBPN23194,37,INDIA,FEMALE,BEKERJA SEPARA MASA,ULTRASMART GLOBAL TECH SDN BHD,"PROFESSIONAL, SCIENTIFIC, AND TECHNICAL ACTIVITIES",KEDAH,432,BACELOR EKSEKUTIF PENGURUSAN PERNIAGAAN (PENGURUSAN SUMBER MANUSIA),2000.00,ONLINE,5610,BACELOR,30-39,37.0
2025,WBPN23195,23,TAMIL,FEMALE,BEKERJA SEPENUH MASA,GD ROMPIN CASH AND CARRY,"PROFESSIONAL, SCIENTIFIC, AND TECHNICAL ACTIVITIES",NEGERI SEMBILAN,431,BACELOR EKSEKUTIF PENGURUSAN PERNIAGAAN (PENGURUSAN OPERASI),1800.00,ONLINE,4144,BACELOR,<29,23.0
2025,WBPN23196,24,MELANAU-SARAWAK,FEMALE,BEKERJA SEPENUH MASA,FTM MANAGEMENT SDN BHD,"PROFESSIONAL, SCIENTIFIC, AND TECHNICAL ACTIVITIES",SARAWAK,431,BACELOR EKSEKUTIF PENGURUSAN PERNIAGAAN (PENGURUSAN OPERASI),2000.00,ONLINE,5903,BACELOR,<29,24.0
2025,WBPN23197,48,MELAYU,MALE,BEKERJA SEPENUH MASA,LADANG RISDA ULU SLIM,"PROFESSIONAL, SCIENTIFIC, AND TECHNICAL ACTIVITIES",KEDAH,434,BACELOR EKSEKUTIF PENGURUSAN PERNIAGAAN (PENGURUSAN PERLADANGAN),5000.00,ONLINE,5549,BACELOR,40-49,48.0
2025,WBPN23201,26,MELAYU,FEMALE,BEKERJA SEPENUH MASA,I SWIM SDN BHD,"PROFESSIONAL, SCIENTIFIC, AND TECHNICAL ACTIVITIES",MELAKA,431,BACELOR EKSEKUTIF PENGURUSAN PERNIAGAAN (PENGURUSAN OPERASI),2500.00,ONLINE,4251,BACELOR,<29,26.0
2025,WBPN23202,23,MELAYU,MALE,BEKERJA SEPENUH MASA,GEORGE KENT (M) BERHAD,"PROFESSIONAL, SCIENTIFIC, AND TECHNICAL ACTIVITIES",PAHANG,433,BACELOR EKSEKUTIF PENGURUSAN PERNIAGAAN (OPERASI INDUSTRI),2800.00,ONLINE,4871,BACELOR,<29,23.0
2025,WBPN23206,29,MELAYU,MALE,BEKERJA SEPENUH MASA,HP MALAYSIA MANUFACTURING SDN BHD,MANUFACTURING,PULAU PINANG,435,BACELOR EKSEKUTIF PENGURUSAN PERNIAGAAN (PENGURUSAN KEJURUTERAAN),4000.00,ONLINE,5792,BACELOR,<29,29.0
2025,WBPN23208,48,SINO-NATIVE-SABAH,MALE,BEKERJA SEPENUH MASA,MAKAMEWAH SDN BHD,MANUFACTURING,SABAH,435,BACELOR EKSEKUTIF PENGURUSAN PERNIAGAAN (PENGURUSAN KEJURUTERAAN),9500.00,ONLINE,4788,BACELOR,40-49,48.0
2025,WBPN23209,31,INDIA,FEMALE,BELUM/TIDAK BEKERJA,NOT SPECIFIED,"PROFESSIONAL, SCIENTIFIC, AND TECHNICAL ACTIVITIES",SELANGOR,431,BACELOR EKSEKUTIF PENGURUSAN PERNIAGAAN (PENGURUSAN OPERASI),NOT SPECIFIED,ONLINE,5318,BACELOR,30-39,31.0
2025,WBPN23210,29,MELAYU,MALE,BEKERJA SEPENUH MASA,RISDA ESTATES SDN BHD,"PROFESSIONAL, SCIENTIFIC, AND TECHNICAL ACTIVITIES",TERENGGANU,434,BACELOR EKSEKUTIF PENGURUSAN PERNIAGAAN (PENGURUSAN PERLADANGAN),2100.00,ONLINE,4756,BACELOR,<29,29.0
2025,WBPN232101,47,MURUT-SABAH,MALE,BEKERJA SEPENUH MASA,SAWIT KINABALU GROUP,"PROFESSIONAL, SCIENTIFIC, AND TECHNICAL ACTIVITIES",SABAH,434,BACELOR EKSEKUTIF PENGURUSAN PERNIAGAAN (PENGURUSAN PERLADANGAN),4530.00,ONLINE,4583,BACELOR,40-49,47.0
2025,WBPN232102,31,TAMIL,MALE,BEKERJA SEPENUH MASA,WESTPORT MALAYSIA SDN.BHD.,MANUFACTURING,SELANGOR,435,BACELOR EKSEKUTIF PENGURUSAN PERNIAGAAN (PENGURUSAN KEJURUTERAAN),2400.00,ONLINE,4065,BACELOR,30-39,31.0
2025,WBPN232103,40,MELAYU,MALE,BEKERJA SEPENUH MASA,ISS FACILITIES,TRANSPORTATION AND STORAGE,JOHOR,436,BACELOR EKSEKUTIF PENGURUSAN PERNIAGAAN (PENGURUSAN LOGISTIK & RANTAIAN BEKALAN),6000.00,ONLINE,5742,BACELOR,40-49,40.0
2025,WBPN232105,29,BUGIS,MALE,BEKERJA SEPENUH MASA,KUALA LUMPUR KEPONG,"PROFESSIONAL, SCIENTIFIC, AND TECHNICAL ACTIVITIES",SABAH,434,BACELOR EKSEKUTIF PENGURUSAN PERNIAGAAN (PENGURUSAN PERLADANGAN),2500.00,ONLINE,4374,BACELOR,<29,29.0
2025,WBPN23211,30,MELAYU,MALE,BEKERJA SEPENUH MASA,RISDA ESTATES SDN BHD,"PROFESSIONAL, SCIENTIFIC, AND TECHNICAL ACTIVITIES",PAHANG,434,BACELOR EKSEKUTIF PENGURUSAN PERNIAGAAN (PENGURUSAN PERLADANGAN),2500.00,ONLINE,4769,BACELOR,30-39,30.0
2025,WBPN23212,45,MELAYU,MALE,BEKERJA SEPENUH MASA,SUNWAY RESORT HOTEL,MANUFACTURING,SELANGOR,435,BACELOR EKSEKUTIF PENGURUSAN PERNIAGAAN (PENGURUSAN KEJURUTERAAN),3490.00,ONLINE,4897,BACELOR,40-49,45.0
2025,WBPN23213,35,TAMIL,MALE,BEKERJA SEPENUH MASA,PHS AUTOHAUS.SDN.BHD,"PROFESSIONAL, SCIENTIFIC, AND TECHNICAL ACTIVITIES",MELAKA,431,BACELOR EKSEKUTIF PENGURUSAN PERNIAGAAN (PENGURUSAN OPERASI),8000.00,ONLINE,5849,BACELOR,30-39,35.0
2025,WBPN23216,34,MURUT/LUN BAWANG - SARAWAK,FEMALE,BEKERJA SEPENUH MASA,FASTART SDN BHD,"PROFESSIONAL, SCIENTIFIC, AND TECHNICAL ACTIVITIES",SARAWAK,431,BACELOR EKSEKUTIF PENGURUSAN PERNIAGAAN (PENGURUSAN OPERASI),3124.85,ONLINE,5326,BACELOR,30-39,34.0
2025,WBPN23217,36,INDIA,FEMALE,BEKERJA SEPENUH MASA,SATS,"PROFESSIONAL, SCIENTIFIC, AND TECHNICAL ACTIVITIES",JOHOR,431,BACELOR EKSEKUTIF PENGURUSAN PERNIAGAAN (PENGURUSAN OPERASI),4500.00,ONLINE,4980,BACELOR,30-39,36.0
2025,WBPN23219,31,MELAYU,FEMALE,BEKERJA SEPENUH MASA,MALAYSIA AIRPORT HOLDING BERHAD,"PROFESSIONAL, SCIENTIFIC, AND TECHNICAL ACTIVITIES",KEDAH,432,BACELOR EKSEKUTIF PENGURUSAN PERNIAGAAN (PENGURUSAN SUMBER MANUSIA),2800.00,ONLINE,5670,BACELOR,30-39,31.0
2025,WBPN23220,28,INDIA,FEMALE,BEKERJA SEPENUH MASA,TSV ASSOCIATE,"PROFESSIONAL, SCIENTIFIC, AND TECHNICAL ACTIVITIES",JOHOR,431,BACELOR EKSEKUTIF PENGURUSAN PERNIAGAAN (PENGURUSAN OPERASI),2600.00,ONLINE,4298,BACELOR,<29,28.0
2025,WBPN23222,43,MELAYU,MALE,BEKERJA SEPENUH MASA,KOKUYO (M) SDN BHD,"PROFESSIONAL, SCIENTIFIC, AND TECHNICAL ACTIVITIES",NEGERI SEMBILAN,431,BACELOR EKSEKUTIF PENGURUSAN PERNIAGAAN (PENGURUSAN OPERASI),2400.00,ONLINE,5820,BACELOR,40-49,43.0
2025,WBPN23225,46,TAMIL,MALE,BEKERJA SEPENUH MASA,MANUALIFE,"PROFESSIONAL, SCIENTIFIC, AND TECHNICAL ACTIVITIES",PULAU PINANG,434,BACELOR EKSEKUTIF PENGURUSAN PERNIAGAAN (PENGURUSAN PERLADANGAN),3000.00,ONLINE,5809,BACELOR,40-49,46.0
2025,WBPN23226,24,INDIA,FEMALE,BEKERJA SEPENUH MASA,MASTER JAYA ENVIRONMENT SDN BHD,"PROFESSIONAL, SCIENTIFIC, AND TECHNICAL ACTIVITIES",NEGERI SEMBILAN,432,BACELOR EKSEKUTIF PENGURUSAN PERNIAGAAN (PENGURUSAN SUMBER MANUSIA),3000.00,ONLINE,5875,BACELOR,<29,24.0
2025,WBPN23229,43,MELAYU,MALE,BEKERJA/USAHAWAN/FREELANCE,NOT SPECIFIED,"PROFESSIONAL, SCIENTIFIC, AND TECHNICAL ACTIVITIES",SABAH,431,BACELOR EKSEKUTIF PENGURUSAN PERNIAGAAN (PENGURUSAN OPERASI),NOT SPECIFIED,ONLINE,4639,BACELOR,40-49,43.0
2025,WBPN23232,27,INDIA,MALE,BEKERJA SEPENUH MASA,DKSH MALAYSIA,TRANSPORTATION AND STORAGE,SELANGOR,436,BACELOR EKSEKUTIF PENGURUSAN PERNIAGAAN (PENGURUSAN LOGISTIK & RANTAIAN BEKALAN),4200.00,ONLINE,4936,BACELOR,<29,27.0
2025,WBPN23235,45,TAMIL,MALE,BEKERJA SEPENUH MASA,METROD (MALAYSIA) SDN BHD,"PROFESSIONAL, SCIENTIFIC, AND TECHNICAL ACTIVITIES",SELANGOR,433,BACELOR EKSEKUTIF PENGURUSAN PERNIAGAAN (OPERASI INDUSTRI),3700.00,ONLINE,4086,BACELOR,40-49,45.0
2025,WBPN23236,24,MELAYU,FEMALE,BEKERJA SEPENUH MASA,MADISON AMERICA (M) SDN BHD,"PROFESSIONAL, SCIENTIFIC, AND TECHNICAL ACTIVITIES",JOHOR,432,BACELOR EKSEKUTIF PENGURUSAN PERNIAGAAN (PENGURUSAN SUMBER MANUSIA),2200.00,ONLINE,5095,BACELOR,<29,24.0
2025,WBPN23238,45,MELANAU-SARAWAK,MALE,BEKERJA SEPENUH MASA,SARAWAK PETCHEM SDN BHD,MANUFACTURING,SARAWAK,435,BACELOR EKSEKUTIF PENGURUSAN PERNIAGAAN (PENGURUSAN KEJURUTERAAN),11570.00,ONLINE,4294,BACELOR,40-49,45.0
2025,WBPN23239,33,KELABIT-SARAWAK,FEMALE,BEKERJA SEPENUH MASA,KINSAJASA SDN BHD,"PROFESSIONAL, SCIENTIFIC, AND TECHNICAL ACTIVITIES",SARAWAK,432,BACELOR EKSEKUTIF PENGURUSAN PERNIAGAAN (PENGURUSAN SUMBER MANUSIA),3500.00,ONLINE,4086,BACELOR,30-39,33.0
2025,WBPN23246,36,KAYAN-SARAWAK,MALE,BEKERJA SEPENUH MASA,SGC E&C,MANUFACTURING,SARAWAK,435,BACELOR EKSEKUTIF PENGURUSAN PERNIAGAAN (PENGURUSAN KEJURUTERAAN),13000.00,ONLINE,5385,BACELOR,30-39,36.0
2025,WBPN23247,25,MELAYU,MALE,BEKERJA SEPENUH MASA,ZION F&B PTE LTD,"PROFESSIONAL, SCIENTIFIC, AND TECHNICAL ACTIVITIES",JOHOR,431,BACELOR EKSEKUTIF PENGURUSAN PERNIAGAAN (PENGURUSAN OPERASI),7000.00,ONLINE,5687,BACELOR,<29,25.0
2025,WBPN23250,40,IBAN/SEA DAYAK -SARAWAK,MALE,BEKERJA SEPENUH MASA,SARAWAK PETCHEM SDN BHD,MANUFACTURING,SARAWAK,435,BACELOR EKSEKUTIF PENGURUSAN PERNIAGAAN (PENGURUSAN KEJURUTERAAN),6783.00,ONLINE,4454,BACELOR,40-49,40.0
2025,WBPN23251,40,MELAYU,MALE,BEKERJA SEPENUH MASA,AMANAH SAHAM PAHANG BERHAD,"PROFESSIONAL, SCIENTIFIC, AND TECHNICAL ACTIVITIES",PAHANG,434,BACELOR EKSEKUTIF PENGURUSAN PERNIAGAAN (PENGURUSAN PERLADANGAN),4000.00,ONLINE,4096,BACELOR,40-49,40.0
2025,WBPN23254,37,INDIA,MALE,BEKERJA SEPENUH MASA,GD EXPRESS SDN BHD,"PROFESSIONAL, SCIENTIFIC, AND TECHNICAL ACTIVITIES",SELANGOR,432,BACELOR EKSEKUTIF PENGURUSAN PERNIAGAAN (PENGURUSAN SUMBER MANUSIA),3000.00,ONLINE,4877,BACELOR,30-39,37.0
2025,WBPN23257,41,MELAYU,MALE,BEKERJA SEPENUH MASA,DYA SUBSEA ENGINEERING,MANUFACTURING,SELANGOR,435,BACELOR EKSEKUTIF PENGURUSAN PERNIAGAAN (PENGURUSAN KEJURUTERAAN),3500.00,ONLINE,5627,BACELOR,40-49,41.0
2025,WBPN23258,35,MELAYU,MALE,BEKERJA SEPENUH MASA,VELESTO DRILLING,TRANSPORTATION AND STORAGE,TERENGGANU,436,BACELOR EKSEKUTIF PENGURUSAN PERNIAGAAN (PENGURUSAN LOGISTIK & RANTAIAN BEKALAN),3000.00,ONLINE,4371,BACELOR,30-39,35.0
2025,WBPN23261,45,HAINANESE,FEMALE,BEKERJA SEPENUH MASA,CAPITAL INTERTRADE SDN BHD,"PROFESSIONAL, SCIENTIFIC, AND TECHNICAL ACTIVITIES",SELANGOR,431,BACELOR EKSEKUTIF PENGURUSAN PERNIAGAAN (PENGURUSAN OPERASI),5000.00,ONLINE,4374,BACELOR,40-49,45.0
2025,WBPN23263,35,TAMIL,MALE,BEKERJA SEPENUH MASA,KELLOGGS ASIA PRODUCTS,MANUFACTURING,NEGERI SEMBILAN,435,BACELOR EKSEKUTIF PENGURUSAN PERNIAGAAN (PENGURUSAN KEJURUTERAAN),4500.00,ONLINE,4994,BACELOR,30-39,35.0
2025,WBPN23264,30,INDIA,FEMALE,BEKERJA SEPENUH MASA,AETOS SECURITY MANAGEMENT,"PROFESSIONAL, SCIENTIFIC, AND TECHNICAL ACTIVITIES",JOHOR,431,BACELOR EKSEKUTIF PENGURUSAN PERNIAGAAN (PENGURUSAN OPERASI),4500.00,ONLINE,5984,BACELOR,30-39,30.0
2025,WBPN23267,39,MELAYU,MALE,BEKERJA SEPENUH MASA,LUMUT NAVAL SHIPYARD SDN BHD,"PROFESSIONAL, SCIENTIFIC, AND TECHNICAL ACTIVITIES",PERAK,433,BACELOR EKSEKUTIF PENGURUSAN PERNIAGAAN (OPERASI INDUSTRI),2500.00,ONLINE,4686,BACELOR,30-39,39.0
2025,WBPN23272,32,MELAYU,FEMALE,BEKERJA SEPENUH MASA,KUALA LUMPUR VALVE & FITTING (M) SDN BHD,"PROFESSIONAL, SCIENTIFIC, AND TECHNICAL ACTIVITIES",SELANGOR,432,BACELOR EKSEKUTIF PENGURUSAN PERNIAGAAN (PENGURUSAN SUMBER MANUSIA),3000.00,ONLINE,4563,BACELOR,30-39,32.0
2025,WBPN23274,27,KENYAH-SARAWAK,MALE,BEKERJA SEPENUH MASA,OCIKUMHO SDN.BHD,MANUFACTURING,SARAWAK,435,BACELOR EKSEKUTIF PENGURUSAN PERNIAGAAN (PENGURUSAN KEJURUTERAAN),7000.00,ONLINE,5673,BACELOR,<29,27.0
2025,WBPN23277,52,TAMIL,MALE,BEKERJA SEPENUH MASA,SH COGENT LOGISTICS PTE LTD,"PROFESSIONAL, SCIENTIFIC, AND TECHNICAL ACTIVITIES",JOHOR,433,BACELOR EKSEKUTIF PENGURUSAN PERNIAGAAN (OPERASI INDUSTRI),15000.00,ONLINE,5201,BACELOR,50-59,52.0
2025,WBPN23280,35,IBAN/SEA DAYAK -SARAWAK,FEMALE,BEKERJA SEPENUH MASA,MATCO MALAYSIA SDN.BHD.,TRANSPORTATION AND STORAGE,SARAWAK,436,BACELOR EKSEKUTIF PENGURUSAN PERNIAGAAN (PENGURUSAN LOGISTIK & RANTAIAN BEKALAN),4100.00,ONLINE,4832,BACELOR,30-39,35.0
2025,WBPN23284,26,TAMIL,FEMALE,BEKERJA SEPENUH MASA,UBC BOCA SDN BHD,"PROFESSIONAL, SCIENTIFIC, AND TECHNICAL ACTIVITIES",SELANGOR,432,BACELOR EKSEKUTIF PENGURUSAN PERNIAGAAN (PENGURUSAN SUMBER MANUSIA),2800.00,ONLINE,5936,BACELOR,<29,26.0
2025,WBPN23286,25,MELAYU,FEMALE,BEKERJA SEPENUH MASA,KOPERASI SERBAUSAHA MAKMUR BERHAD,"PROFESSIONAL, SCIENTIFIC, AND TECHNICAL ACTIVITIES",PAHANG,432,BACELOR EKSEKUTIF PENGURUSAN PERNIAGAAN (PENGURUSAN SUMBER MANUSIA),1700.00,ONLINE,4401,BACELOR,<29,25.0
2025,WBPN23287,24,MELAYU,FEMALE,BEKERJA SEPENUH MASA,SWIFT INTEGRATED LOGISTICS SDN BHD,TRANSPORTATION AND STORAGE,PAHANG,436,BACELOR EKSEKUTIF PENGURUSAN PERNIAGAAN (PENGURUSAN LOGISTIK & RANTAIAN BEKALAN),1700.00,ONLINE,5725,BACELOR,<29,24.0
2025,WBPN23288,36,MELAYU,FEMALE,BEKERJA SEPENUH MASA,COLUMBIA ASIA HOSPITAL,"PROFESSIONAL, SCIENTIFIC, AND TECHNICAL ACTIVITIES",TERENGGANU,431,BACELOR EKSEKUTIF PENGURUSAN PERNIAGAAN (PENGURUSAN OPERASI),2500.00,ONLINE,4228,BACELOR,30-39,36.0
2025,WBPN23291,29,MELAYU,MALE,BEKERJA SEPENUH MASA,ASE ELECTRONICS SDN BHD,MANUFACTURING,PULAU PINANG,435,BACELOR EKSEKUTIF PENGURUSAN PERNIAGAAN (PENGURUSAN KEJURUTERAAN),3200.00,ONLINE,5685,BACELOR,<29,29.0
2025,WBPN23292,41,SINO-NATIVE-SABAH,FEMALE,BEKERJA SEPENUH MASA,BE AUTOMATION SDN BHD,"PROFESSIONAL, SCIENTIFIC, AND TECHNICAL ACTIVITIES",SELANGOR,432,BACELOR EKSEKUTIF PENGURUSAN PERNIAGAAN (PENGURUSAN SUMBER MANUSIA),5000.00,ONLINE,5451,BACELOR,40-49,41.0
2025,WBPN23296,25,INDIA,FEMALE,BEKERJA SEPENUH MASA,VANTIVE MANUFACTURING PTE.LTD.2,"PROFESSIONAL, SCIENTIFIC, AND TECHNICAL ACTIVITIES",JOHOR,431,BACELOR EKSEKUTIF PENGURUSAN PERNIAGAAN (PENGURUSAN OPERASI),3000.00,ONLINE,4429,BACELOR,<29,25.0
2025,WBPN23297,24,KENYAH-SARAWAK,FEMALE,BEKERJA SEPENUH MASA,SARAWAK ENERGY BERHAD,MANUFACTURING,SARAWAK,435,BACELOR EKSEKUTIF PENGURUSAN PERNIAGAAN (PENGURUSAN KEJURUTERAAN),2800.00,ONLINE,4027,BACELOR,<29,24.0
2025,WBPN23298,33,MELAYU,MALE,BEKERJA SEPENUH MASA,HENRY BUTCHER MALAYSIA MONT KIARA,"PROFESSIONAL, SCIENTIFIC, AND TECHNICAL ACTIVITIES",SELANGOR,431,BACELOR EKSEKUTIF PENGURUSAN PERNIAGAAN (PENGURUSAN OPERASI),4000.00,ONLINE,5758,BACELOR,30-39,33.0
2025,WBPN23299,37,MELAYU,MALE,BEKERJA SEPENUH MASA,ANFA ENERGY SDN. BHD.,MANUFACTURING,TERENGGANU,435,BACELOR EKSEKUTIF PENGURUSAN PERNIAGAAN (PENGURUSAN KEJURUTERAAN),8500.00,ONLINE,5701,BACELOR,30-39,37.0
2025,WBPN23301,42,DUSUN-SABAH,MALE,BEKERJA SEPENUH MASA,SAWIT KINABALU GROUP,"PROFESSIONAL, SCIENTIFIC, AND TECHNICAL ACTIVITIES",SABAH,434,BACELOR EKSEKUTIF PENGURUSAN PERNIAGAAN (PENGURUSAN PERLADANGAN),4530.00,ONLINE,5531,BACELOR,40-49,42.0
2025,WBPN23303,45,INDIA MUSLIM,FEMALE,BEKERJA SEPENUH MASA,DB SCHENKER MALAYSIA,TRANSPORTATION AND STORAGE,SELANGOR,436,BACELOR EKSEKUTIF PENGURUSAN PERNIAGAAN (PENGURUSAN LOGISTIK & RANTAIAN BEKALAN),4000.00,ONLINE,4086,BACELOR,40-49,45.0
2025,WBPN23304,40,MELAYU,MALE,BEKERJA/USAHAWAN/FREELANCE,NOT SPECIFIED,MANUFACTURING,KEDAH,435,BACELOR EKSEKUTIF PENGURUSAN PERNIAGAAN (PENGURUSAN KEJURUTERAAN),NOT SPECIFIED,ONLINE,4274,BACELOR,40-49,40.0
2025,WBPN23305,35,INDIA,MALE,BEKERJA/USAHAWAN/FREELANCE,NOT SPECIFIED,"PROFESSIONAL, SCIENTIFIC, AND TECHNICAL ACTIVITIES",JOHOR,431,BACELOR EKSEKUTIF PENGURUSAN PERNIAGAAN (PENGURUSAN OPERASI),NOT SPECIFIED,ONLINE,4464,BACELOR,30-39,35.0
2025,WBPN23307,38,TAMIL,FEMALE,BEKERJA SEPENUH MASA,BERMAZ MOTOR TRADING SDN BHD,"PROFESSIONAL, SCIENTIFIC, AND TECHNICAL ACTIVITIES",SELANGOR,431,BACELOR EKSEKUTIF PENGURUSAN PERNIAGAAN (PENGURUSAN OPERASI),4040.00,ONLINE,4308,BACELOR,30-39,38.0
2025,WBPN233101,33,MELAYU,MALE,BEKERJA SEPENUH MASA,RISDA AGRO SDN BHD,"PROFESSIONAL, SCIENTIFIC, AND TECHNICAL ACTIVITIES",NEGERI SEMBILAN,434,BACELOR EKSEKUTIF PENGURUSAN PERNIAGAAN (PENGURUSAN PERLADANGAN),3500.00,ONLINE,4473,BACELOR,30-39,33.0
2025,WBPN233102,41,BIDAYUH/LAND DAYAK - SARAWAK,MALE,BEKERJA SEPENUH MASA,ANGSANA JAYA SDN BHD,MANUFACTURING,SARAWAK,435,BACELOR EKSEKUTIF PENGURUSAN PERNIAGAAN (PENGURUSAN KEJURUTERAAN),3500.00,ONLINE,4965,BACELOR,40-49,41.0
2025,WBPN233104,26,INDIA,MALE,BEKERJA SEPENUH MASA,CIMA INDUSTRY MALAYSIA,TRANSPORTATION AND STORAGE,NEGERI SEMBILAN,436,BACELOR EKSEKUTIF PENGURUSAN PERNIAGAAN (PENGURUSAN LOGISTIK & RANTAIAN BEKALAN),2500.00,ONLINE,4578,BACELOR,<29,26.0
2025,WBPN233105,48,MELAYU,MALE,BEKERJA SEPENUH MASA,KTMB,"PROFESSIONAL, SCIENTIFIC, AND TECHNICAL ACTIVITIES",SELANGOR,431,BACELOR EKSEKUTIF PENGURUSAN PERNIAGAAN (PENGURUSAN OPERASI),7700.00,ONLINE,5663,BACELOR,40-49,48.0
2025,WBPN233106,30,INDIA,FEMALE,BEKERJA SEPENUH MASA,WEST PHARMACEUTICAL,TRANSPORTATION AND STORAGE,JOHOR,436,BACELOR EKSEKUTIF PENGURUSAN PERNIAGAAN (PENGURUSAN LOGISTIK & RANTAIAN BEKALAN),6000.00,ONLINE,5510,BACELOR,30-39,30.0
2025,WBPN233108,28,INDIA,FEMALE,BEKERJA SEPENUH MASA,COMPUTIME LIMITED MALAYSIA,"PROFESSIONAL, SCIENTIFIC, AND TECHNICAL ACTIVITIES",PERAK,432,BACELOR EKSEKUTIF PENGURUSAN PERNIAGAAN (PENGURUSAN SUMBER MANUSIA),3500.00,ONLINE,5023,BACELOR,<29,28.0
2025,WBPN23311,46,CINA,FEMALE,BEKERJA SEPENUH MASA,MENTARI UNGGUL OPTIC SDN BHD,"PROFESSIONAL, SCIENTIFIC, AND TECHNICAL ACTIVITIES",PERAK,432,BACELOR EKSEKUTIF PENGURUSAN PERNIAGAAN (PENGURUSAN SUMBER MANUSIA),4500.00,ONLINE,5930,BACELOR,40-49,46.0
2025,WBPN233111,37,MELAYU,MALE,BEKERJA SEPENUH MASA,FGV PALM INDUSTRIES SDN BHD,"PROFESSIONAL, SCIENTIFIC, AND TECHNICAL ACTIVITIES",SELANGOR,431,BACELOR EKSEKUTIF PENGURUSAN PERNIAGAAN (PENGURUSAN OPERASI),2500.00,ONLINE,4734,BACELOR,30-39,37.0
2025,WBPN233114,26,CINA,MALE,BELUM/TIDAK BEKERJA,NOT SPECIFIED,"PROFESSIONAL, SCIENTIFIC, AND TECHNICAL ACTIVITIES",JOHOR,431,BACELOR EKSEKUTIF PENGURUSAN PERNIAGAAN (PENGURUSAN OPERASI),NOT SPECIFIED,ONLINE,5450,BACELOR,<29,26.0
2025,WBPN233115,50,RUNGUS-SABAH,MALE,BEKERJA SEPARA MASA,ASTRO MALAYSIA SDN.BHD.,"PROFESSIONAL, SCIENTIFIC, AND TECHNICAL ACTIVITIES",SABAH,433,BACELOR EKSEKUTIF PENGURUSAN PERNIAGAAN (OPERASI INDUSTRI),1800.00,ONLINE,4268,BACELOR,50-59,50.0
2025,WBPN233116,41,MELAYU,FEMALE,BEKERJA SEPENUH MASA,DECATHLON,TRANSPORTATION AND STORAGE,SELANGOR,436,BACELOR EKSEKUTIF PENGURUSAN PERNIAGAAN (PENGURUSAN LOGISTIK & RANTAIAN BEKALAN),5000.00,ONLINE,5674,BACELOR,40-49,41.0
2025,WBPN233117,36,INDIA,FEMALE,BEKERJA SEPENUH MASA,CEVA LOGISTICS (M) SDN BHD,TRANSPORTATION AND STORAGE,SELANGOR,436,BACELOR EKSEKUTIF PENGURUSAN PERNIAGAAN (PENGURUSAN LOGISTIK & RANTAIAN BEKALAN),5000.00,ONLINE,4169,BACELOR,30-39,36.0
2025,WBPN233122,23,INDIA,FEMALE,BEKERJA SEPENUH MASA,BAO FUNG EQUIPMENT SDN BHD,"PROFESSIONAL, SCIENTIFIC, AND TECHNICAL ACTIVITIES",SELANGOR,432,BACELOR EKSEKUTIF PENGURUSAN PERNIAGAAN (PENGURUSAN SUMBER MANUSIA),2500.00,ONLINE,4027,BACELOR,<29,23.0
2025,WBPN233123,42,BAJAU - SABAH,FEMALE,BEKERJA SEPENUH MASA,DM CONTRACTOR,MANUFACTURING,SABAH,435,BACELOR EKSEKUTIF PENGURUSAN PERNIAGAAN (PENGURUSAN KEJURUTERAAN),7000.00,ONLINE,4947,BACELOR,40-49,42.0
2025,WBPN233124,37,MELAYU,FEMALE,BEKERJA SEPENUH MASA,AERODYNE GEOSPATIAL SDN BHD,"PROFESSIONAL, SCIENTIFIC, AND TECHNICAL ACTIVITIES",SELANGOR,431,BACELOR EKSEKUTIF PENGURUSAN PERNIAGAAN (PENGURUSAN OPERASI),6500.00,ONLINE,5830,BACELOR,30-39,37.0
2025,WBPN233125,36,MELAYU,FEMALE,BEKERJA SEPENUH MASA,UDA ANGSANA SDN. BHD.,"PROFESSIONAL, SCIENTIFIC, AND TECHNICAL ACTIVITIES",JOHOR,432,BACELOR EKSEKUTIF PENGURUSAN PERNIAGAAN (PENGURUSAN SUMBER MANUSIA),2000.00,ONLINE,4390,BACELOR,30-39,36.0
2025,WBPN233126,45,MELAYU,FEMALE,BEKERJA SEPENUH MASA,UDA ANGSANA SDN BHD,"PROFESSIONAL, SCIENTIFIC, AND TECHNICAL ACTIVITIES",JOHOR,432,BACELOR EKSEKUTIF PENGURUSAN PERNIAGAAN (PENGURUSAN SUMBER MANUSIA),2700.00,ONLINE,5243,BACELOR,40-49,45.0
2025,WBPN233129,44,MELAYU,MALE,BEKERJA SEPENUH MASA,PHILEA RESORT & SPA,MANUFACTURING,MELAKA,435,BACELOR EKSEKUTIF PENGURUSAN PERNIAGAAN (PENGURUSAN KEJURUTERAAN),1900.00,ONLINE,5540,BACELOR,40-49,44.0
2025,WBPN23313,38,INDIA,FEMALE,BEKERJA SEPENUH MASA,IOI PAN-CENTURY OLEOCHEMICALS SDN BHD,"PROFESSIONAL, SCIENTIFIC, AND TECHNICAL ACTIVITIES",JOHOR,432,BACELOR EKSEKUTIF PENGURUSAN PERNIAGAAN (PENGURUSAN SUMBER MANUSIA),3200.00,ONLINE,4762,BACELOR,30-39,38.0
2025,WBPN233130,37,MELAYU,MALE,BEKERJA SEPENUH MASA,LEIGHTON CONTRACTOR MALAYSIA,MANUFACTURING,SELANGOR,435,BACELOR EKSEKUTIF PENGURUSAN PERNIAGAAN (PENGURUSAN KEJURUTERAAN),24000.00,ONLINE,5189,BACELOR,30-39,37.0
2025,WBPN233131,43,MELAYU,FEMALE,BEKERJA SEPENUH MASA,SHE DAZZLE EMPIRE SDN BHD,"PROFESSIONAL, SCIENTIFIC, AND TECHNICAL ACTIVITIES",PAHANG,431,BACELOR EKSEKUTIF PENGURUSAN PERNIAGAAN (PENGURUSAN OPERASI),5000.00,ONLINE,4409,BACELOR,40-49,43.0
2025,WBPN233132,52,MELAYU,FEMALE,BEKERJA SEPENUH MASA,LINDE MALAYSIA SDN BHD,MANUFACTURING,SARAWAK,435,BACELOR EKSEKUTIF PENGURUSAN PERNIAGAAN (PENGURUSAN KEJURUTERAAN),6000.00,ONLINE,4217,BACELOR,50-59,52.0
2025,WBPN233133,38,IBAN/SEA DAYAK -SARAWAK,FEMALE,BEKERJA/USAHAWAN/FREELANCE,NOT SPECIFIED,"PROFESSIONAL, SCIENTIFIC, AND TECHNICAL ACTIVITIES",SARAWAK,431,BACELOR EKSEKUTIF PENGURUSAN PERNIAGAAN (PENGURUSAN OPERASI),NOT SPECIFIED,ONLINE,4948,BACELOR,30-39,38.0
2025,WBPN233134,45,MELAYU,MALE,BEKERJA SEPENUH MASA,PETRONAS CARIGALI,TRANSPORTATION AND STORAGE,TERENGGANU,436,BACELOR EKSEKUTIF PENGURUSAN PERNIAGAAN (PENGURUSAN LOGISTIK & RANTAIAN BEKALAN),12000.00,ONLINE,5100,BACELOR,40-49,45.0
2025,WBPN233135,34,TAMIL,FEMALE,BEKERJA/USAHAWAN/FREELANCE,NOT SPECIFIED,TRANSPORTATION AND STORAGE,SELANGOR,436,BACELOR EKSEKUTIF PENGURUSAN PERNIAGAAN (PENGURUSAN LOGISTIK & RANTAIAN BEKALAN),NOT SPECIFIED,ONLINE,5598,BACELOR,30-39,34.0
2025,WBPN23316,35,JAWA,MALE,BEKERJA SEPENUH MASA,IOI PLANTATION,"PROFESSIONAL, SCIENTIFIC, AND TECHNICAL ACTIVITIES",SABAH,434,BACELOR EKSEKUTIF PENGURUSAN PERNIAGAAN (PENGURUSAN PERLADANGAN),2400.00,ONLINE,5858,BACELOR,30-39,35.0
2025,WBPN23317,31,INDIA,MALE,BEKERJA SEPENUH MASA,M CHEM TECHNOLOGIES SDN. BHD.,"PROFESSIONAL, SCIENTIFIC, AND TECHNICAL ACTIVITIES",JOHOR,433,BACELOR EKSEKUTIF PENGURUSAN PERNIAGAAN (OPERASI INDUSTRI),7000.00,ONLINE,5308,BACELOR,30-39,31.0
2025,WBPN23318,36,MELAYU,MALE,BEKERJA SEPENUH MASA,LAZADA LOGISTIC (M) SDN. BHD,TRANSPORTATION AND STORAGE,JOHOR,436,BACELOR EKSEKUTIF PENGURUSAN PERNIAGAAN (PENGURUSAN LOGISTIK & RANTAIAN BEKALAN),6922.00,ONLINE,5197,BACELOR,30-39,36.0
2025,WBPN23320,25,TAMIL,MALE,BEKERJA SEPARA MASA,DYNACAST,"PROFESSIONAL, SCIENTIFIC, AND TECHNICAL ACTIVITIES",MELAKA,433,BACELOR EKSEKUTIF PENGURUSAN PERNIAGAAN (OPERASI INDUSTRI),3000.00,ONLINE,5494,BACELOR,<29,25.0
2025,WBPN23325,49,IBAN/SEA DAYAK -SARAWAK,MALE,BEKERJA SEPENUH MASA,PERBADANAN PEMBEKALAN LETRIK SARAWAK (SESCO),"PROFESSIONAL, SCIENTIFIC, AND TECHNICAL ACTIVITIES",SARAWAK,433,BACELOR EKSEKUTIF PENGURUSAN PERNIAGAAN (OPERASI INDUSTRI),4000.00,ONLINE,5651,BACELOR,40-49,49.0
2025,WBPN23327,46,INDIA,FEMALE,BEKERJA SEPENUH MASA,METALMACH MICRO TECHNOLOGY SDN BHD,TRANSPORTATION AND STORAGE,NEGERI SEMBILAN,436,BACELOR EKSEKUTIF PENGURUSAN PERNIAGAAN (PENGURUSAN LOGISTIK & RANTAIAN BEKALAN),3050.00,ONLINE,5285,BACELOR,40-49,46.0
2025,WBPN23328,24,MELAYU,MALE,BELUM/TIDAK BEKERJA,NOT SPECIFIED,"PROFESSIONAL, SCIENTIFIC, AND TECHNICAL ACTIVITIES",PAHANG,434,BACELOR EKSEKUTIF PENGURUSAN PERNIAGAAN (PENGURUSAN PERLADANGAN),NOT SPECIFIED,ONLINE,5267,BACELOR,<29,24.0
2025,WBPN23329,26,TAMIL,MALE,BEKERJA SEPENUH MASA,M CHANDRAMOGAN AND PARTNERS,"PROFESSIONAL, SCIENTIFIC, AND TECHNICAL ACTIVITIES",JOHOR,431,BACELOR EKSEKUTIF PENGURUSAN PERNIAGAAN (PENGURUSAN OPERASI),2000.00,ONLINE,4566,BACELOR,<29,26.0
2025,WBPN23331,28,INDIA MUSLIM,MALE,BEKERJA SEPENUH MASA,RAFFLES MEDICAL GROUP,MANUFACTURING,PAHANG,435,BACELOR EKSEKUTIF PENGURUSAN PERNIAGAAN (PENGURUSAN KEJURUTERAAN),1890.00,ONLINE,4247,BACELOR,<29,28.0
2025,WBPN23334,29,MELAYU,MALE,BEKERJA SEPENUH MASA,FELDA PLANTATION MANAGEMENT SDN BHD,"PROFESSIONAL, SCIENTIFIC, AND TECHNICAL ACTIVITIES",PAHANG,434,BACELOR EKSEKUTIF PENGURUSAN PERNIAGAAN (PENGURUSAN PERLADANGAN),1800.00,ONLINE,4510,BACELOR,<29,29.0
2025,WBPN23336,39,MELAYU,FEMALE,BEKERJA SEPENUH MASA,SIME DARBY INDUSTRIAL SDN BHD,"PROFESSIONAL, SCIENTIFIC, AND TECHNICAL ACTIVITIES",PAHANG,431,BACELOR EKSEKUTIF PENGURUSAN PERNIAGAAN (PENGURUSAN OPERASI),2800.00,ONLINE,4819,BACELOR,30-39,39.0
2025,WBPN23337,35,TAMIL,FEMALE,BEKERJA SEPENUH MASA,SIME DARBY INDUSTRIAL SDN BHD,"PROFESSIONAL, SCIENTIFIC, AND TECHNICAL ACTIVITIES",PAHANG,431,BACELOR EKSEKUTIF PENGURUSAN PERNIAGAAN (PENGURUSAN OPERASI),2500.00,ONLINE,4727,BACELOR,30-39,35.0
2025,WBPN23338,31,TAMIL,FEMALE,BEKERJA SEPENUH MASA,BERMAZ MOTOR TRADING SDN BHD,"PROFESSIONAL, SCIENTIFIC, AND TECHNICAL ACTIVITIES",SELANGOR,431,BACELOR EKSEKUTIF PENGURUSAN PERNIAGAAN (PENGURUSAN OPERASI),3300.00,ONLINE,5591,BACELOR,30-39,31.0
2025,WBPN23341,23,INDIA,FEMALE,BEKERJA SEPENUH MASA,KLINIK PERGIGIAN TOOTHCARE DENTAL,"PROFESSIONAL, SCIENTIFIC, AND TECHNICAL ACTIVITIES",PERLIS,432,BACELOR EKSEKUTIF PENGURUSAN PERNIAGAAN (PENGURUSAN SUMBER MANUSIA),2500.00,ONLINE,4397,BACELOR,<29,23.0
2025,WBPN23342,24,INDIA,FEMALE,BEKERJA SEPENUH MASA,"ANDER ANG, ATIKAH & ASSOCIATES","PROFESSIONAL, SCIENTIFIC, AND TECHNICAL ACTIVITIES",JOHOR,432,BACELOR EKSEKUTIF PENGURUSAN PERNIAGAAN (PENGURUSAN SUMBER MANUSIA),2000.00,ONLINE,5372,BACELOR,<29,24.0
2025,WBPN23343,28,INDIA,FEMALE,BEKERJA/USAHAWAN/FREELANCE,NOT SPECIFIED,"PROFESSIONAL, SCIENTIFIC, AND TECHNICAL ACTIVITIES",JOHOR,431,BACELOR EKSEKUTIF PENGURUSAN PERNIAGAAN (PENGURUSAN OPERASI),NOT SPECIFIED,ONLINE,4706,BACELOR,<29,28.0
2025,WBPN23348,31,INDIA,FEMALE,BEKERJA SEPENUH MASA,GUTOR ELECTRONIC ASIA PACIFIC SDN BHD,"PROFESSIONAL, SCIENTIFIC, AND TECHNICAL ACTIVITIES",PERAK,431,BACELOR EKSEKUTIF PENGURUSAN PERNIAGAAN (PENGURUSAN OPERASI),4500.00,ONLINE,5839,BACELOR,30-39,31.0
2025,WBPN23349,62,DUSUN-SABAH,MALE,BEKERJA SEPENUH MASA,DEWAN BANDARAYA KOTA KINABALU,"PROFESSIONAL, SCIENTIFIC, AND TECHNICAL ACTIVITIES",SABAH,431,BACELOR EKSEKUTIF PENGURUSAN PERNIAGAAN (PENGURUSAN OPERASI),1300.00,ONLINE,4726,BACELOR,60+,62.0
2025,WBPN23350,47,MELAYU,MALE,BEKERJA/USAHAWAN/FREELANCE,NOT SPECIFIED,TRANSPORTATION AND STORAGE,SELANGOR,436,BACELOR EKSEKUTIF PENGURUSAN PERNIAGAAN (PENGURUSAN LOGISTIK & RANTAIAN BEKALAN),NOT SPECIFIED,ONLINE,4451,BACELOR,40-49,47.0
2025,WBPN23351,28,INDIA,FEMALE,BEKERJA SEPENUH MASA,MERCHANTRADE ASIA SEN BHD,"PROFESSIONAL, SCIENTIFIC, AND TECHNICAL ACTIVITIES",KUALA LUMPUR,431,BACELOR EKSEKUTIF PENGURUSAN PERNIAGAAN (PENGURUSAN OPERASI),2300.00,ONLINE,5156,BACELOR,<29,28.0
2025,WBPN23353,46,MELAYU,MALE,BEKERJA/USAHAWAN/FREELANCE,NOT SPECIFIED,"PROFESSIONAL, SCIENTIFIC, AND TECHNICAL ACTIVITIES",NEGERI SEMBILAN,433,BACELOR EKSEKUTIF PENGURUSAN PERNIAGAAN (OPERASI INDUSTRI),NOT SPECIFIED,ONLINE,4256,BACELOR,40-49,46.0
2025,WBPN23354,36,KHEK (HAKKA),MALE,BEKERJA SEPENUH MASA,HOERBIGER KT MALAYSIA SDN BHD,MANUFACTURING,SARAWAK,435,BACELOR EKSEKUTIF PENGURUSAN PERNIAGAAN (PENGURUSAN KEJURUTERAAN),5000.00,ONLINE,5546,BACELOR,30-39,36.0
2025,WBPN23355,46,MELAYU,MALE,BEKERJA SEPARA MASA,PETRA RESOURCES SDN BHD,"PROFESSIONAL, SCIENTIFIC, AND TECHNICAL ACTIVITIES",TERENGGANU,431,BACELOR EKSEKUTIF PENGURUSAN PERNIAGAAN (PENGURUSAN OPERASI),10000.00,ONLINE,4614,BACELOR,40-49,46.0
2025,WBPN23356,33,INDIA,FEMALE,BEKERJA SEPENUH MASA,BLUE ROOTS SDN BHD,"PROFESSIONAL, SCIENTIFIC, AND TECHNICAL ACTIVITIES",SELANGOR,431,BACELOR EKSEKUTIF PENGURUSAN PERNIAGAAN (PENGURUSAN OPERASI),3900.00,ONLINE,5323,BACELOR,30-39,33.0
2025,WBPN23359,47,MELAYU,MALE,BEKERJA/USAHAWAN/FREELANCE,NOT SPECIFIED,"PROFESSIONAL, SCIENTIFIC, AND TECHNICAL ACTIVITIES",JOHOR,432,BACELOR EKSEKUTIF PENGURUSAN PERNIAGAAN (PENGURUSAN SUMBER MANUSIA),NOT SPECIFIED,ONLINE,5520,BACELOR,40-49,47.0
2025,WBPN23360,32,MELAYU,FEMALE,BEKERJA SEPENUH MASA,ASPAC RESTAURANT SDN BHD,"PROFESSIONAL, SCIENTIFIC, AND TECHNICAL ACTIVITIES",SELANGOR,432,BACELOR EKSEKUTIF PENGURUSAN PERNIAGAAN (PENGURUSAN SUMBER MANUSIA),3600.00,ONLINE,5147,BACELOR,30-39,32.0
2025,WBPN23361,50,MELAYU,MALE,BEKERJA/USAHAWAN/FREELANCE,NOT SPECIFIED,"PROFESSIONAL, SCIENTIFIC, AND TECHNICAL ACTIVITIES",JOHOR,431,BACELOR EKSEKUTIF PENGURUSAN PERNIAGAAN (PENGURUSAN OPERASI),NOT SPECIFIED,ONLINE,4346,BACELOR,50-59,50.0
2025,WBPN23362,45,MELAYU,MALE,BEKERJA/USAHAWAN/FREELANCE,NOT SPECIFIED,"PROFESSIONAL, SCIENTIFIC, AND TECHNICAL ACTIVITIES",JOHOR,431,BACELOR EKSEKUTIF PENGURUSAN PERNIAGAAN (PENGURUSAN OPERASI),NOT SPECIFIED,ONLINE,4542,BACELOR,40-49,45.0
2025,WBPN23363,39,MELAYU,FEMALE,BEKERJA SEPENUH MASA,HONG LEONG BANK BERHAD,"PROFESSIONAL, SCIENTIFIC, AND TECHNICAL ACTIVITIES",MELAKA,432,BACELOR EKSEKUTIF PENGURUSAN PERNIAGAAN (PENGURUSAN SUMBER MANUSIA),3890.00,ONLINE,4971,BACELOR,30-39,39.0
2025,WBPN23366,30,INDIA,FEMALE,BEKERJA SEPENUH MASA,INTERCONLINE PROJECTS SDN BHD,TRANSPORTATION AND STORAGE,SELANGOR,436,BACELOR EKSEKUTIF PENGURUSAN PERNIAGAAN (PENGURUSAN LOGISTIK & RANTAIAN BEKALAN),6500.00,ONLINE,5981,BACELOR,30-39,30.0
2025,WBPN23368,42,MELAYU,MALE,BEKERJA SEPENUH MASA,PETRONIC SDN BHD,TRANSPORTATION AND STORAGE,KELANTAN,436,BACELOR EKSEKUTIF PENGURUSAN PERNIAGAAN (PENGURUSAN LOGISTIK & RANTAIAN BEKALAN),7000.00,ONLINE,4870,BACELOR,40-49,42.0
2025,WBPN23370,45,CINA,FEMALE,BEKERJA SEPENUH MASA,ADVANCECON INFRA SDN BHD,"PROFESSIONAL, SCIENTIFIC, AND TECHNICAL ACTIVITIES",SELANGOR,432,BACELOR EKSEKUTIF PENGURUSAN PERNIAGAAN (PENGURUSAN SUMBER MANUSIA),5000.00,ONLINE,5423,BACELOR,40-49,45.0
2025,WBPN23371,48,MELAYU,MALE,BEKERJA SEPENUH MASA,FGV R&D,"PROFESSIONAL, SCIENTIFIC, AND TECHNICAL ACTIVITIES",PAHANG,434,BACELOR EKSEKUTIF PENGURUSAN PERNIAGAAN (PENGURUSAN PERLADANGAN),3450.00,ONLINE,4705,BACELOR,40-49,48.0
2025,WBPN23372,25,INDIA,FEMALE,BEKERJA/USAHAWAN/FREELANCE,NOT SPECIFIED,"PROFESSIONAL, SCIENTIFIC, AND TECHNICAL ACTIVITIES",SELANGOR,432,BACELOR EKSEKUTIF PENGURUSAN PERNIAGAAN (PENGURUSAN SUMBER MANUSIA),NOT SPECIFIED,ONLINE,4213,BACELOR,<29,25.0
2025,WBPN23375,25,TAMIL,MALE,BEKERJA SEPENUH MASA,GANJARAN KURNIA SDN BHD,"PROFESSIONAL, SCIENTIFIC, AND TECHNICAL ACTIVITIES",NEGERI SEMBILAN,434,BACELOR EKSEKUTIF PENGURUSAN PERNIAGAAN (PENGURUSAN PERLADANGAN),2400.00,ONLINE,4511,BACELOR,<29,25.0
2025,WBPN23376,48,MELAYU,MALE,BEKERJA SEPENUH MASA,SARAWAK SHELL BERHAD,TRANSPORTATION AND STORAGE,SARAWAK,436,BACELOR EKSEKUTIF PENGURUSAN PERNIAGAAN (PENGURUSAN LOGISTIK & RANTAIAN BEKALAN),12700.00,ONLINE,5267,BACELOR,40-49,48.0
2025,WBPN23377,45,DUSUN-SABAH,MALE,BEKERJA SEPENUH MASA,WMM VENTURES SDN BHD,"PROFESSIONAL, SCIENTIFIC, AND TECHNICAL ACTIVITIES",SABAH,431,BACELOR EKSEKUTIF PENGURUSAN PERNIAGAAN (PENGURUSAN OPERASI),7000.00,ONLINE,5248,BACELOR,40-49,45.0
2025,WBPN23380,24,INDIA,MALE,BEKERJA SEPENUH MASA,GK PET SHOP,"PROFESSIONAL, SCIENTIFIC, AND TECHNICAL ACTIVITIES",NEGERI SEMBILAN,431,BACELOR EKSEKUTIF PENGURUSAN PERNIAGAAN (PENGURUSAN OPERASI),1700.00,ONLINE,5477,BACELOR,<29,24.0
2025,WBPN23383,50,INDIA,FEMALE,BEKERJA SEPENUH MASA,RIASSERA SDN. BHD.,"PROFESSIONAL, SCIENTIFIC, AND TECHNICAL ACTIVITIES",KUALA LUMPUR,432,BACELOR EKSEKUTIF PENGURUSAN PERNIAGAAN (PENGURUSAN SUMBER MANUSIA),6000.00,ONLINE,4830,BACELOR,50-59,50.0
2025,WBPN23385,42,INDIA,MALE,BEKERJA SEPENUH MASA,NILAI SPRINGS RESORT HOTEL,"PROFESSIONAL, SCIENTIFIC, AND TECHNICAL ACTIVITIES",NEGERI SEMBILAN,431,BACELOR EKSEKUTIF PENGURUSAN PERNIAGAAN (PENGURUSAN OPERASI),5200.00,ONLINE,4213,BACELOR,40-49,42.0
2025,WBPN23387,43,MELAYU,MALE,BEKERJA SEPENUH MASA,SAIPEM S.P.A,TRANSPORTATION AND STORAGE,PERAK,436,BACELOR EKSEKUTIF PENGURUSAN PERNIAGAAN (PENGURUSAN LOGISTIK & RANTAIAN BEKALAN),24698.00,ONLINE,4191,BACELOR,40-49,43.0
2025,WBPN23389,27,MELAYU,FEMALE,BEKERJA SEPENUH MASA,BANK SIMPANAN NASIONAL UTAMA,"PROFESSIONAL, SCIENTIFIC, AND TECHNICAL ACTIVITIES",PUTRAJAYA,432,BACELOR EKSEKUTIF PENGURUSAN PERNIAGAAN (PENGURUSAN SUMBER MANUSIA),4000.00,ONLINE,4881,BACELOR,<29,27.0
2025,WBPN23390,39,MELAYU,FEMALE,BEKERJA SEPENUH MASA,TECHNIKER EXPERT SDN BHD,TRANSPORTATION AND STORAGE,JOHOR,436,BACELOR EKSEKUTIF PENGURUSAN PERNIAGAAN (PENGURUSAN LOGISTIK & RANTAIAN BEKALAN),2300.00,ONLINE,4964,BACELOR,30-39,39.0
2025,WBPN23391,37,HOKKIEN,MALE,BEKERJA SEPENUH MASA,AEL ENGINEERING SDN BHD,"PROFESSIONAL, SCIENTIFIC, AND TECHNICAL ACTIVITIES",PULAU PINANG,433,BACELOR EKSEKUTIF PENGURUSAN PERNIAGAAN (OPERASI INDUSTRI),6300.00,ONLINE,5885,BACELOR,30-39,37.0
2025,WBPN23392,36,MELAYU,FEMALE,BEKERJA SEPENUH MASA,CARING SYNERGY RENAL SDN BHD,"PROFESSIONAL, SCIENTIFIC, AND TECHNICAL ACTIVITIES",SELANGOR,432,BACELOR EKSEKUTIF PENGURUSAN PERNIAGAAN (PENGURUSAN SUMBER MANUSIA),5900.00,ONLINE,4466,BACELOR,30-39,36.0
2025,WBPN23396,37,MELAYU,FEMALE,BEKERJA SEPENUH MASA,HOSPITAL KUALA LUMPUR,TRANSPORTATION AND STORAGE,PUTRAJAYA,436,BACELOR EKSEKUTIF PENGURUSAN PERNIAGAAN (PENGURUSAN LOGISTIK & RANTAIAN BEKALAN),1700.00,ONLINE,5739,BACELOR,30-39,37.0
2025,WBPN23397,44,MELAYU,MALE,BEKERJA SEPENUH MASA,HYPERWAVE SYSTEM & ENERGY SDN BHD,MANUFACTURING,PAHANG,435,BACELOR EKSEKUTIF PENGURUSAN PERNIAGAAN (PENGURUSAN KEJURUTERAAN),3500.00,ONLINE,5827,BACELOR,40-49,44.0
2025,WBPN23399,26,INDIA,MALE,BELUM/TIDAK BEKERJA,NOT SPECIFIED,"PROFESSIONAL, SCIENTIFIC, AND TECHNICAL ACTIVITIES",NEGERI SEMBILAN,434,BACELOR EKSEKUTIF PENGURUSAN PERNIAGAAN (PENGURUSAN PERLADANGAN),NOT SPECIFIED,ONLINE,5783,BACELOR,<29,26.0
2025,WBPN23402,34,TAMIL,FEMALE,BEKERJA SEPENUH MASA,VJAP LOGISTICS SDN BHD,TRANSPORTATION AND STORAGE,SELANGOR,436,BACELOR EKSEKUTIF PENGURUSAN PERNIAGAAN (PENGURUSAN LOGISTIK & RANTAIAN BEKALAN),7000.00,ONLINE,4038,BACELOR,30-39,34.0
2025,WBPN23404,46,MELAYU,MALE,BEKERJA SEPENUH MASA,WISEYES SOLUTIONS SDN BHD,"PROFESSIONAL, SCIENTIFIC, AND TECHNICAL ACTIVITIES",SELANGOR,431,BACELOR EKSEKUTIF PENGURUSAN PERNIAGAAN (PENGURUSAN OPERASI),15000.00,ONLINE,4037,BACELOR,40-49,46.0
2025,WBPN23405,45,MELAYU,MALE,BEKERJA SEPENUH MASA,LEMBAGA TABUNG HAJI,"PROFESSIONAL, SCIENTIFIC, AND TECHNICAL ACTIVITIES",MELAKA,431,BACELOR EKSEKUTIF PENGURUSAN PERNIAGAAN (PENGURUSAN OPERASI),6000.00,ONLINE,5458,BACELOR,40-49,45.0
2025,WBPN23406,37,MELAYU,FEMALE,BEKERJA SEPENUH MASA,LEMBAGA TABUNG HAJI,"PROFESSIONAL, SCIENTIFIC, AND TECHNICAL ACTIVITIES",JOHOR,431,BACELOR EKSEKUTIF PENGURUSAN PERNIAGAAN (PENGURUSAN OPERASI),2350.00,ONLINE,4235,BACELOR,30-39,37.0
2025,WBPN23409,24,INDIA,MALE,BELUM/TIDAK BEKERJA,SMJ SINAR ENTERPRISE,MANUFACTURING,MELAKA,435,BACELOR EKSEKUTIF PENGURUSAN PERNIAGAAN (PENGURUSAN KEJURUTERAAN),5000.00,ONLINE,4378,BACELOR,<29,24.0
2025,WBPN23410,47,MELAYU,FEMALE,BEKERJA SEPENUH MASA,LEMBAGA TABUNG HAJI,"PROFESSIONAL, SCIENTIFIC, AND TECHNICAL ACTIVITIES",MELAKA,431,BACELOR EKSEKUTIF PENGURUSAN PERNIAGAAN (PENGURUSAN OPERASI),6000.00,ONLINE,5670,BACELOR,40-49,47.0
2025,WBPN23414,27,MELAYU,FEMALE,BEKERJA SEPENUH MASA,SARAWAK METRO SDN BHD,"PROFESSIONAL, SCIENTIFIC, AND TECHNICAL ACTIVITIES",SARAWAK,432,BACELOR EKSEKUTIF PENGURUSAN PERNIAGAAN (PENGURUSAN SUMBER MANUSIA),2400.00,ONLINE,5584,BACELOR,<29,27.0
2025,WBPN23415,28,INDIA,MALE,BEKERJA SEPENUH MASA,KUALA LUMPUR KEPONG BERHAD,"PROFESSIONAL, SCIENTIFIC, AND TECHNICAL ACTIVITIES",SELANGOR,433,BACELOR EKSEKUTIF PENGURUSAN PERNIAGAAN (OPERASI INDUSTRI),3000.00,ONLINE,4936,BACELOR,<29,28.0
2025,WBPN23416,49,MELAYU,MALE,BEKERJA SEPENUH MASA,ANNJOO STELL SERVICE CENTRE,"PROFESSIONAL, SCIENTIFIC, AND TECHNICAL ACTIVITIES",SELANGOR,431,BACELOR EKSEKUTIF PENGURUSAN PERNIAGAAN (PENGURUSAN OPERASI),3300.00,ONLINE,4540,BACELOR,40-49,49.0
2025,WBPN23417,28,KADAZAN-SABAH,FEMALE,BEKERJA SEPENUH MASA,IGT SOLUTIONS PVT LTD (MALAYSIA),"PROFESSIONAL, SCIENTIFIC, AND TECHNICAL ACTIVITIES",SABAH,432,BACELOR EKSEKUTIF PENGURUSAN PERNIAGAAN (PENGURUSAN SUMBER MANUSIA),3000.00,ONLINE,5219,BACELOR,<29,28.0
2025,WBPN23419,29,TAMIL,MALE,BEKERJA SEPENUH MASA,MIEUX PVT LTD,TRANSPORTATION AND STORAGE,JOHOR,436,BACELOR EKSEKUTIF PENGURUSAN PERNIAGAAN (PENGURUSAN LOGISTIK & RANTAIAN BEKALAN),1800.00,ONLINE,4373,BACELOR,<29,29.0
2025,WBPN23420,25,INDIA,FEMALE,BEKERJA SEPENUH MASA,ARTIFICIAL INTELLIGENCE HOME,"PROFESSIONAL, SCIENTIFIC, AND TECHNICAL ACTIVITIES",SELANGOR,432,BACELOR EKSEKUTIF PENGURUSAN PERNIAGAAN (PENGURUSAN SUMBER MANUSIA),2500.00,ONLINE,5190,BACELOR,<29,25.0
2025,WBPN23421,39,INDIA,MALE,BEKERJA SEPENUH MASA,BAT ASPAC SERVICE CENTRE SDN BHD,TRANSPORTATION AND STORAGE,SELANGOR,436,BACELOR EKSEKUTIF PENGURUSAN PERNIAGAAN (PENGURUSAN LOGISTIK & RANTAIAN BEKALAN),5800.00,ONLINE,5002,BACELOR,30-39,39.0
2025,WBPN23424,36,CINA,MALE,BEKERJA SEPENUH MASA,CORPACER MALAYSIA SDN BHD.,"PROFESSIONAL, SCIENTIFIC, AND TECHNICAL ACTIVITIES",NEGERI SEMBILAN,431,BACELOR EKSEKUTIF PENGURUSAN PERNIAGAAN (PENGURUSAN OPERASI),8000.00,ONLINE,4963,BACELOR,30-39,36.0
2025,WBPN23438,25,MELAYU,MALE,BELUM/TIDAK BEKERJA,NOT SPECIFIED,"PROFESSIONAL, SCIENTIFIC, AND TECHNICAL ACTIVITIES",JOHOR,431,BACELOR EKSEKUTIF PENGURUSAN PERNIAGAAN (PENGURUSAN OPERASI),NOT SPECIFIED,ONLINE,4646,BACELOR,<29,25.0
2025,WBPN23431,23,CINA,FEMALE,BEKERJA SEPENUH MASA,ELITE PHARMACY,"PROFESSIONAL, SCIENTIFIC, AND TECHNICAL ACTIVITIES",NEGERI SEMBILAN,432,BACELOR EKSEKUTIF PENGURUSAN PERNIAGAAN (PENGURUSAN SUMBER MANUSIA),4000.00,ONLINE,4745,BACELOR,<29,23.0
2025,WBPN23432,30,INDIA,MALE,BEKERJA SEPENUH MASA,SINGAPORE REFINERY COMPANY,TRANSPORTATION AND STORAGE,JOHOR,436,BACELOR EKSEKUTIF PENGURUSAN PERNIAGAAN (PENGURUSAN LOGISTIK & RANTAIAN BEKALAN),7000.00,ONLINE,5588,BACELOR,30-39,30.0
2025,WBPN23433,28,TAMIL,MALE,BEKERJA SEPENUH MASA,UNITED PLANTATION BERHAD,"PROFESSIONAL, SCIENTIFIC, AND TECHNICAL ACTIVITIES",PERAK,434,BACELOR EKSEKUTIF PENGURUSAN PERNIAGAAN (PENGURUSAN PERLADANGAN),1800.00,ONLINE,4876,BACELOR,<29,28.0
2025,WBPN23434,25,INDIA,FEMALE,BEKERJA SEPENUH MASA,CK GROUP DECOR SDN BHD,"PROFESSIONAL, SCIENTIFIC, AND TECHNICAL ACTIVITIES",SELANGOR,431,BACELOR EKSEKUTIF PENGURUSAN PERNIAGAAN (PENGURUSAN OPERASI),2400.00,ONLINE,5221,BACELOR,<29,25.0
2025,WBPN23436,45,MELAYU,MALE,BEKERJA SEPENUH MASA,LEMBAGA TABUNG HAJI,"PROFESSIONAL, SCIENTIFIC, AND TECHNICAL ACTIVITIES",MELAKA,431,BACELOR EKSEKUTIF PENGURUSAN PERNIAGAAN (PENGURUSAN OPERASI),5000.00,ONLINE,5059,BACELOR,40-49,45.0
2025,WBPN23437,27,INDIA,FEMALE,BEKERJA SEPENUH MASA,GRACE ASSEMBLY OF GOD,"PROFESSIONAL, SCIENTIFIC, AND TECHNICAL ACTIVITIES",SELANGOR,432,BACELOR EKSEKUTIF PENGURUSAN PERNIAGAAN (PENGURUSAN SUMBER MANUSIA),3000.00,ONLINE,4817,BACELOR,<29,27.0
2025,WBPN23439,30,MELAYU,FEMALE,BEKERJA SEPENUH MASA,CHAMPION PRECISION TECHNOLOGY SDN BHD,TRANSPORTATION AND STORAGE,JOHOR,436,BACELOR EKSEKUTIF PENGURUSAN PERNIAGAAN (PENGURUSAN LOGISTIK & RANTAIAN BEKALAN),2500.00,ONLINE,5246,BACELOR,30-39,30.0
2025,WBPN23440,46,TAMIL,FEMALE,BEKERJA SEPENUH MASA,MIE TECH SDN BHD,"PROFESSIONAL, SCIENTIFIC, AND TECHNICAL ACTIVITIES",SELANGOR,431,BACELOR EKSEKUTIF PENGURUSAN PERNIAGAAN (PENGURUSAN OPERASI),4698.00,ONLINE,4241,BACELOR,40-49,46.0
2025,WBPN23435,47,MELANAU-SARAWAK,MALE,BEKERJA SEPENUH MASA,SARAWAK INFORMATION SYSTEM SDN BHD,"PROFESSIONAL, SCIENTIFIC, AND TECHNICAL ACTIVITIES",SARAWAK,431,BACELOR EKSEKUTIF PENGURUSAN PERNIAGAAN (PENGURUSAN OPERASI),5500.00,ONLINE,5236,BACELOR,40-49,47.0
2025,WBPN23442,36,IBAN/SEA DAYAK -SARAWAK,MALE,BEKERJA SEPENUH MASA,SARAWAK LAND CONSOLIDATION AND REHABILITATION AUTHORITY (SALCRA),"PROFESSIONAL, SCIENTIFIC, AND TECHNICAL ACTIVITIES",SARAWAK,434,BACELOR EKSEKUTIF PENGURUSAN PERNIAGAAN (PENGURUSAN PERLADANGAN),3500.00,ONLINE,5839,BACELOR,30-39,36.0
2025,WBPN23448,31,MELAYU,MALE,BEKERJA SEPENUH MASA,XACT ENGINEERING SDN BHD,MANUFACTURING,KELANTAN,435,BACELOR EKSEKUTIF PENGURUSAN PERNIAGAAN (PENGURUSAN KEJURUTERAAN),5000.00,ONLINE,5344,BACELOR,30-39,31.0
2025,WBPN23450,37,BUGIS,MALE,BEKERJA SEPENUH MASA,FELDA GLOBAL VENTURES PLANTATIONS (MALAYSIA)SDN BHD,"PROFESSIONAL, SCIENTIFIC, AND TECHNICAL ACTIVITIES",SABAH,434,BACELOR EKSEKUTIF PENGURUSAN PERNIAGAAN (PENGURUSAN PERLADANGAN),2115.00,ONLINE,4402,BACELOR,30-39,37.0
2025,WBPN23451,32,INDIA,MALE,BEKERJA SEPENUH MASA,HEINEKEN MALAYSIA BERHAD,TRANSPORTATION AND STORAGE,SELANGOR,436,BACELOR EKSEKUTIF PENGURUSAN PERNIAGAAN (PENGURUSAN LOGISTIK & RANTAIAN BEKALAN),4200.00,ONLINE,4264,BACELOR,30-39,32.0
2025,WDPB17101,52,MELAYU,FEMALE,BEKERJA SEPENUH MASA,LPT2 SDN BHD,"PROFESSIONAL, SCIENTIFIC, AND TECHNICAL ACTIVITIES",PAHANG,382,DIPLOMA PROFESIONAL PENGURUSAN PERNIAGAAN & KEUSAHAWANAN,3000.00,ONLINE,3895,DIPLOMA,50-59,52.0
2025,WDPB18113,36,MELAYU,FEMALE,BEKERJA SEPENUH MASA,UNITEDSTAR CORPORATION SDN BHD,"PROFESSIONAL, SCIENTIFIC, AND TECHNICAL ACTIVITIES",NEGERI SEMBILAN,382,DIPLOMA PROFESIONAL PENGURUSAN PERNIAGAAN & KEUSAHAWANAN,3000.00,ONLINE,2637,DIPLOMA,30-39,36.0
2025,WDPB18308,32,CINA,MALE,BEKERJA SEPENUH MASA,RESTORAN IKAN LEBIH,"PROFESSIONAL, SCIENTIFIC, AND TECHNICAL ACTIVITIES",NEGERI SEMBILAN,382,DIPLOMA PROFESIONAL PENGURUSAN PERNIAGAAN & KEUSAHAWANAN,4000.00,ONLINE,3622,DIPLOMA,30-39,32.0
2025,WDPB21306,28,IBAN/SEA DAYAK -SARAWAK,FEMALE,BEKERJA SEPENUH MASA,BORNEO MEDICAL CENTRE MIRI,"PROFESSIONAL, SCIENTIFIC, AND TECHNICAL ACTIVITIES",SARAWAK,382,DIPLOMA PROFESIONAL PENGURUSAN PERNIAGAAN & KEUSAHAWANAN,1500.00,ONLINE,2145,DIPLOMA,<29,28.0
2025,WDPB21314,32,HOKKIEN,FEMALE,BEKERJA SEPENUH MASA,ACOMMERCE,"PROFESSIONAL, SCIENTIFIC, AND TECHNICAL ACTIVITIES",SELANGOR,382,DIPLOMA PROFESIONAL PENGURUSAN PERNIAGAAN & KEUSAHAWANAN,3500.00,ONLINE,3205,DIPLOMA,30-39,32.0
2025,WDPB22114,45,MELAYU,FEMALE,BEKERJA SEPENUH MASA,KOPERASI ANGKATAN TENTERA MALAYSIA BERHAD,"PROFESSIONAL, SCIENTIFIC, AND TECHNICAL ACTIVITIES",JOHOR,382,DIPLOMA PROFESIONAL PENGURUSAN PERNIAGAAN & KEUSAHAWANAN,6600.00,ONLINE,2832,DIPLOMA,40-49,45.0
2025,WDPB22211,31,INDIA,FEMALE,BELUM/TIDAK BEKERJA,NOT SPECIFIED,"PROFESSIONAL, SCIENTIFIC, AND TECHNICAL ACTIVITIES",PERAK,382,DIPLOMA PROFESIONAL PENGURUSAN PERNIAGAAN & KEUSAHAWANAN,NOT SPECIFIED,ONLINE,2400,DIPLOMA,30-39,31.0
2025,WDPB22305,50,TAMIL,MALE,BEKERJA SEPENUH MASA,MENANG CORPORATION SDN.BHD,"PROFESSIONAL, SCIENTIFIC, AND TECHNICAL ACTIVITIES",NEGERI SEMBILAN,382,DIPLOMA PROFESIONAL PENGURUSAN PERNIAGAAN & KEUSAHAWANAN,1780.00,ONLINE,3470,DIPLOMA,50-59,50.0
2025,WDPB23120,44,JAWA,MALE,BEKERJA/USAHAWAN/FREELANCE,NOT SPECIFIED,"PROFESSIONAL, SCIENTIFIC, AND TECHNICAL ACTIVITIES",JOHOR,382,DIPLOMA PROFESIONAL PENGURUSAN PERNIAGAAN & KEUSAHAWANAN,NOT SPECIFIED,ONLINE,3050,DIPLOMA,40-49,44.0
2025,WDPB23130,38,INDIA,MALE,BEKERJA SEPENUH MASA,HARSINEE TRANSPORT,"PROFESSIONAL, SCIENTIFIC, AND TECHNICAL ACTIVITIES",JOHOR,382,DIPLOMA PROFESIONAL PENGURUSAN PERNIAGAAN & KEUSAHAWANAN,4000.00,ONLINE,2960,DIPLOMA,30-39,38.0
2025,WDPB23206,39,MELAYU,FEMALE,BELUM/TIDAK BEKERJA,NOT SPECIFIED,"PROFESSIONAL, SCIENTIFIC, AND TECHNICAL ACTIVITIES",SELANGOR,382,DIPLOMA PROFESIONAL PENGURUSAN PERNIAGAAN & KEUSAHAWANAN,NOT SPECIFIED,ONLINE,2220,DIPLOMA,30-39,39.0
2025,WDPB23207,36,CINA,FEMALE,BEKERJA SEPENUH MASA,KLINIK GY SDN BHD,"PROFESSIONAL, SCIENTIFIC, AND TECHNICAL ACTIVITIES",KEDAH,382,DIPLOMA PROFESIONAL PENGURUSAN PERNIAGAAN & KEUSAHAWANAN,3600.00,ONLINE,3113,DIPLOMA,30-39,36.0
2025,WDPB23303,47,MELAYU,FEMALE,BEKERJA/USAHAWAN/FREELANCE,NOT SPECIFIED,"PROFESSIONAL, SCIENTIFIC, AND TECHNICAL ACTIVITIES",SELANGOR,382,DIPLOMA PROFESIONAL PENGURUSAN PERNIAGAAN & KEUSAHAWANAN,NOT SPECIFIED,ONLINE,3389,DIPLOMA,40-49,47.0
2025,WDPB23316,26,INDIA,FEMALE,BELUM/TIDAK BEKERJA,NOT SPECIFIED,"PROFESSIONAL, SCIENTIFIC, AND TECHNICAL ACTIVITIES",NEGERI SEMBILAN,382,DIPLOMA PROFESIONAL PENGURUSAN PERNIAGAAN & KEUSAHAWANAN,NOT SPECIFIED,ONLINE,2380,DIPLOMA,<29,26.0
2025,WDPB23319,36,BIDAYUH/LAND DAYAK - SARAWAK,FEMALE,BEKERJA/USAHAWAN/FREELANCE,NOT SPECIFIED,"PROFESSIONAL, SCIENTIFIC, AND TECHNICAL ACTIVITIES",SARAWAK,382,DIPLOMA PROFESIONAL PENGURUSAN PERNIAGAAN & KEUSAHAWANAN,NOT SPECIFIED,ONLINE,2444,DIPLOMA,30-39,36.0
2025,WDPB23325,31,MELAYU,MALE,BELUM/TIDAK BEKERJA,NOT SPECIFIED,"PROFESSIONAL, SCIENTIFIC, AND TECHNICAL ACTIVITIES",SELANGOR,382,DIPLOMA PROFESIONAL PENGURUSAN PERNIAGAAN & KEUSAHAWANAN,NOT SPECIFIED,ONLINE,2570,DIPLOMA,30-39,31.0
2025,WDPB23326,27,TAMIL,FEMALE,BEKERJA/USAHAWAN/FREELANCE,NOT SPECIFIED,"PROFESSIONAL, SCIENTIFIC, AND TECHNICAL ACTIVITIES",PAHANG,382,DIPLOMA PROFESIONAL PENGURUSAN PERNIAGAAN & KEUSAHAWANAN,NOT SPECIFIED,ONLINE,2670,DIPLOMA,<29,27.0
2025,WDPB23327,39,KAYAN-SARAWAK,FEMALE,BEKERJA/USAHAWAN/FREELANCE,NOT SPECIFIED,"PROFESSIONAL, SCIENTIFIC, AND TECHNICAL ACTIVITIES",SARAWAK,382,DIPLOMA PROFESIONAL PENGURUSAN PERNIAGAAN & KEUSAHAWANAN,NOT SPECIFIED,ONLINE,2837,DIPLOMA,30-39,39.0
2025,WDPB23337,36,MELAYU,FEMALE,BEKERJA SEPENUH MASA,ASAM PEDAS PADANG TEMBAK,"PROFESSIONAL, SCIENTIFIC, AND TECHNICAL ACTIVITIES",JOHOR,382,DIPLOMA PROFESIONAL PENGURUSAN PERNIAGAAN & KEUSAHAWANAN,5000.00,ONLINE,3619,DIPLOMA,30-39,36.0
2025,WDPB23401,50,CINA,MALE,BEKERJA/USAHAWAN/FREELANCE,NOT SPECIFIED,"PROFESSIONAL, SCIENTIFIC, AND TECHNICAL ACTIVITIES",SELANGOR,382,DIPLOMA PROFESIONAL PENGURUSAN PERNIAGAAN & KEUSAHAWANAN,NOT SPECIFIED,ONLINE,3794,DIPLOMA,50-59,50.0
2025,WDPB23405,27,CINA,FEMALE,BEKERJA SEPENUH MASA,WATSON,"PROFESSIONAL, SCIENTIFIC, AND TECHNICAL ACTIVITIES",SARAWAK,382,DIPLOMA PROFESIONAL PENGURUSAN PERNIAGAAN & KEUSAHAWANAN,3000.00,ONLINE,3088,DIPLOMA,<29,27.0
2025,WDPB23407,40,MELAYU,MALE,BEKERJA SEPENUH MASA,PUSAT KHIDMAT RAKYAT PARLIMEN BATU,"PROFESSIONAL, SCIENTIFIC, AND TECHNICAL ACTIVITIES",SELANGOR,382,DIPLOMA PROFESIONAL PENGURUSAN PERNIAGAAN & KEUSAHAWANAN,3500.00,ONLINE,3591,DIPLOMA,40-49,40.0
2025,WDPK19206,39,MELAYU,MALE,BEKERJA/USAHAWAN/FREELANCE,NOT SPECIFIED,"PROFESSIONAL, SCIENTIFIC, AND TECHNICAL ACTIVITIES",NEGERI SEMBILAN,344,DIPLOMA PROFESIONAL PENGURUSAN OPERASI INDUSTRI,NOT SPECIFIED,ONLINE,2322,DIPLOMA,30-39,39.0
2025,WDPK20403,47,MELAYU,MALE,BEKERJA SEPENUH MASA,INDAH WATER KONSORTIUM SDN BHD,"PROFESSIONAL, SCIENTIFIC, AND TECHNICAL ACTIVITIES",JOHOR,344,DIPLOMA PROFESIONAL PENGURUSAN OPERASI INDUSTRI,5500.00,ONLINE,3313,DIPLOMA,40-49,47.0
2025,WDPK21311,34,MELAYU,MALE,BEKERJA/USAHAWAN/FREELANCE,NOT SPECIFIED,"PROFESSIONAL, SCIENTIFIC, AND TECHNICAL ACTIVITIES",PAHANG,344,DIPLOMA PROFESIONAL PENGURUSAN OPERASI INDUSTRI,NOT SPECIFIED,ONLINE,2827,DIPLOMA,30-39,34.0
2025,WDPK22113,24,TAMIL,FEMALE,BEKERJA SEPENUH MASA,BCM ELECTRONICS CORPORATION SDN.BHD,"PROFESSIONAL, SCIENTIFIC, AND TECHNICAL ACTIVITIES",KEDAH,344,DIPLOMA PROFESIONAL PENGURUSAN OPERASI INDUSTRI,2000.00,ONLINE,3791,DIPLOMA,<29,24.0
2025,WDPK22114,26,MELAYU,MALE,BEKERJA SEPENUH MASA,BEEANTAH INDUSTRIAL (M) SDN BHD,"PROFESSIONAL, SCIENTIFIC, AND TECHNICAL ACTIVITIES",JOHOR,344,DIPLOMA PROFESIONAL PENGURUSAN OPERASI INDUSTRI,3300.00,ONLINE,2966,DIPLOMA,<29,26.0
2025,WDPK23301,28,TAMIL,MALE,BEKERJA SEPENUH MASA,UNITATA BERHAD,"PROFESSIONAL, SCIENTIFIC, AND TECHNICAL ACTIVITIES",PERAK,344,DIPLOMA PROFESIONAL PENGURUSAN OPERASI INDUSTRI,2000.00,ONLINE,3751,DIPLOMA,<29,28.0
2025,WDPK23305,32,MELAYU,MALE,BEKERJA SEPENUH MASA,UPC CHEMICALS (M) SDN BHD,"PROFESSIONAL, SCIENTIFIC, AND TECHNICAL ACTIVITIES",PAHANG,344,DIPLOMA PROFESIONAL PENGURUSAN OPERASI INDUSTRI,3638.00,ONLINE,3047,DIPLOMA,30-39,32.0
2025,WDPK23401,40,MELAYU,MALE,BEKERJA SEPENUH MASA,PREMIER WATER SERVICES,"PROFESSIONAL, SCIENTIFIC, AND TECHNICAL ACTIVITIES",JOHOR,344,DIPLOMA PROFESIONAL PENGURUSAN OPERASI INDUSTRI,4800.00,ONLINE,2181,DIPLOMA,40-49,40.0
2025,WDPP16409,34,MELAYU,MALE,BEKERJA SEPENUH MASA,FGV PLANTATIONS MALAYSIA SDN BHD,"PROFESSIONAL, SCIENTIFIC, AND TECHNICAL ACTIVITIES",NEGERI SEMBILAN,357,DIPLOMA PROFESIONAL PENGURUSAN PERLADANGAN & TEKNOLOGI,2500.00,ONLINE,3421,DIPLOMA,30-39,34.0
2025,WDPP18133,33,MELAYU,MALE,BEKERJA SEPENUH MASA,DARA LAM SOON SDN BHD,"PROFESSIONAL, SCIENTIFIC, AND TECHNICAL ACTIVITIES",PAHANG,357,DIPLOMA PROFESIONAL PENGURUSAN PERLADANGAN & TEKNOLOGI,2300.00,ONLINE,3020,DIPLOMA,30-39,33.0
2025,WDPP18139,44,MELAYU,MALE,BEKERJA SEPENUH MASA,PROSPER GROUP OF COMPANIES,"PROFESSIONAL, SCIENTIFIC, AND TECHNICAL ACTIVITIES",PAHANG,357,DIPLOMA PROFESIONAL PENGURUSAN PERLADANGAN & TEKNOLOGI,4000.00,ONLINE,2936,DIPLOMA,40-49,44.0
2025,WDPP18402,40,MELAYU,MALE,BEKERJA SEPENUH MASA,FGV PLANTATIONS (MALAYSIA),"PROFESSIONAL, SCIENTIFIC, AND TECHNICAL ACTIVITIES",PAHANG,357,DIPLOMA PROFESIONAL PENGURUSAN PERLADANGAN & TEKNOLOGI,3000.00,ONLINE,2864,DIPLOMA,40-49,40.0
2025,WDPP20119,30,MELAYU,MALE,BEKERJA SEPENUH MASA,KOON SENG SDN BHD,"PROFESSIONAL, SCIENTIFIC, AND TECHNICAL ACTIVITIES",JOHOR,357,DIPLOMA PROFESIONAL PENGURUSAN PERLADANGAN & TEKNOLOGI,3300.00,ONLINE,2806,DIPLOMA,30-39,30.0
2025,WDPP20305,38,MELAYU,MALE,BEKERJA SEPENUH MASA,JOHOR PLANTATIONS GROUP BERHAD,"PROFESSIONAL, SCIENTIFIC, AND TECHNICAL ACTIVITIES",JOHOR,357,DIPLOMA PROFESIONAL PENGURUSAN PERLADANGAN & TEKNOLOGI,4000.00,ONLINE,3683,DIPLOMA,30-39,38.0
2025,WDPP21107,33,MELAYU,MALE,BEKERJA SEPENUH MASA,PROSPER SDN BHD,"PROFESSIONAL, SCIENTIFIC, AND TECHNICAL ACTIVITIES",PAHANG,357,DIPLOMA PROFESIONAL PENGURUSAN PERLADANGAN & TEKNOLOGI,2500.00,ONLINE,3695,DIPLOMA,30-39,33.0
2025,WDPP21405,49,INDIA,MALE,BEKERJA SEPENUH MASA,IOI PLANTATION SERVICES SDN BHD,"PROFESSIONAL, SCIENTIFIC, AND TECHNICAL ACTIVITIES",JOHOR,357,DIPLOMA PROFESIONAL PENGURUSAN PERLADANGAN & TEKNOLOGI,2700.00,ONLINE,2858,DIPLOMA,40-49,49.0
2025,WDPP21420,34,INDIA,MALE,BEKERJA/USAHAWAN/FREELANCE,NOT SPECIFIED,"PROFESSIONAL, SCIENTIFIC, AND TECHNICAL ACTIVITIES",SELANGOR,357,DIPLOMA PROFESIONAL PENGURUSAN PERLADANGAN & TEKNOLOGI,NOT SPECIFIED,ONLINE,2302,DIPLOMA,30-39,34.0
2025,WDPP21438,28,INDIA,MALE,BEKERJA SEPENUH MASA,SDGUTHRIE,"PROFESSIONAL, SCIENTIFIC, AND TECHNICAL ACTIVITIES",PERAK,357,DIPLOMA PROFESIONAL PENGURUSAN PERLADANGAN & TEKNOLOGI,3000.00,ONLINE,2043,DIPLOMA,<29,28.0
2025,WDPP22210,25,INDIA,MALE,BEKERJA SEPENUH MASA,SD GUTRIE,"PROFESSIONAL, SCIENTIFIC, AND TECHNICAL ACTIVITIES",PERAK,357,DIPLOMA PROFESIONAL PENGURUSAN PERLADANGAN & TEKNOLOGI,2500.00,ONLINE,3975,DIPLOMA,<29,25.0
2025,WDPP22216,22,BUGIS,MALE,BEKERJA SEPENUH MASA,BORNEO SAMUDRA LADANG PAGAGAU,"PROFESSIONAL, SCIENTIFIC, AND TECHNICAL ACTIVITIES",SABAH,357,DIPLOMA PROFESIONAL PENGURUSAN PERLADANGAN & TEKNOLOGI,3000.00,ONLINE,2480,DIPLOMA,<29,22.0
2025,WDPP22410,36,IBAN/SEA DAYAK -SARAWAK,MALE,BEKERJA SEPENUH MASA,JENDELA PADU SDN BHD,"PROFESSIONAL, SCIENTIFIC, AND TECHNICAL ACTIVITIES",SARAWAK,357,DIPLOMA PROFESIONAL PENGURUSAN PERLADANGAN & TEKNOLOGI,3800.00,ONLINE,2750,DIPLOMA,30-39,36.0
2025,WDPP23118,26,DUSUN-SABAH,MALE,BEKERJA SEPENUH MASA,BORNEO SAMUDERA (SAWIT KINABALU),"PROFESSIONAL, SCIENTIFIC, AND TECHNICAL ACTIVITIES",SABAH,357,DIPLOMA PROFESIONAL PENGURUSAN PERLADANGAN & TEKNOLOGI,2500.00,ONLINE,3415,DIPLOMA,<29,26.0
2025,WDPP23203,45,MELAYU,MALE,BEKERJA SEPENUH MASA,FGVPM SDN.BHD,"PROFESSIONAL, SCIENTIFIC, AND TECHNICAL ACTIVITIES",PAHANG,357,DIPLOMA PROFESIONAL PENGURUSAN PERLADANGAN & TEKNOLOGI,3100.00,ONLINE,3094,DIPLOMA,40-49,45.0
2025,WDPP23304,43,KADAZAN-SABAH,MALE,BEKERJA SEPENUH MASA,MAJLIS PERBANDARAN PENAMPANG,"PROFESSIONAL, SCIENTIFIC, AND TECHNICAL ACTIVITIES",SABAH,357,DIPLOMA PROFESIONAL PENGURUSAN PERLADANGAN & TEKNOLOGI,3900.00,ONLINE,3158,DIPLOMA,40-49,43.0
2025,WDPP23306,34,IBAN/SEA DAYAK -SARAWAK,MALE,BEKERJA SEPENUH MASA,BINU PLANTATION SDN.BHD,"PROFESSIONAL, SCIENTIFIC, AND TECHNICAL ACTIVITIES",SARAWAK,357,DIPLOMA PROFESIONAL PENGURUSAN PERLADANGAN & TEKNOLOGI,1700.00,ONLINE,3261,DIPLOMA,30-39,34.0
2025,WDPP23312,25,MELAYU,MALE,BEKERJA SEPENUH MASA,MADOS\'S HOLDING,"PROFESSIONAL, SCIENTIFIC, AND TECHNICAL ACTIVITIES",JOHOR,357,DIPLOMA PROFESIONAL PENGURUSAN PERLADANGAN & TEKNOLOGI,1960.00,ONLINE,3866,DIPLOMA,<29,25.0
2025,WDPP23316,33,TAMIL,MALE,BEKERJA SEPENUH MASA,SOUTHERN REALTY MALAYA SDN BHD,"PROFESSIONAL, SCIENTIFIC, AND TECHNICAL ACTIVITIES",SELANGOR,357,DIPLOMA PROFESIONAL PENGURUSAN PERLADANGAN & TEKNOLOGI,3000.00,ONLINE,3404,DIPLOMA,30-39,33.0
2025,WDPP23403,26,MELANAU-SARAWAK,MALE,BEKERJA SEPENUH MASA,JAYA TIASA HOLDINGS BERHAD,"PROFESSIONAL, SCIENTIFIC, AND TECHNICAL ACTIVITIES",SARAWAK,357,DIPLOMA PROFESIONAL PENGURUSAN PERLADANGAN & TEKNOLOGI,1800.00,ONLINE,2532,DIPLOMA,<29,26.0
2025,WDPS17211,33,MELAYU,MALE,BEKERJA SEPENUH MASA,KOLEJ POLY-TECH MARA,"PROFESSIONAL, SCIENTIFIC, AND TECHNICAL ACTIVITIES",TERENGGANU,370,DIPLOMA PROFESIONAL PENGURUSAN SUMBER MANUSIA,1700.00,ONLINE,2626,DIPLOMA,30-39,33.0
2025,WDPS17411,30,INDIA,MALE,BEKERJA SEPENUH MASA,CONCENTRIX,"PROFESSIONAL, SCIENTIFIC, AND TECHNICAL ACTIVITIES",NEGERI SEMBILAN,370,DIPLOMA PROFESIONAL PENGURUSAN SUMBER MANUSIA,3500.00,ONLINE,3205,DIPLOMA,30-39,30.0
2025,WDPS18301,28,MELAYU,FEMALE,BEKERJA SEPENUH MASA,KERETAPI TANAH MELAYU BERHAD,"PROFESSIONAL, SCIENTIFIC, AND TECHNICAL ACTIVITIES",PAHANG,370,DIPLOMA PROFESIONAL PENGURUSAN SUMBER MANUSIA,1700.00,ONLINE,3048,DIPLOMA,<29,28.0
2025,WDPS18310,40,MELAYU,FEMALE,BEKERJA SEPENUH MASA,MALAYSIA AIRPORTS HOLDING BERHAD,"PROFESSIONAL, SCIENTIFIC, AND TECHNICAL ACTIVITIES",SELANGOR,370,DIPLOMA PROFESIONAL PENGURUSAN SUMBER MANUSIA,3000.00,ONLINE,2986,DIPLOMA,40-49,40.0
2025,WDPS21301,25,INDIA,MALE,BEKERJA SEPENUH MASA,U-SONICS POWER CONE SDN. BHD.,"PROFESSIONAL, SCIENTIFIC, AND TECHNICAL ACTIVITIES",KEDAH,370,DIPLOMA PROFESIONAL PENGURUSAN SUMBER MANUSIA,2050.00,ONLINE,2855,DIPLOMA,<29,25.0
2025,WDPS21407,39,MELAYU,FEMALE,BELUM/TIDAK BEKERJA,NOT SPECIFIED,"PROFESSIONAL, SCIENTIFIC, AND TECHNICAL ACTIVITIES",SELANGOR,370,DIPLOMA PROFESIONAL PENGURUSAN SUMBER MANUSIA,NOT SPECIFIED,ONLINE,3861,DIPLOMA,30-39,39.0
2025,WDPS22107,33,MELAYU,MALE,BEKERJA SEPENUH MASA,WARIKH AAR ENTERPRISE,"PROFESSIONAL, SCIENTIFIC, AND TECHNICAL ACTIVITIES",NEGERI SEMBILAN,370,DIPLOMA PROFESIONAL PENGURUSAN SUMBER MANUSIA,5000.00,ONLINE,2166,DIPLOMA,30-39,33.0
2025,WDPS22110,26,TAMIL,FEMALE,BEKERJA SEPENUH MASA,EDARAN ILMU DIDIK,"PROFESSIONAL, SCIENTIFIC, AND TECHNICAL ACTIVITIES",SELANGOR,370,DIPLOMA PROFESIONAL PENGURUSAN SUMBER MANUSIA,2000.00,ONLINE,2548,DIPLOMA,<29,26.0
2025,WDPS22206,33,KAYAN-SARAWAK,FEMALE,BELUM/TIDAK BEKERJA,NOT SPECIFIED,"PROFESSIONAL, SCIENTIFIC, AND TECHNICAL ACTIVITIES",SARAWAK,370,DIPLOMA PROFESIONAL PENGURUSAN SUMBER MANUSIA,NOT SPECIFIED,ONLINE,3763,DIPLOMA,30-39,33.0
2025,WDPS22214,28,INDIA,FEMALE,BEKERJA SEPENUH MASA,MODERNRIA PLASTIC INDUSTRIES (M) SDN BHD,"PROFESSIONAL, SCIENTIFIC, AND TECHNICAL ACTIVITIES",PERAK,370,DIPLOMA PROFESIONAL PENGURUSAN SUMBER MANUSIA,3000.00,ONLINE,2637,DIPLOMA,<29,28.0
2025,WDPS22219,41,INDIA,FEMALE,BEKERJA SEPENUH MASA,SAMURAI 2K AEROSOL SDN. BHD,"PROFESSIONAL, SCIENTIFIC, AND TECHNICAL ACTIVITIES",PERAK,370,DIPLOMA PROFESIONAL PENGURUSAN SUMBER MANUSIA,3850.00,ONLINE,3501,DIPLOMA,40-49,41.0
2025,WDPS22220,28,PUNJABI,FEMALE,BELUM/TIDAK BEKERJA,NOT SPECIFIED,"PROFESSIONAL, SCIENTIFIC, AND TECHNICAL ACTIVITIES",KEDAH,370,DIPLOMA PROFESIONAL PENGURUSAN SUMBER MANUSIA,NOT SPECIFIED,ONLINE,3613,DIPLOMA,<29,28.0
2025,WDPS22305,32,MELAYU,FEMALE,BEKERJA SEPENUH MASA,WARISAN AKADEMI,"PROFESSIONAL, SCIENTIFIC, AND TECHNICAL ACTIVITIES",NEGERI SEMBILAN,370,DIPLOMA PROFESIONAL PENGURUSAN SUMBER MANUSIA,2300.00,ONLINE,2972,DIPLOMA,30-39,32.0
2025,WDPS22403,27,TAMIL,FEMALE,BEKERJA SEPENUH MASA,SWIFT INTERGRATED LOGISTICS SDN BHD,"PROFESSIONAL, SCIENTIFIC, AND TECHNICAL ACTIVITIES",SELANGOR,370,DIPLOMA PROFESIONAL PENGURUSAN SUMBER MANUSIA,2100.00,ONLINE,2105,DIPLOMA,<29,27.0
2025,WDPS22406,33,IBAN/SEA DAYAK -SARAWAK,FEMALE,BEKERJA SEPENUH MASA,9 ABS & Z SENG TRADING SDN BHD,"PROFESSIONAL, SCIENTIFIC, AND TECHNICAL ACTIVITIES",SARAWAK,370,DIPLOMA PROFESIONAL PENGURUSAN SUMBER MANUSIA,3800.00,ONLINE,2850,DIPLOMA,30-39,33.0
2025,WDPS23128,22,INDIA,FEMALE,BEKERJA SEPENUH MASA,ESHSANA SCAFF (M) SDN.BHD,"PROFESSIONAL, SCIENTIFIC, AND TECHNICAL ACTIVITIES",NEGERI SEMBILAN,370,DIPLOMA PROFESIONAL PENGURUSAN SUMBER MANUSIA,1800.00,ONLINE,2920,DIPLOMA,<29,22.0
2025,WDPS23138,31,CINA,FEMALE,BEKERJA/USAHAWAN/FREELANCE,NOT SPECIFIED,"PROFESSIONAL, SCIENTIFIC, AND TECHNICAL ACTIVITIES",KELANTAN,370,DIPLOMA PROFESIONAL PENGURUSAN SUMBER MANUSIA,NOT SPECIFIED,ONLINE,2391,DIPLOMA,30-39,31.0
2025,WDPS23210,43,INDIA,FEMALE,BEKERJA SEPENUH MASA,DAIRY FARM SINGAPORE,"PROFESSIONAL, SCIENTIFIC, AND TECHNICAL ACTIVITIES",JOHOR,370,DIPLOMA PROFESIONAL PENGURUSAN SUMBER MANUSIA,8000.00,ONLINE,3382,DIPLOMA,40-49,43.0
2025,WDPS23301,24,TAMIL,FEMALE,BEKERJA SEPENUH MASA,CORTICIUM SDN BHD,"PROFESSIONAL, SCIENTIFIC, AND TECHNICAL ACTIVITIES",SELANGOR,370,DIPLOMA PROFESIONAL PENGURUSAN SUMBER MANUSIA,1700.00,ONLINE,2942,DIPLOMA,<29,24.0
2025,WDPS23302,32,IBAN/SEA DAYAK -SARAWAK,FEMALE,BEKERJA SEPENUH MASA,GTR AIR ASIA,"PROFESSIONAL, SCIENTIFIC, AND TECHNICAL ACTIVITIES",SARAWAK,370,DIPLOMA PROFESIONAL PENGURUSAN SUMBER MANUSIA,2500.00,ONLINE,2741,DIPLOMA,30-39,32.0
2025,WDPS23303,25,MELAYU,FEMALE,BEKERJA SEPENUH MASA,FRASERS GROUP ASIA,"PROFESSIONAL, SCIENTIFIC, AND TECHNICAL ACTIVITIES",SELANGOR,370,DIPLOMA PROFESIONAL PENGURUSAN SUMBER MANUSIA,1800.00,ONLINE,2243,DIPLOMA,<29,25.0
2025,WDPS23306,35,TAMIL,FEMALE,BEKERJA SEPENUH MASA,ELGINI SDN BHD,"PROFESSIONAL, SCIENTIFIC, AND TECHNICAL ACTIVITIES",PERAK,370,DIPLOMA PROFESIONAL PENGURUSAN SUMBER MANUSIA,2000.00,ONLINE,3031,DIPLOMA,30-39,35.0
2025,WDPS23307,32,TAMIL,FEMALE,BEKERJA SEPENUH MASA,POLYCLINIC GY LUNAS,"PROFESSIONAL, SCIENTIFIC, AND TECHNICAL ACTIVITIES",KEDAH,370,DIPLOMA PROFESIONAL PENGURUSAN SUMBER MANUSIA,2000.00,ONLINE,2436,DIPLOMA,30-39,32.0
2025,WDPS23314,28,TAMIL,FEMALE,BEKERJA SEPENUH MASA,KERLINGAN EMAS SDN BHD,"PROFESSIONAL, SCIENTIFIC, AND TECHNICAL ACTIVITIES",SELANGOR,370,DIPLOMA PROFESIONAL PENGURUSAN SUMBER MANUSIA,1700.00,ONLINE,2715,DIPLOMA,<29,28.0
2025,WDPS23319,43,MELAYU,FEMALE,BEKERJA SEPENUH MASA,PASTI,"PROFESSIONAL, SCIENTIFIC, AND TECHNICAL ACTIVITIES",PERAK,370,DIPLOMA PROFESIONAL PENGURUSAN SUMBER MANUSIA,1500.00,ONLINE,2956,DIPLOMA,40-49,43.0
2025,WDPS23324,40,MELAYU,FEMALE,BEKERJA/USAHAWAN/FREELANCE,NOT SPECIFIED,"PROFESSIONAL, SCIENTIFIC, AND TECHNICAL ACTIVITIES",JOHOR,370,DIPLOMA PROFESIONAL PENGURUSAN SUMBER MANUSIA,NOT SPECIFIED,ONLINE,2947,DIPLOMA,40-49,40.0
2025,WDPS23326,25,TAMIL,FEMALE,BEKERJA SEPENUH MASA,SANCTUARY HEALTH SDN BHD,"PROFESSIONAL, SCIENTIFIC, AND TECHNICAL ACTIVITIES",PERAK,370,DIPLOMA PROFESIONAL PENGURUSAN SUMBER MANUSIA,1700.00,ONLINE,2655,DIPLOMA,<29,25.0
2025,WDPS23329,27,TAMIL,FEMALE,BEKERJA SEPENUH MASA,WING ON FIBREGLASS SDN BHD,"PROFESSIONAL, SCIENTIFIC, AND TECHNICAL ACTIVITIES",PERAK,370,DIPLOMA PROFESIONAL PENGURUSAN SUMBER MANUSIA,1800.00,ONLINE,2965,DIPLOMA,<29,27.0
2025,WDPS23402,43,IBAN/SEA DAYAK -SARAWAK,FEMALE,BEKERJA SEPENUH MASA,JP REALITY SDN BHD,"PROFESSIONAL, SCIENTIFIC, AND TECHNICAL ACTIVITIES",SARAWAK,370,DIPLOMA PROFESIONAL PENGURUSAN SUMBER MANUSIA,3500.00,ONLINE,2801,DIPLOMA,40-49,43.0
2025,WDPS23216,25,INDIA,FEMALE,BELUM/TIDAK BEKERJA,NOT SPECIFIED,"PROFESSIONAL, SCIENTIFIC, AND TECHNICAL ACTIVITIES",PULAU PINANG,370,DIPLOMA PROFESIONAL PENGURUSAN SUMBER MANUSIA,NOT SPECIFIED,ONLINE,2616,DIPLOMA,<29,25.0
2025,WDPS23325,24,MELAYU,FEMALE,BEKERJA/USAHAWAN/FREELANCE,NOT SPECIFIED,"PROFESSIONAL, SCIENTIFIC, AND TECHNICAL ACTIVITIES",SARAWAK,370,DIPLOMA PROFESIONAL PENGURUSAN SUMBER MANUSIA,NOT SPECIFIED,ONLINE,3187,DIPLOMA,<29,24.0
2025,WMPK21212,49,INDIA,MALE,BEKERJA SEPENUH MASA,AIRASIA BERHAD,"PROFESSIONAL, SCIENTIFIC, AND TECHNICAL ACTIVITIES",NEGERI SEMBILAN,341,MASTER EKSEKUTIF PENGURUSAN KORPORAT,5000.00,ONLINE,8528,MASTER,40-49,49.0
2025,WMPB17404,44,MELAYU,FEMALE,BEKERJA SEPENUH MASA,JBB BUILDERS INTERNATIONAL LIMITED,"PROFESSIONAL, SCIENTIFIC, AND TECHNICAL ACTIVITIES",JOHOR,488,MASTER EKSEKUTIF PENGURUSAN PERNIAGAAN,6500.00,ONLINE,7546,MASTER,40-49,44.0
2025,WMPB18224,32,KADAZAN-SABAH,FEMALE,BEKERJA SEPENUH MASA,MARITIME INTELLIGENCE SDN BHD,"PROFESSIONAL, SCIENTIFIC, AND TECHNICAL ACTIVITIES",SABAH,488,MASTER EKSEKUTIF PENGURUSAN PERNIAGAAN,4500.00,ONLINE,7909,MASTER,30-39,32.0
2025,WMPB18404,37,MELAYU,FEMALE,BEKERJA SEPENUH MASA,YP HEVEA SDN BHD,"PROFESSIONAL, SCIENTIFIC, AND TECHNICAL ACTIVITIES",PAHANG,488,MASTER EKSEKUTIF PENGURUSAN PERNIAGAAN,3000.00,ONLINE,7760,MASTER,30-39,37.0
2025,WMPB19404,43,MELAYU,FEMALE,BEKERJA SEPENUH MASA,SKW ASSOCIATES,"PROFESSIONAL, SCIENTIFIC, AND TECHNICAL ACTIVITIES",JOHOR,488,MASTER EKSEKUTIF PENGURUSAN PERNIAGAAN,3100.00,ONLINE,7689,MASTER,40-49,43.0
2025,WMPB21308,33,INDIA,FEMALE,BEKERJA SEPENUH MASA,SHAN POORNAM METALS SDN BHD,"PROFESSIONAL, SCIENTIFIC, AND TECHNICAL ACTIVITIES",KEDAH,488,MASTER EKSEKUTIF PENGURUSAN PERNIAGAAN,4100.00,ONLINE,7806,MASTER,30-39,33.0
2025,WMPB22102,42,INDIA,FEMALE,BEKERJA SEPENUH MASA,GEORGETOWN PHARMACY,"PROFESSIONAL, SCIENTIFIC, AND TECHNICAL ACTIVITIES",KEDAH,488,MASTER EKSEKUTIF PENGURUSAN PERNIAGAAN,3200.00,ONLINE,8658,MASTER,40-49,42.0
2025,WMPB22111,46,MELAYU,MALE,BEKERJA/USAHAWAN/FREELANCE,NOT SPECIFIED,"PROFESSIONAL, SCIENTIFIC, AND TECHNICAL ACTIVITIES",PAHANG,488,MASTER EKSEKUTIF PENGURUSAN PERNIAGAAN,NOT SPECIFIED,ONLINE,7874,MASTER,40-49,46.0
2025,WMPB23203,44,MELAYU,MALE,BEKERJA/USAHAWAN/FREELANCE,NOT SPECIFIED,"PROFESSIONAL, SCIENTIFIC, AND TECHNICAL ACTIVITIES",SELANGOR,488,MASTER EKSEKUTIF PENGURUSAN PERNIAGAAN,NOT SPECIFIED,ONLINE,7333,MASTER,40-49,44.0
2025,WMPB23302,43,MELAYU,MALE,BEKERJA SEPENUH MASA,UDA ANCASA SDN BHD,"PROFESSIONAL, SCIENTIFIC, AND TECHNICAL ACTIVITIES",PERAK,488,MASTER EKSEKUTIF PENGURUSAN PERNIAGAAN,11000.00,ONLINE,7657,MASTER,40-49,43.0
2025,WMPB23307,50,MELAYU,MALE,BEKERJA SEPENUH MASA,TENAGA NASIONAL BERHAD,"PROFESSIONAL, SCIENTIFIC, AND TECHNICAL ACTIVITIES",SELANGOR,488,MASTER EKSEKUTIF PENGURUSAN PERNIAGAAN,26000.00,ONLINE,8966,MASTER,50-59,50.0
2025,WMPB23404,41,MELAYU,MALE,BEKERJA SEPENUH MASA,DIMENSION BID (M) SDN BHD,"PROFESSIONAL, SCIENTIFIC, AND TECHNICAL ACTIVITIES",TERENGGANU,488,MASTER EKSEKUTIF PENGURUSAN PERNIAGAAN,14000.00,ONLINE,7785,MASTER,40-49,41.0
2025,WMPK18325,48,MELAYU,FEMALE,BELUM/TIDAK BEKERJA,NOT SPECIFIED,"PROFESSIONAL, SCIENTIFIC, AND TECHNICAL ACTIVITIES",SELANGOR,341,MASTER EKSEKUTIF PENGURUSAN KORPORAT,NOT SPECIFIED,ONLINE,7055,MASTER,40-49,48.0
2025,WMPK18429,43,IBAN/SEA DAYAK -SARAWAK,MALE,BEKERJA SEPENUH MASA,SARAWAK OIL PALM,"PROFESSIONAL, SCIENTIFIC, AND TECHNICAL ACTIVITIES",SARAWAK,437,MASTER EKSEKUTIF PENGURUSAN KORPORAT (PENGURUSAN PERLADANGAN),8095.00,ONLINE,7174,MASTER,40-49,43.0
2025,WMPK19103,52,MELAYU,FEMALE,BEKERJA SEPENUH MASA,INDUSTRIAL PLANT & SERVICE MALAYSIA BERHAD,"PROFESSIONAL, SCIENTIFIC, AND TECHNICAL ACTIVITIES",SELANGOR,341,MASTER EKSEKUTIF PENGURUSAN KORPORAT,14310.00,ONLINE,8873,MASTER,50-59,52.0
2025,WMPK19119,43,INDIA,FEMALE,BEKERJA/USAHAWAN/FREELANCE,NOT SPECIFIED,"PROFESSIONAL, SCIENTIFIC, AND TECHNICAL ACTIVITIES",NEGERI SEMBILAN,341,MASTER EKSEKUTIF PENGURUSAN KORPORAT,NOT SPECIFIED,ONLINE,8222,MASTER,40-49,43.0
2025,WMPK19130,42,INDIA,FEMALE,BELUM/TIDAK BEKERJA,NOT SPECIFIED,"PROFESSIONAL, SCIENTIFIC, AND TECHNICAL ACTIVITIES",SELANGOR,341,MASTER EKSEKUTIF PENGURUSAN KORPORAT,NOT SPECIFIED,ONLINE,8876,MASTER,40-49,42.0
2025,WMPK19145,45,INDIA,MALE,BEKERJA SEPENUH MASA,ONESUBSEA MALAYSIA SYSTEMS SDN BHD,"PROFESSIONAL, SCIENTIFIC, AND TECHNICAL ACTIVITIES",SELANGOR,341,MASTER EKSEKUTIF PENGURUSAN KORPORAT,6500.00,ONLINE,8327,MASTER,40-49,45.0
2025,WMPK19253,47,MELAYU,FEMALE,BEKERJA SEPENUH MASA,MTI DAR AL-HIKMAH SDN. BHD.,"PROFESSIONAL, SCIENTIFIC, AND TECHNICAL ACTIVITIES",PULAU PINANG,341,MASTER EKSEKUTIF PENGURUSAN KORPORAT,4500.00,ONLINE,8090,MASTER,40-49,47.0
2025,WMPK19326,40,INDIA,FEMALE,BEKERJA SEPENUH MASA,BSL SDN BHD,"PROFESSIONAL, SCIENTIFIC, AND TECHNICAL ACTIVITIES",NEGERI SEMBILAN,341,MASTER EKSEKUTIF PENGURUSAN KORPORAT,4000.00,ONLINE,7706,MASTER,40-49,40.0
2025,WMPK19327,44,INDIA,MALE,BEKERJA SEPENUH MASA,PHARMANIAGA SDN BHD,"PROFESSIONAL, SCIENTIFIC, AND TECHNICAL ACTIVITIES",NEGERI SEMBILAN,341,MASTER EKSEKUTIF PENGURUSAN KORPORAT,21000.00,ONLINE,8583,MASTER,40-49,44.0
2025,WMPK20101,57,TAMIL,MALE,BEKERJA SEPENUH MASA,ALPHA IDEALISTIC PRESCHOOL,"PROFESSIONAL, SCIENTIFIC, AND TECHNICAL ACTIVITIES",JOHOR,341,MASTER EKSEKUTIF PENGURUSAN KORPORAT,2000.00,ONLINE,8550,MASTER,50-59,57.0
2025,WMPK20110,42,INDIA,FEMALE,BEKERJA SEPENUH MASA,STMICROELECTRONICS,"PROFESSIONAL, SCIENTIFIC, AND TECHNICAL ACTIVITIES",JOHOR,341,MASTER EKSEKUTIF PENGURUSAN KORPORAT,3000.00,ONLINE,7240,MASTER,40-49,42.0
2025,WMPK20112,49,MELAYU,FEMALE,BEKERJA SEPENUH MASA,PERMODALAN NEGERI SELANGOR BERHAD,"PROFESSIONAL, SCIENTIFIC, AND TECHNICAL ACTIVITIES",SELANGOR,341,MASTER EKSEKUTIF PENGURUSAN KORPORAT,9000.00,ONLINE,7340,MASTER,40-49,49.0
2025,WMPK20229,39,INDIA,MALE,BEKERJA SEPENUH MASA,UPFINTECH SERVICES SDN BHD,"PROFESSIONAL, SCIENTIFIC, AND TECHNICAL ACTIVITIES",MELAKA,341,MASTER EKSEKUTIF PENGURUSAN KORPORAT,3900.00,ONLINE,7363,MASTER,30-39,39.0
2025,WMPK20422,35,MELAYU,FEMALE,BEKERJA SEPENUH MASA,WIBAWA WORKS SDN BHD,"PROFESSIONAL, SCIENTIFIC, AND TECHNICAL ACTIVITIES",JOHOR,341,MASTER EKSEKUTIF PENGURUSAN KORPORAT,15000.00,ONLINE,8928,MASTER,30-39,35.0
2025,WMPK20442,43,DUSUN-SABAH,MALE,BEKERJA SEPENUH MASA,KTI SDN. BHD.,"PROFESSIONAL, SCIENTIFIC, AND TECHNICAL ACTIVITIES",SABAH,341,MASTER EKSEKUTIF PENGURUSAN KORPORAT,7500.00,ONLINE,8467,MASTER,40-49,43.0
2025,WMPK21145,51,MELAYU,MALE,BEKERJA SEPENUH MASA,AMANAH RAYA BERHAD,"PROFESSIONAL, SCIENTIFIC, AND TECHNICAL ACTIVITIES",SELANGOR,341,MASTER EKSEKUTIF PENGURUSAN KORPORAT,18000.00,ONLINE,7933,MASTER,50-59,51.0
2025,WMPK21146,31,INDIA,MALE,BEKERJA SEPENUH MASA,AIR ASIA,"PROFESSIONAL, SCIENTIFIC, AND TECHNICAL ACTIVITIES",PULAU PINANG,341,MASTER EKSEKUTIF PENGURUSAN KORPORAT,4000.00,ONLINE,7217,MASTER,30-39,31.0
2025,WMPK21162,37,INDIA,MALE,BEKERJA SEPENUH MASA,ANAIKA COLLECTION SDN. BHD,"PROFESSIONAL, SCIENTIFIC, AND TECHNICAL ACTIVITIES",SELANGOR,341,MASTER EKSEKUTIF PENGURUSAN KORPORAT,7250.00,ONLINE,8241,MASTER,30-39,37.0
2025,WMPK21211,44,MELAYU,MALE,BEKERJA/USAHAWAN/FREELANCE,NOT SPECIFIED,"PROFESSIONAL, SCIENTIFIC, AND TECHNICAL ACTIVITIES",SARAWAK,341,MASTER EKSEKUTIF PENGURUSAN KORPORAT,NOT SPECIFIED,ONLINE,7669,MASTER,40-49,44.0
2025,WMPK21216,39,CINA,FEMALE,BEKERJA SEPENUH MASA,RESORT VILLA DEVELOPMENT SDN BHD,"PROFESSIONAL, SCIENTIFIC, AND TECHNICAL ACTIVITIES",SELANGOR,341,MASTER EKSEKUTIF PENGURUSAN KORPORAT,15011.95,ONLINE,7084,MASTER,30-39,39.0
2025,WMPK21226,45,MELAYU,MALE,BEKERJA/USAHAWAN/FREELANCE,NOT SPECIFIED,"PROFESSIONAL, SCIENTIFIC, AND TECHNICAL ACTIVITIES",SARAWAK,341,MASTER EKSEKUTIF PENGURUSAN KORPORAT,NOT SPECIFIED,ONLINE,8292,MASTER,40-49,45.0
2025,WMPK21333,38,HOKKIEN,FEMALE,BEKERJA SEPENUH MASA,RENAISSANCE KUALA LUMPUR HOTEL & CONVENTION CENTRE,"PROFESSIONAL, SCIENTIFIC, AND TECHNICAL ACTIVITIES",KUALA LUMPUR,341,MASTER EKSEKUTIF PENGURUSAN KORPORAT,23920.00,ONLINE,8741,MASTER,30-39,38.0
2025,WMPK21338,33,TAMIL,FEMALE,BEKERJA SEPENUH MASA,STANDARD CHARTERED BANK,"PROFESSIONAL, SCIENTIFIC, AND TECHNICAL ACTIVITIES",KUALA LUMPUR,341,MASTER EKSEKUTIF PENGURUSAN KORPORAT,6000.00,ONLINE,8343,MASTER,30-39,33.0
2025,WMPK21339,35,INDIA,FEMALE,BEKERJA SEPENUH MASA,ACT COMPANY,"PROFESSIONAL, SCIENTIFIC, AND TECHNICAL ACTIVITIES",JOHOR,341,MASTER EKSEKUTIF PENGURUSAN KORPORAT,2500.00,ONLINE,7365,MASTER,30-39,35.0
2025,WMPK21410,39,INDIA,FEMALE,BELUM/TIDAK BEKERJA,NOT SPECIFIED,"PROFESSIONAL, SCIENTIFIC, AND TECHNICAL ACTIVITIES",SELANGOR,341,MASTER EKSEKUTIF PENGURUSAN KORPORAT,NOT SPECIFIED,ONLINE,8383,MASTER,30-39,39.0
2025,WMPK21441,32,CINA,MALE,BEKERJA SEPENUH MASA,DOSHIN RUBBER PRODUCTS (M) SDN BHD,"PROFESSIONAL, SCIENTIFIC, AND TECHNICAL ACTIVITIES",SELANGOR,341,MASTER EKSEKUTIF PENGURUSAN KORPORAT,5000.00,ONLINE,7828,MASTER,30-39,32.0
2025,WMPK22137,49,MELAYU,FEMALE,BEKERJA SEPENUH MASA,TERENGGANU INCORPORATED SDN BHD,"PROFESSIONAL, SCIENTIFIC, AND TECHNICAL ACTIVITIES",KUALA LUMPUR,341,MASTER EKSEKUTIF PENGURUSAN KORPORAT,20000.00,ONLINE,8206,MASTER,40-49,49.0
2025,WMPK22209,48,MELAYU,MALE,BEKERJA SEPENUH MASA,PKPP AGRO SDN BHD,"PROFESSIONAL, SCIENTIFIC, AND TECHNICAL ACTIVITIES",PAHANG,437,MASTER EKSEKUTIF PENGURUSAN KORPORAT (PENGURUSAN PERLADANGAN),5000.00,ONLINE,7339,MASTER,40-49,48.0
2025,WMPK22301,41,INDIA,MALE,BEKERJA SEPENUH MASA,HCE (M) SDN BHD,"PROFESSIONAL, SCIENTIFIC, AND TECHNICAL ACTIVITIES",KUALA LUMPUR,341,MASTER EKSEKUTIF PENGURUSAN KORPORAT,3000.00,ONLINE,8111,MASTER,40-49,41.0
2025,WMPK22317,65,MELAYU,MALE,BEKERJA SEPENUH MASA,VITRALAND SDN BHD,"PROFESSIONAL, SCIENTIFIC, AND TECHNICAL ACTIVITIES",SABAH,437,MASTER EKSEKUTIF PENGURUSAN KORPORAT (PENGURUSAN PERLADANGAN),10000.00,ONLINE,7198,MASTER,60+,65.0
2025,WMPK22404,53,INDIA,MALE,BEKERJA SEPENUH MASA,"LOTUS\'S STORES (MALAYSIA) SDN,BHD","PROFESSIONAL, SCIENTIFIC, AND TECHNICAL ACTIVITIES",NEGERI SEMBILAN,341,MASTER EKSEKUTIF PENGURUSAN KORPORAT,6300.00,ONLINE,7054,MASTER,50-59,53.0
2025,WMPK22421,28,INDIA,MALE,BEKERJA SEPENUH MASA,INSPIRASI FLORA SDN BHD,"PROFESSIONAL, SCIENTIFIC, AND TECHNICAL ACTIVITIES",NEGERI SEMBILAN,437,MASTER EKSEKUTIF PENGURUSAN KORPORAT (PENGURUSAN PERLADANGAN),4500.00,ONLINE,7809,MASTER,<29,28.0
2025,WMPK23101,36,IBAN/SEA DAYAK -SARAWAK,MALE,BEKERJA SEPENUH MASA,SARAWAK LAND CONSOLIDATION AND REHABILITATION AUTHORITY (SALCRA),"PROFESSIONAL, SCIENTIFIC, AND TECHNICAL ACTIVITIES",SARAWAK,437,MASTER EKSEKUTIF PENGURUSAN KORPORAT (PENGURUSAN PERLADANGAN),4100.00,ONLINE,8015,MASTER,30-39,36.0
2025,WMPK23116,33,FOOCHOW,MALE,BEKERJA SEPENUH MASA,ZION PELITA PLANTATION SDN BHD,"PROFESSIONAL, SCIENTIFIC, AND TECHNICAL ACTIVITIES",SARAWAK,341,MASTER EKSEKUTIF PENGURUSAN KORPORAT,3300.00,ONLINE,8999,MASTER,30-39,33.0
2025,WMPK23120,31,BIDAYUH/LAND DAYAK - SARAWAK,FEMALE,BELUM/TIDAK BEKERJA,NOT SPECIFIED,"PROFESSIONAL, SCIENTIFIC, AND TECHNICAL ACTIVITIES",SARAWAK,341,MASTER EKSEKUTIF PENGURUSAN KORPORAT,NOT SPECIFIED,ONLINE,7613,MASTER,30-39,31.0
2025,WMPK23131,49,BAJAU - SABAH,MALE,BEKERJA SEPENUH MASA,BANK KERJASAMA RAKYAT MALAYSIA,"PROFESSIONAL, SCIENTIFIC, AND TECHNICAL ACTIVITIES",SABAH,341,MASTER EKSEKUTIF PENGURUSAN KORPORAT,27164.00,ONLINE,7415,MASTER,40-49,49.0
2025,WMPK23133,41,MURUT-SABAH,FEMALE,BEKERJA SEPENUH MASA,UK BORNEO ENTREPRISE,"PROFESSIONAL, SCIENTIFIC, AND TECHNICAL ACTIVITIES",SABAH,341,MASTER EKSEKUTIF PENGURUSAN KORPORAT,5000.00,ONLINE,8914,MASTER,40-49,41.0
2025,WMPK23135,43,BIDAYUH/LAND DAYAK - SARAWAK,FEMALE,BEKERJA SEPENUH MASA,JARINGAN SEMANGAT SDN BHD,"PROFESSIONAL, SCIENTIFIC, AND TECHNICAL ACTIVITIES",SARAWAK,341,MASTER EKSEKUTIF PENGURUSAN KORPORAT,6000.00,ONLINE,7378,MASTER,40-49,43.0
2025,WMPK23147,48,INDIA,FEMALE,BEKERJA SEPENUH MASA,TF AMD MICROELECTRONICS SDN BHD,"PROFESSIONAL, SCIENTIFIC, AND TECHNICAL ACTIVITIES",PULAU PINANG,341,MASTER EKSEKUTIF PENGURUSAN KORPORAT,4500.00,ONLINE,8091,MASTER,40-49,48.0
2025,WMPK23150,42,MELAYU,MALE,BEKERJA SEPENUH MASA,SAWIT KINABALU,"PROFESSIONAL, SCIENTIFIC, AND TECHNICAL ACTIVITIES",SABAH,341,MASTER EKSEKUTIF PENGURUSAN KORPORAT,8000.00,ONLINE,7838,MASTER,40-49,42.0
2025,WMPK23203,38,CINA,MALE,BEKERJA SEPENUH MASA,STAR PLUS LTD,"PROFESSIONAL, SCIENTIFIC, AND TECHNICAL ACTIVITIES",SARAWAK,341,MASTER EKSEKUTIF PENGURUSAN KORPORAT,3000.00,ONLINE,7480,MASTER,30-39,38.0
2025,WMPK23214,39,MELANAU-SARAWAK,FEMALE,BEKERJA SEPENUH MASA,CURTIN UNIVERSITY MALAYSIA,"PROFESSIONAL, SCIENTIFIC, AND TECHNICAL ACTIVITIES",SARAWAK,341,MASTER EKSEKUTIF PENGURUSAN KORPORAT,3000.00,ONLINE,8968,MASTER,30-39,39.0
2025,WMPK23217,44,MELAYU,FEMALE,BEKERJA SEPENUH MASA,SPN EHSAN SDN BHD,"PROFESSIONAL, SCIENTIFIC, AND TECHNICAL ACTIVITIES",SELANGOR,341,MASTER EKSEKUTIF PENGURUSAN KORPORAT,5000.00,ONLINE,8069,MASTER,40-49,44.0
2025,WMPK23219,40,MELAYU,FEMALE,BEKERJA/USAHAWAN/FREELANCE,NOT SPECIFIED,"PROFESSIONAL, SCIENTIFIC, AND TECHNICAL ACTIVITIES",JOHOR,341,MASTER EKSEKUTIF PENGURUSAN KORPORAT,NOT SPECIFIED,ONLINE,8119,MASTER,40-49,40.0
2025,WMPK23224,35,MURUT/LUN BAWANG - SARAWAK,MALE,BEKERJA SEPENUH MASA,EXPROOILFIELD SERVICES SDN BHD,"PROFESSIONAL, SCIENTIFIC, AND TECHNICAL ACTIVITIES",SARAWAK,341,MASTER EKSEKUTIF PENGURUSAN KORPORAT,12750.00,ONLINE,7162,MASTER,30-39,35.0
2025,WMPK23226,32,INDIA,MALE,BEKERJA SEPENUH MASA,SD GUTHRIE BERHAD,"PROFESSIONAL, SCIENTIFIC, AND TECHNICAL ACTIVITIES",NEGERI SEMBILAN,437,MASTER EKSEKUTIF PENGURUSAN KORPORAT (PENGURUSAN PERLADANGAN),6000.00,ONLINE,8230,MASTER,30-39,32.0
2025,WMPK23303,32,KEDAYAN-SABAH,FEMALE,BEKERJA SEPENUH MASA,BSL CONTAINERS SDN BHD,"PROFESSIONAL, SCIENTIFIC, AND TECHNICAL ACTIVITIES",LABUAN,341,MASTER EKSEKUTIF PENGURUSAN KORPORAT,7500.00,ONLINE,7182,MASTER,30-39,32.0
2025,WMPK23306,60,MELAYU,MALE,BEKERJA SEPARA MASA,PRASARANA BISTARI SDN BHD,"PROFESSIONAL, SCIENTIFIC, AND TECHNICAL ACTIVITIES",SELANGOR,341,MASTER EKSEKUTIF PENGURUSAN KORPORAT,10000.00,ONLINE,8473,MASTER,60+,60.0
2025,WMPK22154,36,TAMIL,MALE,BEKERJA SEPENUH MASA,RHENUS LOGISTICS SDN BHD,"PROFESSIONAL, SCIENTIFIC, AND TECHNICAL ACTIVITIES",PERAK,341,MASTER EKSEKUTIF PENGURUSAN KORPORAT,10000.00,ONLINE,8350,MASTER,30-39,36.0
2025,WMPK23310,42,INDIA,FEMALE,BEKERJA SEPENUH MASA,NILAI SPRINGS GOLF & COUNTRY CLUB,"PROFESSIONAL, SCIENTIFIC, AND TECHNICAL ACTIVITIES",NEGERI SEMBILAN,341,MASTER EKSEKUTIF PENGURUSAN KORPORAT,4500.00,ONLINE,8218,MASTER,40-49,42.0
2025,WMPK23311,49,INDIA,MALE,BEKERJA SEPENUH MASA,PHILIP MORRIS (MALAYSIA) SDN. BHD.,"PROFESSIONAL, SCIENTIFIC, AND TECHNICAL ACTIVITIES",NEGERI SEMBILAN,341,MASTER EKSEKUTIF PENGURUSAN KORPORAT,14200.00,ONLINE,7961,MASTER,40-49,49.0
2025,WMPK23314,37,CINA,MALE,BEKERJA SEPENUH MASA,TECK GUAN TRADING SDN BHD,"PROFESSIONAL, SCIENTIFIC, AND TECHNICAL ACTIVITIES",SABAH,341,MASTER EKSEKUTIF PENGURUSAN KORPORAT,7000.00,ONLINE,8523,MASTER,30-39,37.0
2025,WMPK23315,40,CINA,MALE,BEKERJA SEPENUH MASA,TOTALENERGIES MARKETING MALAYSIA SDN BHD,"PROFESSIONAL, SCIENTIFIC, AND TECHNICAL ACTIVITIES",SABAH,341,MASTER EKSEKUTIF PENGURUSAN KORPORAT,7000.00,ONLINE,7495,MASTER,40-49,40.0
2025,WMPK23317,40,INDIA,MALE,BEKERJA SEPENUH MASA,EURIHO INDUSTRIES SDN BHD,"PROFESSIONAL, SCIENTIFIC, AND TECHNICAL ACTIVITIES",SELANGOR,341,MASTER EKSEKUTIF PENGURUSAN KORPORAT,5500.00,ONLINE,8929,MASTER,40-49,40.0
2025,WMPK23318,49,MELAYU,FEMALE,BEKERJA SEPENUH MASA,PROTON NEW ENERGY TECHNOLOGY SDN BHD,"PROFESSIONAL, SCIENTIFIC, AND TECHNICAL ACTIVITIES",SELANGOR,341,MASTER EKSEKUTIF PENGURUSAN KORPORAT,4000.00,ONLINE,7325,MASTER,40-49,49.0
2025,WMPK23319,41,TAMIL,FEMALE,BEKERJA SEPENUH MASA,GK PET SHOP,"PROFESSIONAL, SCIENTIFIC, AND TECHNICAL ACTIVITIES",NEGERI SEMBILAN,341,MASTER EKSEKUTIF PENGURUSAN KORPORAT,3000.00,ONLINE,8860,MASTER,40-49,41.0
2025,WMPK23322,41,MELAYU,MALE,BEKERJA SEPENUH MASA,IOM UN MIGRATION,"PROFESSIONAL, SCIENTIFIC, AND TECHNICAL ACTIVITIES",NEGERI SEMBILAN,341,MASTER EKSEKUTIF PENGURUSAN KORPORAT,3000.00,ONLINE,8664,MASTER,40-49,41.0
2025,WMPK23323,35,TAMIL,MALE,BEKERJA/USAHAWAN/FREELANCE,NOT SPECIFIED,"PROFESSIONAL, SCIENTIFIC, AND TECHNICAL ACTIVITIES",JOHOR,341,MASTER EKSEKUTIF PENGURUSAN KORPORAT,NOT SPECIFIED,ONLINE,7997,MASTER,30-39,35.0
2025,WMPK23324,41,MELAYU,MALE,BEKERJA/USAHAWAN/FREELANCE,NOT SPECIFIED,"PROFESSIONAL, SCIENTIFIC, AND TECHNICAL ACTIVITIES",SELANGOR,341,MASTER EKSEKUTIF PENGURUSAN KORPORAT,NOT SPECIFIED,ONLINE,7535,MASTER,40-49,41.0
2025,WMPK23330,44,DUSUN-SABAH,MALE,BEKERJA SEPENUH MASA,FELCRA BERHAD,"PROFESSIONAL, SCIENTIFIC, AND TECHNICAL ACTIVITIES",SABAH,437,MASTER EKSEKUTIF PENGURUSAN KORPORAT (PENGURUSAN PERLADANGAN),1700.00,ONLINE,7704,MASTER,40-49,44.0
2025,WMPK23332,46,TAMIL,MALE,BEKERJA SEPENUH MASA,ERICSSON MALAYSIA,"PROFESSIONAL, SCIENTIFIC, AND TECHNICAL ACTIVITIES",SELANGOR,341,MASTER EKSEKUTIF PENGURUSAN KORPORAT,7000.00,ONLINE,8016,MASTER,40-49,46.0
2025,WMPK23401,36,MELAYU,MALE,BEKERJA SEPENUH MASA,FIT FUTURE INNOVATION SDN BHD,"PROFESSIONAL, SCIENTIFIC, AND TECHNICAL ACTIVITIES",SELANGOR,437,MASTER EKSEKUTIF PENGURUSAN KORPORAT (PENGURUSAN PERLADANGAN),5000.00,ONLINE,7190,MASTER,30-39,36.0
2025,WMPK23402,50,INDIA,MALE,BEKERJA SEPENUH MASA,INTERFACE EDUCATION GROUP,"PROFESSIONAL, SCIENTIFIC, AND TECHNICAL ACTIVITIES",NEGERI SEMBILAN,341,MASTER EKSEKUTIF PENGURUSAN KORPORAT,4500.00,ONLINE,8562,MASTER,50-59,50.0
2025,WMPK23404,53,BAJAU - SABAH,MALE,BEKERJA SEPENUH MASA,JABATAN TANAH DAN UKUR,"PROFESSIONAL, SCIENTIFIC, AND TECHNICAL ACTIVITIES",SABAH,341,MASTER EKSEKUTIF PENGURUSAN KORPORAT,6300.00,ONLINE,7505,MASTER,50-59,53.0
2025,WMPK23405,48,BRUNEI-SABAH,MALE,BEKERJA/USAHAWAN/FREELANCE,NOT SPECIFIED,"PROFESSIONAL, SCIENTIFIC, AND TECHNICAL ACTIVITIES",SABAH,341,MASTER EKSEKUTIF PENGURUSAN KORPORAT,NOT SPECIFIED,ONLINE,8793,MASTER,40-49,48.0
2025,WMPK23407,31,CINA,FEMALE,BEKERJA SEPENUH MASA,SM CITIZEN,"PROFESSIONAL, SCIENTIFIC, AND TECHNICAL ACTIVITIES",SARAWAK,341,MASTER EKSEKUTIF PENGURUSAN KORPORAT,3000.00,ONLINE,8995,MASTER,30-39,31.0
2025,WMPP23301,39,MELAYU,MALE,BEKERJA SEPENUH MASA,RISDA ESTATES SDN BHD,"PROFESSIONAL, SCIENTIFIC, AND TECHNICAL ACTIVITIES",PERAK,440,MASTER EKSEKUTIF PENGURUSAN (PERLADANGAN),5200.00,ONLINE,7913,MASTER,30-39,39.0
2025,WMPP23302,41,MELAYU,MALE,BEKERJA SEPENUH MASA,GP FOREST PLANTATION SDN BHD,"PROFESSIONAL, SCIENTIFIC, AND TECHNICAL ACTIVITIES",NEGERI SEMBILAN,440,MASTER EKSEKUTIF PENGURUSAN (PERLADANGAN),4000.00,ONLINE,7679,MASTER,40-49,41.0
2025,WBPN23427,23,INDIA,FEMALE,BEKERJA SEPENUH MASA,DE CAPITAL SDN BHD,"PROFESSIONAL, SCIENTIFIC, AND TECHNICAL ACTIVITIES",JOHOR,432,BACELOR EKSEKUTIF PENGURUSAN PERNIAGAAN (PENGURUSAN SUMBER MANUSIA),2300.00,ONLINE,4972,BACELOR,<29,23.0
